alert_id,application_id,rule_id,created_at,queue,assigned_reviewer_id
ALT-202608-000001,APP-202608-063851,R0109,2026-08-04T11:46:45,TRANSACTION_MONITORING,RV-02
ALT-202608-000002,APP-202608-047551,R0302,2026-08-10T15:39:24,DOCUMENT,RV-01
ALT-202608-000003,APP-202608-022333,R0130,2026-08-09T07:29:31,HIGH_VALUE,RV-04
ALT-202608-000004,APP-202608-054994,R0247,2026-08-22T17:24:38,IDENTITY,RV-04
ALT-202608-000005,APP-202608-010057,R0064,2026-08-04T07:35:45,TRANSACTION_MONITORING,RV-02
ALT-202608-000006,APP-202608-023797,R0002,2026-08-08T07:37:33,DOCUMENT,RV-02
ALT-202608-000007,APP-202608-056101,R0247,2026-08-31T08:36:38,HIGH_VALUE,RV-06
ALT-202608-000008,APP-202608-066160,R0250,2026-08-03T22:24:54,IDENTITY,RV-04
ALT-202608-000009,APP-202608-042002,R0079,2026-08-16T20:37:48,TRANSACTION_MONITORING,RV-06
ALT-202608-000010,APP-202608-059820,R0261,2026-08-05T08:56:13,DOCUMENT,RV-06
ALT-202608-000011,APP-202608-019122,R0250,2026-08-28T08:17:02,HIGH_VALUE,RV-06
ALT-202608-000012,APP-202608-004538,R0261,2026-08-19T17:08:17,IDENTITY,RV-02
ALT-202608-000013,APP-202608-067590,R0281,2026-08-03T07:44:41,TRANSACTION_MONITORING,RV-05
ALT-202608-000014,APP-202608-048243,R0081,2026-08-02T09:12:00,DOCUMENT,RV-06
ALT-202608-000015,APP-202608-058670,R0079,2026-08-23T18:36:56,HIGH_VALUE,RV-02
ALT-202608-000016,APP-202608-003308,R0247,2026-08-26T22:08:31,IDENTITY,RV-01
ALT-202608-000017,APP-202608-073661,R0335,2026-08-09T09:25:09,TRANSACTION_MONITORING,RV-01
ALT-202608-000018,APP-202608-004280,R0129,2026-08-17T10:10:58,DOCUMENT,RV-04
ALT-202608-000019,APP-202608-052332,R0129,2026-08-06T10:52:40,HIGH_VALUE,RV-04
ALT-202608-000020,APP-202608-022130,R0079,2026-08-04T09:31:37,IDENTITY,RV-04
ALT-202608-000021,APP-202608-051810,R0335,2026-08-04T19:16:52,TRANSACTION_MONITORING,RV-03
ALT-202608-000022,APP-202608-051582,R0130,2026-08-26T18:18:42,DOCUMENT,RV-06
ALT-202608-000023,APP-202608-016410,R0261,2026-08-01T10:22:38,HIGH_VALUE,RV-04
ALT-202608-000024,APP-202608-050762,R0322,2026-08-17T11:13:28,IDENTITY,RV-04
ALT-202608-000025,APP-202608-034394,R0322,2026-08-25T21:56:13,TRANSACTION_MONITORING,RV-01
ALT-202608-000026,APP-202608-008048,R0261,2026-08-15T10:40:42,DOCUMENT,RV-01
ALT-202608-000027,APP-202608-039752,R0261,2026-08-04T09:00:38,HIGH_VALUE,RV-01
ALT-202608-000028,APP-202608-009804,R0302,2026-08-22T21:00:28,IDENTITY,RV-03
ALT-202608-000029,APP-202608-059380,R0142,2026-08-05T17:39:34,TRANSACTION_MONITORING,RV-04
ALT-202608-000030,APP-202608-046147,R0081,2026-08-01T16:59:11,DOCUMENT,RV-05
ALT-202608-000031,APP-202608-074119,R0130,2026-08-13T20:57:43,HIGH_VALUE,RV-04
ALT-202608-000032,APP-202608-058207,R0071,2026-08-22T19:09:50,IDENTITY,RV-04
ALT-202608-000033,APP-202608-026589,R0158,2026-08-27T18:14:28,TRANSACTION_MONITORING,RV-04
ALT-202608-000034,APP-202608-014241,R0247,2026-08-24T22:21:42,DOCUMENT,RV-06
ALT-202608-000035,APP-202608-046406,R0081,2026-08-12T10:48:39,HIGH_VALUE,RV-05
ALT-202608-000036,APP-202608-016734,R0129,2026-08-05T12:51:21,IDENTITY,RV-03
ALT-202608-000037,APP-202608-030102,R0322,2026-08-19T10:03:25,TRANSACTION_MONITORING,RV-01
ALT-202608-000038,APP-202608-047645,R0335,2026-08-20T10:06:47,DOCUMENT,RV-05
ALT-202608-000039,APP-202608-010758,R0158,2026-08-10T17:11:12,HIGH_VALUE,RV-06
ALT-202608-000040,APP-202608-044427,R0129,2026-08-13T11:10:38,IDENTITY,RV-03
ALT-202608-000041,APP-202608-026342,R0031,2026-08-28T17:46:27,TRANSACTION_MONITORING,RV-04
ALT-202608-000042,APP-202608-028898,R0261,2026-08-09T21:49:21,DOCUMENT,RV-05
ALT-202608-000043,APP-202608-073057,R0081,2026-08-19T16:59:13,HIGH_VALUE,RV-05
ALT-202608-000044,APP-202608-021353,R0281,2026-08-13T16:24:09,IDENTITY,RV-05
ALT-202608-000045,APP-202608-019475,R0129,2026-08-07T13:28:38,TRANSACTION_MONITORING,RV-04
ALT-202608-000046,APP-202608-005610,R0076,2026-08-14T07:22:53,DOCUMENT,RV-02
ALT-202608-000047,APP-202608-030705,R0115,2026-08-10T08:10:48,HIGH_VALUE,RV-04
ALT-202608-000048,APP-202608-038055,R0038,2026-08-07T15:08:58,IDENTITY,RV-01
ALT-202608-000049,APP-202608-051256,R0140,2026-08-18T17:48:59,TRANSACTION_MONITORING,RV-03
ALT-202608-000050,APP-202608-064033,R0313,2026-08-29T16:17:52,DOCUMENT,RV-05
ALT-202608-000051,APP-202608-060573,R0079,2026-08-26T09:24:36,HIGH_VALUE,RV-03
ALT-202608-000052,APP-202608-071471,R0079,2026-08-28T11:13:54,IDENTITY,RV-02
ALT-202608-000053,APP-202608-058075,R0142,2026-08-11T07:19:07,TRANSACTION_MONITORING,RV-03
ALT-202608-000054,APP-202608-044877,R0129,2026-08-30T08:35:11,DOCUMENT,RV-05
ALT-202608-000055,APP-202608-057877,R0081,2026-08-10T17:10:27,HIGH_VALUE,RV-05
ALT-202608-000056,APP-202608-011818,R0109,2026-08-26T09:21:13,IDENTITY,RV-02
ALT-202608-000057,APP-202608-041766,R0079,2026-08-27T07:46:28,TRANSACTION_MONITORING,RV-01
ALT-202608-000058,APP-202608-048500,R0315,2026-08-10T16:03:53,DOCUMENT,RV-06
ALT-202608-000059,APP-202608-073379,R0252,2026-08-24T22:07:06,HIGH_VALUE,RV-02
ALT-202608-000060,APP-202608-031140,R0081,2026-08-24T06:39:44,IDENTITY,RV-05
ALT-202608-000061,APP-202608-044310,R0252,2026-08-09T18:41:21,TRANSACTION_MONITORING,RV-05
ALT-202608-000062,APP-202608-036037,R0217,2026-08-02T09:39:10,DOCUMENT,RV-02
ALT-202608-000063,APP-202608-060577,R0002,2026-08-30T10:17:55,HIGH_VALUE,RV-06
ALT-202608-000064,APP-202608-049669,R0129,2026-08-23T10:29:45,IDENTITY,RV-05
ALT-202608-000065,APP-202608-058331,R0252,2026-08-23T19:31:05,TRANSACTION_MONITORING,RV-02
ALT-202608-000066,APP-202608-015815,R0322,2026-08-23T07:23:32,DOCUMENT,RV-06
ALT-202608-000067,APP-202608-012885,R0247,2026-08-14T15:02:42,HIGH_VALUE,RV-03
ALT-202608-000068,APP-202608-004381,R0252,2026-08-05T19:48:26,IDENTITY,RV-02
ALT-202608-000069,APP-202608-000418,R0315,2026-08-01T13:33:48,TRANSACTION_MONITORING,RV-02
ALT-202608-000070,APP-202608-001279,R0129,2026-08-09T17:00:11,DOCUMENT,RV-03
ALT-202608-000071,APP-202608-074697,R0130,2026-08-14T09:02:31,HIGH_VALUE,RV-01
ALT-202608-000072,APP-202608-021889,R0076,2026-08-30T14:32:26,IDENTITY,RV-01
ALT-202608-000073,APP-202608-045459,R0247,2026-08-20T22:28:32,TRANSACTION_MONITORING,RV-01
ALT-202608-000074,APP-202608-036994,R0002,2026-08-20T12:43:56,DOCUMENT,RV-01
ALT-202608-000075,APP-202608-047746,R0129,2026-08-13T13:55:36,HIGH_VALUE,RV-05
ALT-202608-000076,APP-202608-019944,R0158,2026-08-13T06:34:24,IDENTITY,RV-04
ALT-202608-000077,APP-202608-025830,R0079,2026-08-09T16:21:57,TRANSACTION_MONITORING,RV-02
ALT-202608-000078,APP-202608-040147,R0281,2026-08-03T06:53:03,DOCUMENT,RV-06
ALT-202608-000079,APP-202608-012983,R0079,2026-08-01T17:57:51,HIGH_VALUE,RV-01
ALT-202608-000080,APP-202608-040763,R0217,2026-08-18T09:23:07,IDENTITY,RV-03
ALT-202608-000081,APP-202608-034041,R0217,2026-08-06T16:31:53,TRANSACTION_MONITORING,RV-04
ALT-202608-000082,APP-202608-020895,R0247,2026-08-06T16:25:51,DOCUMENT,RV-02
ALT-202608-000083,APP-202608-063939,R0130,2026-08-17T17:43:24,HIGH_VALUE,RV-02
ALT-202608-000084,APP-202608-048657,R0129,2026-08-19T19:51:59,IDENTITY,RV-04
ALT-202608-000085,APP-202608-028575,R0335,2026-08-27T09:26:03,TRANSACTION_MONITORING,RV-04
ALT-202608-000086,APP-202608-008397,R0250,2026-08-06T14:51:53,DOCUMENT,RV-04
ALT-202608-000087,APP-202608-053674,R0129,2026-08-02T07:21:39,HIGH_VALUE,RV-02
ALT-202608-000088,APP-202608-021589,R0081,2026-08-04T08:38:34,IDENTITY,RV-04
ALT-202608-000089,APP-202608-054842,R0081,2026-08-19T19:51:13,TRANSACTION_MONITORING,RV-05
ALT-202608-000090,APP-202608-022688,R0002,2026-08-12T17:18:54,DOCUMENT,RV-03
ALT-202608-000091,APP-202608-029543,R0002,2026-08-14T15:09:50,HIGH_VALUE,RV-02
ALT-202608-000092,APP-202608-011033,R0217,2026-08-16T10:14:51,IDENTITY,RV-03
ALT-202608-000093,APP-202608-067577,R0335,2026-08-01T12:13:00,TRANSACTION_MONITORING,RV-06
ALT-202608-000094,APP-202608-061929,R0115,2026-08-21T15:59:19,DOCUMENT,RV-04
ALT-202608-000095,APP-202608-032464,R0109,2026-08-23T19:16:46,HIGH_VALUE,RV-06
ALT-202608-000096,APP-202608-062416,R0261,2026-08-07T08:03:31,IDENTITY,RV-02
ALT-202608-000097,APP-202608-025457,R0315,2026-08-20T11:13:35,TRANSACTION_MONITORING,RV-06
ALT-202608-000098,APP-202608-045613,R0335,2026-08-25T13:46:55,DOCUMENT,RV-04
ALT-202608-000099,APP-202608-038106,R0079,2026-08-25T19:49:08,HIGH_VALUE,RV-01
ALT-202608-000100,APP-202608-032081,R0261,2026-08-11T11:32:38,IDENTITY,RV-05
ALT-202608-000101,APP-202608-048620,R0079,2026-08-29T08:34:35,TRANSACTION_MONITORING,RV-01
ALT-202608-000102,APP-202608-040599,R0129,2026-08-08T22:38:08,DOCUMENT,RV-02
ALT-202608-000103,APP-202608-040229,R0129,2026-08-20T21:24:26,HIGH_VALUE,RV-06
ALT-202608-000104,APP-202608-071601,R0261,2026-08-13T16:09:54,IDENTITY,RV-04
ALT-202608-000105,APP-202608-038666,R0252,2026-08-19T22:22:19,TRANSACTION_MONITORING,RV-02
ALT-202608-000106,APP-202608-053967,R0036,2026-08-01T18:15:12,DOCUMENT,RV-03
ALT-202608-000107,APP-202608-062439,R0076,2026-08-30T19:09:18,HIGH_VALUE,RV-03
ALT-202608-000108,APP-202608-059295,R0129,2026-08-29T16:17:45,IDENTITY,RV-04
ALT-202608-000109,APP-202608-027770,R0071,2026-08-03T19:58:18,TRANSACTION_MONITORING,RV-02
ALT-202608-000110,APP-202608-023560,R0142,2026-08-16T13:44:59,DOCUMENT,RV-06
ALT-202608-000111,APP-202608-001676,R0079,2026-08-17T22:51:58,HIGH_VALUE,RV-05
ALT-202608-000112,APP-202608-052963,R0129,2026-08-02T11:48:09,IDENTITY,RV-02
ALT-202608-000113,APP-202608-054667,R0252,2026-08-12T18:49:35,TRANSACTION_MONITORING,RV-01
ALT-202608-000114,APP-202608-058816,R0335,2026-08-19T06:59:33,DOCUMENT,RV-02
ALT-202608-000115,APP-202608-013287,R0079,2026-08-21T22:47:35,HIGH_VALUE,RV-01
ALT-202608-000116,APP-202608-007242,R0071,2026-08-21T10:12:27,IDENTITY,RV-05
ALT-202608-000117,APP-202608-026334,R0038,2026-08-17T19:00:21,TRANSACTION_MONITORING,RV-02
ALT-202608-000118,APP-202608-024989,R0079,2026-08-29T20:05:03,DOCUMENT,RV-04
ALT-202608-000119,APP-202608-049094,R0281,2026-08-18T18:45:56,HIGH_VALUE,RV-06
ALT-202608-000120,APP-202608-031754,R0109,2026-08-24T13:37:05,IDENTITY,RV-04
ALT-202608-000121,APP-202608-005995,R0081,2026-08-30T16:10:37,TRANSACTION_MONITORING,RV-03
ALT-202608-000122,APP-202608-051989,R0064,2026-08-20T17:43:07,DOCUMENT,RV-01
ALT-202608-000123,APP-202608-059489,R0002,2026-08-30T16:21:10,HIGH_VALUE,RV-03
ALT-202608-000124,APP-202608-069274,R0142,2026-08-19T09:13:45,IDENTITY,RV-04
ALT-202608-000125,APP-202608-062221,R0096,2026-08-25T13:51:11,TRANSACTION_MONITORING,RV-02
ALT-202608-000126,APP-202608-024998,R0130,2026-08-30T10:30:09,DOCUMENT,RV-05
ALT-202608-000127,APP-202608-069727,R0002,2026-08-10T06:11:38,HIGH_VALUE,RV-05
ALT-202608-000128,APP-202608-043758,R0217,2026-08-17T14:38:01,IDENTITY,RV-06
ALT-202608-000129,APP-202608-065986,R0322,2026-08-22T17:06:24,TRANSACTION_MONITORING,RV-01
ALT-202608-000130,APP-202608-008925,R0261,2026-08-25T17:09:25,DOCUMENT,RV-06
ALT-202608-000131,APP-202608-038786,R0001,2026-08-15T14:31:57,HIGH_VALUE,RV-03
ALT-202608-000132,APP-202608-027294,R0261,2026-08-07T08:32:03,IDENTITY,RV-01
ALT-202608-000133,APP-202608-046226,R0313,2026-08-21T06:14:37,TRANSACTION_MONITORING,RV-03
ALT-202608-000134,APP-202608-054178,R0315,2026-08-23T19:31:10,DOCUMENT,RV-06
ALT-202608-000135,APP-202608-067198,R0252,2026-08-28T14:36:58,HIGH_VALUE,RV-02
ALT-202608-000136,APP-202608-064657,R0335,2026-08-18T13:11:45,IDENTITY,RV-05
ALT-202608-000137,APP-202608-016802,R0079,2026-08-12T12:28:18,TRANSACTION_MONITORING,RV-01
ALT-202608-000138,APP-202608-006861,R0081,2026-08-14T08:43:00,DOCUMENT,RV-06
ALT-202608-000139,APP-202608-037544,R0261,2026-08-17T07:45:36,HIGH_VALUE,RV-05
ALT-202608-000140,APP-202608-069494,R0129,2026-08-10T07:34:46,IDENTITY,RV-03
ALT-202608-000141,APP-202608-002167,R0081,2026-08-12T14:58:25,TRANSACTION_MONITORING,RV-05
ALT-202608-000142,APP-202608-031373,R0130,2026-08-20T06:00:01,DOCUMENT,RV-01
ALT-202608-000143,APP-202608-066380,R0252,2026-08-07T17:21:45,HIGH_VALUE,RV-02
ALT-202608-000144,APP-202608-027281,R0261,2026-08-10T10:39:17,IDENTITY,RV-06
ALT-202608-000145,APP-202608-007122,R0115,2026-08-31T19:11:49,TRANSACTION_MONITORING,RV-03
ALT-202608-000146,APP-202608-016134,R0130,2026-08-29T22:27:22,DOCUMENT,RV-04
ALT-202608-000147,APP-202608-038974,R0250,2026-08-30T08:48:33,HIGH_VALUE,RV-05
ALT-202608-000148,APP-202608-022344,R0335,2026-08-06T20:29:36,IDENTITY,RV-03
ALT-202608-000149,APP-202608-010482,R0217,2026-08-14T21:02:27,TRANSACTION_MONITORING,RV-01
ALT-202608-000150,APP-202608-024947,R0281,2026-08-23T15:54:46,DOCUMENT,RV-02
ALT-202608-000151,APP-202608-009393,R0322,2026-08-13T07:00:31,HIGH_VALUE,RV-04
ALT-202608-000152,APP-202608-069038,R0070,2026-08-15T07:50:32,IDENTITY,RV-04
ALT-202608-000153,APP-202608-040559,R0322,2026-08-31T08:13:20,TRANSACTION_MONITORING,RV-06
ALT-202608-000154,APP-202608-059562,R0129,2026-08-18T10:05:00,DOCUMENT,RV-01
ALT-202608-000155,APP-202608-037974,R0129,2026-08-12T08:06:02,HIGH_VALUE,RV-01
ALT-202608-000156,APP-202608-002752,R0250,2026-08-03T19:06:24,IDENTITY,RV-02
ALT-202608-000157,APP-202608-068764,R0129,2026-08-31T11:00:09,TRANSACTION_MONITORING,RV-06
ALT-202608-000158,APP-202608-025933,R0129,2026-08-24T12:40:58,DOCUMENT,RV-04
ALT-202608-000159,APP-202608-058389,R0315,2026-08-03T06:28:29,HIGH_VALUE,RV-03
ALT-202608-000160,APP-202608-035501,R0313,2026-08-06T06:14:50,IDENTITY,RV-02
ALT-202608-000161,APP-202608-069727,R0247,2026-08-20T17:45:53,TRANSACTION_MONITORING,RV-06
ALT-202608-000162,APP-202608-044501,R0247,2026-08-01T20:20:52,DOCUMENT,RV-01
ALT-202608-000163,APP-202608-052333,R0064,2026-08-12T18:31:16,HIGH_VALUE,RV-05
ALT-202608-000164,APP-202608-074623,R0252,2026-08-10T14:26:24,IDENTITY,RV-01
ALT-202608-000165,APP-202608-056566,R0142,2026-08-31T12:28:42,TRANSACTION_MONITORING,RV-03
ALT-202608-000166,APP-202608-019183,R0129,2026-08-20T06:26:07,DOCUMENT,RV-04
ALT-202608-000167,APP-202608-060125,R0335,2026-08-14T06:48:58,HIGH_VALUE,RV-02
ALT-202608-000168,APP-202608-063213,R0335,2026-08-17T09:36:35,IDENTITY,RV-01
ALT-202608-000169,APP-202608-011852,R0031,2026-08-12T07:32:56,TRANSACTION_MONITORING,RV-03
ALT-202608-000170,APP-202608-006427,R0322,2026-08-30T22:01:09,DOCUMENT,RV-06
ALT-202608-000171,APP-202608-063477,R0261,2026-08-17T15:27:19,HIGH_VALUE,RV-02
ALT-202608-000172,APP-202608-037491,R0247,2026-08-18T17:30:23,IDENTITY,RV-04
ALT-202608-000173,APP-202608-061449,R0315,2026-08-13T12:20:07,TRANSACTION_MONITORING,RV-06
ALT-202608-000174,APP-202608-030737,R0076,2026-08-25T07:23:49,DOCUMENT,RV-06
ALT-202608-000175,APP-202608-034753,R0081,2026-08-17T20:42:31,HIGH_VALUE,RV-01
ALT-202608-000176,APP-202608-059961,R0064,2026-08-30T13:58:28,IDENTITY,RV-05
ALT-202608-000177,APP-202608-008819,R0079,2026-08-13T17:27:52,TRANSACTION_MONITORING,RV-04
ALT-202608-000178,APP-202608-018890,R0335,2026-08-16T22:57:08,DOCUMENT,RV-06
ALT-202608-000179,APP-202608-000486,R0129,2026-08-27T08:45:09,HIGH_VALUE,RV-04
ALT-202608-000180,APP-202608-064023,R0002,2026-08-08T13:13:12,IDENTITY,RV-05
ALT-202608-000181,APP-202608-054624,R0129,2026-08-18T11:04:25,TRANSACTION_MONITORING,RV-06
ALT-202608-000182,APP-202608-057565,R0335,2026-08-11T17:54:18,DOCUMENT,RV-02
ALT-202608-000183,APP-202608-058923,R0313,2026-08-12T18:31:20,HIGH_VALUE,RV-06
ALT-202608-000184,APP-202608-029364,R0129,2026-08-04T16:17:30,IDENTITY,RV-05
ALT-202608-000185,APP-202608-025433,R0261,2026-08-24T22:11:48,TRANSACTION_MONITORING,RV-05
ALT-202608-000186,APP-202608-007661,R0079,2026-08-13T08:59:14,DOCUMENT,RV-04
ALT-202608-000187,APP-202608-041014,R0001,2026-08-29T13:48:32,HIGH_VALUE,RV-05
ALT-202608-000188,APP-202608-015805,R0261,2026-08-03T18:11:57,IDENTITY,RV-03
ALT-202608-000189,APP-202608-018070,R0250,2026-08-25T13:55:03,TRANSACTION_MONITORING,RV-01
ALT-202608-000190,APP-202608-062642,R0281,2026-08-22T14:46:08,DOCUMENT,RV-04
ALT-202608-000191,APP-202608-043367,R0076,2026-08-28T18:46:30,HIGH_VALUE,RV-04
ALT-202608-000192,APP-202608-000636,R0261,2026-08-08T12:18:17,IDENTITY,RV-04
ALT-202608-000193,APP-202608-015371,R0081,2026-08-17T08:24:03,TRANSACTION_MONITORING,RV-02
ALT-202608-000194,APP-202608-010829,R0109,2026-08-21T06:15:49,DOCUMENT,RV-04
ALT-202608-000195,APP-202608-043231,R0313,2026-08-10T06:44:37,HIGH_VALUE,RV-01
ALT-202608-000196,APP-202608-057129,R0217,2026-08-24T06:11:11,IDENTITY,RV-03
ALT-202608-000197,APP-202608-049426,R0322,2026-08-15T18:25:33,TRANSACTION_MONITORING,RV-02
ALT-202608-000198,APP-202608-039252,R0129,2026-08-11T19:02:05,DOCUMENT,RV-05
ALT-202608-000199,APP-202608-037343,R0129,2026-08-26T15:44:01,HIGH_VALUE,RV-06
ALT-202608-000200,APP-202608-033743,R0109,2026-08-02T19:12:03,IDENTITY,RV-06
ALT-202608-000201,APP-202608-050892,R0252,2026-08-09T09:53:56,TRANSACTION_MONITORING,RV-02
ALT-202608-000202,APP-202608-020572,R0322,2026-08-27T16:30:38,DOCUMENT,RV-05
ALT-202608-000203,APP-202608-000594,R0322,2026-08-11T16:31:45,HIGH_VALUE,RV-02
ALT-202608-000204,APP-202608-046486,R0252,2026-08-06T06:57:27,IDENTITY,RV-05
ALT-202608-000205,APP-202608-067625,R0002,2026-08-15T19:05:55,TRANSACTION_MONITORING,RV-06
ALT-202608-000206,APP-202608-054663,R0031,2026-08-29T06:45:54,DOCUMENT,RV-05
ALT-202608-000207,APP-202608-069926,R0002,2026-08-10T10:28:51,HIGH_VALUE,RV-01
ALT-202608-000208,APP-202608-041823,R0129,2026-08-05T07:36:51,IDENTITY,RV-06
ALT-202608-000209,APP-202608-025128,R0129,2026-08-27T10:35:25,TRANSACTION_MONITORING,RV-03
ALT-202608-000210,APP-202608-016894,R0261,2026-08-31T12:12:07,DOCUMENT,RV-06
ALT-202608-000211,APP-202608-040079,R0261,2026-08-01T13:38:01,HIGH_VALUE,RV-06
ALT-202608-000212,APP-202608-001484,R0109,2026-08-07T11:41:10,IDENTITY,RV-01
ALT-202608-000213,APP-202608-025606,R0302,2026-08-20T19:54:12,TRANSACTION_MONITORING,RV-02
ALT-202608-000214,APP-202608-063992,R0252,2026-08-22T17:59:42,DOCUMENT,RV-02
ALT-202608-000215,APP-202608-044798,R0322,2026-08-14T16:40:02,HIGH_VALUE,RV-03
ALT-202608-000216,APP-202608-033680,R0335,2026-08-14T22:18:34,IDENTITY,RV-02
ALT-202608-000217,APP-202608-046081,R0109,2026-08-19T07:30:02,TRANSACTION_MONITORING,RV-05
ALT-202608-000218,APP-202608-021276,R0129,2026-08-31T22:34:13,DOCUMENT,RV-06
ALT-202608-000219,APP-202608-019349,R0129,2026-08-14T15:18:29,HIGH_VALUE,RV-01
ALT-202608-000220,APP-202608-071715,R0252,2026-08-02T18:31:00,IDENTITY,RV-03
ALT-202608-000221,APP-202608-035548,R0252,2026-08-13T20:45:43,TRANSACTION_MONITORING,RV-01
ALT-202608-000222,APP-202608-063009,R0322,2026-08-01T19:56:16,DOCUMENT,RV-04
ALT-202608-000223,APP-202608-044834,R0261,2026-08-31T19:08:41,HIGH_VALUE,RV-03
ALT-202608-000224,APP-202608-071108,R0335,2026-08-19T17:19:43,IDENTITY,RV-01
ALT-202608-000225,APP-202608-013469,R0147,2026-08-05T16:26:56,TRANSACTION_MONITORING,RV-01
ALT-202608-000226,APP-202608-063284,R0247,2026-08-10T06:54:20,DOCUMENT,RV-01
ALT-202608-000227,APP-202608-003380,R0109,2026-08-25T17:02:52,HIGH_VALUE,RV-04
ALT-202608-000228,APP-202608-063256,R0261,2026-08-30T06:03:12,IDENTITY,RV-05
ALT-202608-000229,APP-202608-036142,R0129,2026-08-17T06:22:24,TRANSACTION_MONITORING,RV-02
ALT-202608-000230,APP-202608-032838,R0115,2026-08-19T19:32:06,DOCUMENT,RV-06
ALT-202608-000231,APP-202608-021119,R0129,2026-08-28T14:23:59,HIGH_VALUE,RV-04
ALT-202608-000232,APP-202608-052501,R0247,2026-08-03T10:00:57,IDENTITY,RV-06
ALT-202608-000233,APP-202608-074559,R0079,2026-08-03T20:45:36,TRANSACTION_MONITORING,RV-03
ALT-202608-000234,APP-202608-011153,R0002,2026-08-19T09:28:01,DOCUMENT,RV-04
ALT-202608-000235,APP-202608-037339,R0322,2026-08-11T20:12:03,HIGH_VALUE,RV-01
ALT-202608-000236,APP-202608-041173,R0064,2026-08-01T14:51:43,IDENTITY,RV-01
ALT-202608-000237,APP-202608-043439,R0322,2026-08-13T16:34:43,TRANSACTION_MONITORING,RV-06
ALT-202608-000238,APP-202608-071967,R0081,2026-08-14T18:17:42,DOCUMENT,RV-05
ALT-202608-000239,APP-202608-046080,R0079,2026-08-28T18:18:14,HIGH_VALUE,RV-04
ALT-202608-000240,APP-202608-020222,R0250,2026-08-27T17:38:32,IDENTITY,RV-02
ALT-202608-000241,APP-202608-017902,R0130,2026-08-24T14:33:32,TRANSACTION_MONITORING,RV-02
ALT-202608-000242,APP-202608-052715,R0002,2026-08-17T18:46:58,DOCUMENT,RV-05
ALT-202608-000243,APP-202608-039969,R0158,2026-08-20T18:52:09,HIGH_VALUE,RV-05
ALT-202608-000244,APP-202608-057498,R0322,2026-08-10T09:26:41,IDENTITY,RV-05
ALT-202608-000245,APP-202608-035980,R0147,2026-08-25T08:40:33,TRANSACTION_MONITORING,RV-05
ALT-202608-000246,APP-202608-058872,R0313,2026-08-04T17:16:48,DOCUMENT,RV-06
ALT-202608-000247,APP-202608-020070,R0002,2026-08-10T09:34:05,HIGH_VALUE,RV-04
ALT-202608-000248,APP-202608-035071,R0064,2026-08-18T16:23:46,IDENTITY,RV-04
ALT-202608-000249,APP-202608-074688,R0142,2026-08-12T19:51:57,TRANSACTION_MONITORING,RV-06
ALT-202608-000250,APP-202608-060033,R0081,2026-08-14T06:28:39,DOCUMENT,RV-05
ALT-202608-000251,APP-202608-044754,R0079,2026-08-12T16:37:59,HIGH_VALUE,RV-03
ALT-202608-000252,APP-202608-045106,R0261,2026-08-03T13:45:29,IDENTITY,RV-04
ALT-202608-000253,APP-202608-016878,R0036,2026-08-18T08:06:09,TRANSACTION_MONITORING,RV-02
ALT-202608-000254,APP-202608-034898,R0045,2026-08-26T18:22:46,DOCUMENT,RV-04
ALT-202608-000255,APP-202608-041309,R0129,2026-08-16T09:35:18,HIGH_VALUE,RV-03
ALT-202608-000256,APP-202608-022348,R0335,2026-08-27T14:06:27,IDENTITY,RV-06
ALT-202608-000257,APP-202608-007436,R0322,2026-08-06T18:07:42,TRANSACTION_MONITORING,RV-06
ALT-202608-000258,APP-202608-040075,R0261,2026-08-11T20:11:43,DOCUMENT,RV-04
ALT-202608-000259,APP-202608-019700,R0076,2026-08-15T21:42:01,HIGH_VALUE,RV-04
ALT-202608-000260,APP-202608-021029,R0129,2026-08-12T12:54:06,IDENTITY,RV-05
ALT-202608-000261,APP-202608-064928,R0081,2026-08-13T14:58:55,TRANSACTION_MONITORING,RV-04
ALT-202608-000262,APP-202608-050051,R0130,2026-08-17T21:17:21,DOCUMENT,RV-04
ALT-202608-000263,APP-202608-005994,R0129,2026-08-19T18:04:51,HIGH_VALUE,RV-04
ALT-202608-000264,APP-202608-054249,R0261,2026-08-16T13:34:55,IDENTITY,RV-01
ALT-202608-000265,APP-202608-066461,R0064,2026-08-23T06:54:25,TRANSACTION_MONITORING,RV-06
ALT-202608-000266,APP-202608-049720,R0130,2026-08-03T22:16:45,DOCUMENT,RV-06
ALT-202608-000267,APP-202608-019627,R0322,2026-08-21T08:11:43,HIGH_VALUE,RV-05
ALT-202608-000268,APP-202608-049674,R0217,2026-08-03T11:27:20,IDENTITY,RV-02
ALT-202608-000269,APP-202608-069740,R0261,2026-08-20T19:58:30,TRANSACTION_MONITORING,RV-01
ALT-202608-000270,APP-202608-048255,R0247,2026-08-04T08:19:29,DOCUMENT,RV-05
ALT-202608-000271,APP-202608-002066,R0130,2026-08-19T06:16:25,HIGH_VALUE,RV-01
ALT-202608-000272,APP-202608-052474,R0109,2026-08-16T14:49:33,IDENTITY,RV-04
ALT-202608-000273,APP-202608-033469,R0079,2026-08-02T21:28:00,TRANSACTION_MONITORING,RV-05
ALT-202608-000274,APP-202608-054812,R0076,2026-08-22T14:55:48,DOCUMENT,RV-03
ALT-202608-000275,APP-202608-017690,R0250,2026-08-12T08:05:46,HIGH_VALUE,RV-03
ALT-202608-000276,APP-202608-074805,R0079,2026-08-17T11:58:47,IDENTITY,RV-06
ALT-202608-000277,APP-202608-074083,R0313,2026-08-23T06:25:42,TRANSACTION_MONITORING,RV-02
ALT-202608-000278,APP-202608-025127,R0217,2026-08-08T08:19:42,DOCUMENT,RV-03
ALT-202608-000279,APP-202608-043490,R0247,2026-08-07T11:56:49,HIGH_VALUE,RV-02
ALT-202608-000280,APP-202608-073126,R0261,2026-08-12T07:27:05,IDENTITY,RV-03
ALT-202608-000281,APP-202608-026891,R0158,2026-08-14T06:36:02,TRANSACTION_MONITORING,RV-03
ALT-202608-000282,APP-202608-073485,R0250,2026-08-26T08:56:47,DOCUMENT,RV-04
ALT-202608-000283,APP-202608-008179,R0129,2026-08-07T19:35:00,HIGH_VALUE,RV-04
ALT-202608-000284,APP-202608-063581,R0130,2026-08-14T12:03:45,IDENTITY,RV-06
ALT-202608-000285,APP-202608-068784,R0079,2026-08-22T21:56:50,TRANSACTION_MONITORING,RV-03
ALT-202608-000286,APP-202608-058427,R0081,2026-08-08T06:38:16,DOCUMENT,RV-02
ALT-202608-000287,APP-202608-074712,R0079,2026-08-21T18:00:18,HIGH_VALUE,RV-04
ALT-202608-000288,APP-202608-059291,R0129,2026-08-05T20:49:13,IDENTITY,RV-05
ALT-202608-000289,APP-202608-040460,R0217,2026-08-09T12:30:54,TRANSACTION_MONITORING,RV-03
ALT-202608-000290,APP-202608-048376,R0261,2026-08-27T13:13:26,DOCUMENT,RV-02
ALT-202608-000291,APP-202608-073742,R0247,2026-08-03T15:25:40,HIGH_VALUE,RV-06
ALT-202608-000292,APP-202608-062116,R0273,2026-08-17T19:49:45,IDENTITY,RV-01
ALT-202608-000293,APP-202608-071673,R0129,2026-08-29T09:41:06,TRANSACTION_MONITORING,RV-06
ALT-202608-000294,APP-202608-034515,R0064,2026-08-30T21:24:42,DOCUMENT,RV-05
ALT-202608-000295,APP-202608-006670,R0129,2026-08-15T21:02:37,HIGH_VALUE,RV-05
ALT-202608-000296,APP-202608-021613,R0081,2026-08-11T14:35:10,IDENTITY,RV-04
ALT-202608-000297,APP-202608-026149,R0001,2026-08-18T20:16:47,TRANSACTION_MONITORING,RV-06
ALT-202608-000298,APP-202608-022812,R0002,2026-08-23T12:33:33,DOCUMENT,RV-06
ALT-202608-000299,APP-202608-040700,R0031,2026-08-14T21:49:03,HIGH_VALUE,RV-02
ALT-202608-000300,APP-202608-001499,R0109,2026-08-16T08:00:40,IDENTITY,RV-02
ALT-202608-000301,APP-202608-004954,R0129,2026-08-11T19:58:34,TRANSACTION_MONITORING,RV-05
ALT-202608-000302,APP-202608-031151,R0045,2026-08-13T19:37:57,DOCUMENT,RV-06
ALT-202608-000303,APP-202608-061834,R0313,2026-08-01T15:27:18,HIGH_VALUE,RV-06
ALT-202608-000304,APP-202608-021469,R0315,2026-08-25T15:20:57,IDENTITY,RV-02
ALT-202608-000305,APP-202608-006798,R0002,2026-08-07T06:05:27,TRANSACTION_MONITORING,RV-04
ALT-202608-000306,APP-202608-006045,R0109,2026-08-20T13:15:04,DOCUMENT,RV-02
ALT-202608-000307,APP-202608-070716,R0045,2026-08-21T19:20:10,HIGH_VALUE,RV-06
ALT-202608-000308,APP-202608-028871,R0129,2026-08-09T06:00:17,IDENTITY,RV-02
ALT-202608-000309,APP-202608-015271,R0002,2026-08-08T15:03:18,TRANSACTION_MONITORING,RV-05
ALT-202608-000310,APP-202608-044687,R0217,2026-08-29T11:50:55,DOCUMENT,RV-06
ALT-202608-000311,APP-202608-017747,R0129,2026-08-22T20:54:08,HIGH_VALUE,RV-01
ALT-202608-000312,APP-202608-047271,R0217,2026-08-23T09:33:58,IDENTITY,RV-04
ALT-202608-000313,APP-202608-021163,R0250,2026-08-29T21:28:06,TRANSACTION_MONITORING,RV-02
ALT-202608-000314,APP-202608-041740,R0310,2026-08-20T18:58:29,DOCUMENT,RV-05
ALT-202608-000315,APP-202608-063443,R0002,2026-08-03T16:15:24,HIGH_VALUE,RV-06
ALT-202608-000316,APP-202608-056762,R0130,2026-08-24T21:00:37,IDENTITY,RV-02
ALT-202608-000317,APP-202608-040217,R0081,2026-08-04T13:09:49,TRANSACTION_MONITORING,RV-02
ALT-202608-000318,APP-202608-018369,R0252,2026-08-16T20:19:35,DOCUMENT,RV-04
ALT-202608-000319,APP-202608-038884,R0079,2026-08-16T14:42:06,HIGH_VALUE,RV-03
ALT-202608-000320,APP-202608-068390,R0252,2026-08-13T17:33:52,IDENTITY,RV-02
ALT-202608-000321,APP-202608-055720,R0252,2026-08-23T16:38:00,TRANSACTION_MONITORING,RV-03
ALT-202608-000322,APP-202608-066102,R0129,2026-08-04T13:54:59,DOCUMENT,RV-03
ALT-202608-000323,APP-202608-002098,R0281,2026-08-01T20:23:22,HIGH_VALUE,RV-04
ALT-202608-000324,APP-202608-041479,R0079,2026-08-27T15:53:42,IDENTITY,RV-04
ALT-202608-000325,APP-202608-036483,R0079,2026-08-24T10:36:56,TRANSACTION_MONITORING,RV-02
ALT-202608-000326,APP-202608-037497,R0129,2026-08-03T13:17:49,DOCUMENT,RV-03
ALT-202608-000327,APP-202608-008251,R0261,2026-08-24T22:50:35,HIGH_VALUE,RV-05
ALT-202608-000328,APP-202608-020626,R0322,2026-08-30T08:14:57,IDENTITY,RV-01
ALT-202608-000329,APP-202608-042820,R0081,2026-08-19T21:14:45,TRANSACTION_MONITORING,RV-05
ALT-202608-000330,APP-202608-005871,R0322,2026-08-10T21:41:20,DOCUMENT,RV-05
ALT-202608-000331,APP-202608-025447,R0129,2026-08-14T22:16:51,HIGH_VALUE,RV-06
ALT-202608-000332,APP-202608-071508,R0081,2026-08-24T21:14:02,IDENTITY,RV-01
ALT-202608-000333,APP-202608-016852,R0335,2026-08-29T10:00:39,TRANSACTION_MONITORING,RV-02
ALT-202608-000334,APP-202608-062198,R0071,2026-08-24T06:00:40,DOCUMENT,RV-04
ALT-202608-000335,APP-202608-055753,R0252,2026-08-03T11:49:04,HIGH_VALUE,RV-03
ALT-202608-000336,APP-202608-032738,R0130,2026-08-08T09:00:17,IDENTITY,RV-03
ALT-202608-000337,APP-202608-008135,R0109,2026-08-09T17:26:01,TRANSACTION_MONITORING,RV-02
ALT-202608-000338,APP-202608-043708,R0261,2026-08-08T15:11:17,DOCUMENT,RV-03
ALT-202608-000339,APP-202608-059051,R0130,2026-08-02T08:21:59,HIGH_VALUE,RV-01
ALT-202608-000340,APP-202608-033097,R0071,2026-08-01T12:06:43,IDENTITY,RV-06
ALT-202608-000341,APP-202608-060984,R0064,2026-08-30T18:01:39,TRANSACTION_MONITORING,RV-05
ALT-202608-000342,APP-202608-012244,R0335,2026-08-11T09:32:34,DOCUMENT,RV-04
ALT-202608-000343,APP-202608-044686,R0129,2026-08-16T21:01:54,HIGH_VALUE,RV-04
ALT-202608-000344,APP-202608-044374,R0002,2026-08-20T22:52:52,IDENTITY,RV-05
ALT-202608-000345,APP-202608-060580,R0158,2026-08-12T16:38:03,TRANSACTION_MONITORING,RV-02
ALT-202608-000346,APP-202608-063866,R0045,2026-08-22T08:30:19,DOCUMENT,RV-04
ALT-202608-000347,APP-202608-039186,R0129,2026-08-16T19:06:53,HIGH_VALUE,RV-06
ALT-202608-000348,APP-202608-040517,R0247,2026-08-13T18:23:54,IDENTITY,RV-06
ALT-202608-000349,APP-202608-066596,R0313,2026-08-29T21:31:44,TRANSACTION_MONITORING,RV-02
ALT-202608-000350,APP-202608-035734,R0129,2026-08-27T11:30:11,DOCUMENT,RV-01
ALT-202608-000351,APP-202608-038305,R0076,2026-08-25T09:37:26,HIGH_VALUE,RV-02
ALT-202608-000352,APP-202608-073339,R0142,2026-08-18T19:30:47,IDENTITY,RV-04
ALT-202608-000353,APP-202608-055110,R0081,2026-08-18T09:24:10,TRANSACTION_MONITORING,RV-01
ALT-202608-000354,APP-202608-039520,R0129,2026-08-20T11:16:23,DOCUMENT,RV-02
ALT-202608-000355,APP-202608-041172,R0335,2026-08-07T14:13:22,HIGH_VALUE,RV-03
ALT-202608-000356,APP-202608-042550,R0079,2026-08-02T13:07:37,IDENTITY,RV-02
ALT-202608-000357,APP-202608-017137,R0322,2026-08-19T18:44:31,TRANSACTION_MONITORING,RV-03
ALT-202608-000358,APP-202608-014075,R0081,2026-08-03T09:58:02,DOCUMENT,RV-06
ALT-202608-000359,APP-202608-047160,R0002,2026-08-14T09:32:17,HIGH_VALUE,RV-04
ALT-202608-000360,APP-202608-015065,R0252,2026-08-18T07:18:58,IDENTITY,RV-06
ALT-202608-000361,APP-202608-011280,R0335,2026-08-01T20:39:40,TRANSACTION_MONITORING,RV-04
ALT-202608-000362,APP-202608-071645,R0109,2026-08-11T17:46:19,DOCUMENT,RV-04
ALT-202608-000363,APP-202608-042099,R0064,2026-08-24T16:38:42,HIGH_VALUE,RV-01
ALT-202608-000364,APP-202608-040591,R0129,2026-08-12T22:53:09,IDENTITY,RV-01
ALT-202608-000365,APP-202608-055924,R0129,2026-08-23T07:28:35,TRANSACTION_MONITORING,RV-06
ALT-202608-000366,APP-202608-021337,R0079,2026-08-19T22:37:12,DOCUMENT,RV-03
ALT-202608-000367,APP-202608-004197,R0079,2026-08-02T20:53:43,HIGH_VALUE,RV-05
ALT-202608-000368,APP-202608-022853,R0064,2026-08-04T21:51:26,IDENTITY,RV-02
ALT-202608-000369,APP-202608-022647,R0247,2026-08-29T19:54:18,TRANSACTION_MONITORING,RV-02
ALT-202608-000370,APP-202608-047087,R0261,2026-08-11T06:23:38,DOCUMENT,RV-05
ALT-202608-000371,APP-202608-008551,R0217,2026-08-02T15:44:58,HIGH_VALUE,RV-04
ALT-202608-000372,APP-202608-015056,R0001,2026-08-12T18:41:44,IDENTITY,RV-02
ALT-202608-000373,APP-202608-029756,R0247,2026-08-09T06:28:21,TRANSACTION_MONITORING,RV-02
ALT-202608-000374,APP-202608-021918,R0036,2026-08-18T10:56:09,DOCUMENT,RV-01
ALT-202608-000375,APP-202608-035970,R0064,2026-08-28T11:36:31,HIGH_VALUE,RV-04
ALT-202608-000376,APP-202608-015428,R0129,2026-08-10T11:03:09,IDENTITY,RV-04
ALT-202608-000377,APP-202608-006514,R0247,2026-08-19T14:04:11,TRANSACTION_MONITORING,RV-05
ALT-202608-000378,APP-202608-008403,R0071,2026-08-15T18:17:59,DOCUMENT,RV-06
ALT-202608-000379,APP-202608-053200,R0335,2026-08-06T09:51:49,HIGH_VALUE,RV-06
ALT-202608-000380,APP-202608-000074,R0129,2026-08-26T11:08:21,IDENTITY,RV-01
ALT-202608-000381,APP-202608-012016,R0261,2026-08-10T15:15:37,TRANSACTION_MONITORING,RV-04
ALT-202608-000382,APP-202608-022782,R0079,2026-08-16T15:33:05,DOCUMENT,RV-05
ALT-202608-000383,APP-202608-028440,R0261,2026-08-06T09:36:10,HIGH_VALUE,RV-06
ALT-202608-000384,APP-202608-060207,R0109,2026-08-26T11:09:42,IDENTITY,RV-02
ALT-202608-000385,APP-202608-037986,R0217,2026-08-11T18:12:53,TRANSACTION_MONITORING,RV-04
ALT-202608-000386,APP-202608-014561,R0261,2026-08-07T14:46:32,DOCUMENT,RV-04
ALT-202608-000387,APP-202608-001164,R0335,2026-08-04T16:57:56,HIGH_VALUE,RV-04
ALT-202608-000388,APP-202608-022076,R0130,2026-08-25T11:29:54,IDENTITY,RV-01
ALT-202608-000389,APP-202608-026903,R0081,2026-08-31T08:57:09,TRANSACTION_MONITORING,RV-02
ALT-202608-000390,APP-202608-044095,R0273,2026-08-09T10:13:34,DOCUMENT,RV-03
ALT-202608-000391,APP-202608-050395,R0129,2026-08-01T11:46:10,HIGH_VALUE,RV-04
ALT-202608-000392,APP-202608-041449,R0247,2026-08-02T17:28:35,IDENTITY,RV-06
ALT-202608-000393,APP-202608-004728,R0322,2026-08-12T22:58:47,TRANSACTION_MONITORING,RV-03
ALT-202608-000394,APP-202608-000667,R0147,2026-08-17T22:11:59,DOCUMENT,RV-04
ALT-202608-000395,APP-202608-054904,R0130,2026-08-24T07:49:05,HIGH_VALUE,RV-03
ALT-202608-000396,APP-202608-065348,R0129,2026-08-02T14:55:15,IDENTITY,RV-03
ALT-202608-000397,APP-202608-002407,R0031,2026-08-21T15:15:53,TRANSACTION_MONITORING,RV-05
ALT-202608-000398,APP-202608-002707,R0261,2026-08-26T08:57:10,DOCUMENT,RV-04
ALT-202608-000399,APP-202608-046417,R0250,2026-08-17T16:31:55,HIGH_VALUE,RV-02
ALT-202608-000400,APP-202608-057618,R0217,2026-08-22T13:05:08,IDENTITY,RV-06
ALT-202608-000401,APP-202608-071297,R0250,2026-08-31T19:42:38,TRANSACTION_MONITORING,RV-02
ALT-202608-000402,APP-202608-057154,R0002,2026-08-30T13:54:30,DOCUMENT,RV-03
ALT-202608-000403,APP-202608-045481,R0335,2026-08-06T13:23:52,HIGH_VALUE,RV-05
ALT-202608-000404,APP-202608-024524,R0109,2026-08-20T16:36:47,IDENTITY,RV-01
ALT-202608-000405,APP-202608-021801,R0261,2026-08-06T09:03:16,TRANSACTION_MONITORING,RV-05
ALT-202608-000406,APP-202608-058071,R0261,2026-08-11T13:17:00,DOCUMENT,RV-01
ALT-202608-000407,APP-202608-049732,R0158,2026-08-30T17:29:58,HIGH_VALUE,RV-05
ALT-202608-000408,APP-202608-004912,R0250,2026-08-13T11:43:44,IDENTITY,RV-02
ALT-202608-000409,APP-202608-046931,R0261,2026-08-03T08:00:13,TRANSACTION_MONITORING,RV-04
ALT-202608-000410,APP-202608-069675,R0252,2026-08-06T11:04:55,DOCUMENT,RV-06
ALT-202608-000411,APP-202608-003690,R0001,2026-08-09T10:24:06,HIGH_VALUE,RV-04
ALT-202608-000412,APP-202608-056670,R0129,2026-08-30T16:42:08,IDENTITY,RV-04
ALT-202608-000413,APP-202608-062081,R0335,2026-08-21T14:02:12,TRANSACTION_MONITORING,RV-04
ALT-202608-000414,APP-202608-068386,R0079,2026-08-09T08:07:07,DOCUMENT,RV-04
ALT-202608-000415,APP-202608-012418,R0130,2026-08-31T16:55:39,HIGH_VALUE,RV-05
ALT-202608-000416,APP-202608-065287,R0081,2026-08-06T12:36:50,IDENTITY,RV-04
ALT-202608-000417,APP-202608-001965,R0071,2026-08-03T22:24:10,TRANSACTION_MONITORING,RV-05
ALT-202608-000418,APP-202608-048621,R0322,2026-08-29T12:33:08,DOCUMENT,RV-03
ALT-202608-000419,APP-202608-009273,R0130,2026-08-28T17:45:25,HIGH_VALUE,RV-02
ALT-202608-000420,APP-202608-061717,R0079,2026-08-17T19:09:26,IDENTITY,RV-05
ALT-202608-000421,APP-202608-017566,R0261,2026-08-07T07:22:45,TRANSACTION_MONITORING,RV-02
ALT-202608-000422,APP-202608-023236,R0335,2026-08-14T14:22:02,DOCUMENT,RV-03
ALT-202608-000423,APP-202608-024573,R0261,2026-08-19T22:26:04,HIGH_VALUE,RV-06
ALT-202608-000424,APP-202608-006081,R0081,2026-08-01T21:44:31,IDENTITY,RV-04
ALT-202608-000425,APP-202608-054517,R0129,2026-08-15T19:28:06,TRANSACTION_MONITORING,RV-01
ALT-202608-000426,APP-202608-037724,R0261,2026-08-24T14:24:11,DOCUMENT,RV-03
ALT-202608-000427,APP-202608-006345,R0247,2026-08-20T18:08:06,HIGH_VALUE,RV-05
ALT-202608-000428,APP-202608-040582,R0076,2026-08-16T10:24:12,IDENTITY,RV-05
ALT-202608-000429,APP-202608-015815,R0247,2026-08-23T15:13:06,TRANSACTION_MONITORING,RV-04
ALT-202608-000430,APP-202608-073968,R0217,2026-08-03T19:54:23,DOCUMENT,RV-03
ALT-202608-000431,APP-202608-020790,R0261,2026-08-19T20:49:53,HIGH_VALUE,RV-03
ALT-202608-000432,APP-202608-055339,R0129,2026-08-15T22:42:46,IDENTITY,RV-04
ALT-202608-000433,APP-202608-061726,R0129,2026-08-27T16:29:26,TRANSACTION_MONITORING,RV-04
ALT-202608-000434,APP-202608-022349,R0142,2026-08-06T20:39:20,DOCUMENT,RV-05
ALT-202608-000435,APP-202608-010683,R0109,2026-08-02T06:36:08,HIGH_VALUE,RV-04
ALT-202608-000436,APP-202608-046691,R0217,2026-08-07T20:16:55,IDENTITY,RV-06
ALT-202608-000437,APP-202608-012456,R0247,2026-08-01T11:48:00,TRANSACTION_MONITORING,RV-04
ALT-202608-000438,APP-202608-039150,R0002,2026-08-09T08:07:36,DOCUMENT,RV-03
ALT-202608-000439,APP-202608-032912,R0081,2026-08-13T07:28:07,HIGH_VALUE,RV-05
ALT-202608-000440,APP-202608-061540,R0335,2026-08-31T20:40:20,IDENTITY,RV-06
ALT-202608-000441,APP-202608-010274,R0252,2026-08-22T15:38:18,TRANSACTION_MONITORING,RV-03
ALT-202608-000442,APP-202608-003292,R0142,2026-08-17T21:13:54,DOCUMENT,RV-05
ALT-202608-000443,APP-202608-010902,R0079,2026-08-02T08:34:32,HIGH_VALUE,RV-05
ALT-202608-000444,APP-202608-069386,R0130,2026-08-16T08:04:28,IDENTITY,RV-05
ALT-202608-000445,APP-202608-072079,R0115,2026-08-30T21:20:48,TRANSACTION_MONITORING,RV-04
ALT-202608-000446,APP-202608-053167,R0109,2026-08-12T22:48:46,DOCUMENT,RV-05
ALT-202608-000447,APP-202608-018541,R0217,2026-08-12T22:20:15,HIGH_VALUE,RV-03
ALT-202608-000448,APP-202608-015021,R0217,2026-08-15T07:47:22,IDENTITY,RV-04
ALT-202608-000449,APP-202608-030320,R0142,2026-08-12T19:18:22,TRANSACTION_MONITORING,RV-02
ALT-202608-000450,APP-202608-039683,R0335,2026-08-20T09:57:48,DOCUMENT,RV-06
ALT-202608-000451,APP-202608-017575,R0115,2026-08-18T06:31:27,HIGH_VALUE,RV-03
ALT-202608-000452,APP-202608-014932,R0313,2026-08-07T10:24:21,IDENTITY,RV-02
ALT-202608-000453,APP-202608-019145,R0064,2026-08-14T12:28:36,TRANSACTION_MONITORING,RV-01
ALT-202608-000454,APP-202608-056216,R0115,2026-08-23T12:03:39,DOCUMENT,RV-06
ALT-202608-000455,APP-202608-016641,R0302,2026-08-20T12:01:15,HIGH_VALUE,RV-06
ALT-202608-000456,APP-202608-044118,R0130,2026-08-15T13:58:39,IDENTITY,RV-05
ALT-202608-000457,APP-202608-047288,R0129,2026-08-12T18:12:04,TRANSACTION_MONITORING,RV-05
ALT-202608-000458,APP-202608-048240,R0217,2026-08-01T11:01:08,DOCUMENT,RV-03
ALT-202608-000459,APP-202608-038481,R0261,2026-08-09T20:05:50,HIGH_VALUE,RV-04
ALT-202608-000460,APP-202608-070104,R0313,2026-08-17T19:32:32,IDENTITY,RV-01
ALT-202608-000461,APP-202608-033574,R0261,2026-08-26T08:13:28,TRANSACTION_MONITORING,RV-04
ALT-202608-000462,APP-202608-037992,R0129,2026-08-26T18:14:39,DOCUMENT,RV-04
ALT-202608-000463,APP-202608-025140,R0261,2026-08-09T22:46:25,HIGH_VALUE,RV-02
ALT-202608-000464,APP-202608-021584,R0129,2026-08-22T19:20:22,IDENTITY,RV-04
ALT-202608-000465,APP-202608-036155,R0071,2026-08-24T21:20:17,TRANSACTION_MONITORING,RV-06
ALT-202608-000466,APP-202608-030592,R0247,2026-08-28T19:57:26,DOCUMENT,RV-06
ALT-202608-000467,APP-202608-064448,R0261,2026-08-18T18:45:12,HIGH_VALUE,RV-06
ALT-202608-000468,APP-202608-008481,R0142,2026-08-22T07:13:44,IDENTITY,RV-06
ALT-202608-000469,APP-202608-064837,R0322,2026-08-18T19:36:44,TRANSACTION_MONITORING,RV-01
ALT-202608-000470,APP-202608-045320,R0261,2026-08-02T20:09:45,DOCUMENT,RV-04
ALT-202608-000471,APP-202608-028860,R0252,2026-08-20T19:30:08,HIGH_VALUE,RV-02
ALT-202608-000472,APP-202608-025562,R0142,2026-08-30T17:49:14,IDENTITY,RV-02
ALT-202608-000473,APP-202608-047003,R0335,2026-08-13T16:01:45,TRANSACTION_MONITORING,RV-01
ALT-202608-000474,APP-202608-055080,R0081,2026-08-09T18:40:49,DOCUMENT,RV-05
ALT-202608-000475,APP-202608-037002,R0079,2026-08-25T17:59:54,HIGH_VALUE,RV-03
ALT-202608-000476,APP-202608-038561,R0217,2026-08-15T12:30:54,IDENTITY,RV-02
ALT-202608-000477,APP-202608-009806,R0142,2026-08-26T11:51:33,TRANSACTION_MONITORING,RV-04
ALT-202608-000478,APP-202608-004618,R0129,2026-08-02T10:40:15,DOCUMENT,RV-06
ALT-202608-000479,APP-202608-025260,R0142,2026-08-24T19:44:50,HIGH_VALUE,RV-06
ALT-202608-000480,APP-202608-062633,R0071,2026-08-05T21:42:44,IDENTITY,RV-04
ALT-202608-000481,APP-202608-072424,R0252,2026-08-22T09:58:05,TRANSACTION_MONITORING,RV-01
ALT-202608-000482,APP-202608-014228,R0036,2026-08-08T16:53:46,DOCUMENT,RV-02
ALT-202608-000483,APP-202608-003196,R0322,2026-08-28T21:34:15,HIGH_VALUE,RV-03
ALT-202608-000484,APP-202608-073326,R0071,2026-08-30T17:00:33,IDENTITY,RV-01
ALT-202608-000485,APP-202608-018714,R0252,2026-08-25T09:42:51,TRANSACTION_MONITORING,RV-03
ALT-202608-000486,APP-202608-038854,R0247,2026-08-01T12:04:51,DOCUMENT,RV-06
ALT-202608-000487,APP-202608-035461,R0071,2026-08-01T20:04:27,HIGH_VALUE,RV-01
ALT-202608-000488,APP-202608-012980,R0070,2026-08-25T17:31:53,IDENTITY,RV-02
ALT-202608-000489,APP-202608-043853,R0217,2026-08-29T18:49:15,TRANSACTION_MONITORING,RV-01
ALT-202608-000490,APP-202608-003513,R0129,2026-08-07T14:46:28,DOCUMENT,RV-04
ALT-202608-000491,APP-202608-000422,R0129,2026-08-27T22:17:35,HIGH_VALUE,RV-02
ALT-202608-000492,APP-202608-033768,R0217,2026-08-21T14:35:14,IDENTITY,RV-03
ALT-202608-000493,APP-202608-002525,R0076,2026-08-28T10:46:33,TRANSACTION_MONITORING,RV-02
ALT-202608-000494,APP-202608-050514,R0261,2026-08-13T15:20:40,DOCUMENT,RV-02
ALT-202608-000495,APP-202608-042453,R0335,2026-08-21T08:54:28,HIGH_VALUE,RV-04
ALT-202608-000496,APP-202608-041342,R0247,2026-08-01T19:38:15,IDENTITY,RV-02
ALT-202608-000497,APP-202608-004272,R0064,2026-08-13T08:35:44,TRANSACTION_MONITORING,RV-05
ALT-202608-000498,APP-202608-032827,R0130,2026-08-09T12:48:39,DOCUMENT,RV-01
ALT-202608-000499,APP-202608-066074,R0079,2026-08-19T07:56:52,HIGH_VALUE,RV-02
ALT-202608-000500,APP-202608-016177,R0130,2026-08-04T14:01:28,IDENTITY,RV-06
ALT-202608-000501,APP-202608-064824,R0129,2026-08-13T08:12:52,TRANSACTION_MONITORING,RV-02
ALT-202608-000502,APP-202608-051094,R0079,2026-08-18T21:34:18,DOCUMENT,RV-05
ALT-202608-000503,APP-202608-061646,R0217,2026-08-03T19:40:20,HIGH_VALUE,RV-01
ALT-202608-000504,APP-202608-002073,R0076,2026-08-05T21:17:40,IDENTITY,RV-03
ALT-202608-000505,APP-202608-006392,R0252,2026-08-02T14:30:38,TRANSACTION_MONITORING,RV-06
ALT-202608-000506,APP-202608-008461,R0109,2026-08-02T18:09:39,DOCUMENT,RV-06
ALT-202608-000507,APP-202608-015330,R0129,2026-08-10T12:26:11,HIGH_VALUE,RV-03
ALT-202608-000508,APP-202608-066091,R0261,2026-08-10T11:14:19,IDENTITY,RV-03
ALT-202608-000509,APP-202608-071330,R0001,2026-08-07T08:54:27,TRANSACTION_MONITORING,RV-04
ALT-202608-000510,APP-202608-047691,R0322,2026-08-26T13:45:49,DOCUMENT,RV-05
ALT-202608-000511,APP-202608-035955,R0076,2026-08-04T06:08:50,HIGH_VALUE,RV-05
ALT-202608-000512,APP-202608-005223,R0079,2026-08-11T22:00:37,IDENTITY,RV-05
ALT-202608-000513,APP-202608-017447,R0142,2026-08-07T15:29:46,TRANSACTION_MONITORING,RV-03
ALT-202608-000514,APP-202608-064580,R0261,2026-08-27T07:42:27,DOCUMENT,RV-03
ALT-202608-000515,APP-202608-052220,R0261,2026-08-02T21:29:45,HIGH_VALUE,RV-01
ALT-202608-000516,APP-202608-013467,R0142,2026-08-11T18:59:12,IDENTITY,RV-03
ALT-202608-000517,APP-202608-052679,R0252,2026-08-09T13:19:32,TRANSACTION_MONITORING,RV-06
ALT-202608-000518,APP-202608-037754,R0129,2026-08-28T22:33:36,DOCUMENT,RV-03
ALT-202608-000519,APP-202608-001419,R0335,2026-08-28T20:27:55,HIGH_VALUE,RV-02
ALT-202608-000520,APP-202608-071848,R0247,2026-08-08T17:36:44,IDENTITY,RV-02
ALT-202608-000521,APP-202608-000722,R0081,2026-08-11T12:27:53,TRANSACTION_MONITORING,RV-06
ALT-202608-000522,APP-202608-008550,R0322,2026-08-19T10:40:26,DOCUMENT,RV-04
ALT-202608-000523,APP-202608-005247,R0261,2026-08-04T14:50:27,HIGH_VALUE,RV-04
ALT-202608-000524,APP-202608-066728,R0217,2026-08-14T09:51:33,IDENTITY,RV-02
ALT-202608-000525,APP-202608-052180,R0261,2026-08-24T12:08:05,TRANSACTION_MONITORING,RV-06
ALT-202608-000526,APP-202608-054454,R0109,2026-08-13T16:16:03,DOCUMENT,RV-06
ALT-202608-000527,APP-202608-009355,R0071,2026-08-08T19:11:24,HIGH_VALUE,RV-02
ALT-202608-000528,APP-202608-010528,R0261,2026-08-21T13:41:12,IDENTITY,RV-06
ALT-202608-000529,APP-202608-023116,R0079,2026-08-19T06:20:27,TRANSACTION_MONITORING,RV-03
ALT-202608-000530,APP-202608-044623,R0247,2026-08-09T15:25:21,DOCUMENT,RV-05
ALT-202608-000531,APP-202608-008238,R0129,2026-08-29T22:49:10,HIGH_VALUE,RV-02
ALT-202608-000532,APP-202608-002383,R0261,2026-08-11T19:52:07,IDENTITY,RV-05
ALT-202608-000533,APP-202608-012807,R0070,2026-08-08T18:58:59,TRANSACTION_MONITORING,RV-01
ALT-202608-000534,APP-202608-073122,R0129,2026-08-27T10:05:12,DOCUMENT,RV-05
ALT-202608-000535,APP-202608-005590,R0158,2026-08-17T08:33:49,HIGH_VALUE,RV-01
ALT-202608-000536,APP-202608-000915,R0076,2026-08-06T21:19:34,IDENTITY,RV-05
ALT-202608-000537,APP-202608-062961,R0079,2026-08-06T11:57:38,TRANSACTION_MONITORING,RV-05
ALT-202608-000538,APP-202608-061551,R0081,2026-08-05T08:13:01,DOCUMENT,RV-02
ALT-202608-000539,APP-202608-071678,R0261,2026-08-05T09:12:10,HIGH_VALUE,RV-05
ALT-202608-000540,APP-202608-017084,R0129,2026-08-26T13:02:14,IDENTITY,RV-05
ALT-202608-000541,APP-202608-042865,R0081,2026-08-11T22:14:52,TRANSACTION_MONITORING,RV-05
ALT-202608-000542,APP-202608-067305,R0322,2026-08-27T17:16:57,DOCUMENT,RV-06
ALT-202608-000543,APP-202608-029136,R0129,2026-08-07T12:29:56,HIGH_VALUE,RV-05
ALT-202608-000544,APP-202608-020525,R0002,2026-08-30T20:07:15,IDENTITY,RV-01
ALT-202608-000545,APP-202608-064968,R0129,2026-08-18T13:30:29,TRANSACTION_MONITORING,RV-06
ALT-202608-000546,APP-202608-008484,R0076,2026-08-12T12:47:06,DOCUMENT,RV-01
ALT-202608-000547,APP-202608-041223,R0335,2026-08-09T19:01:36,HIGH_VALUE,RV-06
ALT-202608-000548,APP-202608-006300,R0247,2026-08-06T10:04:55,IDENTITY,RV-04
ALT-202608-000549,APP-202608-001532,R0070,2026-08-02T18:53:30,TRANSACTION_MONITORING,RV-06
ALT-202608-000550,APP-202608-001344,R0079,2026-08-15T16:32:07,DOCUMENT,RV-06
ALT-202608-000551,APP-202608-027729,R0109,2026-08-18T19:33:34,HIGH_VALUE,RV-05
ALT-202608-000552,APP-202608-024299,R0071,2026-08-17T07:23:09,IDENTITY,RV-04
ALT-202608-000553,APP-202608-034183,R0261,2026-08-12T22:20:06,TRANSACTION_MONITORING,RV-01
ALT-202608-000554,APP-202608-063340,R0261,2026-08-01T11:08:55,DOCUMENT,RV-01
ALT-202608-000555,APP-202608-073825,R0322,2026-08-22T07:15:47,HIGH_VALUE,RV-01
ALT-202608-000556,APP-202608-025605,R0064,2026-08-31T16:30:50,IDENTITY,RV-02
ALT-202608-000557,APP-202608-048487,R0079,2026-08-09T13:28:14,TRANSACTION_MONITORING,RV-06
ALT-202608-000558,APP-202608-047951,R0217,2026-08-18T17:23:21,DOCUMENT,RV-06
ALT-202608-000559,APP-202608-045696,R0217,2026-08-19T11:27:49,HIGH_VALUE,RV-06
ALT-202608-000560,APP-202608-071877,R0313,2026-08-08T06:30:26,IDENTITY,RV-05
ALT-202608-000561,APP-202608-070754,R0142,2026-08-31T12:57:14,TRANSACTION_MONITORING,RV-02
ALT-202608-000562,APP-202608-068777,R0261,2026-08-23T18:44:33,DOCUMENT,RV-06
ALT-202608-000563,APP-202608-006217,R0064,2026-08-25T20:44:34,HIGH_VALUE,RV-05
ALT-202608-000564,APP-202608-069886,R0281,2026-08-23T15:00:08,IDENTITY,RV-04
ALT-202608-000565,APP-202608-020890,R0129,2026-08-21T08:33:34,TRANSACTION_MONITORING,RV-05
ALT-202608-000566,APP-202608-060575,R0158,2026-08-24T12:17:30,DOCUMENT,RV-01
ALT-202608-000567,APP-202608-035588,R0071,2026-08-01T13:14:48,HIGH_VALUE,RV-03
ALT-202608-000568,APP-202608-017678,R0273,2026-08-25T22:54:20,IDENTITY,RV-01
ALT-202608-000569,APP-202608-062466,R0079,2026-08-17T07:10:16,TRANSACTION_MONITORING,RV-02
ALT-202608-000570,APP-202608-042038,R0335,2026-08-24T12:54:28,DOCUMENT,RV-06
ALT-202608-000571,APP-202608-051455,R0335,2026-08-26T09:38:27,HIGH_VALUE,RV-02
ALT-202608-000572,APP-202608-009357,R0071,2026-08-22T21:26:37,IDENTITY,RV-03
ALT-202608-000573,APP-202608-073472,R0247,2026-08-01T18:56:30,TRANSACTION_MONITORING,RV-02
ALT-202608-000574,APP-202608-043413,R0129,2026-08-24T14:42:25,DOCUMENT,RV-05
ALT-202608-000575,APP-202608-047427,R0217,2026-08-11T08:26:17,HIGH_VALUE,RV-06
ALT-202608-000576,APP-202608-053828,R0261,2026-08-25T06:48:33,IDENTITY,RV-03
ALT-202608-000577,APP-202608-058038,R0079,2026-08-28T09:00:13,TRANSACTION_MONITORING,RV-06
ALT-202608-000578,APP-202608-022924,R0076,2026-08-22T14:43:10,DOCUMENT,RV-02
ALT-202608-000579,APP-202608-027783,R0250,2026-08-08T18:39:32,HIGH_VALUE,RV-01
ALT-202608-000580,APP-202608-043038,R0001,2026-08-03T18:48:17,IDENTITY,RV-03
ALT-202608-000581,APP-202608-042805,R0129,2026-08-13T06:01:02,TRANSACTION_MONITORING,RV-03
ALT-202608-000582,APP-202608-069565,R0129,2026-08-06T15:07:54,DOCUMENT,RV-05
ALT-202608-000583,APP-202608-065495,R0129,2026-08-04T22:31:30,HIGH_VALUE,RV-03
ALT-202608-000584,APP-202608-069348,R0261,2026-08-13T14:17:09,IDENTITY,RV-04
ALT-202608-000585,APP-202608-019274,R0081,2026-08-25T17:26:22,TRANSACTION_MONITORING,RV-04
ALT-202608-000586,APP-202608-048022,R0302,2026-08-25T18:45:56,DOCUMENT,RV-06
ALT-202608-000587,APP-202608-067848,R0002,2026-08-22T22:25:31,HIGH_VALUE,RV-04
ALT-202608-000588,APP-202608-018812,R0217,2026-08-24T08:34:36,IDENTITY,RV-03
ALT-202608-000589,APP-202608-059053,R0217,2026-08-26T15:06:04,TRANSACTION_MONITORING,RV-02
ALT-202608-000590,APP-202608-002559,R0129,2026-08-03T20:48:44,DOCUMENT,RV-01
ALT-202608-000591,APP-202608-054555,R0261,2026-08-02T15:04:28,HIGH_VALUE,RV-01
ALT-202608-000592,APP-202608-011021,R0217,2026-08-12T08:15:38,IDENTITY,RV-05
ALT-202608-000593,APP-202608-044846,R0252,2026-08-30T22:37:30,TRANSACTION_MONITORING,RV-01
ALT-202608-000594,APP-202608-055499,R0315,2026-08-01T15:11:27,DOCUMENT,RV-06
ALT-202608-000595,APP-202608-035245,R0335,2026-08-23T12:27:06,HIGH_VALUE,RV-05
ALT-202608-000596,APP-202608-046900,R0261,2026-08-26T14:36:56,IDENTITY,RV-01
ALT-202608-000597,APP-202608-070140,R0064,2026-08-04T10:50:56,TRANSACTION_MONITORING,RV-05
ALT-202608-000598,APP-202608-054570,R0247,2026-08-01T14:00:29,DOCUMENT,RV-02
ALT-202608-000599,APP-202608-037211,R0322,2026-08-08T14:41:19,HIGH_VALUE,RV-03
ALT-202608-000600,APP-202608-051117,R0001,2026-08-11T06:12:00,IDENTITY,RV-03
ALT-202608-000601,APP-202608-036790,R0217,2026-08-10T18:15:53,TRANSACTION_MONITORING,RV-04
ALT-202608-000602,APP-202608-014973,R0158,2026-08-28T12:58:28,DOCUMENT,RV-03
ALT-202608-000603,APP-202608-074354,R0130,2026-08-18T11:30:32,HIGH_VALUE,RV-04
ALT-202608-000604,APP-202608-052893,R0071,2026-08-16T13:33:56,IDENTITY,RV-01
ALT-202608-000605,APP-202608-008916,R0129,2026-08-04T06:04:07,TRANSACTION_MONITORING,RV-02
ALT-202608-000606,APP-202608-002644,R0129,2026-08-15T18:44:43,DOCUMENT,RV-06
ALT-202608-000607,APP-202608-062310,R0045,2026-08-24T17:26:23,HIGH_VALUE,RV-02
ALT-202608-000608,APP-202608-069166,R0130,2026-08-12T18:48:38,IDENTITY,RV-05
ALT-202608-000609,APP-202608-059679,R0079,2026-08-30T09:10:55,TRANSACTION_MONITORING,RV-04
ALT-202608-000610,APP-202608-005896,R0081,2026-08-08T16:43:02,DOCUMENT,RV-05
ALT-202608-000611,APP-202608-051443,R0076,2026-08-09T19:11:43,HIGH_VALUE,RV-06
ALT-202608-000612,APP-202608-060686,R0261,2026-08-22T16:08:03,IDENTITY,RV-02
ALT-202608-000613,APP-202608-060569,R0302,2026-08-01T18:02:12,TRANSACTION_MONITORING,RV-05
ALT-202608-000614,APP-202608-066473,R0142,2026-08-18T16:13:33,DOCUMENT,RV-06
ALT-202608-000615,APP-202608-059195,R0335,2026-08-27T10:16:16,HIGH_VALUE,RV-05
ALT-202608-000616,APP-202608-059080,R0261,2026-08-13T12:21:39,IDENTITY,RV-02
ALT-202608-000617,APP-202608-030456,R0142,2026-08-09T07:35:14,TRANSACTION_MONITORING,RV-02
ALT-202608-000618,APP-202608-028509,R0261,2026-08-05T08:00:39,DOCUMENT,RV-01
ALT-202608-000619,APP-202608-033855,R0247,2026-08-09T19:28:58,HIGH_VALUE,RV-06
ALT-202608-000620,APP-202608-072477,R0079,2026-08-30T13:36:33,IDENTITY,RV-06
ALT-202608-000621,APP-202608-063315,R0217,2026-08-04T08:09:57,TRANSACTION_MONITORING,RV-03
ALT-202608-000622,APP-202608-016070,R0002,2026-08-15T18:36:03,DOCUMENT,RV-01
ALT-202608-000623,APP-202608-029175,R0129,2026-08-12T11:39:21,HIGH_VALUE,RV-02
ALT-202608-000624,APP-202608-013874,R0031,2026-08-27T20:43:50,IDENTITY,RV-05
ALT-202608-000625,APP-202608-065239,R0129,2026-08-15T21:24:39,TRANSACTION_MONITORING,RV-03
ALT-202608-000626,APP-202608-000154,R0217,2026-08-11T15:26:35,DOCUMENT,RV-06
ALT-202608-000627,APP-202608-001947,R0079,2026-08-16T12:52:07,HIGH_VALUE,RV-03
ALT-202608-000628,APP-202608-054590,R0335,2026-08-18T19:57:49,IDENTITY,RV-01
ALT-202608-000629,APP-202608-002412,R0109,2026-08-24T18:31:10,TRANSACTION_MONITORING,RV-01
ALT-202608-000630,APP-202608-065679,R0322,2026-08-19T07:10:24,DOCUMENT,RV-06
ALT-202608-000631,APP-202608-073665,R0247,2026-08-08T06:44:07,HIGH_VALUE,RV-06
ALT-202608-000632,APP-202608-016306,R0315,2026-08-31T09:01:34,IDENTITY,RV-04
ALT-202608-000633,APP-202608-042684,R0217,2026-08-25T07:15:06,TRANSACTION_MONITORING,RV-04
ALT-202608-000634,APP-202608-045069,R0109,2026-08-22T16:09:39,DOCUMENT,RV-06
ALT-202608-000635,APP-202608-006294,R0002,2026-08-01T16:53:16,HIGH_VALUE,RV-02
ALT-202608-000636,APP-202608-025759,R0129,2026-08-16T13:59:50,IDENTITY,RV-05
ALT-202608-000637,APP-202608-074234,R0002,2026-08-30T22:24:48,TRANSACTION_MONITORING,RV-06
ALT-202608-000638,APP-202608-062818,R0252,2026-08-19T15:03:25,DOCUMENT,RV-01
ALT-202608-000639,APP-202608-060436,R0064,2026-08-01T18:44:59,HIGH_VALUE,RV-04
ALT-202608-000640,APP-202608-002710,R0115,2026-08-27T06:35:23,IDENTITY,RV-05
ALT-202608-000641,APP-202608-074880,R0129,2026-08-13T17:53:09,TRANSACTION_MONITORING,RV-03
ALT-202608-000642,APP-202608-066161,R0261,2026-08-05T14:30:43,DOCUMENT,RV-06
ALT-202608-000643,APP-202608-015925,R0252,2026-08-04T15:48:01,HIGH_VALUE,RV-05
ALT-202608-000644,APP-202608-017613,R0129,2026-08-08T12:25:45,IDENTITY,RV-01
ALT-202608-000645,APP-202608-049395,R0129,2026-08-23T14:47:50,TRANSACTION_MONITORING,RV-05
ALT-202608-000646,APP-202608-049410,R0109,2026-08-19T09:17:24,DOCUMENT,RV-02
ALT-202608-000647,APP-202608-013414,R0250,2026-08-12T08:57:07,HIGH_VALUE,RV-04
ALT-202608-000648,APP-202608-002146,R0079,2026-08-28T15:38:14,IDENTITY,RV-04
ALT-202608-000649,APP-202608-047650,R0129,2026-08-06T20:23:37,TRANSACTION_MONITORING,RV-04
ALT-202608-000650,APP-202608-019710,R0335,2026-08-17T21:57:24,DOCUMENT,RV-02
ALT-202608-000651,APP-202608-063968,R0129,2026-08-16T14:51:47,HIGH_VALUE,RV-03
ALT-202608-000652,APP-202608-009324,R0130,2026-08-20T22:44:47,IDENTITY,RV-05
ALT-202608-000653,APP-202608-023062,R0335,2026-08-24T13:12:07,TRANSACTION_MONITORING,RV-04
ALT-202608-000654,APP-202608-060732,R0302,2026-08-26T09:50:57,DOCUMENT,RV-06
ALT-202608-000655,APP-202608-054420,R0322,2026-08-08T17:49:16,HIGH_VALUE,RV-04
ALT-202608-000656,APP-202608-053622,R0076,2026-08-30T22:58:36,IDENTITY,RV-02
ALT-202608-000657,APP-202608-060755,R0252,2026-08-24T13:29:42,TRANSACTION_MONITORING,RV-02
ALT-202608-000658,APP-202608-066560,R0261,2026-08-27T06:40:23,DOCUMENT,RV-04
ALT-202608-000659,APP-202608-039275,R0261,2026-08-26T09:21:53,HIGH_VALUE,RV-06
ALT-202608-000660,APP-202608-033947,R0273,2026-08-18T16:47:09,IDENTITY,RV-02
ALT-202608-000661,APP-202608-013893,R0109,2026-08-11T14:10:29,TRANSACTION_MONITORING,RV-01
ALT-202608-000662,APP-202608-022685,R0076,2026-08-12T14:38:51,DOCUMENT,RV-05
ALT-202608-000663,APP-202608-063652,R0109,2026-08-08T06:34:23,HIGH_VALUE,RV-06
ALT-202608-000664,APP-202608-051393,R0115,2026-08-10T14:09:42,IDENTITY,RV-02
ALT-202608-000665,APP-202608-045974,R0335,2026-08-01T19:32:58,TRANSACTION_MONITORING,RV-03
ALT-202608-000666,APP-202608-017574,R0247,2026-08-11T14:56:49,DOCUMENT,RV-05
ALT-202608-000667,APP-202608-005054,R0281,2026-08-22T06:34:55,HIGH_VALUE,RV-06
ALT-202608-000668,APP-202608-034464,R0064,2026-08-07T18:30:20,IDENTITY,RV-05
ALT-202608-000669,APP-202608-023221,R0076,2026-08-05T07:12:59,TRANSACTION_MONITORING,RV-03
ALT-202608-000670,APP-202608-026969,R0261,2026-08-30T12:09:01,DOCUMENT,RV-06
ALT-202608-000671,APP-202608-029774,R0109,2026-08-08T11:05:32,HIGH_VALUE,RV-05
ALT-202608-000672,APP-202608-012770,R0322,2026-08-14T19:04:38,IDENTITY,RV-06
ALT-202608-000673,APP-202608-051876,R0335,2026-08-01T16:51:30,TRANSACTION_MONITORING,RV-06
ALT-202608-000674,APP-202608-036461,R0147,2026-08-27T10:20:14,DOCUMENT,RV-04
ALT-202608-000675,APP-202608-043407,R0261,2026-08-23T09:38:24,HIGH_VALUE,RV-05
ALT-202608-000676,APP-202608-060297,R0250,2026-08-29T16:40:49,IDENTITY,RV-03
ALT-202608-000677,APP-202608-064694,R0081,2026-08-20T22:08:13,TRANSACTION_MONITORING,RV-02
ALT-202608-000678,APP-202608-054001,R0261,2026-08-23T19:04:43,DOCUMENT,RV-03
ALT-202608-000679,APP-202608-034412,R0261,2026-08-26T15:42:53,HIGH_VALUE,RV-04
ALT-202608-000680,APP-202608-041033,R0335,2026-08-10T06:16:03,IDENTITY,RV-03
ALT-202608-000681,APP-202608-013992,R0081,2026-08-21T16:24:45,TRANSACTION_MONITORING,RV-01
ALT-202608-000682,APP-202608-056723,R0129,2026-08-12T19:29:58,DOCUMENT,RV-06
ALT-202608-000683,APP-202608-032560,R0217,2026-08-20T18:48:47,HIGH_VALUE,RV-01
ALT-202608-000684,APP-202608-004283,R0109,2026-08-04T06:14:04,IDENTITY,RV-03
ALT-202608-000685,APP-202608-070300,R0129,2026-08-21T16:34:11,TRANSACTION_MONITORING,RV-04
ALT-202608-000686,APP-202608-041367,R0129,2026-08-23T15:21:26,DOCUMENT,RV-02
ALT-202608-000687,APP-202608-020737,R0129,2026-08-07T20:56:15,HIGH_VALUE,RV-03
ALT-202608-000688,APP-202608-052673,R0142,2026-08-09T14:21:23,IDENTITY,RV-06
ALT-202608-000689,APP-202608-049301,R0261,2026-08-04T20:37:56,TRANSACTION_MONITORING,RV-04
ALT-202608-000690,APP-202608-062373,R0129,2026-08-18T10:43:05,DOCUMENT,RV-06
ALT-202608-000691,APP-202608-057281,R0261,2026-08-01T17:51:55,HIGH_VALUE,RV-04
ALT-202608-000692,APP-202608-004893,R0002,2026-08-02T15:35:41,IDENTITY,RV-03
ALT-202608-000693,APP-202608-029535,R0247,2026-08-29T10:44:45,TRANSACTION_MONITORING,RV-03
ALT-202608-000694,APP-202608-023498,R0002,2026-08-27T12:02:59,DOCUMENT,RV-03
ALT-202608-000695,APP-202608-052872,R0261,2026-08-10T10:24:51,HIGH_VALUE,RV-03
ALT-202608-000696,APP-202608-022373,R0281,2026-08-03T12:52:06,IDENTITY,RV-06
ALT-202608-000697,APP-202608-035304,R0129,2026-08-15T09:16:22,TRANSACTION_MONITORING,RV-02
ALT-202608-000698,APP-202608-004235,R0081,2026-08-03T06:30:30,DOCUMENT,RV-01
ALT-202608-000699,APP-202608-010783,R0335,2026-08-27T19:27:07,HIGH_VALUE,RV-02
ALT-202608-000700,APP-202608-027774,R0261,2026-08-25T19:33:34,IDENTITY,RV-04
ALT-202608-000701,APP-202608-050020,R0217,2026-08-18T14:52:59,TRANSACTION_MONITORING,RV-02
ALT-202608-000702,APP-202608-045833,R0140,2026-08-25T15:17:32,DOCUMENT,RV-04
ALT-202608-000703,APP-202608-020506,R0038,2026-08-16T08:20:18,HIGH_VALUE,RV-06
ALT-202608-000704,APP-202608-070065,R0261,2026-08-09T18:27:25,IDENTITY,RV-02
ALT-202608-000705,APP-202608-038584,R0252,2026-08-25T13:08:04,TRANSACTION_MONITORING,RV-01
ALT-202608-000706,APP-202608-046739,R0322,2026-08-14T12:21:22,DOCUMENT,RV-01
ALT-202608-000707,APP-202608-034551,R0261,2026-08-22T08:59:56,HIGH_VALUE,RV-03
ALT-202608-000708,APP-202608-051461,R0002,2026-08-27T17:06:14,IDENTITY,RV-03
ALT-202608-000709,APP-202608-061845,R0109,2026-08-21T18:31:31,TRANSACTION_MONITORING,RV-06
ALT-202608-000710,APP-202608-032464,R0129,2026-08-15T10:05:49,DOCUMENT,RV-03
ALT-202608-000711,APP-202608-002133,R0071,2026-08-30T13:56:17,HIGH_VALUE,RV-05
ALT-202608-000712,APP-202608-052472,R0322,2026-08-09T09:16:14,IDENTITY,RV-03
ALT-202608-000713,APP-202608-045970,R0252,2026-08-17T08:20:55,TRANSACTION_MONITORING,RV-05
ALT-202608-000714,APP-202608-049798,R0079,2026-08-22T12:45:28,DOCUMENT,RV-04
ALT-202608-000715,APP-202608-037093,R0217,2026-08-14T13:17:48,HIGH_VALUE,RV-01
ALT-202608-000716,APP-202608-019695,R0335,2026-08-06T15:27:51,IDENTITY,RV-05
ALT-202608-000717,APP-202608-015984,R0261,2026-08-19T19:36:59,TRANSACTION_MONITORING,RV-03
ALT-202608-000718,APP-202608-015464,R0071,2026-08-01T18:12:38,DOCUMENT,RV-06
ALT-202608-000719,APP-202608-036597,R0129,2026-08-12T08:50:11,HIGH_VALUE,RV-05
ALT-202608-000720,APP-202608-037457,R0315,2026-08-02T06:57:38,IDENTITY,RV-02
ALT-202608-000721,APP-202608-044351,R0129,2026-08-28T15:18:31,TRANSACTION_MONITORING,RV-01
ALT-202608-000722,APP-202608-043680,R0247,2026-08-29T13:58:57,DOCUMENT,RV-04
ALT-202608-000723,APP-202608-035263,R0252,2026-08-01T06:39:37,HIGH_VALUE,RV-05
ALT-202608-000724,APP-202608-040059,R0247,2026-08-13T07:27:31,IDENTITY,RV-05
ALT-202608-000725,APP-202608-035564,R0129,2026-08-30T09:00:40,TRANSACTION_MONITORING,RV-02
ALT-202608-000726,APP-202608-036688,R0071,2026-08-21T20:46:59,DOCUMENT,RV-06
ALT-202608-000727,APP-202608-058536,R0129,2026-08-07T21:40:18,HIGH_VALUE,RV-02
ALT-202608-000728,APP-202608-025087,R0079,2026-08-16T17:08:50,IDENTITY,RV-04
ALT-202608-000729,APP-202608-049220,R0076,2026-08-25T17:57:40,TRANSACTION_MONITORING,RV-05
ALT-202608-000730,APP-202608-003011,R0335,2026-08-18T13:35:26,DOCUMENT,RV-04
ALT-202608-000731,APP-202608-039723,R0002,2026-08-20T07:53:23,HIGH_VALUE,RV-01
ALT-202608-000732,APP-202608-061593,R0261,2026-08-17T13:16:26,IDENTITY,RV-02
ALT-202608-000733,APP-202608-003422,R0252,2026-08-02T06:56:34,TRANSACTION_MONITORING,RV-01
ALT-202608-000734,APP-202608-046593,R0217,2026-08-27T20:07:01,DOCUMENT,RV-06
ALT-202608-000735,APP-202608-066323,R0315,2026-08-19T19:41:55,HIGH_VALUE,RV-06
ALT-202608-000736,APP-202608-074718,R0313,2026-08-15T09:45:54,IDENTITY,RV-05
ALT-202608-000737,APP-202608-058824,R0147,2026-08-14T22:46:36,TRANSACTION_MONITORING,RV-04
ALT-202608-000738,APP-202608-066151,R0158,2026-08-13T15:28:45,DOCUMENT,RV-05
ALT-202608-000739,APP-202608-050121,R0261,2026-08-24T15:29:27,HIGH_VALUE,RV-06
ALT-202608-000740,APP-202608-027074,R0261,2026-08-16T22:25:05,IDENTITY,RV-01
ALT-202608-000741,APP-202608-008436,R0261,2026-08-24T21:03:19,TRANSACTION_MONITORING,RV-06
ALT-202608-000742,APP-202608-004573,R0096,2026-08-10T12:52:27,DOCUMENT,RV-06
ALT-202608-000743,APP-202608-011706,R0129,2026-08-06T20:57:33,HIGH_VALUE,RV-04
ALT-202608-000744,APP-202608-064627,R0217,2026-08-27T06:40:19,IDENTITY,RV-02
ALT-202608-000745,APP-202608-004512,R0045,2026-08-05T11:32:02,TRANSACTION_MONITORING,RV-05
ALT-202608-000746,APP-202608-070543,R0313,2026-08-31T14:03:51,DOCUMENT,RV-03
ALT-202608-000747,APP-202608-053053,R0247,2026-08-05T20:08:39,HIGH_VALUE,RV-03
ALT-202608-000748,APP-202608-067374,R0109,2026-08-01T15:07:49,IDENTITY,RV-05
ALT-202608-000749,APP-202608-064472,R0096,2026-08-24T15:10:04,TRANSACTION_MONITORING,RV-06
ALT-202608-000750,APP-202608-002987,R0250,2026-08-25T10:44:13,DOCUMENT,RV-03
ALT-202608-000751,APP-202608-061555,R0071,2026-08-09T20:56:03,HIGH_VALUE,RV-01
ALT-202608-000752,APP-202608-052360,R0322,2026-08-04T07:02:26,IDENTITY,RV-02
ALT-202608-000753,APP-202608-017300,R0261,2026-08-16T10:24:20,TRANSACTION_MONITORING,RV-02
ALT-202608-000754,APP-202608-035061,R0129,2026-08-01T16:59:52,DOCUMENT,RV-05
ALT-202608-000755,APP-202608-003470,R0281,2026-08-06T17:35:01,HIGH_VALUE,RV-01
ALT-202608-000756,APP-202608-068667,R0261,2026-08-05T09:55:12,IDENTITY,RV-05
ALT-202608-000757,APP-202608-033089,R0071,2026-08-28T09:27:36,TRANSACTION_MONITORING,RV-06
ALT-202608-000758,APP-202608-057169,R0076,2026-08-07T06:31:06,DOCUMENT,RV-03
ALT-202608-000759,APP-202608-030207,R0129,2026-08-22T19:53:25,HIGH_VALUE,RV-05
ALT-202608-000760,APP-202608-011712,R0302,2026-08-15T19:34:04,IDENTITY,RV-02
ALT-202608-000761,APP-202608-042379,R0081,2026-08-06T16:06:27,TRANSACTION_MONITORING,RV-05
ALT-202608-000762,APP-202608-047514,R0002,2026-08-07T16:40:58,DOCUMENT,RV-04
ALT-202608-000763,APP-202608-007871,R0158,2026-08-31T08:09:34,HIGH_VALUE,RV-03
ALT-202608-000764,APP-202608-041136,R0109,2026-08-07T20:20:42,IDENTITY,RV-05
ALT-202608-000765,APP-202608-047707,R0002,2026-08-22T09:55:45,TRANSACTION_MONITORING,RV-05
ALT-202608-000766,APP-202608-001294,R0250,2026-08-22T08:20:13,DOCUMENT,RV-04
ALT-202608-000767,APP-202608-040241,R0115,2026-08-21T08:29:36,HIGH_VALUE,RV-01
ALT-202608-000768,APP-202608-052793,R0076,2026-08-06T17:16:19,IDENTITY,RV-03
ALT-202608-000769,APP-202608-037291,R0302,2026-08-25T08:07:18,TRANSACTION_MONITORING,RV-06
ALT-202608-000770,APP-202608-020728,R0002,2026-08-17T18:43:12,DOCUMENT,RV-01
ALT-202608-000771,APP-202608-035956,R0252,2026-08-04T16:22:21,HIGH_VALUE,RV-02
ALT-202608-000772,APP-202608-073096,R0315,2026-08-02T07:59:19,IDENTITY,RV-04
ALT-202608-000773,APP-202608-051340,R0273,2026-08-05T12:26:17,TRANSACTION_MONITORING,RV-04
ALT-202608-000774,APP-202608-040351,R0109,2026-08-19T14:07:03,DOCUMENT,RV-01
ALT-202608-000775,APP-202608-013563,R0252,2026-08-27T19:17:19,HIGH_VALUE,RV-05
ALT-202608-000776,APP-202608-040070,R0252,2026-08-23T20:48:18,IDENTITY,RV-02
ALT-202608-000777,APP-202608-041728,R0302,2026-08-28T09:20:51,TRANSACTION_MONITORING,RV-03
ALT-202608-000778,APP-202608-020952,R0335,2026-08-23T22:15:49,DOCUMENT,RV-03
ALT-202608-000779,APP-202608-070750,R0002,2026-08-03T14:27:05,HIGH_VALUE,RV-01
ALT-202608-000780,APP-202608-056897,R0313,2026-08-11T07:25:52,IDENTITY,RV-03
ALT-202608-000781,APP-202608-071161,R0096,2026-08-28T22:01:42,TRANSACTION_MONITORING,RV-04
ALT-202608-000782,APP-202608-013327,R0302,2026-08-13T12:14:28,DOCUMENT,RV-03
ALT-202608-000783,APP-202608-062947,R0001,2026-08-13T20:41:44,HIGH_VALUE,RV-05
ALT-202608-000784,APP-202608-063535,R0064,2026-08-12T13:03:31,IDENTITY,RV-01
ALT-202608-000785,APP-202608-014848,R0217,2026-08-31T22:23:40,TRANSACTION_MONITORING,RV-04
ALT-202608-000786,APP-202608-004644,R0142,2026-08-04T12:25:21,DOCUMENT,RV-02
ALT-202608-000787,APP-202608-015740,R0064,2026-08-24T12:18:44,HIGH_VALUE,RV-03
ALT-202608-000788,APP-202608-030168,R0109,2026-08-22T18:12:35,IDENTITY,RV-04
ALT-202608-000789,APP-202608-008866,R0071,2026-08-10T12:39:09,TRANSACTION_MONITORING,RV-03
ALT-202608-000790,APP-202608-017631,R0250,2026-08-10T21:17:17,DOCUMENT,RV-05
ALT-202608-000791,APP-202608-012787,R0045,2026-08-17T16:21:58,HIGH_VALUE,RV-06
ALT-202608-000792,APP-202608-067202,R0129,2026-08-25T17:11:04,IDENTITY,RV-04
ALT-202608-000793,APP-202608-008165,R0322,2026-08-14T08:35:11,TRANSACTION_MONITORING,RV-01
ALT-202608-000794,APP-202608-011857,R0071,2026-08-14T12:46:53,DOCUMENT,RV-03
ALT-202608-000795,APP-202608-065849,R0322,2026-08-14T15:54:18,HIGH_VALUE,RV-05
ALT-202608-000796,APP-202608-019918,R0335,2026-08-30T17:04:15,IDENTITY,RV-02
ALT-202608-000797,APP-202608-017897,R0109,2026-08-24T16:09:51,TRANSACTION_MONITORING,RV-04
ALT-202608-000798,APP-202608-058921,R0002,2026-08-31T14:21:29,DOCUMENT,RV-05
ALT-202608-000799,APP-202608-029227,R0079,2026-08-12T13:39:45,HIGH_VALUE,RV-06
ALT-202608-000800,APP-202608-019380,R0129,2026-08-17T18:37:58,IDENTITY,RV-04
ALT-202608-000801,APP-202608-013192,R0217,2026-08-31T18:44:13,TRANSACTION_MONITORING,RV-04
ALT-202608-000802,APP-202608-061691,R0273,2026-08-28T07:29:57,DOCUMENT,RV-05
ALT-202608-000803,APP-202608-060570,R0109,2026-08-30T11:50:20,HIGH_VALUE,RV-01
ALT-202608-000804,APP-202608-016014,R0081,2026-08-16T07:40:23,IDENTITY,RV-06
ALT-202608-000805,APP-202608-015810,R0261,2026-08-28T14:49:37,TRANSACTION_MONITORING,RV-02
ALT-202608-000806,APP-202608-038279,R0129,2026-08-13T22:00:02,DOCUMENT,RV-02
ALT-202608-000807,APP-202608-068986,R0261,2026-08-02T06:20:23,HIGH_VALUE,RV-03
ALT-202608-000808,APP-202608-020901,R0079,2026-08-21T17:29:29,IDENTITY,RV-06
ALT-202608-000809,APP-202608-023050,R0129,2026-08-30T12:48:47,TRANSACTION_MONITORING,RV-05
ALT-202608-000810,APP-202608-044446,R0252,2026-08-11T14:36:37,DOCUMENT,RV-01
ALT-202608-000811,APP-202608-039325,R0129,2026-08-28T14:36:20,HIGH_VALUE,RV-05
ALT-202608-000812,APP-202608-052440,R0129,2026-08-06T13:02:51,IDENTITY,RV-01
ALT-202608-000813,APP-202608-007425,R0081,2026-08-27T07:49:05,TRANSACTION_MONITORING,RV-02
ALT-202608-000814,APP-202608-039501,R0273,2026-08-12T19:53:50,DOCUMENT,RV-06
ALT-202608-000815,APP-202608-031013,R0247,2026-08-23T18:12:54,HIGH_VALUE,RV-02
ALT-202608-000816,APP-202608-004728,R0322,2026-08-08T11:48:34,IDENTITY,RV-03
ALT-202608-000817,APP-202608-042562,R0247,2026-08-06T19:33:59,TRANSACTION_MONITORING,RV-01
ALT-202608-000818,APP-202608-055769,R0002,2026-08-15T11:41:14,DOCUMENT,RV-05
ALT-202608-000819,APP-202608-064696,R0322,2026-08-29T22:12:16,HIGH_VALUE,RV-05
ALT-202608-000820,APP-202608-019403,R0129,2026-08-29T07:24:13,IDENTITY,RV-02
ALT-202608-000821,APP-202608-064555,R0001,2026-08-09T11:16:36,TRANSACTION_MONITORING,RV-01
ALT-202608-000822,APP-202608-033881,R0247,2026-08-10T20:36:07,DOCUMENT,RV-02
ALT-202608-000823,APP-202608-014533,R0261,2026-08-21T08:01:24,HIGH_VALUE,RV-03
ALT-202608-000824,APP-202608-029467,R0247,2026-08-23T20:25:40,IDENTITY,RV-06
ALT-202608-000825,APP-202608-041413,R0313,2026-08-15T12:29:09,TRANSACTION_MONITORING,RV-01
ALT-202608-000826,APP-202608-037149,R0335,2026-08-30T09:03:15,DOCUMENT,RV-03
ALT-202608-000827,APP-202608-074344,R0247,2026-08-17T15:08:38,HIGH_VALUE,RV-06
ALT-202608-000828,APP-202608-047903,R0129,2026-08-18T12:52:13,IDENTITY,RV-02
ALT-202608-000829,APP-202608-002990,R0130,2026-08-16T09:48:52,TRANSACTION_MONITORING,RV-03
ALT-202608-000830,APP-202608-014744,R0261,2026-08-18T20:28:51,DOCUMENT,RV-06
ALT-202608-000831,APP-202608-072646,R0079,2026-08-08T21:58:28,HIGH_VALUE,RV-03
ALT-202608-000832,APP-202608-015878,R0142,2026-08-24T09:28:29,IDENTITY,RV-03
ALT-202608-000833,APP-202608-038434,R0096,2026-08-17T17:23:32,TRANSACTION_MONITORING,RV-05
ALT-202608-000834,APP-202608-048234,R0247,2026-08-25T11:31:32,DOCUMENT,RV-05
ALT-202608-000835,APP-202608-072787,R0142,2026-08-17T14:11:13,HIGH_VALUE,RV-02
ALT-202608-000836,APP-202608-008090,R0250,2026-08-21T22:55:15,IDENTITY,RV-06
ALT-202608-000837,APP-202608-046664,R0250,2026-08-27T08:27:35,TRANSACTION_MONITORING,RV-04
ALT-202608-000838,APP-202608-071967,R0045,2026-08-31T22:49:49,DOCUMENT,RV-01
ALT-202608-000839,APP-202608-037131,R0261,2026-08-09T07:35:19,HIGH_VALUE,RV-01
ALT-202608-000840,APP-202608-057343,R0129,2026-08-10T18:38:35,IDENTITY,RV-01
ALT-202608-000841,APP-202608-047879,R0261,2026-08-28T21:54:58,TRANSACTION_MONITORING,RV-03
ALT-202608-000842,APP-202608-003960,R0261,2026-08-15T07:40:49,DOCUMENT,RV-01
ALT-202608-000843,APP-202608-046871,R0129,2026-08-22T22:58:12,HIGH_VALUE,RV-04
ALT-202608-000844,APP-202608-000373,R0079,2026-08-13T18:34:48,IDENTITY,RV-05
ALT-202608-000845,APP-202608-044936,R0335,2026-08-25T11:06:34,TRANSACTION_MONITORING,RV-04
ALT-202608-000846,APP-202608-045301,R0217,2026-08-01T14:29:26,DOCUMENT,RV-01
ALT-202608-000847,APP-202608-008715,R0335,2026-08-31T11:27:18,HIGH_VALUE,RV-06
ALT-202608-000848,APP-202608-046476,R0261,2026-08-20T07:30:48,IDENTITY,RV-05
ALT-202608-000849,APP-202608-029027,R0130,2026-08-12T08:12:16,TRANSACTION_MONITORING,RV-02
ALT-202608-000850,APP-202608-004407,R0335,2026-08-17T08:23:56,DOCUMENT,RV-04
ALT-202608-000851,APP-202608-024292,R0002,2026-08-15T15:46:28,HIGH_VALUE,RV-06
ALT-202608-000852,APP-202608-066472,R0217,2026-08-11T11:45:58,IDENTITY,RV-06
ALT-202608-000853,APP-202608-074235,R0335,2026-08-31T22:31:42,TRANSACTION_MONITORING,RV-03
ALT-202608-000854,APP-202608-008052,R0322,2026-08-13T06:26:52,DOCUMENT,RV-02
ALT-202608-000855,APP-202608-018001,R0002,2026-08-08T20:18:17,HIGH_VALUE,RV-06
ALT-202608-000856,APP-202608-006250,R0076,2026-08-03T22:12:19,IDENTITY,RV-02
ALT-202608-000857,APP-202608-046811,R0129,2026-08-12T12:48:29,TRANSACTION_MONITORING,RV-01
ALT-202608-000858,APP-202608-019914,R0281,2026-08-24T17:23:35,DOCUMENT,RV-04
ALT-202608-000859,APP-202608-025455,R0129,2026-08-04T21:41:08,HIGH_VALUE,RV-05
ALT-202608-000860,APP-202608-016279,R0071,2026-08-30T13:07:04,IDENTITY,RV-02
ALT-202608-000861,APP-202608-024425,R0002,2026-08-11T07:50:05,TRANSACTION_MONITORING,RV-04
ALT-202608-000862,APP-202608-027509,R0142,2026-08-17T10:23:53,DOCUMENT,RV-03
ALT-202608-000863,APP-202608-030273,R0071,2026-08-12T22:16:25,HIGH_VALUE,RV-06
ALT-202608-000864,APP-202608-014286,R0130,2026-08-31T09:28:12,IDENTITY,RV-05
ALT-202608-000865,APP-202608-066215,R0142,2026-08-22T07:38:03,TRANSACTION_MONITORING,RV-02
ALT-202608-000866,APP-202608-052272,R0079,2026-08-11T06:02:09,DOCUMENT,RV-06
ALT-202608-000867,APP-202608-001583,R0045,2026-08-02T08:21:56,HIGH_VALUE,RV-06
ALT-202608-000868,APP-202608-018646,R0261,2026-08-08T07:48:43,IDENTITY,RV-04
ALT-202608-000869,APP-202608-074058,R0130,2026-08-17T14:36:56,TRANSACTION_MONITORING,RV-06
ALT-202608-000870,APP-202608-022182,R0079,2026-08-31T10:33:25,DOCUMENT,RV-01
ALT-202608-000871,APP-202608-003332,R0129,2026-08-19T12:48:06,HIGH_VALUE,RV-06
ALT-202608-000872,APP-202608-043282,R0129,2026-08-20T06:42:43,IDENTITY,RV-04
ALT-202608-000873,APP-202608-073663,R0071,2026-08-14T09:12:52,TRANSACTION_MONITORING,RV-03
ALT-202608-000874,APP-202608-062969,R0129,2026-08-16T07:23:30,DOCUMENT,RV-02
ALT-202608-000875,APP-202608-010156,R0252,2026-08-17T22:11:22,HIGH_VALUE,RV-03
ALT-202608-000876,APP-202608-072870,R0115,2026-08-23T13:15:40,IDENTITY,RV-03
ALT-202608-000877,APP-202608-074362,R0081,2026-08-23T08:22:23,TRANSACTION_MONITORING,RV-01
ALT-202608-000878,APP-202608-058337,R0247,2026-08-04T08:44:19,DOCUMENT,RV-06
ALT-202608-000879,APP-202608-049952,R0252,2026-08-19T11:24:33,HIGH_VALUE,RV-03
ALT-202608-000880,APP-202608-041427,R0001,2026-08-05T18:54:40,IDENTITY,RV-02
ALT-202608-000881,APP-202608-030331,R0335,2026-08-23T17:59:00,TRANSACTION_MONITORING,RV-05
ALT-202608-000882,APP-202608-058266,R0081,2026-08-24T20:56:14,DOCUMENT,RV-03
ALT-202608-000883,APP-202608-056331,R0281,2026-08-28T17:54:45,HIGH_VALUE,RV-06
ALT-202608-000884,APP-202608-005845,R0261,2026-08-08T22:43:32,IDENTITY,RV-05
ALT-202608-000885,APP-202608-037427,R0335,2026-08-20T06:21:02,TRANSACTION_MONITORING,RV-03
ALT-202608-000886,APP-202608-049531,R0079,2026-08-03T16:24:21,DOCUMENT,RV-01
ALT-202608-000887,APP-202608-071732,R0261,2026-08-31T14:58:11,HIGH_VALUE,RV-06
ALT-202608-000888,APP-202608-071049,R0313,2026-08-13T20:39:23,IDENTITY,RV-02
ALT-202608-000889,APP-202608-022416,R0002,2026-08-09T17:29:12,TRANSACTION_MONITORING,RV-03
ALT-202608-000890,APP-202608-030703,R0002,2026-08-22T22:41:28,DOCUMENT,RV-05
ALT-202608-000891,APP-202608-031290,R0322,2026-08-17T20:01:30,HIGH_VALUE,RV-06
ALT-202608-000892,APP-202608-051062,R0109,2026-08-30T20:08:22,IDENTITY,RV-01
ALT-202608-000893,APP-202608-004971,R0142,2026-08-22T16:14:21,TRANSACTION_MONITORING,RV-04
ALT-202608-000894,APP-202608-049375,R0109,2026-08-07T20:38:08,DOCUMENT,RV-05
ALT-202608-000895,APP-202608-024824,R0315,2026-08-01T08:39:55,HIGH_VALUE,RV-03
ALT-202608-000896,APP-202608-065925,R0313,2026-08-25T09:30:15,IDENTITY,RV-05
ALT-202608-000897,APP-202608-026242,R0129,2026-08-20T16:57:37,TRANSACTION_MONITORING,RV-02
ALT-202608-000898,APP-202608-004789,R0002,2026-08-21T17:31:50,DOCUMENT,RV-02
ALT-202608-000899,APP-202608-067575,R0081,2026-08-27T14:22:28,HIGH_VALUE,RV-05
ALT-202608-000900,APP-202608-006862,R0071,2026-08-26T20:15:14,IDENTITY,RV-01
ALT-202608-000901,APP-202608-040404,R0322,2026-08-15T20:10:50,TRANSACTION_MONITORING,RV-04
ALT-202608-000902,APP-202608-059040,R0247,2026-08-06T13:44:44,DOCUMENT,RV-02
ALT-202608-000903,APP-202608-074036,R0335,2026-08-02T20:20:52,HIGH_VALUE,RV-04
ALT-202608-000904,APP-202608-010207,R0129,2026-08-17T09:54:27,IDENTITY,RV-01
ALT-202608-000905,APP-202608-063294,R0071,2026-08-23T12:17:27,TRANSACTION_MONITORING,RV-06
ALT-202608-000906,APP-202608-008944,R0071,2026-08-26T16:35:00,DOCUMENT,RV-02
ALT-202608-000907,APP-202608-041468,R0081,2026-08-30T15:39:33,HIGH_VALUE,RV-03
ALT-202608-000908,APP-202608-067343,R0335,2026-08-26T17:12:51,IDENTITY,RV-01
ALT-202608-000909,APP-202608-024104,R0129,2026-08-22T21:00:35,TRANSACTION_MONITORING,RV-01
ALT-202608-000910,APP-202608-050832,R0281,2026-08-02T13:34:47,DOCUMENT,RV-06
ALT-202608-000911,APP-202608-054725,R0129,2026-08-28T20:43:59,HIGH_VALUE,RV-05
ALT-202608-000912,APP-202608-002157,R0335,2026-08-19T21:23:37,IDENTITY,RV-06
ALT-202608-000913,APP-202608-010947,R0109,2026-08-02T07:14:08,TRANSACTION_MONITORING,RV-04
ALT-202608-000914,APP-202608-026250,R0335,2026-08-23T21:36:09,DOCUMENT,RV-05
ALT-202608-000915,APP-202608-011723,R0079,2026-08-26T16:19:29,HIGH_VALUE,RV-03
ALT-202608-000916,APP-202608-022076,R0002,2026-08-12T07:39:44,IDENTITY,RV-03
ALT-202608-000917,APP-202608-016850,R0129,2026-08-01T16:08:59,TRANSACTION_MONITORING,RV-06
ALT-202608-000918,APP-202608-037013,R0261,2026-08-30T06:44:18,DOCUMENT,RV-01
ALT-202608-000919,APP-202608-053942,R0002,2026-08-26T07:45:50,HIGH_VALUE,RV-03
ALT-202608-000920,APP-202608-019811,R0261,2026-08-28T09:32:32,IDENTITY,RV-05
ALT-202608-000921,APP-202608-027297,R0076,2026-08-28T22:46:49,TRANSACTION_MONITORING,RV-04
ALT-202608-000922,APP-202608-044035,R0322,2026-08-13T09:18:16,DOCUMENT,RV-06
ALT-202608-000923,APP-202608-045654,R0247,2026-08-27T17:15:12,HIGH_VALUE,RV-02
ALT-202608-000924,APP-202608-056106,R0071,2026-08-09T20:28:30,IDENTITY,RV-05
ALT-202608-000925,APP-202608-053168,R0313,2026-08-13T07:15:46,TRANSACTION_MONITORING,RV-06
ALT-202608-000926,APP-202608-042328,R0002,2026-08-22T12:45:07,DOCUMENT,RV-06
ALT-202608-000927,APP-202608-059742,R0158,2026-08-14T22:19:50,HIGH_VALUE,RV-02
ALT-202608-000928,APP-202608-062997,R0129,2026-08-01T16:14:04,IDENTITY,RV-01
ALT-202608-000929,APP-202608-003051,R0076,2026-08-15T20:19:32,TRANSACTION_MONITORING,RV-03
ALT-202608-000930,APP-202608-001583,R0261,2026-08-16T13:23:36,DOCUMENT,RV-04
ALT-202608-000931,APP-202608-016863,R0247,2026-08-06T06:25:17,HIGH_VALUE,RV-06
ALT-202608-000932,APP-202608-019992,R0313,2026-08-25T09:47:48,IDENTITY,RV-03
ALT-202608-000933,APP-202608-047551,R0322,2026-08-05T12:18:14,TRANSACTION_MONITORING,RV-02
ALT-202608-000934,APP-202608-025663,R0071,2026-08-01T13:32:32,DOCUMENT,RV-05
ALT-202608-000935,APP-202608-065521,R0261,2026-08-02T17:39:28,HIGH_VALUE,RV-06
ALT-202608-000936,APP-202608-074452,R0129,2026-08-13T10:57:49,IDENTITY,RV-03
ALT-202608-000937,APP-202608-071561,R0335,2026-08-30T18:51:08,TRANSACTION_MONITORING,RV-03
ALT-202608-000938,APP-202608-053905,R0322,2026-08-23T18:26:38,DOCUMENT,RV-04
ALT-202608-000939,APP-202608-069795,R0115,2026-08-29T22:52:06,HIGH_VALUE,RV-05
ALT-202608-000940,APP-202608-026848,R0079,2026-08-29T22:01:03,IDENTITY,RV-01
ALT-202608-000941,APP-202608-000515,R0261,2026-08-19T19:19:04,TRANSACTION_MONITORING,RV-05
ALT-202608-000942,APP-202608-003591,R0322,2026-08-21T14:24:05,DOCUMENT,RV-02
ALT-202608-000943,APP-202608-016664,R0247,2026-08-17T09:59:04,HIGH_VALUE,RV-05
ALT-202608-000944,APP-202608-014662,R0081,2026-08-11T10:13:43,IDENTITY,RV-04
ALT-202608-000945,APP-202608-029249,R0261,2026-08-21T16:48:50,TRANSACTION_MONITORING,RV-04
ALT-202608-000946,APP-202608-042487,R0129,2026-08-11T20:54:25,DOCUMENT,RV-05
ALT-202608-000947,APP-202608-060323,R0140,2026-08-12T11:30:18,HIGH_VALUE,RV-03
ALT-202608-000948,APP-202608-058834,R0031,2026-08-20T22:58:06,IDENTITY,RV-04
ALT-202608-000949,APP-202608-005888,R0129,2026-08-28T21:04:49,TRANSACTION_MONITORING,RV-01
ALT-202608-000950,APP-202608-023097,R0129,2026-08-25T13:11:58,DOCUMENT,RV-03
ALT-202608-000951,APP-202608-042896,R0247,2026-08-03T11:18:28,HIGH_VALUE,RV-05
ALT-202608-000952,APP-202608-002639,R0071,2026-08-08T21:23:44,IDENTITY,RV-06
ALT-202608-000953,APP-202608-013270,R0335,2026-08-27T17:21:25,TRANSACTION_MONITORING,RV-06
ALT-202608-000954,APP-202608-023663,R0261,2026-08-07T12:48:04,DOCUMENT,RV-02
ALT-202608-000955,APP-202608-023378,R0313,2026-08-24T14:10:34,HIGH_VALUE,RV-03
ALT-202608-000956,APP-202608-046885,R0001,2026-08-22T20:32:23,IDENTITY,RV-05
ALT-202608-000957,APP-202608-012594,R0247,2026-08-09T09:25:49,TRANSACTION_MONITORING,RV-05
ALT-202608-000958,APP-202608-056720,R0322,2026-08-02T13:26:14,DOCUMENT,RV-04
ALT-202608-000959,APP-202608-070792,R0247,2026-08-23T14:11:15,HIGH_VALUE,RV-02
ALT-202608-000960,APP-202608-058512,R0335,2026-08-07T18:57:02,IDENTITY,RV-06
ALT-202608-000961,APP-202608-057564,R0142,2026-08-19T18:41:59,TRANSACTION_MONITORING,RV-04
ALT-202608-000962,APP-202608-035733,R0315,2026-08-08T15:17:10,DOCUMENT,RV-04
ALT-202608-000963,APP-202608-000429,R0247,2026-08-26T19:18:51,HIGH_VALUE,RV-02
ALT-202608-000964,APP-202608-018489,R0147,2026-08-24T14:20:44,IDENTITY,RV-01
ALT-202608-000965,APP-202608-045860,R0335,2026-08-12T11:10:06,TRANSACTION_MONITORING,RV-03
ALT-202608-000966,APP-202608-010910,R0079,2026-08-30T20:20:07,DOCUMENT,RV-04
ALT-202608-000967,APP-202608-054423,R0335,2026-08-08T19:04:54,HIGH_VALUE,RV-01
ALT-202608-000968,APP-202608-003266,R0247,2026-08-20T17:13:05,IDENTITY,RV-04
ALT-202608-000969,APP-202608-074728,R0129,2026-08-05T16:30:50,TRANSACTION_MONITORING,RV-03
ALT-202608-000970,APP-202608-023291,R0079,2026-08-28T11:37:55,DOCUMENT,RV-06
ALT-202608-000971,APP-202608-070315,R0247,2026-08-25T14:51:58,HIGH_VALUE,RV-02
ALT-202608-000972,APP-202608-008552,R0002,2026-08-25T17:46:32,IDENTITY,RV-05
ALT-202608-000973,APP-202608-033971,R0079,2026-08-16T09:35:53,TRANSACTION_MONITORING,RV-04
ALT-202608-000974,APP-202608-072442,R0217,2026-08-25T09:51:37,DOCUMENT,RV-02
ALT-202608-000975,APP-202608-066375,R0002,2026-08-03T11:05:36,HIGH_VALUE,RV-04
ALT-202608-000976,APP-202608-069638,R0002,2026-08-29T08:09:43,IDENTITY,RV-01
ALT-202608-000977,APP-202608-000202,R0247,2026-08-12T18:44:09,TRANSACTION_MONITORING,RV-03
ALT-202608-000978,APP-202608-048656,R0109,2026-08-26T06:42:21,DOCUMENT,RV-01
ALT-202608-000979,APP-202608-032715,R0335,2026-08-18T16:14:39,HIGH_VALUE,RV-02
ALT-202608-000980,APP-202608-066380,R0252,2026-08-29T14:02:28,IDENTITY,RV-02
ALT-202608-000981,APP-202608-026919,R0002,2026-08-30T06:28:40,TRANSACTION_MONITORING,RV-05
ALT-202608-000982,APP-202608-038323,R0079,2026-08-15T15:30:50,DOCUMENT,RV-03
ALT-202608-000983,APP-202608-059481,R0250,2026-08-07T09:50:14,HIGH_VALUE,RV-05
ALT-202608-000984,APP-202608-014148,R0129,2026-08-25T19:46:53,IDENTITY,RV-03
ALT-202608-000985,APP-202608-015920,R0129,2026-08-30T08:03:04,TRANSACTION_MONITORING,RV-02
ALT-202608-000986,APP-202608-043665,R0322,2026-08-26T13:38:24,DOCUMENT,RV-05
ALT-202608-000987,APP-202608-051969,R0081,2026-08-10T13:54:11,HIGH_VALUE,RV-06
ALT-202608-000988,APP-202608-043415,R0129,2026-08-06T06:54:51,IDENTITY,RV-06
ALT-202608-000989,APP-202608-033408,R0261,2026-08-28T12:47:25,TRANSACTION_MONITORING,RV-03
ALT-202608-000990,APP-202608-032835,R0002,2026-08-14T20:34:18,DOCUMENT,RV-01
ALT-202608-000991,APP-202608-062285,R0071,2026-08-14T19:32:59,HIGH_VALUE,RV-03
ALT-202608-000992,APP-202608-063307,R0335,2026-08-12T07:21:43,IDENTITY,RV-05
ALT-202608-000993,APP-202608-055436,R0158,2026-08-25T21:30:47,TRANSACTION_MONITORING,RV-02
ALT-202608-000994,APP-202608-057322,R0079,2026-08-03T15:13:52,DOCUMENT,RV-03
ALT-202608-000995,APP-202608-036424,R0129,2026-08-22T18:15:46,HIGH_VALUE,RV-04
ALT-202608-000996,APP-202608-039805,R0076,2026-08-19T16:08:12,IDENTITY,RV-04
ALT-202608-000997,APP-202608-045532,R0261,2026-08-28T07:26:53,TRANSACTION_MONITORING,RV-03
ALT-202608-000998,APP-202608-069217,R0079,2026-08-22T10:16:46,DOCUMENT,RV-05
ALT-202608-000999,APP-202608-025591,R0250,2026-08-21T10:42:03,HIGH_VALUE,RV-02
ALT-202608-001000,APP-202608-012425,R0002,2026-08-22T12:59:19,IDENTITY,RV-06
ALT-202608-001001,APP-202608-072445,R0002,2026-08-18T12:06:34,TRANSACTION_MONITORING,RV-05
ALT-202608-001002,APP-202608-022531,R0261,2026-08-13T22:18:31,DOCUMENT,RV-02
ALT-202608-001003,APP-202608-070600,R0130,2026-08-22T16:11:49,HIGH_VALUE,RV-04
ALT-202608-001004,APP-202608-066849,R0129,2026-08-10T06:48:11,IDENTITY,RV-04
ALT-202608-001005,APP-202608-021367,R0129,2026-08-08T20:50:51,TRANSACTION_MONITORING,RV-04
ALT-202608-001006,APP-202608-039503,R0109,2026-08-25T20:20:00,DOCUMENT,RV-02
ALT-202608-001007,APP-202608-026047,R0079,2026-08-20T11:21:21,HIGH_VALUE,RV-01
ALT-202608-001008,APP-202608-045423,R0064,2026-08-09T10:14:06,IDENTITY,RV-03
ALT-202608-001009,APP-202608-039556,R0261,2026-08-12T19:51:27,TRANSACTION_MONITORING,RV-03
ALT-202608-001010,APP-202608-046049,R0081,2026-08-18T17:47:34,DOCUMENT,RV-06
ALT-202608-001011,APP-202608-058839,R0252,2026-08-20T20:11:29,HIGH_VALUE,RV-06
ALT-202608-001012,APP-202608-017728,R0002,2026-08-18T13:05:12,IDENTITY,RV-04
ALT-202608-001013,APP-202608-067131,R0335,2026-08-27T15:57:16,TRANSACTION_MONITORING,RV-02
ALT-202608-001014,APP-202608-047292,R0261,2026-08-24T19:50:12,DOCUMENT,RV-01
ALT-202608-001015,APP-202608-017850,R0071,2026-08-23T21:51:40,HIGH_VALUE,RV-03
ALT-202608-001016,APP-202608-014203,R0315,2026-08-21T21:32:22,IDENTITY,RV-06
ALT-202608-001017,APP-202608-007171,R0002,2026-08-23T12:51:18,TRANSACTION_MONITORING,RV-06
ALT-202608-001018,APP-202608-046649,R0335,2026-08-13T21:17:29,DOCUMENT,RV-04
ALT-202608-001019,APP-202608-028704,R0247,2026-08-14T17:07:15,HIGH_VALUE,RV-04
ALT-202608-001020,APP-202608-007273,R0129,2026-08-10T10:21:52,IDENTITY,RV-01
ALT-202608-001021,APP-202608-027832,R0261,2026-08-02T06:56:02,TRANSACTION_MONITORING,RV-06
ALT-202608-001022,APP-202608-074786,R0335,2026-08-20T17:54:44,DOCUMENT,RV-04
ALT-202608-001023,APP-202608-004698,R0096,2026-08-11T19:05:54,HIGH_VALUE,RV-01
ALT-202608-001024,APP-202608-023411,R0313,2026-08-24T15:07:43,IDENTITY,RV-03
ALT-202608-001025,APP-202608-039627,R0250,2026-08-01T13:04:10,TRANSACTION_MONITORING,RV-01
ALT-202608-001026,APP-202608-026210,R0079,2026-08-11T07:28:36,DOCUMENT,RV-03
ALT-202608-001027,APP-202608-048020,R0079,2026-08-07T13:09:43,HIGH_VALUE,RV-02
ALT-202608-001028,APP-202608-041961,R0322,2026-08-23T21:48:40,IDENTITY,RV-05
ALT-202608-001029,APP-202608-066622,R0322,2026-08-09T16:28:01,TRANSACTION_MONITORING,RV-03
ALT-202608-001030,APP-202608-048957,R0142,2026-08-14T07:05:31,DOCUMENT,RV-01
ALT-202608-001031,APP-202608-004901,R0158,2026-08-29T10:25:36,HIGH_VALUE,RV-02
ALT-202608-001032,APP-202608-053340,R0250,2026-08-21T11:42:59,IDENTITY,RV-03
ALT-202608-001033,APP-202608-038517,R0130,2026-08-18T22:38:36,TRANSACTION_MONITORING,RV-05
ALT-202608-001034,APP-202608-061626,R0158,2026-08-30T20:41:43,DOCUMENT,RV-02
ALT-202608-001035,APP-202608-013671,R0130,2026-08-02T11:46:52,HIGH_VALUE,RV-06
ALT-202608-001036,APP-202608-058744,R0109,2026-08-28T08:30:29,IDENTITY,RV-02
ALT-202608-001037,APP-202608-049834,R0322,2026-08-29T15:41:03,TRANSACTION_MONITORING,RV-05
ALT-202608-001038,APP-202608-072987,R0129,2026-08-23T12:51:47,DOCUMENT,RV-01
ALT-202608-001039,APP-202608-028502,R0070,2026-08-26T21:43:23,HIGH_VALUE,RV-02
ALT-202608-001040,APP-202608-029806,R0064,2026-08-29T17:39:49,IDENTITY,RV-01
ALT-202608-001041,APP-202608-071552,R0250,2026-08-10T10:11:50,TRANSACTION_MONITORING,RV-03
ALT-202608-001042,APP-202608-018868,R0129,2026-08-08T20:00:02,DOCUMENT,RV-02
ALT-202608-001043,APP-202608-017710,R0071,2026-08-21T20:08:45,HIGH_VALUE,RV-06
ALT-202608-001044,APP-202608-013475,R0081,2026-08-24T19:11:42,IDENTITY,RV-04
ALT-202608-001045,APP-202608-072399,R0079,2026-08-25T16:49:49,TRANSACTION_MONITORING,RV-03
ALT-202608-001046,APP-202608-045236,R0130,2026-08-31T14:48:49,DOCUMENT,RV-04
ALT-202608-001047,APP-202608-060299,R0250,2026-08-16T20:09:04,HIGH_VALUE,RV-06
ALT-202608-001048,APP-202608-048972,R0109,2026-08-04T20:22:10,IDENTITY,RV-01
ALT-202608-001049,APP-202608-064059,R0109,2026-08-29T08:31:23,TRANSACTION_MONITORING,RV-02
ALT-202608-001050,APP-202608-057166,R0079,2026-08-11T11:03:31,DOCUMENT,RV-05
ALT-202608-001051,APP-202608-049996,R0001,2026-08-14T18:30:24,HIGH_VALUE,RV-05
ALT-202608-001052,APP-202608-066087,R0129,2026-08-24T08:29:05,IDENTITY,RV-02
ALT-202608-001053,APP-202608-003945,R0217,2026-08-21T14:23:38,TRANSACTION_MONITORING,RV-02
ALT-202608-001054,APP-202608-066319,R0002,2026-08-12T18:46:43,DOCUMENT,RV-06
ALT-202608-001055,APP-202608-032013,R0158,2026-08-23T18:25:53,HIGH_VALUE,RV-06
ALT-202608-001056,APP-202608-057327,R0250,2026-08-23T18:58:04,IDENTITY,RV-02
ALT-202608-001057,APP-202608-016910,R0071,2026-08-19T10:03:35,TRANSACTION_MONITORING,RV-03
ALT-202608-001058,APP-202608-058099,R0129,2026-08-18T08:38:12,DOCUMENT,RV-04
ALT-202608-001059,APP-202608-018602,R0247,2026-08-30T15:58:05,HIGH_VALUE,RV-02
ALT-202608-001060,APP-202608-069366,R0217,2026-08-16T21:46:43,IDENTITY,RV-06
ALT-202608-001061,APP-202608-046302,R0076,2026-08-17T22:52:24,TRANSACTION_MONITORING,RV-06
ALT-202608-001062,APP-202608-007186,R0158,2026-08-16T13:18:32,DOCUMENT,RV-06
ALT-202608-001063,APP-202608-022987,R0076,2026-08-25T08:08:23,HIGH_VALUE,RV-04
ALT-202608-001064,APP-202608-058193,R0081,2026-08-21T14:11:22,IDENTITY,RV-04
ALT-202608-001065,APP-202608-043338,R0261,2026-08-04T12:28:58,TRANSACTION_MONITORING,RV-02
ALT-202608-001066,APP-202608-023209,R0129,2026-08-28T21:11:52,DOCUMENT,RV-02
ALT-202608-001067,APP-202608-059890,R0335,2026-08-19T22:24:24,HIGH_VALUE,RV-06
ALT-202608-001068,APP-202608-074557,R0129,2026-08-25T14:51:45,IDENTITY,RV-06
ALT-202608-001069,APP-202608-020435,R0261,2026-08-29T18:51:27,TRANSACTION_MONITORING,RV-06
ALT-202608-001070,APP-202608-030097,R0261,2026-08-18T13:39:33,DOCUMENT,RV-01
ALT-202608-001071,APP-202608-060037,R0335,2026-08-30T18:23:28,HIGH_VALUE,RV-05
ALT-202608-001072,APP-202608-003802,R0129,2026-08-02T12:26:57,IDENTITY,RV-06
ALT-202608-001073,APP-202608-034586,R0335,2026-08-24T16:01:47,TRANSACTION_MONITORING,RV-02
ALT-202608-001074,APP-202608-019915,R0281,2026-08-10T12:14:06,DOCUMENT,RV-05
ALT-202608-001075,APP-202608-043969,R0335,2026-08-16T12:54:49,HIGH_VALUE,RV-05
ALT-202608-001076,APP-202608-056091,R0129,2026-08-29T12:07:30,IDENTITY,RV-06
ALT-202608-001077,APP-202608-067525,R0250,2026-08-30T13:39:39,TRANSACTION_MONITORING,RV-03
ALT-202608-001078,APP-202608-063123,R0130,2026-08-29T07:50:08,DOCUMENT,RV-01
ALT-202608-001079,APP-202608-052913,R0045,2026-08-29T15:18:54,HIGH_VALUE,RV-02
ALT-202608-001080,APP-202608-056838,R0070,2026-08-29T22:10:17,IDENTITY,RV-02
ALT-202608-001081,APP-202608-015389,R0076,2026-08-18T22:05:15,TRANSACTION_MONITORING,RV-01
ALT-202608-001082,APP-202608-014023,R0129,2026-08-29T12:41:08,DOCUMENT,RV-02
ALT-202608-001083,APP-202608-044113,R0302,2026-08-23T09:19:39,HIGH_VALUE,RV-01
ALT-202608-001084,APP-202608-073974,R0115,2026-08-27T09:59:14,IDENTITY,RV-04
ALT-202608-001085,APP-202608-052008,R0076,2026-08-28T19:21:55,TRANSACTION_MONITORING,RV-05
ALT-202608-001086,APP-202608-012014,R0322,2026-08-31T16:17:58,DOCUMENT,RV-05
ALT-202608-001087,APP-202608-046023,R0261,2026-08-20T10:46:09,HIGH_VALUE,RV-05
ALT-202608-001088,APP-202608-061924,R0109,2026-08-19T12:52:47,IDENTITY,RV-04
ALT-202608-001089,APP-202608-015116,R0322,2026-08-13T20:19:45,TRANSACTION_MONITORING,RV-03
ALT-202608-001090,APP-202608-045983,R0250,2026-08-22T13:13:43,DOCUMENT,RV-04
ALT-202608-001091,APP-202608-032604,R0079,2026-08-22T15:42:43,HIGH_VALUE,RV-03
ALT-202608-001092,APP-202608-033012,R0142,2026-08-20T18:53:09,IDENTITY,RV-04
ALT-202608-001093,APP-202608-004621,R0071,2026-08-21T14:43:58,TRANSACTION_MONITORING,RV-02
ALT-202608-001094,APP-202608-022980,R0261,2026-08-04T11:11:35,DOCUMENT,RV-04
ALT-202608-001095,APP-202608-051601,R0247,2026-08-04T20:29:23,HIGH_VALUE,RV-05
ALT-202608-001096,APP-202608-059094,R0036,2026-08-17T07:12:45,IDENTITY,RV-02
ALT-202608-001097,APP-202608-008802,R0261,2026-08-17T13:27:22,TRANSACTION_MONITORING,RV-04
ALT-202608-001098,APP-202608-049944,R0261,2026-08-31T19:01:15,DOCUMENT,RV-03
ALT-202608-001099,APP-202608-035186,R0129,2026-08-13T12:57:21,HIGH_VALUE,RV-01
ALT-202608-001100,APP-202608-067395,R0129,2026-08-30T10:36:41,IDENTITY,RV-06
ALT-202608-001101,APP-202608-063834,R0001,2026-08-19T15:10:23,TRANSACTION_MONITORING,RV-02
ALT-202608-001102,APP-202608-041364,R0129,2026-08-04T10:20:50,DOCUMENT,RV-05
ALT-202608-001103,APP-202608-011405,R0313,2026-08-03T06:19:55,HIGH_VALUE,RV-05
ALT-202608-001104,APP-202608-048777,R0322,2026-08-20T14:46:08,IDENTITY,RV-06
ALT-202608-001105,APP-202608-003686,R0335,2026-08-18T15:24:18,TRANSACTION_MONITORING,RV-03
ALT-202608-001106,APP-202608-059578,R0217,2026-08-21T19:04:36,DOCUMENT,RV-05
ALT-202608-001107,APP-202608-021753,R0247,2026-08-29T06:10:02,HIGH_VALUE,RV-02
ALT-202608-001108,APP-202608-038003,R0261,2026-08-14T14:57:11,IDENTITY,RV-02
ALT-202608-001109,APP-202608-056986,R0129,2026-08-16T19:41:58,TRANSACTION_MONITORING,RV-06
ALT-202608-001110,APP-202608-024974,R0247,2026-08-25T22:41:55,DOCUMENT,RV-04
ALT-202608-001111,APP-202608-044389,R0076,2026-08-14T19:13:29,HIGH_VALUE,RV-02
ALT-202608-001112,APP-202608-033419,R0079,2026-08-19T17:37:29,IDENTITY,RV-06
ALT-202608-001113,APP-202608-036684,R0247,2026-08-26T12:20:55,TRANSACTION_MONITORING,RV-03
ALT-202608-001114,APP-202608-035613,R0129,2026-08-02T13:34:39,DOCUMENT,RV-02
ALT-202608-001115,APP-202608-016607,R0002,2026-08-05T15:22:45,HIGH_VALUE,RV-05
ALT-202608-001116,APP-202608-056133,R0313,2026-08-04T18:01:10,IDENTITY,RV-06
ALT-202608-001117,APP-202608-068062,R0322,2026-08-13T09:40:19,TRANSACTION_MONITORING,RV-01
ALT-202608-001118,APP-202608-005207,R0129,2026-08-01T10:59:06,DOCUMENT,RV-04
ALT-202608-001119,APP-202608-058911,R0130,2026-08-06T15:46:05,HIGH_VALUE,RV-05
ALT-202608-001120,APP-202608-026880,R0109,2026-08-23T20:18:49,IDENTITY,RV-01
ALT-202608-001121,APP-202608-047241,R0129,2026-08-21T06:01:03,TRANSACTION_MONITORING,RV-05
ALT-202608-001122,APP-202608-039557,R0079,2026-08-01T08:17:28,DOCUMENT,RV-02
ALT-202608-001123,APP-202608-052338,R0273,2026-08-19T15:25:01,HIGH_VALUE,RV-02
ALT-202608-001124,APP-202608-006867,R0158,2026-08-26T07:12:26,IDENTITY,RV-04
ALT-202608-001125,APP-202608-000063,R0281,2026-08-18T18:27:43,TRANSACTION_MONITORING,RV-06
ALT-202608-001126,APP-202608-066395,R0335,2026-08-08T07:35:49,DOCUMENT,RV-03
ALT-202608-001127,APP-202608-020430,R0129,2026-08-06T20:21:03,HIGH_VALUE,RV-03
ALT-202608-001128,APP-202608-023468,R0064,2026-08-24T10:04:54,IDENTITY,RV-01
ALT-202608-001129,APP-202608-032405,R0064,2026-08-22T16:53:48,TRANSACTION_MONITORING,RV-04
ALT-202608-001130,APP-202608-055988,R0071,2026-08-12T16:29:53,DOCUMENT,RV-05
ALT-202608-001131,APP-202608-011063,R0076,2026-08-22T06:04:30,HIGH_VALUE,RV-06
ALT-202608-001132,APP-202608-034466,R0109,2026-08-23T06:04:44,IDENTITY,RV-06
ALT-202608-001133,APP-202608-030661,R0335,2026-08-20T18:26:15,TRANSACTION_MONITORING,RV-01
ALT-202608-001134,APP-202608-001904,R0335,2026-08-20T13:19:27,DOCUMENT,RV-03
ALT-202608-001135,APP-202608-063043,R0115,2026-08-03T14:24:53,HIGH_VALUE,RV-03
ALT-202608-001136,APP-202608-065088,R0261,2026-08-15T22:39:47,IDENTITY,RV-04
ALT-202608-001137,APP-202608-025207,R0079,2026-08-22T11:08:43,TRANSACTION_MONITORING,RV-01
ALT-202608-001138,APP-202608-028511,R0129,2026-08-20T16:05:39,DOCUMENT,RV-03
ALT-202608-001139,APP-202608-060523,R0322,2026-08-24T14:04:18,HIGH_VALUE,RV-06
ALT-202608-001140,APP-202608-043259,R0130,2026-08-31T18:02:09,IDENTITY,RV-04
ALT-202608-001141,APP-202608-044505,R0335,2026-08-19T06:29:07,TRANSACTION_MONITORING,RV-06
ALT-202608-001142,APP-202608-053722,R0313,2026-08-15T09:45:12,DOCUMENT,RV-06
ALT-202608-001143,APP-202608-043964,R0045,2026-08-18T22:35:08,HIGH_VALUE,RV-01
ALT-202608-001144,APP-202608-062478,R0129,2026-08-24T22:35:20,IDENTITY,RV-02
ALT-202608-001145,APP-202608-023408,R0261,2026-08-23T07:56:50,TRANSACTION_MONITORING,RV-04
ALT-202608-001146,APP-202608-025942,R0252,2026-08-19T15:13:58,DOCUMENT,RV-01
ALT-202608-001147,APP-202608-058762,R0129,2026-08-30T07:59:42,HIGH_VALUE,RV-01
ALT-202608-001148,APP-202608-059202,R0158,2026-08-07T10:28:03,IDENTITY,RV-06
ALT-202608-001149,APP-202608-032698,R0079,2026-08-07T18:20:34,TRANSACTION_MONITORING,RV-02
ALT-202608-001150,APP-202608-045348,R0217,2026-08-08T12:05:24,DOCUMENT,RV-04
ALT-202608-001151,APP-202608-062478,R0247,2026-08-03T06:05:11,HIGH_VALUE,RV-03
ALT-202608-001152,APP-202608-052965,R0129,2026-08-20T22:41:14,IDENTITY,RV-05
ALT-202608-001153,APP-202608-012329,R0322,2026-08-18T08:24:25,TRANSACTION_MONITORING,RV-02
ALT-202608-001154,APP-202608-021550,R0045,2026-08-22T14:11:03,DOCUMENT,RV-02
ALT-202608-001155,APP-202608-010653,R0142,2026-08-21T09:36:19,HIGH_VALUE,RV-04
ALT-202608-001156,APP-202608-065495,R0109,2026-08-04T11:16:16,IDENTITY,RV-01
ALT-202608-001157,APP-202608-018550,R0252,2026-08-08T11:22:51,TRANSACTION_MONITORING,RV-05
ALT-202608-001158,APP-202608-034240,R0130,2026-08-29T12:18:19,DOCUMENT,RV-01
ALT-202608-001159,APP-202608-043583,R0081,2026-08-29T14:30:13,HIGH_VALUE,RV-01
ALT-202608-001160,APP-202608-064780,R0001,2026-08-03T18:46:36,IDENTITY,RV-06
ALT-202608-001161,APP-202608-050816,R0315,2026-08-23T13:55:06,TRANSACTION_MONITORING,RV-01
ALT-202608-001162,APP-202608-014327,R0081,2026-08-05T20:18:09,DOCUMENT,RV-02
ALT-202608-001163,APP-202608-025583,R0129,2026-08-21T08:34:12,HIGH_VALUE,RV-02
ALT-202608-001164,APP-202608-016170,R0129,2026-08-24T16:52:48,IDENTITY,RV-05
ALT-202608-001165,APP-202608-064052,R0076,2026-08-28T13:23:43,TRANSACTION_MONITORING,RV-05
ALT-202608-001166,APP-202608-032514,R0247,2026-08-06T16:34:52,DOCUMENT,RV-05
ALT-202608-001167,APP-202608-053078,R0002,2026-08-07T14:53:15,HIGH_VALUE,RV-02
ALT-202608-001168,APP-202608-049882,R0071,2026-08-15T09:32:37,IDENTITY,RV-06
ALT-202608-001169,APP-202608-026847,R0261,2026-08-07T10:15:47,TRANSACTION_MONITORING,RV-06
ALT-202608-001170,APP-202608-044673,R0081,2026-08-03T07:23:03,DOCUMENT,RV-04
ALT-202608-001171,APP-202608-023976,R0335,2026-08-28T08:57:44,HIGH_VALUE,RV-03
ALT-202608-001172,APP-202608-063135,R0079,2026-08-26T12:40:22,IDENTITY,RV-06
ALT-202608-001173,APP-202608-051216,R0273,2026-08-19T16:50:19,TRANSACTION_MONITORING,RV-04
ALT-202608-001174,APP-202608-034996,R0079,2026-08-23T15:56:42,DOCUMENT,RV-05
ALT-202608-001175,APP-202608-017882,R0217,2026-08-17T13:01:14,HIGH_VALUE,RV-05
ALT-202608-001176,APP-202608-023442,R0081,2026-08-26T13:41:36,IDENTITY,RV-01
ALT-202608-001177,APP-202608-070920,R0247,2026-08-13T15:36:39,TRANSACTION_MONITORING,RV-06
ALT-202608-001178,APP-202608-069383,R0036,2026-08-15T20:25:36,DOCUMENT,RV-04
ALT-202608-001179,APP-202608-057260,R0142,2026-08-22T14:29:10,HIGH_VALUE,RV-05
ALT-202608-001180,APP-202608-017678,R0250,2026-08-18T08:46:10,IDENTITY,RV-04
ALT-202608-001181,APP-202608-012667,R0079,2026-08-12T10:32:06,TRANSACTION_MONITORING,RV-06
ALT-202608-001182,APP-202608-047151,R0079,2026-08-17T13:22:35,DOCUMENT,RV-06
ALT-202608-001183,APP-202608-003822,R0247,2026-08-08T06:13:39,HIGH_VALUE,RV-03
ALT-202608-001184,APP-202608-008514,R0261,2026-08-27T18:51:08,IDENTITY,RV-02
ALT-202608-001185,APP-202608-067618,R0252,2026-08-10T06:28:22,TRANSACTION_MONITORING,RV-02
ALT-202608-001186,APP-202608-044708,R0079,2026-08-02T13:19:36,DOCUMENT,RV-05
ALT-202608-001187,APP-202608-012824,R0129,2026-08-28T17:33:18,HIGH_VALUE,RV-05
ALT-202608-001188,APP-202608-002781,R0158,2026-08-05T12:14:01,IDENTITY,RV-06
ALT-202608-001189,APP-202608-029826,R0071,2026-08-12T15:04:16,TRANSACTION_MONITORING,RV-01
ALT-202608-001190,APP-202608-035317,R0273,2026-08-26T10:19:27,DOCUMENT,RV-01
ALT-202608-001191,APP-202608-030804,R0250,2026-08-23T08:37:22,HIGH_VALUE,RV-01
ALT-202608-001192,APP-202608-060115,R0129,2026-08-13T11:21:51,IDENTITY,RV-05
ALT-202608-001193,APP-202608-046391,R0335,2026-08-09T06:23:53,TRANSACTION_MONITORING,RV-05
ALT-202608-001194,APP-202608-067302,R0322,2026-08-07T13:49:10,DOCUMENT,RV-04
ALT-202608-001195,APP-202608-037274,R0281,2026-08-05T09:01:59,HIGH_VALUE,RV-01
ALT-202608-001196,APP-202608-019093,R0130,2026-08-21T15:18:58,IDENTITY,RV-01
ALT-202608-001197,APP-202608-029556,R0130,2026-08-24T10:20:09,TRANSACTION_MONITORING,RV-05
ALT-202608-001198,APP-202608-067264,R0158,2026-08-02T18:31:37,DOCUMENT,RV-02
ALT-202608-001199,APP-202608-010050,R0322,2026-08-24T20:09:17,HIGH_VALUE,RV-01
ALT-202608-001200,APP-202608-063993,R0130,2026-08-28T08:31:59,IDENTITY,RV-01
ALT-202608-001201,APP-202608-035792,R0064,2026-08-07T22:38:30,TRANSACTION_MONITORING,RV-05
ALT-202608-001202,APP-202608-038230,R0261,2026-08-29T16:42:24,DOCUMENT,RV-02
ALT-202608-001203,APP-202608-054531,R0064,2026-08-30T07:53:21,HIGH_VALUE,RV-06
ALT-202608-001204,APP-202608-033389,R0261,2026-08-24T21:26:42,IDENTITY,RV-04
ALT-202608-001205,APP-202608-026556,R0045,2026-08-26T19:52:22,TRANSACTION_MONITORING,RV-02
ALT-202608-001206,APP-202608-062793,R0064,2026-08-29T06:04:02,DOCUMENT,RV-03
ALT-202608-001207,APP-202608-047457,R0247,2026-08-06T19:07:41,HIGH_VALUE,RV-03
ALT-202608-001208,APP-202608-050580,R0079,2026-08-17T16:53:14,IDENTITY,RV-06
ALT-202608-001209,APP-202608-052380,R0322,2026-08-30T10:34:35,TRANSACTION_MONITORING,RV-04
ALT-202608-001210,APP-202608-072332,R0261,2026-08-07T14:31:42,DOCUMENT,RV-04
ALT-202608-001211,APP-202608-002833,R0335,2026-08-21T15:23:05,HIGH_VALUE,RV-01
ALT-202608-001212,APP-202608-022753,R0315,2026-08-07T14:56:39,IDENTITY,RV-04
ALT-202608-001213,APP-202608-054169,R0076,2026-08-03T10:07:30,TRANSACTION_MONITORING,RV-05
ALT-202608-001214,APP-202608-021174,R0079,2026-08-09T06:18:37,DOCUMENT,RV-05
ALT-202608-001215,APP-202608-037366,R0129,2026-08-02T22:44:21,HIGH_VALUE,RV-05
ALT-202608-001216,APP-202608-019202,R0250,2026-08-10T21:55:20,IDENTITY,RV-02
ALT-202608-001217,APP-202608-047516,R0261,2026-08-30T06:00:34,TRANSACTION_MONITORING,RV-04
ALT-202608-001218,APP-202608-045291,R0129,2026-08-02T19:22:45,DOCUMENT,RV-04
ALT-202608-001219,APP-202608-007175,R0076,2026-08-20T06:58:50,HIGH_VALUE,RV-02
ALT-202608-001220,APP-202608-057177,R0261,2026-08-05T20:03:36,IDENTITY,RV-03
ALT-202608-001221,APP-202608-053721,R0081,2026-08-22T12:18:16,TRANSACTION_MONITORING,RV-05
ALT-202608-001222,APP-202608-010853,R0322,2026-08-06T15:30:58,DOCUMENT,RV-02
ALT-202608-001223,APP-202608-072323,R0217,2026-08-09T06:47:06,HIGH_VALUE,RV-03
ALT-202608-001224,APP-202608-039164,R0001,2026-08-30T09:42:39,IDENTITY,RV-03
ALT-202608-001225,APP-202608-040882,R0079,2026-08-07T15:16:42,TRANSACTION_MONITORING,RV-01
ALT-202608-001226,APP-202608-045862,R0002,2026-08-19T13:17:59,DOCUMENT,RV-03
ALT-202608-001227,APP-202608-070015,R0335,2026-08-04T09:12:32,HIGH_VALUE,RV-04
ALT-202608-001228,APP-202608-010236,R0261,2026-08-23T08:03:16,IDENTITY,RV-05
ALT-202608-001229,APP-202608-065177,R0045,2026-08-11T20:48:37,TRANSACTION_MONITORING,RV-04
ALT-202608-001230,APP-202608-010093,R0129,2026-08-04T12:29:26,DOCUMENT,RV-01
ALT-202608-001231,APP-202608-010907,R0002,2026-08-10T22:00:37,HIGH_VALUE,RV-03
ALT-202608-001232,APP-202608-004767,R0071,2026-08-10T14:48:44,IDENTITY,RV-04
ALT-202608-001233,APP-202608-027155,R0076,2026-08-02T15:46:34,TRANSACTION_MONITORING,RV-05
ALT-202608-001234,APP-202608-033442,R0129,2026-08-07T20:25:37,DOCUMENT,RV-01
ALT-202608-001235,APP-202608-059172,R0252,2026-08-03T22:01:18,HIGH_VALUE,RV-01
ALT-202608-001236,APP-202608-035642,R0158,2026-08-26T07:08:25,IDENTITY,RV-06
ALT-202608-001237,APP-202608-005639,R0252,2026-08-27T22:50:36,TRANSACTION_MONITORING,RV-01
ALT-202608-001238,APP-202608-009019,R0002,2026-08-18T10:30:05,DOCUMENT,RV-03
ALT-202608-001239,APP-202608-048316,R0109,2026-08-07T16:52:40,HIGH_VALUE,RV-03
ALT-202608-001240,APP-202608-049570,R0261,2026-08-30T12:29:36,IDENTITY,RV-02
ALT-202608-001241,APP-202608-015965,R0129,2026-08-18T14:26:36,TRANSACTION_MONITORING,RV-01
ALT-202608-001242,APP-202608-029335,R0070,2026-08-21T11:02:16,DOCUMENT,RV-01
ALT-202608-001243,APP-202608-019674,R0081,2026-08-03T20:53:41,HIGH_VALUE,RV-05
ALT-202608-001244,APP-202608-058829,R0261,2026-08-09T15:02:58,IDENTITY,RV-05
ALT-202608-001245,APP-202608-048608,R0142,2026-08-25T19:28:49,TRANSACTION_MONITORING,RV-03
ALT-202608-001246,APP-202608-026737,R0217,2026-08-28T09:07:12,DOCUMENT,RV-05
ALT-202608-001247,APP-202608-049791,R0115,2026-08-21T10:10:18,HIGH_VALUE,RV-01
ALT-202608-001248,APP-202608-005184,R0261,2026-08-11T16:34:34,IDENTITY,RV-06
ALT-202608-001249,APP-202608-045107,R0250,2026-08-26T07:26:46,TRANSACTION_MONITORING,RV-05
ALT-202608-001250,APP-202608-008821,R0076,2026-08-31T22:06:59,DOCUMENT,RV-01
ALT-202608-001251,APP-202608-058184,R0129,2026-08-21T19:58:20,HIGH_VALUE,RV-01
ALT-202608-001252,APP-202608-016083,R0322,2026-08-29T12:13:57,IDENTITY,RV-01
ALT-202608-001253,APP-202608-004591,R0071,2026-08-24T07:31:12,TRANSACTION_MONITORING,RV-03
ALT-202608-001254,APP-202608-005546,R0322,2026-08-11T22:26:38,DOCUMENT,RV-03
ALT-202608-001255,APP-202608-037347,R0079,2026-08-27T18:53:37,HIGH_VALUE,RV-05
ALT-202608-001256,APP-202608-064265,R0081,2026-08-10T12:11:29,IDENTITY,RV-04
ALT-202608-001257,APP-202608-009553,R0076,2026-08-02T14:31:27,TRANSACTION_MONITORING,RV-03
ALT-202608-001258,APP-202608-054816,R0115,2026-08-13T18:19:16,DOCUMENT,RV-04
ALT-202608-001259,APP-202608-060995,R0129,2026-08-19T06:07:42,HIGH_VALUE,RV-02
ALT-202608-001260,APP-202608-034925,R0261,2026-08-31T12:43:35,IDENTITY,RV-05
ALT-202608-001261,APP-202608-069721,R0071,2026-08-06T19:05:07,TRANSACTION_MONITORING,RV-04
ALT-202608-001262,APP-202608-074441,R0313,2026-08-20T06:12:52,DOCUMENT,RV-01
ALT-202608-001263,APP-202608-049978,R0281,2026-08-07T06:59:26,HIGH_VALUE,RV-05
ALT-202608-001264,APP-202608-074495,R0313,2026-08-30T21:41:46,IDENTITY,RV-05
ALT-202608-001265,APP-202608-073588,R0130,2026-08-22T15:06:15,TRANSACTION_MONITORING,RV-02
ALT-202608-001266,APP-202608-008023,R0158,2026-08-15T08:42:10,DOCUMENT,RV-06
ALT-202608-001267,APP-202608-056675,R0129,2026-08-28T14:13:59,HIGH_VALUE,RV-01
ALT-202608-001268,APP-202608-064044,R0335,2026-08-04T13:20:16,IDENTITY,RV-04
ALT-202608-001269,APP-202608-008221,R0081,2026-08-22T20:42:21,TRANSACTION_MONITORING,RV-06
ALT-202608-001270,APP-202608-039740,R0129,2026-08-18T16:10:14,DOCUMENT,RV-02
ALT-202608-001271,APP-202608-069112,R0261,2026-08-04T18:10:31,HIGH_VALUE,RV-06
ALT-202608-001272,APP-202608-036085,R0038,2026-08-20T17:05:54,IDENTITY,RV-04
ALT-202608-001273,APP-202608-029706,R0129,2026-08-13T09:36:44,TRANSACTION_MONITORING,RV-02
ALT-202608-001274,APP-202608-038069,R0079,2026-08-09T20:42:28,DOCUMENT,RV-06
ALT-202608-001275,APP-202608-041264,R0261,2026-08-13T22:04:16,HIGH_VALUE,RV-05
ALT-202608-001276,APP-202608-058035,R0158,2026-08-08T22:07:07,IDENTITY,RV-04
ALT-202608-001277,APP-202608-002082,R0129,2026-08-20T19:22:10,TRANSACTION_MONITORING,RV-05
ALT-202608-001278,APP-202608-010877,R0313,2026-08-08T21:17:47,DOCUMENT,RV-06
ALT-202608-001279,APP-202608-046002,R0302,2026-08-14T09:03:42,HIGH_VALUE,RV-06
ALT-202608-001280,APP-202608-049656,R0002,2026-08-22T08:14:08,IDENTITY,RV-05
ALT-202608-001281,APP-202608-032585,R0313,2026-08-19T11:59:37,TRANSACTION_MONITORING,RV-02
ALT-202608-001282,APP-202608-071210,R0109,2026-08-23T14:15:58,DOCUMENT,RV-02
ALT-202608-001283,APP-202608-056502,R0129,2026-08-23T21:57:42,HIGH_VALUE,RV-05
ALT-202608-001284,APP-202608-048753,R0313,2026-08-29T20:34:16,IDENTITY,RV-02
ALT-202608-001285,APP-202608-064144,R0261,2026-08-19T07:59:26,TRANSACTION_MONITORING,RV-02
ALT-202608-001286,APP-202608-037852,R0109,2026-08-22T19:45:14,DOCUMENT,RV-06
ALT-202608-001287,APP-202608-036543,R0322,2026-08-21T08:00:39,HIGH_VALUE,RV-02
ALT-202608-001288,APP-202608-040082,R0322,2026-08-27T21:52:30,IDENTITY,RV-04
ALT-202608-001289,APP-202608-057490,R0064,2026-08-29T08:27:56,TRANSACTION_MONITORING,RV-04
ALT-202608-001290,APP-202608-025849,R0247,2026-08-23T06:08:14,DOCUMENT,RV-06
ALT-202608-001291,APP-202608-014504,R0002,2026-08-25T17:16:43,HIGH_VALUE,RV-02
ALT-202608-001292,APP-202608-013100,R0217,2026-08-08T17:07:30,IDENTITY,RV-06
ALT-202608-001293,APP-202608-070284,R0045,2026-08-17T09:53:12,TRANSACTION_MONITORING,RV-02
ALT-202608-001294,APP-202608-017659,R0158,2026-08-10T20:32:23,DOCUMENT,RV-01
ALT-202608-001295,APP-202608-026261,R0079,2026-08-28T18:22:22,HIGH_VALUE,RV-03
ALT-202608-001296,APP-202608-049225,R0335,2026-08-30T22:36:41,IDENTITY,RV-04
ALT-202608-001297,APP-202608-005615,R0247,2026-08-08T18:18:03,TRANSACTION_MONITORING,RV-06
ALT-202608-001298,APP-202608-063248,R0045,2026-08-22T18:40:44,DOCUMENT,RV-04
ALT-202608-001299,APP-202608-040124,R0129,2026-08-02T12:52:32,HIGH_VALUE,RV-05
ALT-202608-001300,APP-202608-003029,R0247,2026-08-16T11:00:06,IDENTITY,RV-06
ALT-202608-001301,APP-202608-022647,R0158,2026-08-14T18:05:10,TRANSACTION_MONITORING,RV-04
ALT-202608-001302,APP-202608-027716,R0313,2026-08-31T15:37:30,DOCUMENT,RV-05
ALT-202608-001303,APP-202608-006099,R0247,2026-08-02T09:12:45,HIGH_VALUE,RV-04
ALT-202608-001304,APP-202608-001270,R0064,2026-08-28T12:15:29,IDENTITY,RV-06
ALT-202608-001305,APP-202608-036828,R0142,2026-08-22T10:13:58,TRANSACTION_MONITORING,RV-04
ALT-202608-001306,APP-202608-041222,R0322,2026-08-20T07:22:43,DOCUMENT,RV-01
ALT-202608-001307,APP-202608-052890,R0335,2026-08-13T08:47:04,HIGH_VALUE,RV-01
ALT-202608-001308,APP-202608-001063,R0335,2026-08-22T13:49:13,IDENTITY,RV-03
ALT-202608-001309,APP-202608-034032,R0335,2026-08-07T12:10:02,TRANSACTION_MONITORING,RV-01
ALT-202608-001310,APP-202608-020915,R0001,2026-08-01T17:13:18,DOCUMENT,RV-01
ALT-202608-001311,APP-202608-023169,R0079,2026-08-12T09:31:42,HIGH_VALUE,RV-06
ALT-202608-001312,APP-202608-051367,R0261,2026-08-25T16:51:45,IDENTITY,RV-01
ALT-202608-001313,APP-202608-024851,R0335,2026-08-01T11:02:16,TRANSACTION_MONITORING,RV-05
ALT-202608-001314,APP-202608-064921,R0129,2026-08-26T09:11:40,DOCUMENT,RV-04
ALT-202608-001315,APP-202608-000497,R0079,2026-08-27T15:20:16,HIGH_VALUE,RV-05
ALT-202608-001316,APP-202608-064138,R0335,2026-08-18T10:37:48,IDENTITY,RV-01
ALT-202608-001317,APP-202608-018660,R0129,2026-08-01T07:57:55,TRANSACTION_MONITORING,RV-02
ALT-202608-001318,APP-202608-064142,R0130,2026-08-23T15:49:37,DOCUMENT,RV-05
ALT-202608-001319,APP-202608-062829,R0129,2026-08-07T21:41:24,HIGH_VALUE,RV-05
ALT-202608-001320,APP-202608-061590,R0252,2026-08-18T09:56:42,IDENTITY,RV-03
ALT-202608-001321,APP-202608-023444,R0109,2026-08-28T10:33:37,TRANSACTION_MONITORING,RV-01
ALT-202608-001322,APP-202608-063966,R0335,2026-08-17T09:56:09,DOCUMENT,RV-04
ALT-202608-001323,APP-202608-012225,R0142,2026-08-29T07:15:42,HIGH_VALUE,RV-03
ALT-202608-001324,APP-202608-036802,R0064,2026-08-04T12:18:56,IDENTITY,RV-02
ALT-202608-001325,APP-202608-070005,R0036,2026-08-12T13:14:17,TRANSACTION_MONITORING,RV-03
ALT-202608-001326,APP-202608-024534,R0261,2026-08-16T11:42:55,DOCUMENT,RV-06
ALT-202608-001327,APP-202608-047687,R0261,2026-08-20T15:59:37,HIGH_VALUE,RV-02
ALT-202608-001328,APP-202608-018349,R0002,2026-08-25T18:18:43,IDENTITY,RV-04
ALT-202608-001329,APP-202608-054449,R0109,2026-08-14T21:13:16,TRANSACTION_MONITORING,RV-02
ALT-202608-001330,APP-202608-044112,R0001,2026-08-04T20:43:10,DOCUMENT,RV-02
ALT-202608-001331,APP-202608-015171,R0335,2026-08-06T11:12:05,HIGH_VALUE,RV-01
ALT-202608-001332,APP-202608-011393,R0250,2026-08-13T10:58:39,IDENTITY,RV-02
ALT-202608-001333,APP-202608-047952,R0079,2026-08-16T11:09:43,TRANSACTION_MONITORING,RV-06
ALT-202608-001334,APP-202608-039223,R0129,2026-08-30T08:43:05,DOCUMENT,RV-06
ALT-202608-001335,APP-202608-071543,R0076,2026-08-03T18:38:34,HIGH_VALUE,RV-03
ALT-202608-001336,APP-202608-024958,R0322,2026-08-02T12:26:40,IDENTITY,RV-04
ALT-202608-001337,APP-202608-038365,R0322,2026-08-27T18:11:03,TRANSACTION_MONITORING,RV-02
ALT-202608-001338,APP-202608-067596,R0250,2026-08-11T06:54:25,DOCUMENT,RV-04
ALT-202608-001339,APP-202608-027516,R0002,2026-08-31T10:33:30,HIGH_VALUE,RV-03
ALT-202608-001340,APP-202608-046128,R0081,2026-08-10T15:12:48,IDENTITY,RV-02
ALT-202608-001341,APP-202608-006756,R0252,2026-08-26T20:24:11,TRANSACTION_MONITORING,RV-04
ALT-202608-001342,APP-202608-005823,R0081,2026-08-02T10:12:30,DOCUMENT,RV-01
ALT-202608-001343,APP-202608-030794,R0142,2026-08-22T19:17:52,HIGH_VALUE,RV-04
ALT-202608-001344,APP-202608-026397,R0302,2026-08-05T21:40:54,IDENTITY,RV-02
ALT-202608-001345,APP-202608-070629,R0129,2026-08-13T18:42:19,TRANSACTION_MONITORING,RV-05
ALT-202608-001346,APP-202608-024365,R0335,2026-08-21T11:11:35,DOCUMENT,RV-05
ALT-202608-001347,APP-202608-051790,R0071,2026-08-01T11:28:39,HIGH_VALUE,RV-03
ALT-202608-001348,APP-202608-070879,R0315,2026-08-31T19:30:34,IDENTITY,RV-01
ALT-202608-001349,APP-202608-023133,R0081,2026-08-31T20:58:31,TRANSACTION_MONITORING,RV-06
ALT-202608-001350,APP-202608-010892,R0217,2026-08-04T18:19:08,DOCUMENT,RV-05
ALT-202608-001351,APP-202608-033296,R0129,2026-08-30T09:14:41,HIGH_VALUE,RV-06
ALT-202608-001352,APP-202608-069599,R0273,2026-08-02T13:07:09,IDENTITY,RV-05
ALT-202608-001353,APP-202608-033131,R0115,2026-08-06T06:45:17,TRANSACTION_MONITORING,RV-06
ALT-202608-001354,APP-202608-042259,R0252,2026-08-24T18:28:24,DOCUMENT,RV-04
ALT-202608-001355,APP-202608-041890,R0252,2026-08-25T16:23:17,HIGH_VALUE,RV-02
ALT-202608-001356,APP-202608-020440,R0129,2026-08-30T15:41:21,IDENTITY,RV-01
ALT-202608-001357,APP-202608-037749,R0129,2026-08-26T10:06:16,TRANSACTION_MONITORING,RV-02
ALT-202608-001358,APP-202608-030391,R0129,2026-08-13T22:03:24,DOCUMENT,RV-03
ALT-202608-001359,APP-202608-001820,R0071,2026-08-08T09:01:43,HIGH_VALUE,RV-02
ALT-202608-001360,APP-202608-046108,R0064,2026-08-30T08:12:58,IDENTITY,RV-06
ALT-202608-001361,APP-202608-059729,R0217,2026-08-29T21:09:45,TRANSACTION_MONITORING,RV-02
ALT-202608-001362,APP-202608-060458,R0079,2026-08-26T18:06:59,DOCUMENT,RV-06
ALT-202608-001363,APP-202608-065816,R0129,2026-08-27T19:46:43,HIGH_VALUE,RV-04
ALT-202608-001364,APP-202608-070351,R0302,2026-08-01T09:16:29,IDENTITY,RV-04
ALT-202608-001365,APP-202608-029817,R0158,2026-08-29T20:05:46,TRANSACTION_MONITORING,RV-03
ALT-202608-001366,APP-202608-065420,R0250,2026-08-31T20:50:58,DOCUMENT,RV-03
ALT-202608-001367,APP-202608-044872,R0071,2026-08-22T15:27:39,HIGH_VALUE,RV-01
ALT-202608-001368,APP-202608-036697,R0081,2026-08-22T11:43:29,IDENTITY,RV-06
ALT-202608-001369,APP-202608-007605,R0002,2026-08-22T08:46:16,TRANSACTION_MONITORING,RV-04
ALT-202608-001370,APP-202608-000093,R0322,2026-08-25T21:52:43,DOCUMENT,RV-06
ALT-202608-001371,APP-202608-035081,R0142,2026-08-02T18:18:02,HIGH_VALUE,RV-04
ALT-202608-001372,APP-202608-070922,R0045,2026-08-03T07:03:33,IDENTITY,RV-05
ALT-202608-001373,APP-202608-009334,R0261,2026-08-28T09:49:10,TRANSACTION_MONITORING,RV-03
ALT-202608-001374,APP-202608-016147,R0129,2026-08-03T06:06:32,DOCUMENT,RV-01
ALT-202608-001375,APP-202608-064995,R0322,2026-08-27T14:51:07,HIGH_VALUE,RV-04
ALT-202608-001376,APP-202608-063319,R0313,2026-08-12T06:54:25,IDENTITY,RV-05
ALT-202608-001377,APP-202608-033814,R0247,2026-08-25T14:37:13,TRANSACTION_MONITORING,RV-02
ALT-202608-001378,APP-202608-014643,R0109,2026-08-23T06:47:38,DOCUMENT,RV-01
ALT-202608-001379,APP-202608-034064,R0129,2026-08-04T15:37:00,HIGH_VALUE,RV-05
ALT-202608-001380,APP-202608-034092,R0129,2026-08-05T20:43:40,IDENTITY,RV-03
ALT-202608-001381,APP-202608-021933,R0079,2026-08-21T21:13:56,TRANSACTION_MONITORING,RV-01
ALT-202608-001382,APP-202608-030180,R0081,2026-08-01T19:59:44,DOCUMENT,RV-03
ALT-202608-001383,APP-202608-041344,R0064,2026-08-03T17:40:59,HIGH_VALUE,RV-04
ALT-202608-001384,APP-202608-052490,R0250,2026-08-04T18:19:05,IDENTITY,RV-04
ALT-202608-001385,APP-202608-003477,R0070,2026-08-25T08:46:44,TRANSACTION_MONITORING,RV-04
ALT-202608-001386,APP-202608-058424,R0064,2026-08-19T22:14:12,DOCUMENT,RV-01
ALT-202608-001387,APP-202608-023481,R0315,2026-08-30T21:13:32,HIGH_VALUE,RV-02
ALT-202608-001388,APP-202608-010127,R0335,2026-08-09T22:50:57,IDENTITY,RV-01
ALT-202608-001389,APP-202608-006850,R0129,2026-08-09T15:40:23,TRANSACTION_MONITORING,RV-04
ALT-202608-001390,APP-202608-069959,R0247,2026-08-13T07:03:51,DOCUMENT,RV-02
ALT-202608-001391,APP-202608-040103,R0247,2026-08-01T19:18:16,HIGH_VALUE,RV-04
ALT-202608-001392,APP-202608-013398,R0129,2026-08-20T18:29:51,IDENTITY,RV-06
ALT-202608-001393,APP-202608-067268,R0322,2026-08-08T10:16:06,TRANSACTION_MONITORING,RV-01
ALT-202608-001394,APP-202608-000232,R0335,2026-08-30T12:26:58,DOCUMENT,RV-05
ALT-202608-001395,APP-202608-065840,R0142,2026-08-13T20:50:48,HIGH_VALUE,RV-03
ALT-202608-001396,APP-202608-062801,R0001,2026-08-20T06:02:15,IDENTITY,RV-05
ALT-202608-001397,APP-202608-015306,R0335,2026-08-29T07:51:12,TRANSACTION_MONITORING,RV-04
ALT-202608-001398,APP-202608-002766,R0129,2026-08-30T19:28:21,DOCUMENT,RV-06
ALT-202608-001399,APP-202608-005578,R0281,2026-08-15T20:08:57,HIGH_VALUE,RV-04
ALT-202608-001400,APP-202608-044292,R0217,2026-08-08T14:33:03,IDENTITY,RV-03
ALT-202608-001401,APP-202608-042383,R0079,2026-08-22T16:03:30,TRANSACTION_MONITORING,RV-04
ALT-202608-001402,APP-202608-014171,R0247,2026-08-23T10:18:27,DOCUMENT,RV-02
ALT-202608-001403,APP-202608-035745,R0261,2026-08-04T12:51:49,HIGH_VALUE,RV-03
ALT-202608-001404,APP-202608-070887,R0335,2026-08-29T10:03:24,IDENTITY,RV-03
ALT-202608-001405,APP-202608-018066,R0129,2026-08-22T07:59:22,TRANSACTION_MONITORING,RV-05
ALT-202608-001406,APP-202608-043132,R0002,2026-08-23T10:54:27,DOCUMENT,RV-02
ALT-202608-001407,APP-202608-000154,R0129,2026-08-14T07:22:52,HIGH_VALUE,RV-05
ALT-202608-001408,APP-202608-058182,R0070,2026-08-01T20:40:27,IDENTITY,RV-05
ALT-202608-001409,APP-202608-052622,R0252,2026-08-02T22:54:43,TRANSACTION_MONITORING,RV-02
ALT-202608-001410,APP-202608-014744,R0129,2026-08-19T12:05:17,DOCUMENT,RV-05
ALT-202608-001411,APP-202608-002459,R0071,2026-08-29T20:48:13,HIGH_VALUE,RV-04
ALT-202608-001412,APP-202608-019215,R0273,2026-08-12T09:05:06,IDENTITY,RV-03
ALT-202608-001413,APP-202608-073863,R0001,2026-08-29T16:54:51,TRANSACTION_MONITORING,RV-02
ALT-202608-001414,APP-202608-052112,R0261,2026-08-05T11:27:05,DOCUMENT,RV-02
ALT-202608-001415,APP-202608-041466,R0261,2026-08-08T19:35:31,HIGH_VALUE,RV-04
ALT-202608-001416,APP-202608-064822,R0261,2026-08-12T22:31:48,IDENTITY,RV-01
ALT-202608-001417,APP-202608-006844,R0129,2026-08-10T09:49:14,TRANSACTION_MONITORING,RV-05
ALT-202608-001418,APP-202608-064010,R0261,2026-08-26T14:46:10,DOCUMENT,RV-03
ALT-202608-001419,APP-202608-071118,R0079,2026-08-07T08:52:26,HIGH_VALUE,RV-05
ALT-202608-001420,APP-202608-024665,R0247,2026-08-10T22:26:18,IDENTITY,RV-05
ALT-202608-001421,APP-202608-052216,R0129,2026-08-28T10:04:47,TRANSACTION_MONITORING,RV-05
ALT-202608-001422,APP-202608-040032,R0217,2026-08-10T19:34:44,DOCUMENT,RV-01
ALT-202608-001423,APP-202608-001520,R0247,2026-08-15T06:51:27,HIGH_VALUE,RV-01
ALT-202608-001424,APP-202608-045124,R0002,2026-08-10T18:25:45,IDENTITY,RV-03
ALT-202608-001425,APP-202608-013918,R0250,2026-08-02T17:12:29,TRANSACTION_MONITORING,RV-04
ALT-202608-001426,APP-202608-052788,R0081,2026-08-07T19:52:26,DOCUMENT,RV-01
ALT-202608-001427,APP-202608-055233,R0158,2026-08-12T19:23:17,HIGH_VALUE,RV-02
ALT-202608-001428,APP-202608-043440,R0335,2026-08-25T06:10:18,IDENTITY,RV-06
ALT-202608-001429,APP-202608-001656,R0142,2026-08-10T10:09:48,TRANSACTION_MONITORING,RV-05
ALT-202608-001430,APP-202608-023256,R0315,2026-08-17T15:34:38,DOCUMENT,RV-06
ALT-202608-001431,APP-202608-018009,R0071,2026-08-01T22:33:47,HIGH_VALUE,RV-05
ALT-202608-001432,APP-202608-020381,R0250,2026-08-09T17:42:22,IDENTITY,RV-02
ALT-202608-001433,APP-202608-068216,R0250,2026-08-11T17:27:45,TRANSACTION_MONITORING,RV-03
ALT-202608-001434,APP-202608-052513,R0261,2026-08-24T10:26:57,DOCUMENT,RV-04
ALT-202608-001435,APP-202608-050990,R0217,2026-08-28T09:53:42,HIGH_VALUE,RV-04
ALT-202608-001436,APP-202608-067957,R0335,2026-08-30T08:57:28,IDENTITY,RV-06
ALT-202608-001437,APP-202608-052750,R0109,2026-08-17T06:29:42,TRANSACTION_MONITORING,RV-06
ALT-202608-001438,APP-202608-050214,R0281,2026-08-25T06:39:47,DOCUMENT,RV-02
ALT-202608-001439,APP-202608-038926,R0071,2026-08-29T14:49:40,HIGH_VALUE,RV-06
ALT-202608-001440,APP-202608-074692,R0247,2026-08-06T07:30:11,IDENTITY,RV-03
ALT-202608-001441,APP-202608-020873,R0079,2026-08-03T07:30:06,TRANSACTION_MONITORING,RV-06
ALT-202608-001442,APP-202608-063453,R0002,2026-08-11T11:53:06,DOCUMENT,RV-02
ALT-202608-001443,APP-202608-044734,R0115,2026-08-29T21:01:20,HIGH_VALUE,RV-01
ALT-202608-001444,APP-202608-070142,R0129,2026-08-16T19:07:38,IDENTITY,RV-04
ALT-202608-001445,APP-202608-044281,R0079,2026-08-26T16:03:21,TRANSACTION_MONITORING,RV-02
ALT-202608-001446,APP-202608-062222,R0315,2026-08-03T18:53:00,DOCUMENT,RV-02
ALT-202608-001447,APP-202608-027141,R0335,2026-08-10T08:30:20,HIGH_VALUE,RV-02
ALT-202608-001448,APP-202608-010010,R0250,2026-08-21T09:47:02,IDENTITY,RV-03
ALT-202608-001449,APP-202608-036372,R0079,2026-08-11T21:21:27,TRANSACTION_MONITORING,RV-03
ALT-202608-001450,APP-202608-052840,R0076,2026-08-22T22:44:58,DOCUMENT,RV-05
ALT-202608-001451,APP-202608-035797,R0129,2026-08-08T10:34:13,HIGH_VALUE,RV-01
ALT-202608-001452,APP-202608-072398,R0129,2026-08-29T07:35:03,IDENTITY,RV-01
ALT-202608-001453,APP-202608-058239,R0064,2026-08-11T14:57:01,TRANSACTION_MONITORING,RV-03
ALT-202608-001454,APP-202608-005290,R0129,2026-08-20T16:04:01,DOCUMENT,RV-01
ALT-202608-001455,APP-202608-038483,R0071,2026-08-02T20:14:21,HIGH_VALUE,RV-05
ALT-202608-001456,APP-202608-049992,R0076,2026-08-15T08:28:25,IDENTITY,RV-01
ALT-202608-001457,APP-202608-029377,R0158,2026-08-08T22:21:41,TRANSACTION_MONITORING,RV-03
ALT-202608-001458,APP-202608-032327,R0079,2026-08-24T20:24:03,DOCUMENT,RV-06
ALT-202608-001459,APP-202608-040101,R0335,2026-08-21T17:11:59,HIGH_VALUE,RV-01
ALT-202608-001460,APP-202608-020140,R0079,2026-08-20T20:35:07,IDENTITY,RV-04
ALT-202608-001461,APP-202608-009025,R0130,2026-08-21T13:44:57,TRANSACTION_MONITORING,RV-04
ALT-202608-001462,APP-202608-026088,R0217,2026-08-05T17:18:38,DOCUMENT,RV-01
ALT-202608-001463,APP-202608-065643,R0315,2026-08-07T11:48:19,HIGH_VALUE,RV-04
ALT-202608-001464,APP-202608-014265,R0250,2026-08-31T13:47:43,IDENTITY,RV-05
ALT-202608-001465,APP-202608-029032,R0079,2026-08-17T07:10:52,TRANSACTION_MONITORING,RV-06
ALT-202608-001466,APP-202608-005631,R0079,2026-08-15T22:22:21,DOCUMENT,RV-02
ALT-202608-001467,APP-202608-064081,R0313,2026-08-26T17:45:15,HIGH_VALUE,RV-06
ALT-202608-001468,APP-202608-018976,R0250,2026-08-02T21:34:22,IDENTITY,RV-06
ALT-202608-001469,APP-202608-038649,R0129,2026-08-21T11:24:07,TRANSACTION_MONITORING,RV-06
ALT-202608-001470,APP-202608-008827,R0335,2026-08-17T11:19:39,DOCUMENT,RV-04
ALT-202608-001471,APP-202608-057682,R0273,2026-08-28T12:41:16,HIGH_VALUE,RV-05
ALT-202608-001472,APP-202608-021349,R0250,2026-08-03T14:41:26,IDENTITY,RV-02
ALT-202608-001473,APP-202608-026021,R0079,2026-08-11T16:27:08,TRANSACTION_MONITORING,RV-06
ALT-202608-001474,APP-202608-007380,R0130,2026-08-20T16:51:40,DOCUMENT,RV-06
ALT-202608-001475,APP-202608-035300,R0322,2026-08-16T08:44:08,HIGH_VALUE,RV-04
ALT-202608-001476,APP-202608-060773,R0129,2026-08-22T20:20:52,IDENTITY,RV-05
ALT-202608-001477,APP-202608-070395,R0261,2026-08-30T21:56:02,TRANSACTION_MONITORING,RV-06
ALT-202608-001478,APP-202608-061441,R0002,2026-08-21T07:12:28,DOCUMENT,RV-05
ALT-202608-001479,APP-202608-070192,R0335,2026-08-22T13:39:25,HIGH_VALUE,RV-01
ALT-202608-001480,APP-202608-048041,R0079,2026-08-27T13:44:58,IDENTITY,RV-05
ALT-202608-001481,APP-202608-014624,R0281,2026-08-12T14:01:17,TRANSACTION_MONITORING,RV-03
ALT-202608-001482,APP-202608-003293,R0250,2026-08-01T16:09:09,DOCUMENT,RV-04
ALT-202608-001483,APP-202608-049181,R0322,2026-08-24T19:50:14,HIGH_VALUE,RV-06
ALT-202608-001484,APP-202608-010852,R0002,2026-08-06T10:42:10,IDENTITY,RV-06
ALT-202608-001485,APP-202608-002212,R0081,2026-08-28T11:36:13,TRANSACTION_MONITORING,RV-04
ALT-202608-001486,APP-202608-018876,R0081,2026-08-07T14:08:10,DOCUMENT,RV-03
ALT-202608-001487,APP-202608-054430,R0129,2026-08-04T10:52:44,HIGH_VALUE,RV-05
ALT-202608-001488,APP-202608-014057,R0142,2026-08-28T15:48:08,IDENTITY,RV-04
ALT-202608-001489,APP-202608-042974,R0001,2026-08-28T11:50:23,TRANSACTION_MONITORING,RV-03
ALT-202608-001490,APP-202608-031375,R0002,2026-08-14T19:20:16,DOCUMENT,RV-02
ALT-202608-001491,APP-202608-064557,R0142,2026-08-27T14:18:48,HIGH_VALUE,RV-05
ALT-202608-001492,APP-202608-006529,R0261,2026-08-20T20:30:14,IDENTITY,RV-02
ALT-202608-001493,APP-202608-045355,R0129,2026-08-06T16:14:05,TRANSACTION_MONITORING,RV-04
ALT-202608-001494,APP-202608-025941,R0079,2026-08-27T07:24:43,DOCUMENT,RV-02
ALT-202608-001495,APP-202608-039542,R0129,2026-08-31T10:58:10,HIGH_VALUE,RV-04
ALT-202608-001496,APP-202608-044930,R0076,2026-08-16T17:55:05,IDENTITY,RV-01
ALT-202608-001497,APP-202608-023003,R0071,2026-08-02T22:59:29,TRANSACTION_MONITORING,RV-04
ALT-202608-001498,APP-202608-032152,R0079,2026-08-06T07:12:57,DOCUMENT,RV-04
ALT-202608-001499,APP-202608-015237,R0142,2026-08-22T06:55:22,HIGH_VALUE,RV-01
ALT-202608-001500,APP-202608-050848,R0261,2026-08-10T12:49:31,IDENTITY,RV-03
ALT-202608-001501,APP-202608-045122,R0129,2026-08-11T11:33:59,TRANSACTION_MONITORING,RV-01
ALT-202608-001502,APP-202608-059531,R0129,2026-08-31T10:47:29,DOCUMENT,RV-05
ALT-202608-001503,APP-202608-066050,R0001,2026-08-24T15:39:37,HIGH_VALUE,RV-06
ALT-202608-001504,APP-202608-037298,R0071,2026-08-14T22:11:59,IDENTITY,RV-02
ALT-202608-001505,APP-202608-036785,R0261,2026-08-07T16:38:50,TRANSACTION_MONITORING,RV-06
ALT-202608-001506,APP-202608-073221,R0079,2026-08-01T16:19:39,DOCUMENT,RV-03
ALT-202608-001507,APP-202608-051358,R0002,2026-08-07T09:53:16,HIGH_VALUE,RV-04
ALT-202608-001508,APP-202608-065442,R0261,2026-08-19T06:33:27,IDENTITY,RV-06
ALT-202608-001509,APP-202608-039953,R0081,2026-08-13T21:16:32,TRANSACTION_MONITORING,RV-03
ALT-202608-001510,APP-202608-029659,R0129,2026-08-04T12:11:44,DOCUMENT,RV-03
ALT-202608-001511,APP-202608-070750,R0335,2026-08-18T17:45:54,HIGH_VALUE,RV-04
ALT-202608-001512,APP-202608-053585,R0335,2026-08-17T09:39:27,IDENTITY,RV-02
ALT-202608-001513,APP-202608-061071,R0129,2026-08-31T09:34:12,TRANSACTION_MONITORING,RV-05
ALT-202608-001514,APP-202608-033383,R0002,2026-08-20T22:27:00,DOCUMENT,RV-04
ALT-202608-001515,APP-202608-071164,R0002,2026-08-17T22:47:37,HIGH_VALUE,RV-04
ALT-202608-001516,APP-202608-039179,R0261,2026-08-07T12:00:12,IDENTITY,RV-05
ALT-202608-001517,APP-202608-011787,R0071,2026-08-27T13:51:57,TRANSACTION_MONITORING,RV-01
ALT-202608-001518,APP-202608-013701,R0129,2026-08-11T20:54:38,DOCUMENT,RV-05
ALT-202608-001519,APP-202608-023099,R0130,2026-08-15T12:09:51,HIGH_VALUE,RV-03
ALT-202608-001520,APP-202608-030646,R0045,2026-08-13T09:48:49,IDENTITY,RV-06
ALT-202608-001521,APP-202608-036338,R0261,2026-08-07T21:05:31,TRANSACTION_MONITORING,RV-03
ALT-202608-001522,APP-202608-020854,R0142,2026-08-08T11:47:04,DOCUMENT,RV-01
ALT-202608-001523,APP-202608-013708,R0281,2026-08-14T20:48:15,HIGH_VALUE,RV-05
ALT-202608-001524,APP-202608-023728,R0079,2026-08-25T15:22:16,IDENTITY,RV-05
ALT-202608-001525,APP-202608-072753,R0335,2026-08-28T17:41:26,TRANSACTION_MONITORING,RV-03
ALT-202608-001526,APP-202608-031586,R0261,2026-08-20T19:33:24,DOCUMENT,RV-05
ALT-202608-001527,APP-202608-057812,R0129,2026-08-30T09:19:18,HIGH_VALUE,RV-04
ALT-202608-001528,APP-202608-029702,R0081,2026-08-17T17:50:13,IDENTITY,RV-02
ALT-202608-001529,APP-202608-073538,R0079,2026-08-23T06:00:25,TRANSACTION_MONITORING,RV-03
ALT-202608-001530,APP-202608-032356,R0079,2026-08-22T22:41:03,DOCUMENT,RV-05
ALT-202608-001531,APP-202608-014483,R0036,2026-08-05T17:46:56,HIGH_VALUE,RV-06
ALT-202608-001532,APP-202608-001063,R0071,2026-08-17T21:58:48,IDENTITY,RV-02
ALT-202608-001533,APP-202608-068412,R0335,2026-08-09T08:12:30,TRANSACTION_MONITORING,RV-06
ALT-202608-001534,APP-202608-023075,R0079,2026-08-10T13:18:49,DOCUMENT,RV-05
ALT-202608-001535,APP-202608-035717,R0313,2026-08-20T14:14:38,HIGH_VALUE,RV-02
ALT-202608-001536,APP-202608-037598,R0079,2026-08-20T12:50:10,IDENTITY,RV-01
ALT-202608-001537,APP-202608-003184,R0261,2026-08-06T17:37:28,TRANSACTION_MONITORING,RV-06
ALT-202608-001538,APP-202608-032759,R0064,2026-08-07T10:58:14,DOCUMENT,RV-01
ALT-202608-001539,APP-202608-058607,R0322,2026-08-22T06:02:46,HIGH_VALUE,RV-02
ALT-202608-001540,APP-202608-028245,R0142,2026-08-20T07:01:25,IDENTITY,RV-05
ALT-202608-001541,APP-202608-033692,R0261,2026-08-11T09:25:18,TRANSACTION_MONITORING,RV-05
ALT-202608-001542,APP-202608-028113,R0071,2026-08-02T16:43:32,DOCUMENT,RV-04
ALT-202608-001543,APP-202608-024242,R0079,2026-08-17T08:32:52,HIGH_VALUE,RV-06
ALT-202608-001544,APP-202608-035683,R0079,2026-08-09T07:48:50,IDENTITY,RV-02
ALT-202608-001545,APP-202608-070510,R0261,2026-08-29T17:14:01,TRANSACTION_MONITORING,RV-05
ALT-202608-001546,APP-202608-001050,R0322,2026-08-31T20:30:40,DOCUMENT,RV-06
ALT-202608-001547,APP-202608-059951,R0129,2026-08-24T14:41:26,HIGH_VALUE,RV-06
ALT-202608-001548,APP-202608-004465,R0070,2026-08-19T11:04:20,IDENTITY,RV-01
ALT-202608-001549,APP-202608-009151,R0079,2026-08-29T09:38:11,TRANSACTION_MONITORING,RV-05
ALT-202608-001550,APP-202608-017164,R0281,2026-08-13T18:45:18,DOCUMENT,RV-04
ALT-202608-001551,APP-202608-047242,R0079,2026-08-12T10:06:51,HIGH_VALUE,RV-01
ALT-202608-001552,APP-202608-009914,R0129,2026-08-29T11:52:49,IDENTITY,RV-06
ALT-202608-001553,APP-202608-054970,R0071,2026-08-30T22:05:37,TRANSACTION_MONITORING,RV-06
ALT-202608-001554,APP-202608-005609,R0071,2026-08-10T18:09:06,DOCUMENT,RV-05
ALT-202608-001555,APP-202608-039617,R0129,2026-08-06T06:34:12,HIGH_VALUE,RV-05
ALT-202608-001556,APP-202608-013921,R0261,2026-08-14T06:12:48,IDENTITY,RV-05
ALT-202608-001557,APP-202608-052622,R0002,2026-08-24T13:49:37,TRANSACTION_MONITORING,RV-06
ALT-202608-001558,APP-202608-058220,R0335,2026-08-03T10:45:15,DOCUMENT,RV-02
ALT-202608-001559,APP-202608-059367,R0335,2026-08-10T11:37:53,HIGH_VALUE,RV-01
ALT-202608-001560,APP-202608-059949,R0079,2026-08-26T15:54:30,IDENTITY,RV-05
ALT-202608-001561,APP-202608-053963,R0002,2026-08-15T18:21:21,TRANSACTION_MONITORING,RV-06
ALT-202608-001562,APP-202608-009112,R0064,2026-08-09T16:27:03,DOCUMENT,RV-05
ALT-202608-001563,APP-202608-056936,R0129,2026-08-30T17:57:16,HIGH_VALUE,RV-05
ALT-202608-001564,APP-202608-019058,R0335,2026-08-22T14:37:07,IDENTITY,RV-03
ALT-202608-001565,APP-202608-032777,R0261,2026-08-27T19:47:33,TRANSACTION_MONITORING,RV-01
ALT-202608-001566,APP-202608-037130,R0081,2026-08-31T20:33:42,DOCUMENT,RV-04
ALT-202608-001567,APP-202608-064219,R0313,2026-08-26T21:55:14,HIGH_VALUE,RV-03
ALT-202608-001568,APP-202608-056400,R0002,2026-08-22T16:15:34,IDENTITY,RV-04
ALT-202608-001569,APP-202608-064587,R0247,2026-08-09T09:06:18,TRANSACTION_MONITORING,RV-03
ALT-202608-001570,APP-202608-063596,R0261,2026-08-02T13:01:54,DOCUMENT,RV-05
ALT-202608-001571,APP-202608-015040,R0064,2026-08-31T15:58:47,HIGH_VALUE,RV-04
ALT-202608-001572,APP-202608-029564,R0335,2026-08-26T10:06:13,IDENTITY,RV-04
ALT-202608-001573,APP-202608-039142,R0002,2026-08-21T17:01:29,TRANSACTION_MONITORING,RV-06
ALT-202608-001574,APP-202608-045208,R0261,2026-08-02T18:35:50,DOCUMENT,RV-05
ALT-202608-001575,APP-202608-000014,R0335,2026-08-20T11:48:17,HIGH_VALUE,RV-03
ALT-202608-001576,APP-202608-034978,R0076,2026-08-24T15:27:59,IDENTITY,RV-02
ALT-202608-001577,APP-202608-059817,R0129,2026-08-26T16:51:24,TRANSACTION_MONITORING,RV-04
ALT-202608-001578,APP-202608-022151,R0129,2026-08-17T07:50:01,DOCUMENT,RV-04
ALT-202608-001579,APP-202608-001569,R0250,2026-08-15T11:23:58,HIGH_VALUE,RV-04
ALT-202608-001580,APP-202608-030781,R0129,2026-08-06T09:02:29,IDENTITY,RV-06
ALT-202608-001581,APP-202608-062108,R0129,2026-08-02T13:23:55,TRANSACTION_MONITORING,RV-05
ALT-202608-001582,APP-202608-009788,R0261,2026-08-04T18:28:40,DOCUMENT,RV-02
ALT-202608-001583,APP-202608-046576,R0130,2026-08-05T22:25:06,HIGH_VALUE,RV-04
ALT-202608-001584,APP-202608-064860,R0130,2026-08-20T18:01:33,IDENTITY,RV-05
ALT-202608-001585,APP-202608-064094,R0079,2026-08-25T06:07:46,TRANSACTION_MONITORING,RV-06
ALT-202608-001586,APP-202608-009107,R0313,2026-08-31T17:07:12,DOCUMENT,RV-04
ALT-202608-001587,APP-202608-054014,R0315,2026-08-15T10:01:18,HIGH_VALUE,RV-06
ALT-202608-001588,APP-202608-006848,R0002,2026-08-04T20:21:20,IDENTITY,RV-03
ALT-202608-001589,APP-202608-064753,R0129,2026-08-18T06:30:55,TRANSACTION_MONITORING,RV-05
ALT-202608-001590,APP-202608-036690,R0315,2026-08-14T18:47:01,DOCUMENT,RV-03
ALT-202608-001591,APP-202608-034608,R0158,2026-08-06T22:04:32,HIGH_VALUE,RV-03
ALT-202608-001592,APP-202608-006037,R0071,2026-08-06T14:27:12,IDENTITY,RV-05
ALT-202608-001593,APP-202608-006169,R0071,2026-08-21T09:27:04,TRANSACTION_MONITORING,RV-02
ALT-202608-001594,APP-202608-038588,R0002,2026-08-28T07:54:32,DOCUMENT,RV-05
ALT-202608-001595,APP-202608-034769,R0247,2026-08-06T13:47:32,HIGH_VALUE,RV-03
ALT-202608-001596,APP-202608-070691,R0335,2026-08-01T09:24:08,IDENTITY,RV-03
ALT-202608-001597,APP-202608-048005,R0002,2026-08-25T19:15:27,TRANSACTION_MONITORING,RV-01
ALT-202608-001598,APP-202608-068214,R0273,2026-08-07T12:48:12,DOCUMENT,RV-03
ALT-202608-001599,APP-202608-018124,R0045,2026-08-20T08:39:41,HIGH_VALUE,RV-05
ALT-202608-001600,APP-202608-003758,R0002,2026-08-08T11:16:55,IDENTITY,RV-06
ALT-202608-001601,APP-202608-012443,R0129,2026-08-14T22:50:39,TRANSACTION_MONITORING,RV-04
ALT-202608-001602,APP-202608-009097,R0261,2026-08-06T11:49:40,DOCUMENT,RV-02
ALT-202608-001603,APP-202608-060211,R0130,2026-08-23T12:13:28,HIGH_VALUE,RV-02
ALT-202608-001604,APP-202608-056837,R0129,2026-08-05T22:55:36,IDENTITY,RV-06
ALT-202608-001605,APP-202608-006171,R0115,2026-08-26T17:53:09,TRANSACTION_MONITORING,RV-06
ALT-202608-001606,APP-202608-058058,R0129,2026-08-25T17:22:21,DOCUMENT,RV-03
ALT-202608-001607,APP-202608-054811,R0129,2026-08-07T16:08:20,HIGH_VALUE,RV-06
ALT-202608-001608,APP-202608-034949,R0281,2026-08-15T10:15:16,IDENTITY,RV-01
ALT-202608-001609,APP-202608-003170,R0130,2026-08-11T10:49:04,TRANSACTION_MONITORING,RV-02
ALT-202608-001610,APP-202608-035087,R0129,2026-08-03T18:26:25,DOCUMENT,RV-03
ALT-202608-001611,APP-202608-044085,R0335,2026-08-02T07:51:31,HIGH_VALUE,RV-02
ALT-202608-001612,APP-202608-057639,R0129,2026-08-24T19:56:52,IDENTITY,RV-02
ALT-202608-001613,APP-202608-043409,R0002,2026-08-30T20:45:12,TRANSACTION_MONITORING,RV-05
ALT-202608-001614,APP-202608-054874,R0079,2026-08-22T19:49:51,DOCUMENT,RV-03
ALT-202608-001615,APP-202608-029161,R0129,2026-08-03T10:21:47,HIGH_VALUE,RV-02
ALT-202608-001616,APP-202608-054109,R0064,2026-08-03T21:13:16,IDENTITY,RV-02
ALT-202608-001617,APP-202608-064145,R0217,2026-08-14T06:17:25,TRANSACTION_MONITORING,RV-06
ALT-202608-001618,APP-202608-048299,R0079,2026-08-23T16:14:58,DOCUMENT,RV-05
ALT-202608-001619,APP-202608-029227,R0250,2026-08-10T20:45:25,HIGH_VALUE,RV-03
ALT-202608-001620,APP-202608-052916,R0310,2026-08-15T07:45:25,IDENTITY,RV-04
ALT-202608-001621,APP-202608-011655,R0071,2026-08-16T16:16:07,TRANSACTION_MONITORING,RV-06
ALT-202608-001622,APP-202608-040484,R0081,2026-08-19T20:44:54,DOCUMENT,RV-06
ALT-202608-001623,APP-202608-017176,R0081,2026-08-06T19:05:39,HIGH_VALUE,RV-03
ALT-202608-001624,APP-202608-071737,R0129,2026-08-01T07:41:09,IDENTITY,RV-06
ALT-202608-001625,APP-202608-000557,R0129,2026-08-23T21:42:10,TRANSACTION_MONITORING,RV-05
ALT-202608-001626,APP-202608-072726,R0313,2026-08-26T15:53:45,DOCUMENT,RV-06
ALT-202608-001627,APP-202608-074182,R0322,2026-08-24T21:23:38,HIGH_VALUE,RV-01
ALT-202608-001628,APP-202608-021233,R0313,2026-08-28T19:30:08,IDENTITY,RV-06
ALT-202608-001629,APP-202608-037091,R0129,2026-08-20T13:58:22,TRANSACTION_MONITORING,RV-04
ALT-202608-001630,APP-202608-025200,R0079,2026-08-12T18:25:51,DOCUMENT,RV-01
ALT-202608-001631,APP-202608-008841,R0247,2026-08-14T07:22:48,HIGH_VALUE,RV-06
ALT-202608-001632,APP-202608-042362,R0002,2026-08-04T21:58:16,IDENTITY,RV-05
ALT-202608-001633,APP-202608-048757,R0002,2026-08-28T12:41:08,TRANSACTION_MONITORING,RV-05
ALT-202608-001634,APP-202608-046262,R0250,2026-08-08T07:35:42,DOCUMENT,RV-02
ALT-202608-001635,APP-202608-072989,R0002,2026-08-22T06:51:24,HIGH_VALUE,RV-03
ALT-202608-001636,APP-202608-040514,R0261,2026-08-31T15:04:06,IDENTITY,RV-05
ALT-202608-001637,APP-202608-032947,R0079,2026-08-23T08:01:05,TRANSACTION_MONITORING,RV-03
ALT-202608-001638,APP-202608-012331,R0109,2026-08-28T22:54:04,DOCUMENT,RV-06
ALT-202608-001639,APP-202608-048036,R0335,2026-08-30T16:29:25,HIGH_VALUE,RV-03
ALT-202608-001640,APP-202608-002930,R0261,2026-08-10T12:30:47,IDENTITY,RV-02
ALT-202608-001641,APP-202608-042583,R0064,2026-08-26T21:06:44,TRANSACTION_MONITORING,RV-01
ALT-202608-001642,APP-202608-054497,R0079,2026-08-12T11:42:44,DOCUMENT,RV-02
ALT-202608-001643,APP-202608-003471,R0064,2026-08-02T14:20:36,HIGH_VALUE,RV-06
ALT-202608-001644,APP-202608-058363,R0071,2026-08-31T08:02:18,IDENTITY,RV-03
ALT-202608-001645,APP-202608-065191,R0064,2026-08-26T17:37:03,TRANSACTION_MONITORING,RV-05
ALT-202608-001646,APP-202608-067950,R0217,2026-08-02T22:44:47,DOCUMENT,RV-01
ALT-202608-001647,APP-202608-072345,R0130,2026-08-20T15:57:41,HIGH_VALUE,RV-04
ALT-202608-001648,APP-202608-045554,R0064,2026-08-23T16:54:23,IDENTITY,RV-04
ALT-202608-001649,APP-202608-066458,R0064,2026-08-28T09:29:39,TRANSACTION_MONITORING,RV-03
ALT-202608-001650,APP-202608-030078,R0335,2026-08-25T07:51:51,DOCUMENT,RV-01
ALT-202608-001651,APP-202608-023827,R0142,2026-08-02T06:13:49,HIGH_VALUE,RV-04
ALT-202608-001652,APP-202608-009360,R0335,2026-08-02T22:09:24,IDENTITY,RV-05
ALT-202608-001653,APP-202608-031186,R0335,2026-08-04T08:54:07,TRANSACTION_MONITORING,RV-05
ALT-202608-001654,APP-202608-056746,R0130,2026-08-01T07:47:15,DOCUMENT,RV-05
ALT-202608-001655,APP-202608-016877,R0247,2026-08-30T17:00:03,HIGH_VALUE,RV-03
ALT-202608-001656,APP-202608-039383,R0310,2026-08-25T07:52:08,IDENTITY,RV-03
ALT-202608-001657,APP-202608-056958,R0129,2026-08-23T20:16:53,TRANSACTION_MONITORING,RV-05
ALT-202608-001658,APP-202608-019100,R0252,2026-08-08T17:55:50,DOCUMENT,RV-03
ALT-202608-001659,APP-202608-044438,R0064,2026-08-11T07:27:26,HIGH_VALUE,RV-02
ALT-202608-001660,APP-202608-001725,R0129,2026-08-27T17:01:17,IDENTITY,RV-02
ALT-202608-001661,APP-202608-034121,R0302,2026-08-21T13:55:42,TRANSACTION_MONITORING,RV-02
ALT-202608-001662,APP-202608-032291,R0129,2026-08-07T13:34:38,DOCUMENT,RV-04
ALT-202608-001663,APP-202608-009174,R0076,2026-08-14T12:09:24,HIGH_VALUE,RV-04
ALT-202608-001664,APP-202608-028243,R0129,2026-08-10T20:58:06,IDENTITY,RV-05
ALT-202608-001665,APP-202608-033429,R0158,2026-08-31T07:18:19,TRANSACTION_MONITORING,RV-05
ALT-202608-001666,APP-202608-051156,R0261,2026-08-30T14:52:25,DOCUMENT,RV-04
ALT-202608-001667,APP-202608-050974,R0261,2026-08-10T20:31:07,HIGH_VALUE,RV-02
ALT-202608-001668,APP-202608-064843,R0247,2026-08-22T07:26:18,IDENTITY,RV-03
ALT-202608-001669,APP-202608-010179,R0217,2026-08-20T11:39:50,TRANSACTION_MONITORING,RV-03
ALT-202608-001670,APP-202608-065403,R0129,2026-08-11T17:43:17,DOCUMENT,RV-05
ALT-202608-001671,APP-202608-025961,R0313,2026-08-29T09:01:28,HIGH_VALUE,RV-01
ALT-202608-001672,APP-202608-020567,R0247,2026-08-06T06:05:16,IDENTITY,RV-06
ALT-202608-001673,APP-202608-072257,R0071,2026-08-15T11:36:14,TRANSACTION_MONITORING,RV-06
ALT-202608-001674,APP-202608-066542,R0335,2026-08-03T21:12:28,DOCUMENT,RV-04
ALT-202608-001675,APP-202608-031281,R0322,2026-08-30T18:40:19,HIGH_VALUE,RV-01
ALT-202608-001676,APP-202608-024795,R0247,2026-08-10T11:49:44,IDENTITY,RV-05
ALT-202608-001677,APP-202608-050361,R0129,2026-08-01T17:49:18,TRANSACTION_MONITORING,RV-02
ALT-202608-001678,APP-202608-035437,R0002,2026-08-14T17:41:52,DOCUMENT,RV-05
ALT-202608-001679,APP-202608-064656,R0252,2026-08-28T22:45:36,HIGH_VALUE,RV-01
ALT-202608-001680,APP-202608-013968,R0129,2026-08-14T11:10:11,IDENTITY,RV-06
ALT-202608-001681,APP-202608-038973,R0130,2026-08-18T17:05:45,TRANSACTION_MONITORING,RV-06
ALT-202608-001682,APP-202608-014126,R0129,2026-08-16T06:21:39,DOCUMENT,RV-01
ALT-202608-001683,APP-202608-016512,R0071,2026-08-11T09:21:35,HIGH_VALUE,RV-04
ALT-202608-001684,APP-202608-070285,R0064,2026-08-26T09:35:10,IDENTITY,RV-05
ALT-202608-001685,APP-202608-014744,R0079,2026-08-12T09:35:20,TRANSACTION_MONITORING,RV-05
ALT-202608-001686,APP-202608-068067,R0315,2026-08-15T17:48:35,DOCUMENT,RV-06
ALT-202608-001687,APP-202608-007055,R0064,2026-08-07T21:33:32,HIGH_VALUE,RV-03
ALT-202608-001688,APP-202608-055709,R0001,2026-08-15T16:31:52,IDENTITY,RV-05
ALT-202608-001689,APP-202608-005278,R0261,2026-08-29T20:22:48,TRANSACTION_MONITORING,RV-03
ALT-202608-001690,APP-202608-001607,R0081,2026-08-27T17:13:05,DOCUMENT,RV-04
ALT-202608-001691,APP-202608-026465,R0313,2026-08-25T19:05:03,HIGH_VALUE,RV-04
ALT-202608-001692,APP-202608-044480,R0079,2026-08-11T13:15:09,IDENTITY,RV-04
ALT-202608-001693,APP-202608-001886,R0064,2026-08-20T19:46:00,TRANSACTION_MONITORING,RV-06
ALT-202608-001694,APP-202608-047387,R0129,2026-08-04T16:33:32,DOCUMENT,RV-03
ALT-202608-001695,APP-202608-020078,R0261,2026-08-15T17:55:43,HIGH_VALUE,RV-04
ALT-202608-001696,APP-202608-000852,R0250,2026-08-18T09:07:19,IDENTITY,RV-05
ALT-202608-001697,APP-202608-062344,R0322,2026-08-01T22:56:48,TRANSACTION_MONITORING,RV-02
ALT-202608-001698,APP-202608-009688,R0002,2026-08-29T15:21:43,DOCUMENT,RV-06
ALT-202608-001699,APP-202608-005278,R0250,2026-08-20T15:41:03,HIGH_VALUE,RV-02
ALT-202608-001700,APP-202608-069172,R0250,2026-08-19T13:54:39,IDENTITY,RV-03
ALT-202608-001701,APP-202608-005422,R0079,2026-08-10T09:14:55,TRANSACTION_MONITORING,RV-04
ALT-202608-001702,APP-202608-057256,R0129,2026-08-08T17:16:27,DOCUMENT,RV-04
ALT-202608-001703,APP-202608-029556,R0076,2026-08-30T22:46:36,HIGH_VALUE,RV-03
ALT-202608-001704,APP-202608-065621,R0261,2026-08-10T10:02:28,IDENTITY,RV-01
ALT-202608-001705,APP-202608-002307,R0315,2026-08-06T09:10:03,TRANSACTION_MONITORING,RV-03
ALT-202608-001706,APP-202608-060448,R0252,2026-08-22T13:51:12,DOCUMENT,RV-06
ALT-202608-001707,APP-202608-064327,R0250,2026-08-15T07:22:32,HIGH_VALUE,RV-06
ALT-202608-001708,APP-202608-021839,R0129,2026-08-21T08:45:19,IDENTITY,RV-04
ALT-202608-001709,APP-202608-003010,R0079,2026-08-09T21:57:03,TRANSACTION_MONITORING,RV-03
ALT-202608-001710,APP-202608-052524,R0322,2026-08-21T08:41:48,DOCUMENT,RV-01
ALT-202608-001711,APP-202608-045569,R0322,2026-08-15T18:03:07,HIGH_VALUE,RV-02
ALT-202608-001712,APP-202608-005903,R0261,2026-08-09T18:58:32,IDENTITY,RV-01
ALT-202608-001713,APP-202608-058312,R0129,2026-08-15T13:21:49,TRANSACTION_MONITORING,RV-03
ALT-202608-001714,APP-202608-060568,R0129,2026-08-25T16:49:49,DOCUMENT,RV-02
ALT-202608-001715,APP-202608-059406,R0079,2026-08-24T07:15:06,HIGH_VALUE,RV-04
ALT-202608-001716,APP-202608-068900,R0335,2026-08-09T18:15:11,IDENTITY,RV-05
ALT-202608-001717,APP-202608-070080,R0322,2026-08-14T08:51:07,TRANSACTION_MONITORING,RV-01
ALT-202608-001718,APP-202608-013694,R0109,2026-08-13T18:55:41,DOCUMENT,RV-03
ALT-202608-001719,APP-202608-034491,R0335,2026-08-24T16:42:00,HIGH_VALUE,RV-05
ALT-202608-001720,APP-202608-004234,R0129,2026-08-09T07:18:56,IDENTITY,RV-01
ALT-202608-001721,APP-202608-014890,R0071,2026-08-22T09:53:54,TRANSACTION_MONITORING,RV-02
ALT-202608-001722,APP-202608-055785,R0261,2026-08-28T09:51:08,DOCUMENT,RV-02
ALT-202608-001723,APP-202608-039720,R0129,2026-08-25T14:47:10,HIGH_VALUE,RV-01
ALT-202608-001724,APP-202608-004714,R0252,2026-08-07T19:52:00,IDENTITY,RV-05
ALT-202608-001725,APP-202608-068054,R0313,2026-08-24T08:24:11,TRANSACTION_MONITORING,RV-02
ALT-202608-001726,APP-202608-063758,R0247,2026-08-31T10:20:03,DOCUMENT,RV-01
ALT-202608-001727,APP-202608-012682,R0002,2026-08-11T22:17:52,HIGH_VALUE,RV-06
ALT-202608-001728,APP-202608-045602,R0250,2026-08-14T13:37:39,IDENTITY,RV-01
ALT-202608-001729,APP-202608-021222,R0250,2026-08-15T06:33:22,TRANSACTION_MONITORING,RV-02
ALT-202608-001730,APP-202608-069792,R0002,2026-08-27T16:29:58,DOCUMENT,RV-05
ALT-202608-001731,APP-202608-055882,R0335,2026-08-24T13:14:40,HIGH_VALUE,RV-06
ALT-202608-001732,APP-202608-024659,R0313,2026-08-12T09:38:41,IDENTITY,RV-04
ALT-202608-001733,APP-202608-017825,R0071,2026-08-07T11:22:12,TRANSACTION_MONITORING,RV-06
ALT-202608-001734,APP-202608-027218,R0129,2026-08-11T19:15:27,DOCUMENT,RV-04
ALT-202608-001735,APP-202608-038702,R0129,2026-08-29T14:31:39,HIGH_VALUE,RV-04
ALT-202608-001736,APP-202608-026589,R0261,2026-08-14T15:13:42,IDENTITY,RV-06
ALT-202608-001737,APP-202608-023438,R0081,2026-08-10T22:26:44,TRANSACTION_MONITORING,RV-06
ALT-202608-001738,APP-202608-040003,R0079,2026-08-11T14:47:08,DOCUMENT,RV-04
ALT-202608-001739,APP-202608-005066,R0315,2026-08-03T13:12:00,HIGH_VALUE,RV-05
ALT-202608-001740,APP-202608-073757,R0142,2026-08-13T18:58:22,IDENTITY,RV-04
ALT-202608-001741,APP-202608-055932,R0064,2026-08-31T13:10:58,TRANSACTION_MONITORING,RV-02
ALT-202608-001742,APP-202608-061461,R0261,2026-08-09T19:49:45,DOCUMENT,RV-02
ALT-202608-001743,APP-202608-043431,R0261,2026-08-04T06:23:22,HIGH_VALUE,RV-04
ALT-202608-001744,APP-202608-038258,R0335,2026-08-18T13:04:45,IDENTITY,RV-02
ALT-202608-001745,APP-202608-017250,R0129,2026-08-20T17:45:48,TRANSACTION_MONITORING,RV-06
ALT-202608-001746,APP-202608-065090,R0129,2026-08-31T20:52:21,DOCUMENT,RV-04
ALT-202608-001747,APP-202608-052465,R0129,2026-08-18T09:01:08,HIGH_VALUE,RV-05
ALT-202608-001748,APP-202608-002501,R0079,2026-08-30T16:08:50,IDENTITY,RV-02
ALT-202608-001749,APP-202608-017844,R0252,2026-08-13T22:17:00,TRANSACTION_MONITORING,RV-06
ALT-202608-001750,APP-202608-043203,R0252,2026-08-09T13:24:50,DOCUMENT,RV-01
ALT-202608-001751,APP-202608-026788,R0045,2026-08-28T12:10:40,HIGH_VALUE,RV-02
ALT-202608-001752,APP-202608-006438,R0247,2026-08-06T20:07:46,IDENTITY,RV-04
ALT-202608-001753,APP-202608-031196,R0261,2026-08-18T17:30:35,TRANSACTION_MONITORING,RV-04
ALT-202608-001754,APP-202608-004729,R0315,2026-08-16T20:26:12,DOCUMENT,RV-06
ALT-202608-001755,APP-202608-059355,R0250,2026-08-23T09:51:09,HIGH_VALUE,RV-01
ALT-202608-001756,APP-202608-024662,R0031,2026-08-01T11:06:37,IDENTITY,RV-03
ALT-202608-001757,APP-202608-047158,R0002,2026-08-23T15:15:07,TRANSACTION_MONITORING,RV-01
ALT-202608-001758,APP-202608-014465,R0247,2026-08-29T19:06:19,DOCUMENT,RV-06
ALT-202608-001759,APP-202608-007210,R0247,2026-08-13T16:31:21,HIGH_VALUE,RV-05
ALT-202608-001760,APP-202608-073773,R0261,2026-08-15T06:06:53,IDENTITY,RV-04
ALT-202608-001761,APP-202608-043811,R0335,2026-08-12T19:02:59,TRANSACTION_MONITORING,RV-04
ALT-202608-001762,APP-202608-059533,R0302,2026-08-17T20:52:20,DOCUMENT,RV-04
ALT-202608-001763,APP-202608-014958,R0071,2026-08-13T16:51:20,HIGH_VALUE,RV-06
ALT-202608-001764,APP-202608-020991,R0261,2026-08-21T08:21:19,IDENTITY,RV-01
ALT-202608-001765,APP-202608-041024,R0129,2026-08-29T16:59:51,TRANSACTION_MONITORING,RV-01
ALT-202608-001766,APP-202608-021208,R0335,2026-08-14T16:24:36,DOCUMENT,RV-05
ALT-202608-001767,APP-202608-025244,R0142,2026-08-30T06:12:57,HIGH_VALUE,RV-05
ALT-202608-001768,APP-202608-013424,R0081,2026-08-24T10:45:08,IDENTITY,RV-02
ALT-202608-001769,APP-202608-019911,R0250,2026-08-02T22:51:33,TRANSACTION_MONITORING,RV-03
ALT-202608-001770,APP-202608-069549,R0076,2026-08-11T08:25:49,DOCUMENT,RV-05
ALT-202608-001771,APP-202608-037781,R0076,2026-08-01T18:52:37,HIGH_VALUE,RV-06
ALT-202608-001772,APP-202608-053912,R0247,2026-08-28T20:28:48,IDENTITY,RV-03
ALT-202608-001773,APP-202608-066752,R0335,2026-08-28T06:22:52,TRANSACTION_MONITORING,RV-01
ALT-202608-001774,APP-202608-017379,R0070,2026-08-10T10:09:24,DOCUMENT,RV-01
ALT-202608-001775,APP-202608-066347,R0129,2026-08-02T17:43:40,HIGH_VALUE,RV-02
ALT-202608-001776,APP-202608-010609,R0302,2026-08-13T10:18:37,IDENTITY,RV-06
ALT-202608-001777,APP-202608-062486,R0070,2026-08-30T10:42:11,TRANSACTION_MONITORING,RV-03
ALT-202608-001778,APP-202608-015556,R0261,2026-08-23T20:44:59,DOCUMENT,RV-02
ALT-202608-001779,APP-202608-040917,R0313,2026-08-16T10:40:31,HIGH_VALUE,RV-02
ALT-202608-001780,APP-202608-012196,R0335,2026-08-05T19:01:53,IDENTITY,RV-05
ALT-202608-001781,APP-202608-016324,R0071,2026-08-13T20:15:20,TRANSACTION_MONITORING,RV-05
ALT-202608-001782,APP-202608-020798,R0071,2026-08-19T08:55:46,DOCUMENT,RV-02
ALT-202608-001783,APP-202608-014314,R0129,2026-08-09T22:39:03,HIGH_VALUE,RV-05
ALT-202608-001784,APP-202608-052083,R0002,2026-08-27T06:34:32,IDENTITY,RV-06
ALT-202608-001785,APP-202608-019717,R0322,2026-08-21T09:30:50,TRANSACTION_MONITORING,RV-03
ALT-202608-001786,APP-202608-006805,R0281,2026-08-11T16:29:07,DOCUMENT,RV-06
ALT-202608-001787,APP-202608-067287,R0247,2026-08-01T15:04:17,HIGH_VALUE,RV-06
ALT-202608-001788,APP-202608-063786,R0130,2026-08-19T07:04:05,IDENTITY,RV-02
ALT-202608-001789,APP-202608-003015,R0130,2026-08-02T21:06:57,TRANSACTION_MONITORING,RV-04
ALT-202608-001790,APP-202608-021273,R0076,2026-08-07T07:16:57,DOCUMENT,RV-01
ALT-202608-001791,APP-202608-003124,R0079,2026-08-16T21:40:29,HIGH_VALUE,RV-01
ALT-202608-001792,APP-202608-060225,R0081,2026-08-15T15:05:09,IDENTITY,RV-03
ALT-202608-001793,APP-202608-038188,R0322,2026-08-04T13:55:23,TRANSACTION_MONITORING,RV-04
ALT-202608-001794,APP-202608-028935,R0002,2026-08-24T06:13:59,DOCUMENT,RV-06
ALT-202608-001795,APP-202608-029908,R0335,2026-08-27T20:45:38,HIGH_VALUE,RV-04
ALT-202608-001796,APP-202608-028987,R0142,2026-08-08T10:28:45,IDENTITY,RV-03
ALT-202608-001797,APP-202608-005664,R0129,2026-08-25T15:24:20,TRANSACTION_MONITORING,RV-06
ALT-202608-001798,APP-202608-070236,R0158,2026-08-02T22:10:57,DOCUMENT,RV-04
ALT-202608-001799,APP-202608-039664,R0322,2026-08-13T06:35:56,HIGH_VALUE,RV-03
ALT-202608-001800,APP-202608-003933,R0322,2026-08-19T06:12:07,IDENTITY,RV-06
ALT-202608-001801,APP-202608-031985,R0129,2026-08-09T13:55:24,TRANSACTION_MONITORING,RV-04
ALT-202608-001802,APP-202608-074214,R0109,2026-08-11T14:06:44,DOCUMENT,RV-05
ALT-202608-001803,APP-202608-065133,R0079,2026-08-19T14:41:38,HIGH_VALUE,RV-04
ALT-202608-001804,APP-202608-067377,R0129,2026-08-09T20:56:55,IDENTITY,RV-03
ALT-202608-001805,APP-202608-031826,R0002,2026-08-31T09:48:36,TRANSACTION_MONITORING,RV-02
ALT-202608-001806,APP-202608-060493,R0247,2026-08-19T11:46:27,DOCUMENT,RV-02
ALT-202608-001807,APP-202608-068919,R0142,2026-08-24T10:23:38,HIGH_VALUE,RV-05
ALT-202608-001808,APP-202608-013997,R0129,2026-08-09T07:32:06,IDENTITY,RV-04
ALT-202608-001809,APP-202608-012469,R0335,2026-08-14T10:53:21,TRANSACTION_MONITORING,RV-05
ALT-202608-001810,APP-202608-051653,R0261,2026-08-16T16:55:55,DOCUMENT,RV-03
ALT-202608-001811,APP-202608-058813,R0115,2026-08-19T22:42:18,HIGH_VALUE,RV-04
ALT-202608-001812,APP-202608-007296,R0109,2026-08-13T19:59:59,IDENTITY,RV-05
ALT-202608-001813,APP-202608-002181,R0261,2026-08-27T08:42:54,TRANSACTION_MONITORING,RV-05
ALT-202608-001814,APP-202608-004021,R0322,2026-08-23T22:11:07,DOCUMENT,RV-06
ALT-202608-001815,APP-202608-017951,R0273,2026-08-10T16:41:00,HIGH_VALUE,RV-02
ALT-202608-001816,APP-202608-069664,R0129,2026-08-09T16:02:52,IDENTITY,RV-01
ALT-202608-001817,APP-202608-038613,R0079,2026-08-28T19:01:07,TRANSACTION_MONITORING,RV-05
ALT-202608-001818,APP-202608-035813,R0335,2026-08-05T17:40:06,DOCUMENT,RV-02
ALT-202608-001819,APP-202608-042744,R0247,2026-08-09T17:10:45,HIGH_VALUE,RV-02
ALT-202608-001820,APP-202608-015077,R0071,2026-08-06T17:47:45,IDENTITY,RV-04
ALT-202608-001821,APP-202608-010452,R0335,2026-08-01T07:00:53,TRANSACTION_MONITORING,RV-03
ALT-202608-001822,APP-202608-002345,R0130,2026-08-09T16:01:45,DOCUMENT,RV-01
ALT-202608-001823,APP-202608-020997,R0158,2026-08-20T19:57:35,HIGH_VALUE,RV-06
ALT-202608-001824,APP-202608-010613,R0250,2026-08-12T14:47:41,IDENTITY,RV-06
ALT-202608-001825,APP-202608-067819,R0322,2026-08-26T13:09:49,TRANSACTION_MONITORING,RV-01
ALT-202608-001826,APP-202608-033032,R0261,2026-08-10T15:51:26,DOCUMENT,RV-02
ALT-202608-001827,APP-202608-019039,R0261,2026-08-11T10:24:44,HIGH_VALUE,RV-01
ALT-202608-001828,APP-202608-006260,R0129,2026-08-24T12:05:23,IDENTITY,RV-04
ALT-202608-001829,APP-202608-003330,R0129,2026-08-09T20:53:23,TRANSACTION_MONITORING,RV-04
ALT-202608-001830,APP-202608-035298,R0036,2026-08-04T13:25:10,DOCUMENT,RV-02
ALT-202608-001831,APP-202608-030773,R0129,2026-08-12T21:23:17,HIGH_VALUE,RV-02
ALT-202608-001832,APP-202608-039636,R0002,2026-08-14T14:45:09,IDENTITY,RV-01
ALT-202608-001833,APP-202608-055965,R0261,2026-08-05T10:48:26,TRANSACTION_MONITORING,RV-01
ALT-202608-001834,APP-202608-029199,R0322,2026-08-06T19:58:54,DOCUMENT,RV-03
ALT-202608-001835,APP-202608-031084,R0142,2026-08-06T09:34:43,HIGH_VALUE,RV-05
ALT-202608-001836,APP-202608-002516,R0079,2026-08-01T20:59:26,IDENTITY,RV-05
ALT-202608-001837,APP-202608-066317,R0261,2026-08-28T09:19:02,TRANSACTION_MONITORING,RV-06
ALT-202608-001838,APP-202608-008646,R0001,2026-08-05T11:27:36,DOCUMENT,RV-01
ALT-202608-001839,APP-202608-052650,R0142,2026-08-15T16:50:53,HIGH_VALUE,RV-04
ALT-202608-001840,APP-202608-001513,R0076,2026-08-18T18:11:48,IDENTITY,RV-04
ALT-202608-001841,APP-202608-039914,R0261,2026-08-03T20:31:47,TRANSACTION_MONITORING,RV-04
ALT-202608-001842,APP-202608-004166,R0129,2026-08-08T11:05:12,DOCUMENT,RV-05
ALT-202608-001843,APP-202608-018588,R0313,2026-08-21T10:00:36,HIGH_VALUE,RV-04
ALT-202608-001844,APP-202608-001406,R0158,2026-08-27T22:21:08,IDENTITY,RV-06
ALT-202608-001845,APP-202608-014339,R0322,2026-08-04T21:51:44,TRANSACTION_MONITORING,RV-05
ALT-202608-001846,APP-202608-050316,R0261,2026-08-11T18:34:50,DOCUMENT,RV-03
ALT-202608-001847,APP-202608-053683,R0079,2026-08-14T14:41:25,HIGH_VALUE,RV-05
ALT-202608-001848,APP-202608-043724,R0250,2026-08-17T17:10:28,IDENTITY,RV-01
ALT-202608-001849,APP-202608-010359,R0081,2026-08-09T18:10:51,TRANSACTION_MONITORING,RV-02
ALT-202608-001850,APP-202608-019613,R0247,2026-08-28T15:32:43,DOCUMENT,RV-03
ALT-202608-001851,APP-202608-052717,R0064,2026-08-18T18:53:14,HIGH_VALUE,RV-01
ALT-202608-001852,APP-202608-040550,R0081,2026-08-20T13:08:38,IDENTITY,RV-06
ALT-202608-001853,APP-202608-013719,R0247,2026-08-09T12:35:46,TRANSACTION_MONITORING,RV-04
ALT-202608-001854,APP-202608-047316,R0130,2026-08-27T13:19:29,DOCUMENT,RV-04
ALT-202608-001855,APP-202608-045457,R0261,2026-08-06T12:36:56,HIGH_VALUE,RV-01
ALT-202608-001856,APP-202608-015934,R0079,2026-08-26T15:33:50,IDENTITY,RV-03
ALT-202608-001857,APP-202608-063267,R0322,2026-08-18T18:23:21,TRANSACTION_MONITORING,RV-03
ALT-202608-001858,APP-202608-001752,R0158,2026-08-24T08:58:16,DOCUMENT,RV-06
ALT-202608-001859,APP-202608-029049,R0002,2026-08-16T22:12:33,HIGH_VALUE,RV-06
ALT-202608-001860,APP-202608-029533,R0252,2026-08-27T22:16:34,IDENTITY,RV-01
ALT-202608-001861,APP-202608-060913,R0217,2026-08-04T07:04:06,TRANSACTION_MONITORING,RV-01
ALT-202608-001862,APP-202608-049949,R0158,2026-08-29T22:25:38,DOCUMENT,RV-02
ALT-202608-001863,APP-202608-066179,R0109,2026-08-25T13:45:33,HIGH_VALUE,RV-05
ALT-202608-001864,APP-202608-072778,R0261,2026-08-04T11:24:30,IDENTITY,RV-04
ALT-202608-001865,APP-202608-029029,R0335,2026-08-03T22:27:32,TRANSACTION_MONITORING,RV-04
ALT-202608-001866,APP-202608-005402,R0129,2026-08-21T08:23:07,DOCUMENT,RV-02
ALT-202608-001867,APP-202608-000957,R0109,2026-08-06T19:47:17,HIGH_VALUE,RV-05
ALT-202608-001868,APP-202608-037384,R0335,2026-08-22T14:10:07,IDENTITY,RV-06
ALT-202608-001869,APP-202608-068128,R0142,2026-08-11T14:03:03,TRANSACTION_MONITORING,RV-02
ALT-202608-001870,APP-202608-034509,R0076,2026-08-16T14:52:34,DOCUMENT,RV-01
ALT-202608-001871,APP-202608-032433,R0109,2026-08-27T21:02:05,HIGH_VALUE,RV-02
ALT-202608-001872,APP-202608-005650,R0129,2026-08-06T18:52:04,IDENTITY,RV-05
ALT-202608-001873,APP-202608-048631,R0273,2026-08-26T20:09:05,TRANSACTION_MONITORING,RV-05
ALT-202608-001874,APP-202608-034400,R0247,2026-08-09T22:13:34,DOCUMENT,RV-06
ALT-202608-001875,APP-202608-015444,R0002,2026-08-05T20:12:57,HIGH_VALUE,RV-03
ALT-202608-001876,APP-202608-048146,R0250,2026-08-15T10:39:13,IDENTITY,RV-04
ALT-202608-001877,APP-202608-061314,R0001,2026-08-02T21:09:18,TRANSACTION_MONITORING,RV-06
ALT-202608-001878,APP-202608-064151,R0250,2026-08-17T14:52:44,DOCUMENT,RV-03
ALT-202608-001879,APP-202608-071870,R0335,2026-08-18T13:09:28,HIGH_VALUE,RV-01
ALT-202608-001880,APP-202608-045547,R0129,2026-08-18T07:36:39,IDENTITY,RV-03
ALT-202608-001881,APP-202608-050152,R0250,2026-08-06T21:35:04,TRANSACTION_MONITORING,RV-01
ALT-202608-001882,APP-202608-055484,R0036,2026-08-10T17:34:11,DOCUMENT,RV-02
ALT-202608-001883,APP-202608-013761,R0315,2026-08-10T11:21:35,HIGH_VALUE,RV-02
ALT-202608-001884,APP-202608-048844,R0130,2026-08-23T18:27:48,IDENTITY,RV-04
ALT-202608-001885,APP-202608-013418,R0261,2026-08-17T18:14:24,TRANSACTION_MONITORING,RV-02
ALT-202608-001886,APP-202608-004760,R0079,2026-08-18T06:47:49,DOCUMENT,RV-03
ALT-202608-001887,APP-202608-004999,R0142,2026-08-14T16:51:24,HIGH_VALUE,RV-04
ALT-202608-001888,APP-202608-017043,R0158,2026-08-02T14:03:33,IDENTITY,RV-04
ALT-202608-001889,APP-202608-055352,R0002,2026-08-11T19:53:55,TRANSACTION_MONITORING,RV-06
ALT-202608-001890,APP-202608-069763,R0129,2026-08-10T07:49:25,DOCUMENT,RV-06
ALT-202608-001891,APP-202608-005235,R0109,2026-08-09T22:36:59,HIGH_VALUE,RV-01
ALT-202608-001892,APP-202608-011725,R0250,2026-08-06T15:00:18,IDENTITY,RV-05
ALT-202608-001893,APP-202608-027384,R0071,2026-08-25T18:45:03,TRANSACTION_MONITORING,RV-01
ALT-202608-001894,APP-202608-018722,R0335,2026-08-08T18:52:33,DOCUMENT,RV-02
ALT-202608-001895,APP-202608-061064,R0335,2026-08-26T22:32:09,HIGH_VALUE,RV-02
ALT-202608-001896,APP-202608-045022,R0315,2026-08-03T10:11:51,IDENTITY,RV-04
ALT-202608-001897,APP-202608-050079,R0252,2026-08-01T20:27:28,TRANSACTION_MONITORING,RV-01
ALT-202608-001898,APP-202608-016129,R0129,2026-08-11T06:43:42,DOCUMENT,RV-05
ALT-202608-001899,APP-202608-057425,R0130,2026-08-28T11:44:19,HIGH_VALUE,RV-05
ALT-202608-001900,APP-202608-035980,R0335,2026-08-13T16:54:58,IDENTITY,RV-05
ALT-202608-001901,APP-202608-010370,R0250,2026-08-16T12:01:26,TRANSACTION_MONITORING,RV-02
ALT-202608-001902,APP-202608-010909,R0129,2026-08-24T13:16:58,DOCUMENT,RV-03
ALT-202608-001903,APP-202608-065800,R0002,2026-08-08T11:24:01,HIGH_VALUE,RV-04
ALT-202608-001904,APP-202608-064511,R0315,2026-08-09T15:41:51,IDENTITY,RV-05
ALT-202608-001905,APP-202608-061520,R0322,2026-08-13T20:23:55,TRANSACTION_MONITORING,RV-02
ALT-202608-001906,APP-202608-066898,R0071,2026-08-08T09:23:45,DOCUMENT,RV-03
ALT-202608-001907,APP-202608-005226,R0252,2026-08-21T07:40:08,HIGH_VALUE,RV-04
ALT-202608-001908,APP-202608-017777,R0281,2026-08-06T22:35:09,IDENTITY,RV-06
ALT-202608-001909,APP-202608-000060,R0252,2026-08-24T08:33:51,TRANSACTION_MONITORING,RV-03
ALT-202608-001910,APP-202608-048888,R0002,2026-08-24T11:23:03,DOCUMENT,RV-03
ALT-202608-001911,APP-202608-010050,R0261,2026-08-11T13:31:08,HIGH_VALUE,RV-05
ALT-202608-001912,APP-202608-048701,R0250,2026-08-12T13:16:18,IDENTITY,RV-04
ALT-202608-001913,APP-202608-006932,R0129,2026-08-19T18:03:33,TRANSACTION_MONITORING,RV-01
ALT-202608-001914,APP-202608-025072,R0158,2026-08-09T11:20:42,DOCUMENT,RV-03
ALT-202608-001915,APP-202608-018318,R0261,2026-08-14T06:43:49,HIGH_VALUE,RV-05
ALT-202608-001916,APP-202608-011644,R0129,2026-08-31T13:42:30,IDENTITY,RV-05
ALT-202608-001917,APP-202608-047539,R0273,2026-08-18T12:23:57,TRANSACTION_MONITORING,RV-01
ALT-202608-001918,APP-202608-011612,R0129,2026-08-09T17:43:55,DOCUMENT,RV-02
ALT-202608-001919,APP-202608-003143,R0081,2026-08-13T07:31:54,HIGH_VALUE,RV-02
ALT-202608-001920,APP-202608-013066,R0217,2026-08-26T18:50:13,IDENTITY,RV-01
ALT-202608-001921,APP-202608-073812,R0079,2026-08-03T20:42:25,TRANSACTION_MONITORING,RV-06
ALT-202608-001922,APP-202608-042652,R0217,2026-08-04T11:51:25,DOCUMENT,RV-06
ALT-202608-001923,APP-202608-006679,R0109,2026-08-11T21:19:11,HIGH_VALUE,RV-05
ALT-202608-001924,APP-202608-035329,R0261,2026-08-03T07:25:54,IDENTITY,RV-06
ALT-202608-001925,APP-202608-006463,R0070,2026-08-01T16:37:16,TRANSACTION_MONITORING,RV-03
ALT-202608-001926,APP-202608-000329,R0079,2026-08-28T12:17:05,DOCUMENT,RV-06
ALT-202608-001927,APP-202608-017090,R0129,2026-08-28T18:09:02,HIGH_VALUE,RV-05
ALT-202608-001928,APP-202608-046151,R0247,2026-08-03T08:02:09,IDENTITY,RV-01
ALT-202608-001929,APP-202608-010799,R0129,2026-08-23T18:00:10,TRANSACTION_MONITORING,RV-06
ALT-202608-001930,APP-202608-061827,R0247,2026-08-11T13:23:37,DOCUMENT,RV-01
ALT-202608-001931,APP-202608-033673,R0081,2026-08-08T07:04:23,HIGH_VALUE,RV-03
ALT-202608-001932,APP-202608-060371,R0064,2026-08-19T11:02:29,IDENTITY,RV-01
ALT-202608-001933,APP-202608-054632,R0064,2026-08-24T08:24:05,TRANSACTION_MONITORING,RV-06
ALT-202608-001934,APP-202608-058008,R0322,2026-08-07T06:18:01,DOCUMENT,RV-06
ALT-202608-001935,APP-202608-051030,R0036,2026-08-04T07:40:27,HIGH_VALUE,RV-01
ALT-202608-001936,APP-202608-016742,R0247,2026-08-13T16:24:36,IDENTITY,RV-05
ALT-202608-001937,APP-202608-026276,R0076,2026-08-29T08:19:38,TRANSACTION_MONITORING,RV-06
ALT-202608-001938,APP-202608-014543,R0064,2026-08-08T09:45:14,DOCUMENT,RV-04
ALT-202608-001939,APP-202608-009019,R0079,2026-08-03T21:15:56,HIGH_VALUE,RV-04
ALT-202608-001940,APP-202608-006198,R0064,2026-08-16T09:30:44,IDENTITY,RV-01
ALT-202608-001941,APP-202608-038358,R0129,2026-08-24T21:43:04,TRANSACTION_MONITORING,RV-06
ALT-202608-001942,APP-202608-011404,R0217,2026-08-26T19:48:34,DOCUMENT,RV-02
ALT-202608-001943,APP-202608-047667,R0158,2026-08-02T20:01:51,HIGH_VALUE,RV-05
ALT-202608-001944,APP-202608-059788,R0076,2026-08-08T20:23:37,IDENTITY,RV-06
ALT-202608-001945,APP-202608-073790,R0322,2026-08-13T20:35:23,TRANSACTION_MONITORING,RV-01
ALT-202608-001946,APP-202608-027906,R0261,2026-08-06T14:09:07,DOCUMENT,RV-03
ALT-202608-001947,APP-202608-049123,R0129,2026-08-04T20:56:51,HIGH_VALUE,RV-03
ALT-202608-001948,APP-202608-067893,R0081,2026-08-19T15:15:05,IDENTITY,RV-04
ALT-202608-001949,APP-202608-053320,R0315,2026-08-24T20:12:56,TRANSACTION_MONITORING,RV-05
ALT-202608-001950,APP-202608-028812,R0129,2026-08-13T19:58:57,DOCUMENT,RV-02
ALT-202608-001951,APP-202608-035977,R0002,2026-08-30T07:54:35,HIGH_VALUE,RV-05
ALT-202608-001952,APP-202608-024138,R0079,2026-08-06T10:40:44,IDENTITY,RV-04
ALT-202608-001953,APP-202608-070840,R0081,2026-08-06T11:14:55,TRANSACTION_MONITORING,RV-06
ALT-202608-001954,APP-202608-038231,R0079,2026-08-26T08:42:08,DOCUMENT,RV-01
ALT-202608-001955,APP-202608-048320,R0081,2026-08-30T12:20:29,HIGH_VALUE,RV-01
ALT-202608-001956,APP-202608-040258,R0002,2026-08-30T07:55:14,IDENTITY,RV-01
ALT-202608-001957,APP-202608-018164,R0142,2026-08-11T19:22:52,TRANSACTION_MONITORING,RV-04
ALT-202608-001958,APP-202608-033610,R0322,2026-08-25T08:06:41,DOCUMENT,RV-05
ALT-202608-001959,APP-202608-051687,R0335,2026-08-07T20:15:00,HIGH_VALUE,RV-04
ALT-202608-001960,APP-202608-064910,R0002,2026-08-01T09:29:53,IDENTITY,RV-06
ALT-202608-001961,APP-202608-051722,R0079,2026-08-07T12:18:15,TRANSACTION_MONITORING,RV-04
ALT-202608-001962,APP-202608-015964,R0247,2026-08-20T22:51:44,DOCUMENT,RV-04
ALT-202608-001963,APP-202608-037733,R0129,2026-08-20T18:11:08,HIGH_VALUE,RV-03
ALT-202608-001964,APP-202608-072688,R0129,2026-08-30T07:24:35,IDENTITY,RV-04
ALT-202608-001965,APP-202608-003605,R0076,2026-08-03T21:03:15,TRANSACTION_MONITORING,RV-01
ALT-202608-001966,APP-202608-051865,R0076,2026-08-03T22:10:19,DOCUMENT,RV-04
ALT-202608-001967,APP-202608-058695,R0315,2026-08-16T12:09:26,HIGH_VALUE,RV-04
ALT-202608-001968,APP-202608-020760,R0081,2026-08-23T19:36:46,IDENTITY,RV-04
ALT-202608-001969,APP-202608-030524,R0064,2026-08-02T18:09:35,TRANSACTION_MONITORING,RV-04
ALT-202608-001970,APP-202608-069327,R0281,2026-08-29T10:18:54,DOCUMENT,RV-03
ALT-202608-001971,APP-202608-060804,R0261,2026-08-23T14:53:27,HIGH_VALUE,RV-02
ALT-202608-001972,APP-202608-068714,R0335,2026-08-07T14:33:35,IDENTITY,RV-05
ALT-202608-001973,APP-202608-041951,R0002,2026-08-10T09:25:26,TRANSACTION_MONITORING,RV-03
ALT-202608-001974,APP-202608-003529,R0322,2026-08-30T12:16:31,DOCUMENT,RV-04
ALT-202608-001975,APP-202608-012493,R0109,2026-08-04T12:31:02,HIGH_VALUE,RV-04
ALT-202608-001976,APP-202608-013362,R0002,2026-08-23T18:11:20,IDENTITY,RV-02
ALT-202608-001977,APP-202608-011871,R0261,2026-08-17T10:01:48,TRANSACTION_MONITORING,RV-02
ALT-202608-001978,APP-202608-032939,R0109,2026-08-10T09:51:28,DOCUMENT,RV-06
ALT-202608-001979,APP-202608-061942,R0115,2026-08-08T22:42:24,HIGH_VALUE,RV-05
ALT-202608-001980,APP-202608-017040,R0079,2026-08-14T06:02:31,IDENTITY,RV-04
ALT-202608-001981,APP-202608-023237,R0335,2026-08-24T14:36:49,TRANSACTION_MONITORING,RV-03
ALT-202608-001982,APP-202608-015776,R0076,2026-08-26T15:50:43,DOCUMENT,RV-05
ALT-202608-001983,APP-202608-063950,R0335,2026-08-28T16:06:18,HIGH_VALUE,RV-05
ALT-202608-001984,APP-202608-021725,R0252,2026-08-22T21:28:04,IDENTITY,RV-04
ALT-202608-001985,APP-202608-004355,R0129,2026-08-27T11:27:22,TRANSACTION_MONITORING,RV-02
ALT-202608-001986,APP-202608-004440,R0335,2026-08-01T14:55:18,DOCUMENT,RV-01
ALT-202608-001987,APP-202608-043517,R0261,2026-08-19T12:39:39,HIGH_VALUE,RV-05
ALT-202608-001988,APP-202608-063608,R0079,2026-08-15T09:55:52,IDENTITY,RV-01
ALT-202608-001989,APP-202608-033087,R0079,2026-08-14T11:25:22,TRANSACTION_MONITORING,RV-05
ALT-202608-001990,APP-202608-071434,R0076,2026-08-08T12:33:00,DOCUMENT,RV-02
ALT-202608-001991,APP-202608-006811,R0250,2026-08-03T21:35:17,HIGH_VALUE,RV-04
ALT-202608-001992,APP-202608-043924,R0045,2026-08-05T11:01:56,IDENTITY,RV-03
ALT-202608-001993,APP-202608-003565,R0079,2026-08-29T10:57:07,TRANSACTION_MONITORING,RV-05
ALT-202608-001994,APP-202608-004073,R0158,2026-08-21T06:19:09,DOCUMENT,RV-05
ALT-202608-001995,APP-202608-057059,R0217,2026-08-06T09:22:04,HIGH_VALUE,RV-02
ALT-202608-001996,APP-202608-068700,R0129,2026-08-30T13:21:45,IDENTITY,RV-06
ALT-202608-001997,APP-202608-059320,R0261,2026-08-18T20:06:05,TRANSACTION_MONITORING,RV-06
ALT-202608-001998,APP-202608-040854,R0081,2026-08-16T19:17:14,DOCUMENT,RV-01
ALT-202608-001999,APP-202608-066570,R0335,2026-08-31T12:50:23,HIGH_VALUE,RV-05
ALT-202608-002000,APP-202608-032675,R0064,2026-08-29T09:18:46,IDENTITY,RV-04
ALT-202608-002001,APP-202608-050060,R0302,2026-08-10T22:41:04,TRANSACTION_MONITORING,RV-01
ALT-202608-002002,APP-202608-058004,R0001,2026-08-22T15:15:10,DOCUMENT,RV-02
ALT-202608-002003,APP-202608-021939,R0064,2026-08-23T07:11:43,HIGH_VALUE,RV-04
ALT-202608-002004,APP-202608-050918,R0322,2026-08-01T21:18:55,IDENTITY,RV-02
ALT-202608-002005,APP-202608-046025,R0079,2026-08-08T18:52:36,TRANSACTION_MONITORING,RV-01
ALT-202608-002006,APP-202608-045623,R0261,2026-08-29T20:19:53,DOCUMENT,RV-04
ALT-202608-002007,APP-202608-050228,R0335,2026-08-04T10:13:47,HIGH_VALUE,RV-06
ALT-202608-002008,APP-202608-024055,R0281,2026-08-27T21:09:23,IDENTITY,RV-05
ALT-202608-002009,APP-202608-055241,R0130,2026-08-15T18:54:10,TRANSACTION_MONITORING,RV-06
ALT-202608-002010,APP-202608-060136,R0115,2026-08-20T20:41:29,DOCUMENT,RV-02
ALT-202608-002011,APP-202608-009708,R0261,2026-08-07T09:46:17,HIGH_VALUE,RV-04
ALT-202608-002012,APP-202608-056943,R0217,2026-08-22T12:05:50,IDENTITY,RV-03
ALT-202608-002013,APP-202608-020720,R0335,2026-08-10T21:44:31,TRANSACTION_MONITORING,RV-04
ALT-202608-002014,APP-202608-054724,R0076,2026-08-25T13:52:56,DOCUMENT,RV-02
ALT-202608-002015,APP-202608-002707,R0310,2026-08-16T07:20:06,HIGH_VALUE,RV-03
ALT-202608-002016,APP-202608-009612,R0142,2026-08-06T11:54:21,IDENTITY,RV-04
ALT-202608-002017,APP-202608-006186,R0261,2026-08-25T16:54:26,TRANSACTION_MONITORING,RV-03
ALT-202608-002018,APP-202608-040637,R0142,2026-08-21T20:10:56,DOCUMENT,RV-03
ALT-202608-002019,APP-202608-059072,R0064,2026-08-13T22:19:55,HIGH_VALUE,RV-04
ALT-202608-002020,APP-202608-050035,R0322,2026-08-03T08:48:19,IDENTITY,RV-05
ALT-202608-002021,APP-202608-031676,R0081,2026-08-20T16:18:10,TRANSACTION_MONITORING,RV-06
ALT-202608-002022,APP-202608-003453,R0045,2026-08-08T16:03:39,DOCUMENT,RV-01
ALT-202608-002023,APP-202608-074184,R0129,2026-08-01T22:13:10,HIGH_VALUE,RV-04
ALT-202608-002024,APP-202608-017293,R0322,2026-08-13T19:26:02,IDENTITY,RV-01
ALT-202608-002025,APP-202608-036919,R0322,2026-08-26T18:02:59,TRANSACTION_MONITORING,RV-01
ALT-202608-002026,APP-202608-074815,R0129,2026-08-03T13:00:07,DOCUMENT,RV-05
ALT-202608-002027,APP-202608-021251,R0335,2026-08-27T10:49:54,HIGH_VALUE,RV-05
ALT-202608-002028,APP-202608-061785,R0335,2026-08-03T19:12:35,IDENTITY,RV-03
ALT-202608-002029,APP-202608-004419,R0129,2026-08-02T10:07:46,TRANSACTION_MONITORING,RV-05
ALT-202608-002030,APP-202608-028745,R0335,2026-08-02T07:53:05,DOCUMENT,RV-06
ALT-202608-002031,APP-202608-057633,R0322,2026-08-13T16:47:56,HIGH_VALUE,RV-02
ALT-202608-002032,APP-202608-007143,R0130,2026-08-07T21:21:52,IDENTITY,RV-04
ALT-202608-002033,APP-202608-007998,R0002,2026-08-25T13:17:39,TRANSACTION_MONITORING,RV-04
ALT-202608-002034,APP-202608-014055,R0250,2026-08-07T07:01:55,DOCUMENT,RV-06
ALT-202608-002035,APP-202608-032414,R0217,2026-08-22T06:22:02,HIGH_VALUE,RV-01
ALT-202608-002036,APP-202608-012326,R0071,2026-08-22T18:28:03,IDENTITY,RV-02
ALT-202608-002037,APP-202608-056710,R0129,2026-08-18T13:23:29,TRANSACTION_MONITORING,RV-05
ALT-202608-002038,APP-202608-019852,R0079,2026-08-04T18:43:24,DOCUMENT,RV-02
ALT-202608-002039,APP-202608-035448,R0302,2026-08-16T17:36:02,HIGH_VALUE,RV-03
ALT-202608-002040,APP-202608-037924,R0252,2026-08-07T20:02:24,IDENTITY,RV-03
ALT-202608-002041,APP-202608-036553,R0261,2026-08-09T21:32:51,TRANSACTION_MONITORING,RV-03
ALT-202608-002042,APP-202608-069602,R0250,2026-08-11T13:27:29,DOCUMENT,RV-03
ALT-202608-002043,APP-202608-006640,R0076,2026-08-01T21:46:49,HIGH_VALUE,RV-03
ALT-202608-002044,APP-202608-000229,R0129,2026-08-15T06:04:05,IDENTITY,RV-02
ALT-202608-002045,APP-202608-008037,R0129,2026-08-15T18:41:09,TRANSACTION_MONITORING,RV-01
ALT-202608-002046,APP-202608-021285,R0335,2026-08-07T07:44:42,DOCUMENT,RV-02
ALT-202608-002047,APP-202608-050278,R0129,2026-08-02T06:28:59,HIGH_VALUE,RV-04
ALT-202608-002048,APP-202608-030224,R0261,2026-08-30T08:51:52,IDENTITY,RV-01
ALT-202608-002049,APP-202608-014732,R0079,2026-08-23T18:57:42,TRANSACTION_MONITORING,RV-06
ALT-202608-002050,APP-202608-069834,R0001,2026-08-11T19:46:04,DOCUMENT,RV-03
ALT-202608-002051,APP-202608-026704,R0129,2026-08-21T20:12:07,HIGH_VALUE,RV-06
ALT-202608-002052,APP-202608-005604,R0129,2026-08-24T19:35:41,IDENTITY,RV-01
ALT-202608-002053,APP-202608-051154,R0250,2026-08-12T12:02:53,TRANSACTION_MONITORING,RV-04
ALT-202608-002054,APP-202608-033125,R0247,2026-08-09T21:02:01,DOCUMENT,RV-01
ALT-202608-002055,APP-202608-040425,R0071,2026-08-18T16:51:26,HIGH_VALUE,RV-06
ALT-202608-002056,APP-202608-043567,R0079,2026-08-22T11:45:37,IDENTITY,RV-04
ALT-202608-002057,APP-202608-005392,R0045,2026-08-19T10:37:48,TRANSACTION_MONITORING,RV-02
ALT-202608-002058,APP-202608-041562,R0002,2026-08-13T13:24:53,DOCUMENT,RV-04
ALT-202608-002059,APP-202608-034231,R0129,2026-08-06T18:46:42,HIGH_VALUE,RV-03
ALT-202608-002060,APP-202608-058279,R0281,2026-08-05T07:33:12,IDENTITY,RV-05
ALT-202608-002061,APP-202608-030741,R0313,2026-08-20T14:35:54,TRANSACTION_MONITORING,RV-03
ALT-202608-002062,APP-202608-071395,R0261,2026-08-10T19:56:03,DOCUMENT,RV-05
ALT-202608-002063,APP-202608-068671,R0261,2026-08-30T10:52:07,HIGH_VALUE,RV-06
ALT-202608-002064,APP-202608-051294,R0261,2026-08-16T12:47:50,IDENTITY,RV-01
ALT-202608-002065,APP-202608-042554,R0335,2026-08-19T07:26:37,TRANSACTION_MONITORING,RV-06
ALT-202608-002066,APP-202608-066476,R0129,2026-08-31T08:56:55,DOCUMENT,RV-04
ALT-202608-002067,APP-202608-004175,R0129,2026-08-04T09:12:21,HIGH_VALUE,RV-06
ALT-202608-002068,APP-202608-006789,R0109,2026-08-13T17:51:26,IDENTITY,RV-02
ALT-202608-002069,APP-202608-059037,R0335,2026-08-26T18:13:34,TRANSACTION_MONITORING,RV-05
ALT-202608-002070,APP-202608-025655,R0252,2026-08-20T07:31:24,DOCUMENT,RV-04
ALT-202608-002071,APP-202608-059564,R0158,2026-08-22T06:01:21,HIGH_VALUE,RV-03
ALT-202608-002072,APP-202608-072305,R0079,2026-08-19T16:55:37,IDENTITY,RV-06
ALT-202608-002073,APP-202608-069584,R0252,2026-08-24T13:28:26,TRANSACTION_MONITORING,RV-05
ALT-202608-002074,APP-202608-048688,R0070,2026-08-10T19:47:09,DOCUMENT,RV-05
ALT-202608-002075,APP-202608-017111,R0250,2026-08-13T20:45:06,HIGH_VALUE,RV-02
ALT-202608-002076,APP-202608-042549,R0250,2026-08-29T19:15:20,IDENTITY,RV-01
ALT-202608-002077,APP-202608-001474,R0002,2026-08-24T08:50:27,TRANSACTION_MONITORING,RV-03
ALT-202608-002078,APP-202608-036300,R0158,2026-08-16T08:10:12,DOCUMENT,RV-05
ALT-202608-002079,APP-202608-061555,R0079,2026-08-29T15:38:25,HIGH_VALUE,RV-01
ALT-202608-002080,APP-202608-039737,R0217,2026-08-17T16:15:53,IDENTITY,RV-04
ALT-202608-002081,APP-202608-033637,R0261,2026-08-19T18:59:06,TRANSACTION_MONITORING,RV-04
ALT-202608-002082,APP-202608-063792,R0261,2026-08-04T15:36:47,DOCUMENT,RV-06
ALT-202608-002083,APP-202608-065374,R0076,2026-08-12T19:24:35,HIGH_VALUE,RV-06
ALT-202608-002084,APP-202608-045244,R0250,2026-08-21T10:34:15,IDENTITY,RV-04
ALT-202608-002085,APP-202608-036312,R0079,2026-08-11T17:40:37,TRANSACTION_MONITORING,RV-01
ALT-202608-002086,APP-202608-069314,R0130,2026-08-25T17:05:39,DOCUMENT,RV-05
ALT-202608-002087,APP-202608-063009,R0158,2026-08-16T14:56:11,HIGH_VALUE,RV-03
ALT-202608-002088,APP-202608-070622,R0129,2026-08-21T12:07:08,IDENTITY,RV-02
ALT-202608-002089,APP-202608-040389,R0273,2026-08-27T20:12:00,TRANSACTION_MONITORING,RV-04
ALT-202608-002090,APP-202608-053669,R0076,2026-08-07T20:26:23,DOCUMENT,RV-03
ALT-202608-002091,APP-202608-027075,R0045,2026-08-15T21:13:55,HIGH_VALUE,RV-04
ALT-202608-002092,APP-202608-018940,R0129,2026-08-13T09:04:09,IDENTITY,RV-06
ALT-202608-002093,APP-202608-064724,R0335,2026-08-20T22:16:25,TRANSACTION_MONITORING,RV-03
ALT-202608-002094,APP-202608-007655,R0261,2026-08-10T22:08:56,DOCUMENT,RV-04
ALT-202608-002095,APP-202608-039784,R0081,2026-08-29T13:48:52,HIGH_VALUE,RV-05
ALT-202608-002096,APP-202608-036087,R0252,2026-08-30T15:06:19,IDENTITY,RV-03
ALT-202608-002097,APP-202608-023819,R0147,2026-08-16T10:19:45,TRANSACTION_MONITORING,RV-02
ALT-202608-002098,APP-202608-065008,R0071,2026-08-03T12:55:58,DOCUMENT,RV-01
ALT-202608-002099,APP-202608-067961,R0115,2026-08-05T21:29:01,HIGH_VALUE,RV-04
ALT-202608-002100,APP-202608-039787,R0129,2026-08-21T07:12:50,IDENTITY,RV-06
ALT-202608-002101,APP-202608-072491,R0002,2026-08-18T10:35:09,TRANSACTION_MONITORING,RV-02
ALT-202608-002102,APP-202608-033854,R0129,2026-08-18T15:39:37,DOCUMENT,RV-03
ALT-202608-002103,APP-202608-009144,R0158,2026-08-29T20:46:08,HIGH_VALUE,RV-04
ALT-202608-002104,APP-202608-055235,R0079,2026-08-08T09:21:44,IDENTITY,RV-05
ALT-202608-002105,APP-202608-033600,R0335,2026-08-01T08:02:12,TRANSACTION_MONITORING,RV-01
ALT-202608-002106,APP-202608-003087,R0076,2026-08-06T15:07:49,DOCUMENT,RV-06
ALT-202608-002107,APP-202608-054886,R0129,2026-08-30T18:58:49,HIGH_VALUE,RV-05
ALT-202608-002108,APP-202608-013191,R0322,2026-08-04T15:29:30,IDENTITY,RV-05
ALT-202608-002109,APP-202608-016229,R0335,2026-08-07T15:44:14,TRANSACTION_MONITORING,RV-05
ALT-202608-002110,APP-202608-006337,R0129,2026-08-18T12:50:28,DOCUMENT,RV-01
ALT-202608-002111,APP-202608-038965,R0079,2026-08-14T15:05:46,HIGH_VALUE,RV-02
ALT-202608-002112,APP-202608-020090,R0335,2026-08-15T16:50:33,IDENTITY,RV-01
ALT-202608-002113,APP-202608-073720,R0335,2026-08-12T09:33:10,TRANSACTION_MONITORING,RV-04
ALT-202608-002114,APP-202608-005888,R0261,2026-08-11T06:09:13,DOCUMENT,RV-05
ALT-202608-002115,APP-202608-073018,R0261,2026-08-04T09:04:31,HIGH_VALUE,RV-04
ALT-202608-002116,APP-202608-016223,R0129,2026-08-28T15:47:07,IDENTITY,RV-03
ALT-202608-002117,APP-202608-002068,R0322,2026-08-28T14:34:05,TRANSACTION_MONITORING,RV-05
ALT-202608-002118,APP-202608-036832,R0076,2026-08-11T13:24:40,DOCUMENT,RV-02
ALT-202608-002119,APP-202608-034408,R0217,2026-08-15T21:38:19,HIGH_VALUE,RV-01
ALT-202608-002120,APP-202608-049002,R0335,2026-08-19T09:40:09,IDENTITY,RV-01
ALT-202608-002121,APP-202608-041394,R0313,2026-08-01T09:29:35,TRANSACTION_MONITORING,RV-01
ALT-202608-002122,APP-202608-042801,R0081,2026-08-27T08:54:50,DOCUMENT,RV-03
ALT-202608-002123,APP-202608-014400,R0217,2026-08-16T12:17:53,HIGH_VALUE,RV-03
ALT-202608-002124,APP-202608-019046,R0247,2026-08-22T17:53:33,IDENTITY,RV-04
ALT-202608-002125,APP-202608-067916,R0261,2026-08-14T09:10:23,TRANSACTION_MONITORING,RV-06
ALT-202608-002126,APP-202608-051595,R0070,2026-08-12T14:34:11,DOCUMENT,RV-01
ALT-202608-002127,APP-202608-055026,R0130,2026-08-02T08:23:04,HIGH_VALUE,RV-06
ALT-202608-002128,APP-202608-035994,R0247,2026-08-03T18:08:33,IDENTITY,RV-03
ALT-202608-002129,APP-202608-050618,R0261,2026-08-04T21:37:26,TRANSACTION_MONITORING,RV-06
ALT-202608-002130,APP-202608-061607,R0079,2026-08-29T19:23:11,DOCUMENT,RV-01
ALT-202608-002131,APP-202608-060969,R0081,2026-08-22T06:39:20,HIGH_VALUE,RV-04
ALT-202608-002132,APP-202608-032420,R0252,2026-08-12T14:55:33,IDENTITY,RV-01
ALT-202608-002133,APP-202608-073310,R0322,2026-08-06T13:18:46,TRANSACTION_MONITORING,RV-01
ALT-202608-002134,APP-202608-037336,R0217,2026-08-31T10:46:26,DOCUMENT,RV-01
ALT-202608-002135,APP-202608-068760,R0130,2026-08-02T08:32:31,HIGH_VALUE,RV-03
ALT-202608-002136,APP-202608-010729,R0129,2026-08-05T12:54:26,IDENTITY,RV-04
ALT-202608-002137,APP-202608-022210,R0335,2026-08-08T17:23:50,TRANSACTION_MONITORING,RV-05
ALT-202608-002138,APP-202608-031767,R0079,2026-08-12T11:24:24,DOCUMENT,RV-05
ALT-202608-002139,APP-202608-017121,R0002,2026-08-01T19:10:51,HIGH_VALUE,RV-04
ALT-202608-002140,APP-202608-044382,R0252,2026-08-13T11:44:30,IDENTITY,RV-04
ALT-202608-002141,APP-202608-053918,R0129,2026-08-21T12:11:31,TRANSACTION_MONITORING,RV-03
ALT-202608-002142,APP-202608-005777,R0129,2026-08-21T11:19:39,DOCUMENT,RV-04
ALT-202608-002143,APP-202608-065549,R0261,2026-08-26T08:29:17,HIGH_VALUE,RV-01
ALT-202608-002144,APP-202608-010265,R0109,2026-08-01T15:43:20,IDENTITY,RV-03
ALT-202608-002145,APP-202608-071759,R0142,2026-08-01T06:55:00,TRANSACTION_MONITORING,RV-06
ALT-202608-002146,APP-202608-074150,R0252,2026-08-02T07:07:40,DOCUMENT,RV-03
ALT-202608-002147,APP-202608-038622,R0252,2026-08-08T07:58:47,HIGH_VALUE,RV-01
ALT-202608-002148,APP-202608-047193,R0115,2026-08-29T18:24:28,IDENTITY,RV-06
ALT-202608-002149,APP-202608-030551,R0002,2026-08-07T13:39:55,TRANSACTION_MONITORING,RV-01
ALT-202608-002150,APP-202608-036693,R0002,2026-08-26T10:04:23,DOCUMENT,RV-06
ALT-202608-002151,APP-202608-023239,R0158,2026-08-17T18:17:12,HIGH_VALUE,RV-01
ALT-202608-002152,APP-202608-043557,R0079,2026-08-19T13:54:16,IDENTITY,RV-02
ALT-202608-002153,APP-202608-036359,R0129,2026-08-31T07:01:31,TRANSACTION_MONITORING,RV-06
ALT-202608-002154,APP-202608-035049,R0261,2026-08-03T06:24:37,DOCUMENT,RV-03
ALT-202608-002155,APP-202608-043720,R0129,2026-08-30T07:12:50,HIGH_VALUE,RV-03
ALT-202608-002156,APP-202608-032588,R0252,2026-08-08T15:20:05,IDENTITY,RV-01
ALT-202608-002157,APP-202608-007903,R0315,2026-08-06T16:13:32,TRANSACTION_MONITORING,RV-01
ALT-202608-002158,APP-202608-037746,R0281,2026-08-25T17:50:33,DOCUMENT,RV-06
ALT-202608-002159,APP-202608-064288,R0079,2026-08-11T07:29:15,HIGH_VALUE,RV-01
ALT-202608-002160,APP-202608-027981,R0335,2026-08-13T08:02:14,IDENTITY,RV-03
ALT-202608-002161,APP-202608-049893,R0261,2026-08-22T16:45:33,TRANSACTION_MONITORING,RV-04
ALT-202608-002162,APP-202608-013183,R0079,2026-08-14T17:00:31,DOCUMENT,RV-01
ALT-202608-002163,APP-202608-040076,R0315,2026-08-28T14:37:49,HIGH_VALUE,RV-01
ALT-202608-002164,APP-202608-051145,R0071,2026-08-24T16:25:42,IDENTITY,RV-06
ALT-202608-002165,APP-202608-053716,R0158,2026-08-16T10:44:48,TRANSACTION_MONITORING,RV-03
ALT-202608-002166,APP-202608-043603,R0129,2026-08-30T12:49:18,DOCUMENT,RV-06
ALT-202608-002167,APP-202608-002623,R0071,2026-08-11T20:16:37,HIGH_VALUE,RV-01
ALT-202608-002168,APP-202608-013148,R0129,2026-08-01T14:31:36,IDENTITY,RV-04
ALT-202608-002169,APP-202608-021193,R0335,2026-08-07T19:08:55,TRANSACTION_MONITORING,RV-06
ALT-202608-002170,APP-202608-014945,R0002,2026-08-07T16:22:21,DOCUMENT,RV-06
ALT-202608-002171,APP-202608-046400,R0081,2026-08-26T07:09:18,HIGH_VALUE,RV-06
ALT-202608-002172,APP-202608-027050,R0081,2026-08-06T13:47:50,IDENTITY,RV-05
ALT-202608-002173,APP-202608-073472,R0064,2026-08-09T09:51:08,TRANSACTION_MONITORING,RV-01
ALT-202608-002174,APP-202608-019870,R0250,2026-08-31T12:30:11,DOCUMENT,RV-05
ALT-202608-002175,APP-202608-007010,R0313,2026-08-17T19:01:46,HIGH_VALUE,RV-03
ALT-202608-002176,APP-202608-011225,R0247,2026-08-28T21:01:45,IDENTITY,RV-01
ALT-202608-002177,APP-202608-072846,R0247,2026-08-11T21:39:40,TRANSACTION_MONITORING,RV-01
ALT-202608-002178,APP-202608-013451,R0079,2026-08-15T21:24:58,DOCUMENT,RV-06
ALT-202608-002179,APP-202608-038588,R0076,2026-08-12T12:31:25,HIGH_VALUE,RV-06
ALT-202608-002180,APP-202608-034630,R0130,2026-08-01T07:12:44,IDENTITY,RV-05
ALT-202608-002181,APP-202608-023313,R0261,2026-08-26T16:21:55,TRANSACTION_MONITORING,RV-04
ALT-202608-002182,APP-202608-047295,R0129,2026-08-04T19:53:44,DOCUMENT,RV-02
ALT-202608-002183,APP-202608-042806,R0158,2026-08-22T09:07:19,HIGH_VALUE,RV-04
ALT-202608-002184,APP-202608-023627,R0158,2026-08-14T12:16:41,IDENTITY,RV-06
ALT-202608-002185,APP-202608-035583,R0129,2026-08-14T16:41:29,TRANSACTION_MONITORING,RV-02
ALT-202608-002186,APP-202608-019477,R0315,2026-08-19T20:57:10,DOCUMENT,RV-02
ALT-202608-002187,APP-202608-033708,R0217,2026-08-04T19:24:42,HIGH_VALUE,RV-05
ALT-202608-002188,APP-202608-051428,R0079,2026-08-30T19:01:35,IDENTITY,RV-06
ALT-202608-002189,APP-202608-047890,R0252,2026-08-21T13:14:29,TRANSACTION_MONITORING,RV-05
ALT-202608-002190,APP-202608-009349,R0250,2026-08-15T06:44:14,DOCUMENT,RV-02
ALT-202608-002191,APP-202608-053535,R0076,2026-08-05T07:25:00,HIGH_VALUE,RV-05
ALT-202608-002192,APP-202608-067024,R0079,2026-08-08T15:07:37,IDENTITY,RV-06
ALT-202608-002193,APP-202608-018026,R0079,2026-08-05T18:02:46,TRANSACTION_MONITORING,RV-03
ALT-202608-002194,APP-202608-071237,R0076,2026-08-10T09:08:50,DOCUMENT,RV-02
ALT-202608-002195,APP-202608-067307,R0250,2026-08-07T12:52:34,HIGH_VALUE,RV-01
ALT-202608-002196,APP-202608-024559,R0247,2026-08-27T16:58:19,IDENTITY,RV-01
ALT-202608-002197,APP-202608-052280,R0129,2026-08-13T19:40:47,TRANSACTION_MONITORING,RV-04
ALT-202608-002198,APP-202608-069474,R0140,2026-08-13T22:51:11,DOCUMENT,RV-02
ALT-202608-002199,APP-202608-063473,R0079,2026-08-11T08:22:23,HIGH_VALUE,RV-03
ALT-202608-002200,APP-202608-018509,R0129,2026-08-31T08:29:24,IDENTITY,RV-05
ALT-202608-002201,APP-202608-043658,R0281,2026-08-08T11:26:26,TRANSACTION_MONITORING,RV-05
ALT-202608-002202,APP-202608-010008,R0079,2026-08-05T20:03:14,DOCUMENT,RV-03
ALT-202608-002203,APP-202608-054197,R0261,2026-08-26T22:47:30,HIGH_VALUE,RV-02
ALT-202608-002204,APP-202608-043171,R0250,2026-08-19T22:52:54,IDENTITY,RV-06
ALT-202608-002205,APP-202608-022684,R0002,2026-08-03T20:30:34,TRANSACTION_MONITORING,RV-03
ALT-202608-002206,APP-202608-065550,R0001,2026-08-13T15:44:48,DOCUMENT,RV-02
ALT-202608-002207,APP-202608-064472,R0261,2026-08-31T06:34:15,HIGH_VALUE,RV-02
ALT-202608-002208,APP-202608-035374,R0079,2026-08-04T16:24:59,IDENTITY,RV-04
ALT-202608-002209,APP-202608-033742,R0281,2026-08-25T22:43:43,TRANSACTION_MONITORING,RV-03
ALT-202608-002210,APP-202608-002317,R0079,2026-08-05T12:05:56,DOCUMENT,RV-04
ALT-202608-002211,APP-202608-048713,R0247,2026-08-11T16:53:19,HIGH_VALUE,RV-02
ALT-202608-002212,APP-202608-006377,R0252,2026-08-30T19:26:10,IDENTITY,RV-03
ALT-202608-002213,APP-202608-019849,R0315,2026-08-11T20:50:03,TRANSACTION_MONITORING,RV-05
ALT-202608-002214,APP-202608-030434,R0129,2026-08-13T19:26:51,DOCUMENT,RV-06
ALT-202608-002215,APP-202608-047489,R0250,2026-08-27T10:15:08,HIGH_VALUE,RV-05
ALT-202608-002216,APP-202608-045679,R0071,2026-08-20T19:12:31,IDENTITY,RV-04
ALT-202608-002217,APP-202608-041567,R0313,2026-08-20T09:09:25,TRANSACTION_MONITORING,RV-01
ALT-202608-002218,APP-202608-044403,R0302,2026-08-17T21:38:14,DOCUMENT,RV-06
ALT-202608-002219,APP-202608-038981,R0322,2026-08-28T18:09:47,HIGH_VALUE,RV-01
ALT-202608-002220,APP-202608-045221,R0250,2026-08-05T17:21:10,IDENTITY,RV-03
ALT-202608-002221,APP-202608-017757,R0217,2026-08-17T06:17:55,TRANSACTION_MONITORING,RV-06
ALT-202608-002222,APP-202608-005826,R0322,2026-08-20T08:53:24,DOCUMENT,RV-01
ALT-202608-002223,APP-202608-039823,R0247,2026-08-28T17:05:12,HIGH_VALUE,RV-03
ALT-202608-002224,APP-202608-030411,R0313,2026-08-22T13:07:45,IDENTITY,RV-04
ALT-202608-002225,APP-202608-029529,R0129,2026-08-04T12:46:40,TRANSACTION_MONITORING,RV-04
ALT-202608-002226,APP-202608-060482,R0158,2026-08-29T10:18:29,DOCUMENT,RV-06
ALT-202608-002227,APP-202608-041262,R0261,2026-08-05T18:46:40,HIGH_VALUE,RV-01
ALT-202608-002228,APP-202608-003194,R0335,2026-08-18T20:08:12,IDENTITY,RV-05
ALT-202608-002229,APP-202608-058993,R0322,2026-08-21T13:52:27,TRANSACTION_MONITORING,RV-06
ALT-202608-002230,APP-202608-052908,R0130,2026-08-03T12:20:59,DOCUMENT,RV-05
ALT-202608-002231,APP-202608-073288,R0335,2026-08-21T08:16:13,HIGH_VALUE,RV-05
ALT-202608-002232,APP-202608-005597,R0217,2026-08-08T20:34:58,IDENTITY,RV-02
ALT-202608-002233,APP-202608-003236,R0129,2026-08-16T08:49:45,TRANSACTION_MONITORING,RV-01
ALT-202608-002234,APP-202608-000010,R0129,2026-08-11T08:36:27,DOCUMENT,RV-01
ALT-202608-002235,APP-202608-023170,R0247,2026-08-15T20:27:46,HIGH_VALUE,RV-06
ALT-202608-002236,APP-202608-044844,R0252,2026-08-22T10:10:07,IDENTITY,RV-06
ALT-202608-002237,APP-202608-039335,R0081,2026-08-25T15:08:07,TRANSACTION_MONITORING,RV-04
ALT-202608-002238,APP-202608-032036,R0302,2026-08-04T14:45:23,DOCUMENT,RV-02
ALT-202608-002239,APP-202608-044392,R0071,2026-08-20T17:53:17,HIGH_VALUE,RV-01
ALT-202608-002240,APP-202608-004518,R0129,2026-08-19T18:01:09,IDENTITY,RV-01
ALT-202608-002241,APP-202608-027386,R0129,2026-08-30T18:46:21,TRANSACTION_MONITORING,RV-04
ALT-202608-002242,APP-202608-018661,R0335,2026-08-05T07:28:36,DOCUMENT,RV-06
ALT-202608-002243,APP-202608-035824,R0129,2026-08-28T18:45:50,HIGH_VALUE,RV-06
ALT-202608-002244,APP-202608-056826,R0217,2026-08-10T16:39:18,IDENTITY,RV-03
ALT-202608-002245,APP-202608-004304,R0335,2026-08-02T11:48:01,TRANSACTION_MONITORING,RV-01
ALT-202608-002246,APP-202608-039374,R0081,2026-08-08T20:35:44,DOCUMENT,RV-03
ALT-202608-002247,APP-202608-033783,R0247,2026-08-09T07:09:03,HIGH_VALUE,RV-04
ALT-202608-002248,APP-202608-036925,R0322,2026-08-11T12:51:42,IDENTITY,RV-05
ALT-202608-002249,APP-202608-024803,R0129,2026-08-03T08:39:02,TRANSACTION_MONITORING,RV-06
ALT-202608-002250,APP-202608-004817,R0064,2026-08-05T10:37:27,DOCUMENT,RV-03
ALT-202608-002251,APP-202608-031555,R0031,2026-08-01T11:06:57,HIGH_VALUE,RV-04
ALT-202608-002252,APP-202608-032989,R0129,2026-08-22T21:53:06,IDENTITY,RV-04
ALT-202608-002253,APP-202608-039458,R0071,2026-08-18T08:11:24,TRANSACTION_MONITORING,RV-04
ALT-202608-002254,APP-202608-044408,R0002,2026-08-07T12:07:46,DOCUMENT,RV-03
ALT-202608-002255,APP-202608-005815,R0130,2026-08-31T10:44:29,HIGH_VALUE,RV-01
ALT-202608-002256,APP-202608-055062,R0130,2026-08-22T18:36:26,IDENTITY,RV-02
ALT-202608-002257,APP-202608-053965,R0079,2026-08-23T17:05:36,TRANSACTION_MONITORING,RV-05
ALT-202608-002258,APP-202608-016598,R0079,2026-08-31T13:55:43,DOCUMENT,RV-01
ALT-202608-002259,APP-202608-059399,R0335,2026-08-04T10:45:24,HIGH_VALUE,RV-05
ALT-202608-002260,APP-202608-074219,R0129,2026-08-15T10:55:22,IDENTITY,RV-04
ALT-202608-002261,APP-202608-011559,R0002,2026-08-29T07:58:27,TRANSACTION_MONITORING,RV-02
ALT-202608-002262,APP-202608-042809,R0109,2026-08-20T20:46:28,DOCUMENT,RV-01
ALT-202608-002263,APP-202608-064123,R0250,2026-08-05T08:18:59,HIGH_VALUE,RV-04
ALT-202608-002264,APP-202608-067690,R0335,2026-08-16T21:11:10,IDENTITY,RV-06
ALT-202608-002265,APP-202608-010684,R0002,2026-08-22T17:49:42,TRANSACTION_MONITORING,RV-04
ALT-202608-002266,APP-202608-010286,R0261,2026-08-19T15:43:34,DOCUMENT,RV-04
ALT-202608-002267,APP-202608-038968,R0002,2026-08-18T16:53:04,HIGH_VALUE,RV-06
ALT-202608-002268,APP-202608-053832,R0142,2026-08-19T08:08:14,IDENTITY,RV-05
ALT-202608-002269,APP-202608-055202,R0335,2026-08-04T19:01:49,TRANSACTION_MONITORING,RV-04
ALT-202608-002270,APP-202608-071589,R0322,2026-08-04T09:51:36,DOCUMENT,RV-03
ALT-202608-002271,APP-202608-033939,R0129,2026-08-04T07:23:56,HIGH_VALUE,RV-05
ALT-202608-002272,APP-202608-036085,R0313,2026-08-01T20:32:11,IDENTITY,RV-04
ALT-202608-002273,APP-202608-029567,R0129,2026-08-19T16:41:10,TRANSACTION_MONITORING,RV-05
ALT-202608-002274,APP-202608-012471,R0079,2026-08-03T07:36:17,DOCUMENT,RV-04
ALT-202608-002275,APP-202608-023972,R0002,2026-08-27T19:53:25,HIGH_VALUE,RV-02
ALT-202608-002276,APP-202608-022012,R0130,2026-08-05T19:17:03,IDENTITY,RV-05
ALT-202608-002277,APP-202608-060727,R0247,2026-08-09T09:49:51,TRANSACTION_MONITORING,RV-05
ALT-202608-002278,APP-202608-027951,R0252,2026-08-03T11:52:30,DOCUMENT,RV-06
ALT-202608-002279,APP-202608-004331,R0313,2026-08-21T07:36:18,HIGH_VALUE,RV-06
ALT-202608-002280,APP-202608-018136,R0129,2026-08-16T10:49:21,IDENTITY,RV-06
ALT-202608-002281,APP-202608-028466,R0129,2026-08-18T06:59:27,TRANSACTION_MONITORING,RV-01
ALT-202608-002282,APP-202608-054709,R0079,2026-08-18T21:49:46,DOCUMENT,RV-05
ALT-202608-002283,APP-202608-068910,R0064,2026-08-25T19:18:55,HIGH_VALUE,RV-04
ALT-202608-002284,APP-202608-043894,R0335,2026-08-31T13:11:12,IDENTITY,RV-05
ALT-202608-002285,APP-202608-026039,R0281,2026-08-08T09:35:12,TRANSACTION_MONITORING,RV-04
ALT-202608-002286,APP-202608-073580,R0261,2026-08-01T09:54:49,DOCUMENT,RV-01
ALT-202608-002287,APP-202608-040928,R0252,2026-08-16T22:22:38,HIGH_VALUE,RV-03
ALT-202608-002288,APP-202608-070249,R0335,2026-08-09T22:04:16,IDENTITY,RV-02
ALT-202608-002289,APP-202608-072496,R0079,2026-08-31T14:05:46,TRANSACTION_MONITORING,RV-01
ALT-202608-002290,APP-202608-025015,R0261,2026-08-15T18:34:38,DOCUMENT,RV-05
ALT-202608-002291,APP-202608-069204,R0079,2026-08-16T16:52:18,HIGH_VALUE,RV-05
ALT-202608-002292,APP-202608-016394,R0158,2026-08-10T08:26:24,IDENTITY,RV-01
ALT-202608-002293,APP-202608-002597,R0313,2026-08-19T16:41:11,TRANSACTION_MONITORING,RV-03
ALT-202608-002294,APP-202608-004575,R0071,2026-08-24T17:51:25,DOCUMENT,RV-01
ALT-202608-002295,APP-202608-023772,R0261,2026-08-25T20:43:11,HIGH_VALUE,RV-06
ALT-202608-002296,APP-202608-063296,R0281,2026-08-04T10:33:20,IDENTITY,RV-04
ALT-202608-002297,APP-202608-009630,R0064,2026-08-31T22:56:18,TRANSACTION_MONITORING,RV-02
ALT-202608-002298,APP-202608-041452,R0115,2026-08-17T11:11:20,DOCUMENT,RV-03
ALT-202608-002299,APP-202608-058609,R0322,2026-08-09T08:00:14,HIGH_VALUE,RV-05
ALT-202608-002300,APP-202608-073781,R0335,2026-08-16T19:24:46,IDENTITY,RV-05
ALT-202608-002301,APP-202608-035406,R0335,2026-08-08T17:13:09,TRANSACTION_MONITORING,RV-05
ALT-202608-002302,APP-202608-015141,R0071,2026-08-02T18:32:36,DOCUMENT,RV-03
ALT-202608-002303,APP-202608-008269,R0250,2026-08-09T15:28:03,HIGH_VALUE,RV-04
ALT-202608-002304,APP-202608-038130,R0129,2026-08-19T17:21:20,IDENTITY,RV-02
ALT-202608-002305,APP-202608-011100,R0322,2026-08-13T19:43:41,TRANSACTION_MONITORING,RV-05
ALT-202608-002306,APP-202608-047900,R0129,2026-08-26T14:39:58,DOCUMENT,RV-03
ALT-202608-002307,APP-202608-022734,R0302,2026-08-09T13:38:05,HIGH_VALUE,RV-06
ALT-202608-002308,APP-202608-028824,R0313,2026-08-14T12:59:53,IDENTITY,RV-03
ALT-202608-002309,APP-202608-053780,R0142,2026-08-27T14:20:36,TRANSACTION_MONITORING,RV-06
ALT-202608-002310,APP-202608-047381,R0335,2026-08-27T14:33:51,DOCUMENT,RV-02
ALT-202608-002311,APP-202608-006487,R0129,2026-08-10T08:42:43,HIGH_VALUE,RV-05
ALT-202608-002312,APP-202608-011385,R0129,2026-08-03T07:27:04,IDENTITY,RV-05
ALT-202608-002313,APP-202608-041955,R0250,2026-08-28T10:11:53,TRANSACTION_MONITORING,RV-04
ALT-202608-002314,APP-202608-050186,R0315,2026-08-12T11:51:54,DOCUMENT,RV-05
ALT-202608-002315,APP-202608-041851,R0002,2026-08-18T20:21:41,HIGH_VALUE,RV-06
ALT-202608-002316,APP-202608-011752,R0313,2026-08-04T19:45:41,IDENTITY,RV-02
ALT-202608-002317,APP-202608-014000,R0064,2026-08-25T19:59:57,TRANSACTION_MONITORING,RV-04
ALT-202608-002318,APP-202608-062877,R0129,2026-08-12T10:59:22,DOCUMENT,RV-02
ALT-202608-002319,APP-202608-056630,R0250,2026-08-16T06:11:04,HIGH_VALUE,RV-04
ALT-202608-002320,APP-202608-015522,R0031,2026-08-15T18:00:37,IDENTITY,RV-03
ALT-202608-002321,APP-202608-051183,R0158,2026-08-12T13:34:24,TRANSACTION_MONITORING,RV-02
ALT-202608-002322,APP-202608-008514,R0079,2026-08-22T09:18:04,DOCUMENT,RV-05
ALT-202608-002323,APP-202608-071417,R0079,2026-08-12T14:39:16,HIGH_VALUE,RV-04
ALT-202608-002324,APP-202608-032779,R0070,2026-08-26T15:30:07,IDENTITY,RV-01
ALT-202608-002325,APP-202608-034342,R0250,2026-08-29T13:56:18,TRANSACTION_MONITORING,RV-06
ALT-202608-002326,APP-202608-022117,R0335,2026-08-14T15:22:58,DOCUMENT,RV-05
ALT-202608-002327,APP-202608-018759,R0130,2026-08-01T06:57:26,HIGH_VALUE,RV-04
ALT-202608-002328,APP-202608-003185,R0261,2026-08-14T19:28:06,IDENTITY,RV-04
ALT-202608-002329,APP-202608-064495,R0335,2026-08-12T07:22:04,TRANSACTION_MONITORING,RV-01
ALT-202608-002330,APP-202608-055935,R0129,2026-08-14T08:14:26,DOCUMENT,RV-06
ALT-202608-002331,APP-202608-072549,R0247,2026-08-23T18:48:55,HIGH_VALUE,RV-04
ALT-202608-002332,APP-202608-034171,R0129,2026-08-17T15:03:09,IDENTITY,RV-06
ALT-202608-002333,APP-202608-074026,R0109,2026-08-01T11:47:09,TRANSACTION_MONITORING,RV-05
ALT-202608-002334,APP-202608-049186,R0070,2026-08-19T21:50:59,DOCUMENT,RV-02
ALT-202608-002335,APP-202608-051830,R0335,2026-08-22T18:22:15,HIGH_VALUE,RV-02
ALT-202608-002336,APP-202608-009920,R0261,2026-08-01T20:30:57,IDENTITY,RV-06
ALT-202608-002337,APP-202608-041280,R0217,2026-08-19T16:07:41,TRANSACTION_MONITORING,RV-02
ALT-202608-002338,APP-202608-051649,R0076,2026-08-28T21:00:56,DOCUMENT,RV-05
ALT-202608-002339,APP-202608-044042,R0247,2026-08-23T18:48:46,HIGH_VALUE,RV-04
ALT-202608-002340,APP-202608-060675,R0313,2026-08-07T16:48:40,IDENTITY,RV-04
ALT-202608-002341,APP-202608-022572,R0142,2026-08-14T20:12:13,TRANSACTION_MONITORING,RV-06
ALT-202608-002342,APP-202608-044108,R0250,2026-08-03T19:48:38,DOCUMENT,RV-05
ALT-202608-002343,APP-202608-016004,R0079,2026-08-05T22:05:40,HIGH_VALUE,RV-01
ALT-202608-002344,APP-202608-048045,R0247,2026-08-11T17:56:46,IDENTITY,RV-06
ALT-202608-002345,APP-202608-045126,R0081,2026-08-26T11:35:51,TRANSACTION_MONITORING,RV-02
ALT-202608-002346,APP-202608-022412,R0252,2026-08-22T12:01:29,DOCUMENT,RV-03
ALT-202608-002347,APP-202608-012033,R0281,2026-08-31T13:28:54,HIGH_VALUE,RV-01
ALT-202608-002348,APP-202608-015084,R0130,2026-08-25T12:38:13,IDENTITY,RV-03
ALT-202608-002349,APP-202608-068029,R0079,2026-08-05T17:19:09,TRANSACTION_MONITORING,RV-05
ALT-202608-002350,APP-202608-026589,R0281,2026-08-15T19:58:01,DOCUMENT,RV-03
ALT-202608-002351,APP-202608-066625,R0252,2026-08-01T17:47:21,HIGH_VALUE,RV-05
ALT-202608-002352,APP-202608-020631,R0109,2026-08-20T20:54:34,IDENTITY,RV-01
ALT-202608-002353,APP-202608-022298,R0247,2026-08-16T16:19:51,TRANSACTION_MONITORING,RV-04
ALT-202608-002354,APP-202608-010578,R0002,2026-08-31T11:46:06,DOCUMENT,RV-04
ALT-202608-002355,APP-202608-058431,R0045,2026-08-11T15:40:16,HIGH_VALUE,RV-02
ALT-202608-002356,APP-202608-059907,R0158,2026-08-31T16:59:52,IDENTITY,RV-02
ALT-202608-002357,APP-202608-057556,R0109,2026-08-07T15:44:15,TRANSACTION_MONITORING,RV-05
ALT-202608-002358,APP-202608-043691,R0252,2026-08-02T13:16:59,DOCUMENT,RV-06
ALT-202608-002359,APP-202608-049732,R0250,2026-08-21T16:18:21,HIGH_VALUE,RV-05
ALT-202608-002360,APP-202608-062135,R0079,2026-08-07T19:48:42,IDENTITY,RV-02
ALT-202608-002361,APP-202608-067939,R0079,2026-08-17T11:00:14,TRANSACTION_MONITORING,RV-05
ALT-202608-002362,APP-202608-074911,R0250,2026-08-01T20:07:01,DOCUMENT,RV-01
ALT-202608-002363,APP-202608-022094,R0002,2026-08-24T16:15:31,HIGH_VALUE,RV-03
ALT-202608-002364,APP-202608-056383,R0322,2026-08-23T07:01:32,IDENTITY,RV-04
ALT-202608-002365,APP-202608-019678,R0129,2026-08-18T13:50:46,TRANSACTION_MONITORING,RV-04
ALT-202608-002366,APP-202608-017487,R0002,2026-08-10T14:01:14,DOCUMENT,RV-01
ALT-202608-002367,APP-202608-070632,R0130,2026-08-26T11:42:52,HIGH_VALUE,RV-03
ALT-202608-002368,APP-202608-045681,R0261,2026-08-14T14:33:16,IDENTITY,RV-03
ALT-202608-002369,APP-202608-040665,R0142,2026-08-29T09:59:12,TRANSACTION_MONITORING,RV-01
ALT-202608-002370,APP-202608-067012,R0115,2026-08-21T13:50:56,DOCUMENT,RV-03
ALT-202608-002371,APP-202608-073991,R0281,2026-08-07T10:52:10,HIGH_VALUE,RV-03
ALT-202608-002372,APP-202608-071990,R0130,2026-08-11T09:06:27,IDENTITY,RV-06
ALT-202608-002373,APP-202608-011849,R0247,2026-08-05T06:47:07,TRANSACTION_MONITORING,RV-02
ALT-202608-002374,APP-202608-011983,R0079,2026-08-04T09:01:51,DOCUMENT,RV-06
ALT-202608-002375,APP-202608-073913,R0252,2026-08-14T07:28:40,HIGH_VALUE,RV-03
ALT-202608-002376,APP-202608-009120,R0261,2026-08-14T13:23:30,IDENTITY,RV-06
ALT-202608-002377,APP-202608-005640,R0322,2026-08-12T08:15:24,TRANSACTION_MONITORING,RV-05
ALT-202608-002378,APP-202608-057555,R0079,2026-08-12T17:26:07,DOCUMENT,RV-01
ALT-202608-002379,APP-202608-031672,R0081,2026-08-16T15:41:09,HIGH_VALUE,RV-02
ALT-202608-002380,APP-202608-070118,R0001,2026-08-01T21:42:05,IDENTITY,RV-01
ALT-202608-002381,APP-202608-055910,R0142,2026-08-09T09:06:51,TRANSACTION_MONITORING,RV-03
ALT-202608-002382,APP-202608-024027,R0129,2026-08-13T09:25:16,DOCUMENT,RV-02
ALT-202608-002383,APP-202608-066823,R0002,2026-08-28T17:29:36,HIGH_VALUE,RV-06
ALT-202608-002384,APP-202608-007729,R0079,2026-08-16T12:00:58,IDENTITY,RV-04
ALT-202608-002385,APP-202608-012982,R0130,2026-08-14T15:15:07,TRANSACTION_MONITORING,RV-01
ALT-202608-002386,APP-202608-065984,R0322,2026-08-14T22:24:59,DOCUMENT,RV-03
ALT-202608-002387,APP-202608-034592,R0261,2026-08-17T08:34:52,HIGH_VALUE,RV-05
ALT-202608-002388,APP-202608-070485,R0250,2026-08-26T17:58:48,IDENTITY,RV-04
ALT-202608-002389,APP-202608-000653,R0129,2026-08-05T17:20:18,TRANSACTION_MONITORING,RV-05
ALT-202608-002390,APP-202608-057941,R0252,2026-08-17T19:20:38,DOCUMENT,RV-01
ALT-202608-002391,APP-202608-000163,R0335,2026-08-24T21:46:27,HIGH_VALUE,RV-06
ALT-202608-002392,APP-202608-048572,R0261,2026-08-02T06:48:21,IDENTITY,RV-01
ALT-202608-002393,APP-202608-031416,R0115,2026-08-27T09:16:33,TRANSACTION_MONITORING,RV-03
ALT-202608-002394,APP-202608-038837,R0261,2026-08-11T13:30:20,DOCUMENT,RV-01
ALT-202608-002395,APP-202608-023459,R0071,2026-08-26T08:46:08,HIGH_VALUE,RV-02
ALT-202608-002396,APP-202608-038962,R0217,2026-08-23T21:05:21,IDENTITY,RV-02
ALT-202608-002397,APP-202608-012418,R0158,2026-08-09T22:59:06,TRANSACTION_MONITORING,RV-06
ALT-202608-002398,APP-202608-002646,R0079,2026-08-21T17:11:56,DOCUMENT,RV-06
ALT-202608-002399,APP-202608-062527,R0217,2026-08-01T20:44:14,HIGH_VALUE,RV-04
ALT-202608-002400,APP-202608-007002,R0247,2026-08-06T16:37:24,IDENTITY,RV-02
ALT-202608-002401,APP-202608-041170,R0217,2026-08-30T22:29:46,TRANSACTION_MONITORING,RV-06
ALT-202608-002402,APP-202608-035583,R0315,2026-08-17T22:54:22,DOCUMENT,RV-01
ALT-202608-002403,APP-202608-013050,R0313,2026-08-03T21:49:36,HIGH_VALUE,RV-05
ALT-202608-002404,APP-202608-013150,R0322,2026-08-07T22:50:55,IDENTITY,RV-06
ALT-202608-002405,APP-202608-045058,R0079,2026-08-20T18:31:39,TRANSACTION_MONITORING,RV-03
ALT-202608-002406,APP-202608-049222,R0217,2026-08-28T15:38:49,DOCUMENT,RV-02
ALT-202608-002407,APP-202608-012214,R0079,2026-08-18T15:57:24,HIGH_VALUE,RV-03
ALT-202608-002408,APP-202608-041822,R0247,2026-08-20T16:18:02,IDENTITY,RV-04
ALT-202608-002409,APP-202608-042526,R0079,2026-08-08T06:36:37,TRANSACTION_MONITORING,RV-01
ALT-202608-002410,APP-202608-065573,R0250,2026-08-16T08:56:05,DOCUMENT,RV-03
ALT-202608-002411,APP-202608-013018,R0109,2026-08-16T20:42:14,HIGH_VALUE,RV-02
ALT-202608-002412,APP-202608-025447,R0252,2026-08-01T11:40:21,IDENTITY,RV-05
ALT-202608-002413,APP-202608-047878,R0081,2026-08-10T15:52:09,TRANSACTION_MONITORING,RV-04
ALT-202608-002414,APP-202608-065925,R0129,2026-08-31T20:07:47,DOCUMENT,RV-06
ALT-202608-002415,APP-202608-061139,R0247,2026-08-24T15:47:16,HIGH_VALUE,RV-02
ALT-202608-002416,APP-202608-040989,R0273,2026-08-01T14:22:26,IDENTITY,RV-03
ALT-202608-002417,APP-202608-013297,R0313,2026-08-26T17:11:50,TRANSACTION_MONITORING,RV-02
ALT-202608-002418,APP-202608-029162,R0064,2026-08-12T14:37:40,DOCUMENT,RV-02
ALT-202608-002419,APP-202608-048382,R0071,2026-08-03T10:07:07,HIGH_VALUE,RV-05
ALT-202608-002420,APP-202608-019247,R0261,2026-08-04T16:02:26,IDENTITY,RV-05
ALT-202608-002421,APP-202608-045511,R0261,2026-08-08T19:27:04,TRANSACTION_MONITORING,RV-02
ALT-202608-002422,APP-202608-043902,R0071,2026-08-04T21:55:13,DOCUMENT,RV-03
ALT-202608-002423,APP-202608-063710,R0002,2026-08-07T11:27:47,HIGH_VALUE,RV-06
ALT-202608-002424,APP-202608-018952,R0261,2026-08-03T18:34:57,IDENTITY,RV-01
ALT-202608-002425,APP-202608-067358,R0247,2026-08-08T17:15:33,TRANSACTION_MONITORING,RV-04
ALT-202608-002426,APP-202608-010457,R0129,2026-08-22T08:13:07,DOCUMENT,RV-04
ALT-202608-002427,APP-202608-046424,R0142,2026-08-15T20:47:13,HIGH_VALUE,RV-06
ALT-202608-002428,APP-202608-040800,R0071,2026-08-06T19:45:28,IDENTITY,RV-05
ALT-202608-002429,APP-202608-066235,R0070,2026-08-03T07:30:54,TRANSACTION_MONITORING,RV-06
ALT-202608-002430,APP-202608-046843,R0002,2026-08-25T11:12:41,DOCUMENT,RV-04
ALT-202608-002431,APP-202608-025347,R0261,2026-08-23T17:36:18,HIGH_VALUE,RV-06
ALT-202608-002432,APP-202608-066568,R0261,2026-08-04T18:50:33,IDENTITY,RV-02
ALT-202608-002433,APP-202608-041224,R0129,2026-08-13T21:45:29,TRANSACTION_MONITORING,RV-04
ALT-202608-002434,APP-202608-052530,R0335,2026-08-27T18:09:00,DOCUMENT,RV-05
ALT-202608-002435,APP-202608-012172,R0335,2026-08-03T06:46:37,HIGH_VALUE,RV-02
ALT-202608-002436,APP-202608-073737,R0158,2026-08-15T15:25:12,IDENTITY,RV-05
ALT-202608-002437,APP-202608-045007,R0076,2026-08-22T09:54:29,TRANSACTION_MONITORING,RV-01
ALT-202608-002438,APP-202608-031727,R0002,2026-08-25T06:53:31,DOCUMENT,RV-04
ALT-202608-002439,APP-202608-015498,R0130,2026-08-17T20:49:00,HIGH_VALUE,RV-03
ALT-202608-002440,APP-202608-072932,R0076,2026-08-25T10:46:42,IDENTITY,RV-01
ALT-202608-002441,APP-202608-066285,R0322,2026-08-23T20:03:57,TRANSACTION_MONITORING,RV-03
ALT-202608-002442,APP-202608-012576,R0335,2026-08-14T11:26:39,DOCUMENT,RV-03
ALT-202608-002443,APP-202608-042838,R0076,2026-08-12T06:07:17,HIGH_VALUE,RV-01
ALT-202608-002444,APP-202608-005562,R0217,2026-08-03T22:45:11,IDENTITY,RV-01
ALT-202608-002445,APP-202608-047620,R0261,2026-08-12T10:16:48,TRANSACTION_MONITORING,RV-06
ALT-202608-002446,APP-202608-029198,R0115,2026-08-05T20:41:09,DOCUMENT,RV-03
ALT-202608-002447,APP-202608-040826,R0002,2026-08-27T11:23:47,HIGH_VALUE,RV-02
ALT-202608-002448,APP-202608-007180,R0002,2026-08-24T14:03:15,IDENTITY,RV-06
ALT-202608-002449,APP-202608-008946,R0315,2026-08-11T06:18:10,TRANSACTION_MONITORING,RV-01
ALT-202608-002450,APP-202608-038980,R0217,2026-08-04T13:34:13,DOCUMENT,RV-06
ALT-202608-002451,APP-202608-010658,R0070,2026-08-21T08:56:46,HIGH_VALUE,RV-04
ALT-202608-002452,APP-202608-024495,R0147,2026-08-25T07:38:02,IDENTITY,RV-01
ALT-202608-002453,APP-202608-013388,R0322,2026-08-12T22:02:40,TRANSACTION_MONITORING,RV-04
ALT-202608-002454,APP-202608-028506,R0129,2026-08-28T10:57:09,DOCUMENT,RV-02
ALT-202608-002455,APP-202608-002488,R0261,2026-08-23T16:50:53,HIGH_VALUE,RV-03
ALT-202608-002456,APP-202608-073430,R0115,2026-08-04T07:49:58,IDENTITY,RV-04
ALT-202608-002457,APP-202608-073543,R0079,2026-08-25T10:33:21,TRANSACTION_MONITORING,RV-05
ALT-202608-002458,APP-202608-060806,R0261,2026-08-20T07:42:42,DOCUMENT,RV-05
ALT-202608-002459,APP-202608-020206,R0129,2026-08-16T18:57:50,HIGH_VALUE,RV-05
ALT-202608-002460,APP-202608-047574,R0142,2026-08-16T14:54:35,IDENTITY,RV-02
ALT-202608-002461,APP-202608-003385,R0250,2026-08-12T18:54:02,TRANSACTION_MONITORING,RV-02
ALT-202608-002462,APP-202608-065992,R0273,2026-08-29T09:17:43,DOCUMENT,RV-02
ALT-202608-002463,APP-202608-031922,R0261,2026-08-15T12:00:02,HIGH_VALUE,RV-02
ALT-202608-002464,APP-202608-074994,R0250,2026-08-04T08:42:39,IDENTITY,RV-05
ALT-202608-002465,APP-202608-050030,R0322,2026-08-14T10:20:32,TRANSACTION_MONITORING,RV-01
ALT-202608-002466,APP-202608-015929,R0322,2026-08-08T07:19:37,DOCUMENT,RV-02
ALT-202608-002467,APP-202608-035792,R0261,2026-08-26T16:34:03,HIGH_VALUE,RV-01
ALT-202608-002468,APP-202608-059368,R0302,2026-08-04T09:46:10,IDENTITY,RV-05
ALT-202608-002469,APP-202608-006086,R0079,2026-08-15T14:35:40,TRANSACTION_MONITORING,RV-02
ALT-202608-002470,APP-202608-060419,R0247,2026-08-15T20:00:02,DOCUMENT,RV-06
ALT-202608-002471,APP-202608-073650,R0079,2026-08-20T13:28:12,HIGH_VALUE,RV-04
ALT-202608-002472,APP-202608-028673,R0109,2026-08-07T20:51:43,IDENTITY,RV-05
ALT-202608-002473,APP-202608-064478,R0335,2026-08-26T15:56:23,TRANSACTION_MONITORING,RV-05
ALT-202608-002474,APP-202608-003170,R0302,2026-08-03T13:16:33,DOCUMENT,RV-05
ALT-202608-002475,APP-202608-058374,R0001,2026-08-05T07:45:10,HIGH_VALUE,RV-04
ALT-202608-002476,APP-202608-057098,R0081,2026-08-02T19:48:14,IDENTITY,RV-01
ALT-202608-002477,APP-202608-053374,R0129,2026-08-18T17:58:12,TRANSACTION_MONITORING,RV-06
ALT-202608-002478,APP-202608-018736,R0129,2026-08-31T09:58:11,DOCUMENT,RV-01
ALT-202608-002479,APP-202608-065146,R0250,2026-08-25T06:07:29,HIGH_VALUE,RV-01
ALT-202608-002480,APP-202608-003827,R0002,2026-08-21T17:44:43,IDENTITY,RV-03
ALT-202608-002481,APP-202608-042299,R0335,2026-08-02T15:06:16,TRANSACTION_MONITORING,RV-01
ALT-202608-002482,APP-202608-010898,R0001,2026-08-24T17:23:07,DOCUMENT,RV-06
ALT-202608-002483,APP-202608-057854,R0079,2026-08-08T11:51:07,HIGH_VALUE,RV-02
ALT-202608-002484,APP-202608-000375,R0261,2026-08-03T18:54:54,IDENTITY,RV-01
ALT-202608-002485,APP-202608-061394,R0001,2026-08-22T22:54:40,TRANSACTION_MONITORING,RV-02
ALT-202608-002486,APP-202608-003382,R0076,2026-08-13T19:13:50,DOCUMENT,RV-03
ALT-202608-002487,APP-202608-035588,R0335,2026-08-26T06:54:53,HIGH_VALUE,RV-03
ALT-202608-002488,APP-202608-043045,R0247,2026-08-08T12:12:27,IDENTITY,RV-01
ALT-202608-002489,APP-202608-044965,R0252,2026-08-04T11:32:44,TRANSACTION_MONITORING,RV-04
ALT-202608-002490,APP-202608-050232,R0315,2026-08-17T19:26:57,DOCUMENT,RV-06
ALT-202608-002491,APP-202608-064954,R0129,2026-08-17T14:41:30,HIGH_VALUE,RV-02
ALT-202608-002492,APP-202608-020363,R0261,2026-08-11T06:15:07,IDENTITY,RV-01
ALT-202608-002493,APP-202608-029893,R0313,2026-08-10T17:44:57,TRANSACTION_MONITORING,RV-01
ALT-202608-002494,APP-202608-072151,R0335,2026-08-23T16:33:04,DOCUMENT,RV-06
ALT-202608-002495,APP-202608-022924,R0079,2026-08-10T13:01:00,HIGH_VALUE,RV-05
ALT-202608-002496,APP-202608-016754,R0064,2026-08-20T19:48:17,IDENTITY,RV-01
ALT-202608-002497,APP-202608-030931,R0038,2026-08-11T16:38:52,TRANSACTION_MONITORING,RV-06
ALT-202608-002498,APP-202608-000229,R0335,2026-08-28T21:14:37,DOCUMENT,RV-02
ALT-202608-002499,APP-202608-015891,R0129,2026-08-21T22:26:55,HIGH_VALUE,RV-05
ALT-202608-002500,APP-202608-061010,R0071,2026-08-30T06:56:03,IDENTITY,RV-02
ALT-202608-002501,APP-202608-069077,R0261,2026-08-09T16:24:04,TRANSACTION_MONITORING,RV-03
ALT-202608-002502,APP-202608-060285,R0142,2026-08-27T19:23:14,DOCUMENT,RV-02
ALT-202608-002503,APP-202608-033776,R0081,2026-08-03T20:57:03,HIGH_VALUE,RV-01
ALT-202608-002504,APP-202608-067667,R0261,2026-08-31T09:59:01,IDENTITY,RV-06
ALT-202608-002505,APP-202608-041445,R0302,2026-08-13T15:22:07,TRANSACTION_MONITORING,RV-03
ALT-202608-002506,APP-202608-055230,R0158,2026-08-10T11:54:07,DOCUMENT,RV-05
ALT-202608-002507,APP-202608-004730,R0079,2026-08-03T09:48:38,HIGH_VALUE,RV-01
ALT-202608-002508,APP-202608-066090,R0250,2026-08-09T12:01:33,IDENTITY,RV-06
ALT-202608-002509,APP-202608-063834,R0081,2026-08-02T15:52:08,TRANSACTION_MONITORING,RV-02
ALT-202608-002510,APP-202608-055512,R0129,2026-08-28T12:15:57,DOCUMENT,RV-06
ALT-202608-002511,APP-202608-057252,R0129,2026-08-07T18:18:27,HIGH_VALUE,RV-02
ALT-202608-002512,APP-202608-014685,R0129,2026-08-25T18:56:51,IDENTITY,RV-05
ALT-202608-002513,APP-202608-067280,R0129,2026-08-17T18:55:09,TRANSACTION_MONITORING,RV-02
ALT-202608-002514,APP-202608-058947,R0247,2026-08-20T15:01:37,DOCUMENT,RV-05
ALT-202608-002515,APP-202608-007375,R0261,2026-08-20T12:27:23,HIGH_VALUE,RV-04
ALT-202608-002516,APP-202608-000287,R0130,2026-08-08T08:29:31,IDENTITY,RV-03
ALT-202608-002517,APP-202608-024552,R0129,2026-08-06T15:44:07,TRANSACTION_MONITORING,RV-04
ALT-202608-002518,APP-202608-009915,R0252,2026-08-03T14:06:35,DOCUMENT,RV-01
ALT-202608-002519,APP-202608-002620,R0252,2026-08-29T08:08:43,HIGH_VALUE,RV-04
ALT-202608-002520,APP-202608-041587,R0281,2026-08-24T16:07:17,IDENTITY,RV-05
ALT-202608-002521,APP-202608-040081,R0322,2026-08-20T09:46:53,TRANSACTION_MONITORING,RV-02
ALT-202608-002522,APP-202608-054650,R0335,2026-08-23T11:37:25,DOCUMENT,RV-02
ALT-202608-002523,APP-202608-046444,R0335,2026-08-20T06:04:12,HIGH_VALUE,RV-02
ALT-202608-002524,APP-202608-042099,R0129,2026-08-03T13:05:47,IDENTITY,RV-05
ALT-202608-002525,APP-202608-038858,R0252,2026-08-03T16:49:36,TRANSACTION_MONITORING,RV-03
ALT-202608-002526,APP-202608-071420,R0130,2026-08-17T06:42:21,DOCUMENT,RV-05
ALT-202608-002527,APP-202608-030932,R0261,2026-08-04T13:29:24,HIGH_VALUE,RV-01
ALT-202608-002528,APP-202608-016499,R0261,2026-08-19T07:16:23,IDENTITY,RV-02
ALT-202608-002529,APP-202608-012577,R0129,2026-08-21T11:11:07,TRANSACTION_MONITORING,RV-06
ALT-202608-002530,APP-202608-045908,R0079,2026-08-03T12:16:01,DOCUMENT,RV-02
ALT-202608-002531,APP-202608-059154,R0130,2026-08-22T10:50:03,HIGH_VALUE,RV-02
ALT-202608-002532,APP-202608-069417,R0217,2026-08-17T08:19:19,IDENTITY,RV-01
ALT-202608-002533,APP-202608-011319,R0002,2026-08-25T16:20:08,TRANSACTION_MONITORING,RV-06
ALT-202608-002534,APP-202608-020305,R0109,2026-08-23T11:52:32,DOCUMENT,RV-01
ALT-202608-002535,APP-202608-037869,R0250,2026-08-04T16:47:48,HIGH_VALUE,RV-06
ALT-202608-002536,APP-202608-020147,R0140,2026-08-24T17:20:33,IDENTITY,RV-06
ALT-202608-002537,APP-202608-036010,R0158,2026-08-18T06:23:44,TRANSACTION_MONITORING,RV-01
ALT-202608-002538,APP-202608-030916,R0335,2026-08-04T07:59:42,DOCUMENT,RV-04
ALT-202608-002539,APP-202608-058137,R0142,2026-08-02T16:43:35,HIGH_VALUE,RV-03
ALT-202608-002540,APP-202608-070973,R0070,2026-08-11T18:32:31,IDENTITY,RV-02
ALT-202608-002541,APP-202608-002710,R0115,2026-08-17T19:28:56,TRANSACTION_MONITORING,RV-04
ALT-202608-002542,APP-202608-025586,R0217,2026-08-22T06:43:35,DOCUMENT,RV-03
ALT-202608-002543,APP-202608-024119,R0322,2026-08-09T12:20:55,HIGH_VALUE,RV-03
ALT-202608-002544,APP-202608-004600,R0335,2026-08-23T07:33:01,IDENTITY,RV-01
ALT-202608-002545,APP-202608-026381,R0147,2026-08-26T07:39:37,TRANSACTION_MONITORING,RV-02
ALT-202608-002546,APP-202608-067899,R0142,2026-08-11T19:48:44,DOCUMENT,RV-05
ALT-202608-002547,APP-202608-007107,R0079,2026-08-17T17:30:07,HIGH_VALUE,RV-02
ALT-202608-002548,APP-202608-048610,R0076,2026-08-19T11:16:21,IDENTITY,RV-05
ALT-202608-002549,APP-202608-062635,R0129,2026-08-22T13:17:08,TRANSACTION_MONITORING,RV-04
ALT-202608-002550,APP-202608-058506,R0130,2026-08-28T07:55:48,DOCUMENT,RV-02
ALT-202608-002551,APP-202608-031571,R0315,2026-08-31T21:01:14,HIGH_VALUE,RV-03
ALT-202608-002552,APP-202608-022141,R0064,2026-08-10T17:44:13,IDENTITY,RV-05
ALT-202608-002553,APP-202608-023800,R0076,2026-08-14T13:10:31,TRANSACTION_MONITORING,RV-04
ALT-202608-002554,APP-202608-073794,R0079,2026-08-07T07:49:08,DOCUMENT,RV-05
ALT-202608-002555,APP-202608-033770,R0064,2026-08-03T14:20:46,HIGH_VALUE,RV-03
ALT-202608-002556,APP-202608-072742,R0273,2026-08-30T10:41:00,IDENTITY,RV-03
ALT-202608-002557,APP-202608-056453,R0322,2026-08-16T11:45:41,TRANSACTION_MONITORING,RV-03
ALT-202608-002558,APP-202608-007667,R0247,2026-08-22T18:07:44,DOCUMENT,RV-01
ALT-202608-002559,APP-202608-016758,R0129,2026-08-29T20:49:39,HIGH_VALUE,RV-06
ALT-202608-002560,APP-202608-055945,R0261,2026-08-21T22:50:09,IDENTITY,RV-04
ALT-202608-002561,APP-202608-013117,R0002,2026-08-01T13:57:30,TRANSACTION_MONITORING,RV-01
ALT-202608-002562,APP-202608-028129,R0129,2026-08-01T09:49:44,DOCUMENT,RV-01
ALT-202608-002563,APP-202608-034694,R0129,2026-08-16T12:23:38,HIGH_VALUE,RV-03
ALT-202608-002564,APP-202608-029546,R0335,2026-08-11T08:54:03,IDENTITY,RV-06
ALT-202608-002565,APP-202608-011322,R0129,2026-08-10T20:38:39,TRANSACTION_MONITORING,RV-06
ALT-202608-002566,APP-202608-008903,R0250,2026-08-15T16:34:54,DOCUMENT,RV-04
ALT-202608-002567,APP-202608-071462,R0261,2026-08-04T22:27:09,HIGH_VALUE,RV-02
ALT-202608-002568,APP-202608-070951,R0261,2026-08-28T08:06:22,IDENTITY,RV-01
ALT-202608-002569,APP-202608-064198,R0076,2026-08-21T18:18:27,TRANSACTION_MONITORING,RV-06
ALT-202608-002570,APP-202608-061049,R0335,2026-08-04T07:06:58,DOCUMENT,RV-01
ALT-202608-002571,APP-202608-046428,R0217,2026-08-20T07:12:05,HIGH_VALUE,RV-06
ALT-202608-002572,APP-202608-004051,R0129,2026-08-04T10:41:24,IDENTITY,RV-02
ALT-202608-002573,APP-202608-060015,R0071,2026-08-26T13:08:42,TRANSACTION_MONITORING,RV-03
ALT-202608-002574,APP-202608-037814,R0273,2026-08-28T07:04:04,DOCUMENT,RV-05
ALT-202608-002575,APP-202608-055801,R0079,2026-08-16T21:45:44,HIGH_VALUE,RV-05
ALT-202608-002576,APP-202608-070752,R0076,2026-08-09T07:56:49,IDENTITY,RV-01
ALT-202608-002577,APP-202608-041194,R0129,2026-08-06T10:27:48,TRANSACTION_MONITORING,RV-03
ALT-202608-002578,APP-202608-033272,R0140,2026-08-23T17:27:08,DOCUMENT,RV-04
ALT-202608-002579,APP-202608-010493,R0217,2026-08-24T14:38:54,HIGH_VALUE,RV-03
ALT-202608-002580,APP-202608-004396,R0129,2026-08-24T21:55:43,IDENTITY,RV-04
ALT-202608-002581,APP-202608-062015,R0261,2026-08-30T06:13:28,TRANSACTION_MONITORING,RV-05
ALT-202608-002582,APP-202608-060976,R0129,2026-08-27T22:13:08,DOCUMENT,RV-03
ALT-202608-002583,APP-202608-015941,R0335,2026-08-12T17:10:36,HIGH_VALUE,RV-05
ALT-202608-002584,APP-202608-051043,R0070,2026-08-28T18:17:52,IDENTITY,RV-04
ALT-202608-002585,APP-202608-026573,R0247,2026-08-05T19:22:55,TRANSACTION_MONITORING,RV-01
ALT-202608-002586,APP-202608-022111,R0081,2026-08-29T15:34:55,DOCUMENT,RV-06
ALT-202608-002587,APP-202608-066426,R0335,2026-08-23T15:28:50,HIGH_VALUE,RV-02
ALT-202608-002588,APP-202608-070221,R0261,2026-08-24T13:08:45,IDENTITY,RV-02
ALT-202608-002589,APP-202608-028560,R0129,2026-08-22T12:16:45,TRANSACTION_MONITORING,RV-02
ALT-202608-002590,APP-202608-031571,R0079,2026-08-12T22:01:20,DOCUMENT,RV-02
ALT-202608-002591,APP-202608-070887,R0129,2026-08-10T14:09:53,HIGH_VALUE,RV-06
ALT-202608-002592,APP-202608-073426,R0081,2026-08-10T07:50:05,IDENTITY,RV-04
ALT-202608-002593,APP-202608-049247,R0250,2026-08-30T19:16:07,TRANSACTION_MONITORING,RV-06
ALT-202608-002594,APP-202608-009113,R0130,2026-08-07T11:48:40,DOCUMENT,RV-01
ALT-202608-002595,APP-202608-009557,R0335,2026-08-07T12:46:26,HIGH_VALUE,RV-04
ALT-202608-002596,APP-202608-050067,R0129,2026-08-12T07:17:31,IDENTITY,RV-01
ALT-202608-002597,APP-202608-073665,R0247,2026-08-23T19:55:25,TRANSACTION_MONITORING,RV-05
ALT-202608-002598,APP-202608-071114,R0115,2026-08-10T08:37:08,DOCUMENT,RV-05
ALT-202608-002599,APP-202608-036866,R0335,2026-08-22T22:11:49,HIGH_VALUE,RV-03
ALT-202608-002600,APP-202608-062492,R0147,2026-08-27T12:21:39,IDENTITY,RV-06
ALT-202608-002601,APP-202608-009454,R0261,2026-08-11T11:45:40,TRANSACTION_MONITORING,RV-01
ALT-202608-002602,APP-202608-055376,R0217,2026-08-16T15:51:22,DOCUMENT,RV-06
ALT-202608-002603,APP-202608-003122,R0250,2026-08-02T09:19:44,HIGH_VALUE,RV-06
ALT-202608-002604,APP-202608-016523,R0129,2026-08-11T21:51:33,IDENTITY,RV-05
ALT-202608-002605,APP-202608-034541,R0247,2026-08-11T18:04:49,TRANSACTION_MONITORING,RV-03
ALT-202608-002606,APP-202608-074768,R0129,2026-08-31T14:43:15,DOCUMENT,RV-06
ALT-202608-002607,APP-202608-058469,R0115,2026-08-08T10:13:26,HIGH_VALUE,RV-05
ALT-202608-002608,APP-202608-069418,R0002,2026-08-09T12:20:02,IDENTITY,RV-04
ALT-202608-002609,APP-202608-056287,R0079,2026-08-29T10:22:42,TRANSACTION_MONITORING,RV-05
ALT-202608-002610,APP-202608-015122,R0129,2026-08-14T16:45:42,DOCUMENT,RV-06
ALT-202608-002611,APP-202608-050936,R0217,2026-08-25T20:45:52,HIGH_VALUE,RV-02
ALT-202608-002612,APP-202608-023675,R0079,2026-08-05T16:44:18,IDENTITY,RV-04
ALT-202608-002613,APP-202608-051709,R0109,2026-08-04T07:22:24,TRANSACTION_MONITORING,RV-05
ALT-202608-002614,APP-202608-068259,R0261,2026-08-06T17:03:29,DOCUMENT,RV-03
ALT-202608-002615,APP-202608-031500,R0250,2026-08-09T22:34:16,HIGH_VALUE,RV-04
ALT-202608-002616,APP-202608-020090,R0322,2026-08-04T20:22:21,IDENTITY,RV-04
ALT-202608-002617,APP-202608-015124,R0129,2026-08-09T13:19:52,TRANSACTION_MONITORING,RV-02
ALT-202608-002618,APP-202608-030360,R0081,2026-08-20T06:49:51,DOCUMENT,RV-04
ALT-202608-002619,APP-202608-019529,R0079,2026-08-10T21:43:34,HIGH_VALUE,RV-01
ALT-202608-002620,APP-202608-055211,R0252,2026-08-24T14:21:32,IDENTITY,RV-01
ALT-202608-002621,APP-202608-012830,R0002,2026-08-27T15:26:26,TRANSACTION_MONITORING,RV-01
ALT-202608-002622,APP-202608-001413,R0261,2026-08-29T16:25:55,DOCUMENT,RV-04
ALT-202608-002623,APP-202608-062827,R0081,2026-08-10T07:59:19,HIGH_VALUE,RV-06
ALT-202608-002624,APP-202608-035058,R0071,2026-08-02T21:24:36,IDENTITY,RV-04
ALT-202608-002625,APP-202608-015287,R0076,2026-08-08T21:41:18,TRANSACTION_MONITORING,RV-03
ALT-202608-002626,APP-202608-036584,R0076,2026-08-18T21:29:36,DOCUMENT,RV-06
ALT-202608-002627,APP-202608-055993,R0142,2026-08-22T10:09:19,HIGH_VALUE,RV-06
ALT-202608-002628,APP-202608-073062,R0250,2026-08-16T18:11:34,IDENTITY,RV-01
ALT-202608-002629,APP-202608-074352,R0335,2026-08-07T18:13:27,TRANSACTION_MONITORING,RV-03
ALT-202608-002630,APP-202608-027454,R0335,2026-08-27T17:41:54,DOCUMENT,RV-02
ALT-202608-002631,APP-202608-061755,R0109,2026-08-21T15:09:09,HIGH_VALUE,RV-06
ALT-202608-002632,APP-202608-065714,R0261,2026-08-23T10:58:07,IDENTITY,RV-06
ALT-202608-002633,APP-202608-016441,R0064,2026-08-07T21:25:10,TRANSACTION_MONITORING,RV-06
ALT-202608-002634,APP-202608-065786,R0217,2026-08-03T19:32:56,DOCUMENT,RV-04
ALT-202608-002635,APP-202608-047271,R0001,2026-08-14T16:28:37,HIGH_VALUE,RV-03
ALT-202608-002636,APP-202608-073182,R0335,2026-08-12T19:56:41,IDENTITY,RV-04
ALT-202608-002637,APP-202608-063473,R0129,2026-08-22T10:46:39,TRANSACTION_MONITORING,RV-01
ALT-202608-002638,APP-202608-069245,R0261,2026-08-08T13:54:01,DOCUMENT,RV-04
ALT-202608-002639,APP-202608-035859,R0109,2026-08-11T11:25:30,HIGH_VALUE,RV-04
ALT-202608-002640,APP-202608-070706,R0081,2026-08-31T20:31:30,IDENTITY,RV-01
ALT-202608-002641,APP-202608-007433,R0079,2026-08-12T16:47:04,TRANSACTION_MONITORING,RV-06
ALT-202608-002642,APP-202608-060003,R0247,2026-08-27T17:20:16,DOCUMENT,RV-06
ALT-202608-002643,APP-202608-019651,R0335,2026-08-27T17:33:58,HIGH_VALUE,RV-05
ALT-202608-002644,APP-202608-029099,R0129,2026-08-02T21:47:50,IDENTITY,RV-01
ALT-202608-002645,APP-202608-051080,R0335,2026-08-11T07:27:05,TRANSACTION_MONITORING,RV-06
ALT-202608-002646,APP-202608-040699,R0142,2026-08-11T11:58:52,DOCUMENT,RV-05
ALT-202608-002647,APP-202608-050477,R0064,2026-08-23T18:53:44,HIGH_VALUE,RV-03
ALT-202608-002648,APP-202608-024117,R0076,2026-08-07T21:33:27,IDENTITY,RV-04
ALT-202608-002649,APP-202608-011417,R0147,2026-08-31T07:40:54,TRANSACTION_MONITORING,RV-02
ALT-202608-002650,APP-202608-031611,R0335,2026-08-21T17:57:37,DOCUMENT,RV-06
ALT-202608-002651,APP-202608-000941,R0247,2026-08-03T20:26:27,HIGH_VALUE,RV-05
ALT-202608-002652,APP-202608-037620,R0071,2026-08-27T16:07:22,IDENTITY,RV-04
ALT-202608-002653,APP-202608-016872,R0252,2026-08-14T10:29:05,TRANSACTION_MONITORING,RV-01
ALT-202608-002654,APP-202608-071288,R0081,2026-08-17T12:53:26,DOCUMENT,RV-03
ALT-202608-002655,APP-202608-021144,R0129,2026-08-09T18:37:34,HIGH_VALUE,RV-02
ALT-202608-002656,APP-202608-008265,R0335,2026-08-14T11:40:32,IDENTITY,RV-01
ALT-202608-002657,APP-202608-015615,R0109,2026-08-31T16:59:55,TRANSACTION_MONITORING,RV-05
ALT-202608-002658,APP-202608-057799,R0081,2026-08-17T19:43:09,DOCUMENT,RV-06
ALT-202608-002659,APP-202608-000587,R0079,2026-08-25T18:45:34,HIGH_VALUE,RV-01
ALT-202608-002660,APP-202608-058444,R0081,2026-08-07T06:50:48,IDENTITY,RV-03
ALT-202608-002661,APP-202608-007156,R0002,2026-08-16T17:45:41,TRANSACTION_MONITORING,RV-06
ALT-202608-002662,APP-202608-030308,R0129,2026-08-04T11:11:57,DOCUMENT,RV-01
ALT-202608-002663,APP-202608-065832,R0261,2026-08-26T09:47:36,HIGH_VALUE,RV-06
ALT-202608-002664,APP-202608-024694,R0335,2026-08-28T13:35:25,IDENTITY,RV-04
ALT-202608-002665,APP-202608-058284,R0129,2026-08-21T10:20:36,TRANSACTION_MONITORING,RV-06
ALT-202608-002666,APP-202608-039723,R0261,2026-08-27T22:48:49,DOCUMENT,RV-05
ALT-202608-002667,APP-202608-032874,R0217,2026-08-13T11:31:40,HIGH_VALUE,RV-06
ALT-202608-002668,APP-202608-064901,R0031,2026-08-13T18:42:34,IDENTITY,RV-04
ALT-202608-002669,APP-202608-022116,R0002,2026-08-25T10:31:56,TRANSACTION_MONITORING,RV-04
ALT-202608-002670,APP-202608-059143,R0158,2026-08-07T12:11:07,DOCUMENT,RV-06
ALT-202608-002671,APP-202608-073093,R0071,2026-08-17T11:12:59,HIGH_VALUE,RV-05
ALT-202608-002672,APP-202608-054448,R0002,2026-08-10T17:38:48,IDENTITY,RV-01
ALT-202608-002673,APP-202608-020249,R0261,2026-08-20T12:46:12,TRANSACTION_MONITORING,RV-01
ALT-202608-002674,APP-202608-022570,R0261,2026-08-16T15:28:01,DOCUMENT,RV-05
ALT-202608-002675,APP-202608-069237,R0261,2026-08-15T09:44:41,HIGH_VALUE,RV-06
ALT-202608-002676,APP-202608-003646,R0261,2026-08-05T10:37:19,IDENTITY,RV-05
ALT-202608-002677,APP-202608-012031,R0252,2026-08-16T15:39:36,TRANSACTION_MONITORING,RV-03
ALT-202608-002678,APP-202608-005647,R0129,2026-08-20T14:18:05,DOCUMENT,RV-02
ALT-202608-002679,APP-202608-018225,R0064,2026-08-03T11:15:55,HIGH_VALUE,RV-05
ALT-202608-002680,APP-202608-018634,R0109,2026-08-03T14:10:45,IDENTITY,RV-01
ALT-202608-002681,APP-202608-012062,R0079,2026-08-10T11:12:48,TRANSACTION_MONITORING,RV-05
ALT-202608-002682,APP-202608-070352,R0261,2026-08-22T19:43:20,DOCUMENT,RV-05
ALT-202608-002683,APP-202608-029180,R0129,2026-08-08T19:35:52,HIGH_VALUE,RV-02
ALT-202608-002684,APP-202608-054828,R0079,2026-08-12T12:39:21,IDENTITY,RV-02
ALT-202608-002685,APP-202608-003089,R0109,2026-08-08T11:14:12,TRANSACTION_MONITORING,RV-02
ALT-202608-002686,APP-202608-035567,R0261,2026-08-02T10:39:41,DOCUMENT,RV-04
ALT-202608-002687,APP-202608-001538,R0079,2026-08-07T20:22:21,HIGH_VALUE,RV-06
ALT-202608-002688,APP-202608-056715,R0335,2026-08-04T22:39:36,IDENTITY,RV-02
ALT-202608-002689,APP-202608-053788,R0079,2026-08-14T11:10:19,TRANSACTION_MONITORING,RV-02
ALT-202608-002690,APP-202608-034243,R0313,2026-08-14T16:27:16,DOCUMENT,RV-02
ALT-202608-002691,APP-202608-007636,R0250,2026-08-07T10:09:08,HIGH_VALUE,RV-02
ALT-202608-002692,APP-202608-000333,R0129,2026-08-07T17:59:57,IDENTITY,RV-02
ALT-202608-002693,APP-202608-003216,R0250,2026-08-30T10:50:38,TRANSACTION_MONITORING,RV-01
ALT-202608-002694,APP-202608-057143,R0031,2026-08-10T17:37:19,DOCUMENT,RV-03
ALT-202608-002695,APP-202608-070905,R0273,2026-08-02T21:14:12,HIGH_VALUE,RV-02
ALT-202608-002696,APP-202608-067470,R0001,2026-08-25T19:48:52,IDENTITY,RV-05
ALT-202608-002697,APP-202608-013155,R0281,2026-08-26T07:46:29,TRANSACTION_MONITORING,RV-06
ALT-202608-002698,APP-202608-016816,R0115,2026-08-07T09:37:59,DOCUMENT,RV-06
ALT-202608-002699,APP-202608-014268,R0302,2026-08-16T11:08:11,HIGH_VALUE,RV-05
ALT-202608-002700,APP-202608-050983,R0130,2026-08-17T12:48:43,IDENTITY,RV-01
ALT-202608-002701,APP-202608-040963,R0250,2026-08-24T11:46:05,TRANSACTION_MONITORING,RV-06
ALT-202608-002702,APP-202608-023954,R0158,2026-08-21T12:29:06,DOCUMENT,RV-04
ALT-202608-002703,APP-202608-050748,R0079,2026-08-18T19:57:52,HIGH_VALUE,RV-06
ALT-202608-002704,APP-202608-072914,R0247,2026-08-14T15:54:24,IDENTITY,RV-01
ALT-202608-002705,APP-202608-018928,R0261,2026-08-29T14:30:07,TRANSACTION_MONITORING,RV-06
ALT-202608-002706,APP-202608-004068,R0261,2026-08-20T14:01:17,DOCUMENT,RV-02
ALT-202608-002707,APP-202608-028150,R0129,2026-08-16T09:24:34,HIGH_VALUE,RV-04
ALT-202608-002708,APP-202608-060508,R0076,2026-08-12T06:44:01,IDENTITY,RV-05
ALT-202608-002709,APP-202608-052062,R0130,2026-08-19T19:14:39,TRANSACTION_MONITORING,RV-01
ALT-202608-002710,APP-202608-050045,R0071,2026-08-03T10:43:26,DOCUMENT,RV-02
ALT-202608-002711,APP-202608-054901,R0261,2026-08-04T06:37:03,HIGH_VALUE,RV-05
ALT-202608-002712,APP-202608-028257,R0115,2026-08-08T09:14:25,IDENTITY,RV-05
ALT-202608-002713,APP-202608-007424,R0261,2026-08-12T13:00:11,TRANSACTION_MONITORING,RV-03
ALT-202608-002714,APP-202608-017782,R0322,2026-08-19T18:55:56,DOCUMENT,RV-05
ALT-202608-002715,APP-202608-027647,R0079,2026-08-03T08:00:14,HIGH_VALUE,RV-04
ALT-202608-002716,APP-202608-054948,R0109,2026-08-20T08:54:49,IDENTITY,RV-06
ALT-202608-002717,APP-202608-011451,R0335,2026-08-21T12:36:45,TRANSACTION_MONITORING,RV-04
ALT-202608-002718,APP-202608-061106,R0261,2026-08-27T14:52:02,DOCUMENT,RV-04
ALT-202608-002719,APP-202608-039230,R0322,2026-08-20T07:25:52,HIGH_VALUE,RV-05
ALT-202608-002720,APP-202608-069456,R0252,2026-08-21T15:36:14,IDENTITY,RV-04
ALT-202608-002721,APP-202608-022587,R0081,2026-08-17T18:52:45,TRANSACTION_MONITORING,RV-05
ALT-202608-002722,APP-202608-063715,R0129,2026-08-03T10:59:40,DOCUMENT,RV-05
ALT-202608-002723,APP-202608-048474,R0129,2026-08-06T17:06:24,HIGH_VALUE,RV-02
ALT-202608-002724,APP-202608-056026,R0129,2026-08-21T08:22:28,IDENTITY,RV-05
ALT-202608-002725,APP-202608-010020,R0335,2026-08-22T14:33:39,TRANSACTION_MONITORING,RV-01
ALT-202608-002726,APP-202608-068588,R0250,2026-08-17T16:25:31,DOCUMENT,RV-04
ALT-202608-002727,APP-202608-061073,R0079,2026-08-28T09:51:38,HIGH_VALUE,RV-05
ALT-202608-002728,APP-202608-045862,R0031,2026-08-06T18:47:09,IDENTITY,RV-03
ALT-202608-002729,APP-202608-047708,R0142,2026-08-22T11:03:04,TRANSACTION_MONITORING,RV-06
ALT-202608-002730,APP-202608-042860,R0322,2026-08-16T15:00:07,DOCUMENT,RV-06
ALT-202608-002731,APP-202608-039463,R0079,2026-08-18T19:00:10,HIGH_VALUE,RV-02
ALT-202608-002732,APP-202608-046071,R0036,2026-08-12T21:31:41,IDENTITY,RV-06
ALT-202608-002733,APP-202608-018041,R0247,2026-08-14T18:44:47,TRANSACTION_MONITORING,RV-06
ALT-202608-002734,APP-202608-005179,R0130,2026-08-11T21:12:05,DOCUMENT,RV-05
ALT-202608-002735,APP-202608-034364,R0217,2026-08-21T20:12:35,HIGH_VALUE,RV-06
ALT-202608-002736,APP-202608-020380,R0129,2026-08-25T17:51:28,IDENTITY,RV-03
ALT-202608-002737,APP-202608-053042,R0335,2026-08-24T14:14:14,TRANSACTION_MONITORING,RV-01
ALT-202608-002738,APP-202608-060043,R0322,2026-08-15T22:41:25,DOCUMENT,RV-05
ALT-202608-002739,APP-202608-012426,R0335,2026-08-08T10:47:15,HIGH_VALUE,RV-05
ALT-202608-002740,APP-202608-066323,R0129,2026-08-07T14:05:28,IDENTITY,RV-02
ALT-202608-002741,APP-202608-056924,R0261,2026-08-01T20:34:33,TRANSACTION_MONITORING,RV-02
ALT-202608-002742,APP-202608-015592,R0261,2026-08-26T09:22:45,DOCUMENT,RV-05
ALT-202608-002743,APP-202608-018083,R0261,2026-08-15T07:39:30,HIGH_VALUE,RV-06
ALT-202608-002744,APP-202608-033783,R0247,2026-08-19T13:08:29,IDENTITY,RV-02
ALT-202608-002745,APP-202608-036633,R0109,2026-08-16T18:58:40,TRANSACTION_MONITORING,RV-06
ALT-202608-002746,APP-202608-009109,R0129,2026-08-30T14:59:51,DOCUMENT,RV-05
ALT-202608-002747,APP-202608-046168,R0335,2026-08-27T21:21:38,HIGH_VALUE,RV-03
ALT-202608-002748,APP-202608-024490,R0064,2026-08-14T15:46:19,IDENTITY,RV-04
ALT-202608-002749,APP-202608-068834,R0079,2026-08-12T22:59:13,TRANSACTION_MONITORING,RV-03
ALT-202608-002750,APP-202608-031242,R0335,2026-08-04T06:54:19,DOCUMENT,RV-04
ALT-202608-002751,APP-202608-063712,R0313,2026-08-27T12:58:42,HIGH_VALUE,RV-02
ALT-202608-002752,APP-202608-020654,R0001,2026-08-23T09:20:20,IDENTITY,RV-03
ALT-202608-002753,APP-202608-070268,R0310,2026-08-04T12:46:11,TRANSACTION_MONITORING,RV-04
ALT-202608-002754,APP-202608-071083,R0142,2026-08-18T12:30:26,DOCUMENT,RV-02
ALT-202608-002755,APP-202608-066427,R0129,2026-08-05T07:33:13,HIGH_VALUE,RV-02
ALT-202608-002756,APP-202608-037419,R0076,2026-08-14T08:11:28,IDENTITY,RV-02
ALT-202608-002757,APP-202608-013692,R0302,2026-08-22T10:39:29,TRANSACTION_MONITORING,RV-03
ALT-202608-002758,APP-202608-045085,R0129,2026-08-20T17:47:45,DOCUMENT,RV-05
ALT-202608-002759,APP-202608-033918,R0261,2026-08-23T09:48:37,HIGH_VALUE,RV-02
ALT-202608-002760,APP-202608-062591,R0071,2026-08-23T12:58:57,IDENTITY,RV-02
ALT-202608-002761,APP-202608-050289,R0129,2026-08-16T14:19:44,TRANSACTION_MONITORING,RV-01
ALT-202608-002762,APP-202608-074075,R0079,2026-08-15T12:56:33,DOCUMENT,RV-04
ALT-202608-002763,APP-202608-001124,R0071,2026-08-26T20:14:39,HIGH_VALUE,RV-05
ALT-202608-002764,APP-202608-020129,R0247,2026-08-19T07:09:54,IDENTITY,RV-02
ALT-202608-002765,APP-202608-018348,R0081,2026-08-07T22:12:38,TRANSACTION_MONITORING,RV-03
ALT-202608-002766,APP-202608-008274,R0081,2026-08-17T20:52:29,DOCUMENT,RV-06
ALT-202608-002767,APP-202608-027661,R0261,2026-08-27T20:00:22,HIGH_VALUE,RV-03
ALT-202608-002768,APP-202608-001895,R0335,2026-08-11T21:14:14,IDENTITY,RV-05
ALT-202608-002769,APP-202608-023353,R0158,2026-08-19T06:57:33,TRANSACTION_MONITORING,RV-02
ALT-202608-002770,APP-202608-024173,R0250,2026-08-29T11:40:56,DOCUMENT,RV-06
ALT-202608-002771,APP-202608-060945,R0129,2026-08-10T07:32:10,HIGH_VALUE,RV-04
ALT-202608-002772,APP-202608-045523,R0261,2026-08-02T13:11:28,IDENTITY,RV-06
ALT-202608-002773,APP-202608-069427,R0045,2026-08-31T15:19:35,TRANSACTION_MONITORING,RV-01
ALT-202608-002774,APP-202608-041679,R0130,2026-08-28T13:04:23,DOCUMENT,RV-02
ALT-202608-002775,APP-202608-007732,R0261,2026-08-08T11:01:48,HIGH_VALUE,RV-04
ALT-202608-002776,APP-202608-005122,R0079,2026-08-04T16:08:45,IDENTITY,RV-04
ALT-202608-002777,APP-202608-036168,R0261,2026-08-07T22:15:30,TRANSACTION_MONITORING,RV-06
ALT-202608-002778,APP-202608-066855,R0335,2026-08-04T19:23:03,DOCUMENT,RV-05
ALT-202608-002779,APP-202608-038408,R0313,2026-08-26T09:15:33,HIGH_VALUE,RV-02
ALT-202608-002780,APP-202608-048701,R0129,2026-08-23T09:48:13,IDENTITY,RV-01
ALT-202608-002781,APP-202608-013222,R0045,2026-08-30T07:33:42,TRANSACTION_MONITORING,RV-04
ALT-202608-002782,APP-202608-006381,R0130,2026-08-13T17:11:38,DOCUMENT,RV-05
ALT-202608-002783,APP-202608-057343,R0261,2026-08-23T09:38:37,HIGH_VALUE,RV-05
ALT-202608-002784,APP-202608-019259,R0109,2026-08-12T14:59:55,IDENTITY,RV-02
ALT-202608-002785,APP-202608-062958,R0002,2026-08-16T15:39:21,TRANSACTION_MONITORING,RV-05
ALT-202608-002786,APP-202608-060198,R0129,2026-08-23T21:46:57,DOCUMENT,RV-01
ALT-202608-002787,APP-202608-014773,R0081,2026-08-30T12:16:36,HIGH_VALUE,RV-06
ALT-202608-002788,APP-202608-053410,R0129,2026-08-14T21:17:18,IDENTITY,RV-02
ALT-202608-002789,APP-202608-014348,R0142,2026-08-08T12:07:05,TRANSACTION_MONITORING,RV-03
ALT-202608-002790,APP-202608-007444,R0252,2026-08-11T18:17:52,DOCUMENT,RV-04
ALT-202608-002791,APP-202608-047459,R0070,2026-08-03T18:04:37,HIGH_VALUE,RV-04
ALT-202608-002792,APP-202608-054968,R0250,2026-08-01T14:07:19,IDENTITY,RV-06
ALT-202608-002793,APP-202608-049288,R0115,2026-08-01T21:32:13,TRANSACTION_MONITORING,RV-01
ALT-202608-002794,APP-202608-057087,R0079,2026-08-23T13:39:25,DOCUMENT,RV-01
ALT-202608-002795,APP-202608-024143,R0261,2026-08-09T06:31:52,HIGH_VALUE,RV-05
ALT-202608-002796,APP-202608-044247,R0129,2026-08-12T08:55:18,IDENTITY,RV-01
ALT-202608-002797,APP-202608-004196,R0217,2026-08-01T08:45:28,TRANSACTION_MONITORING,RV-04
ALT-202608-002798,APP-202608-004815,R0002,2026-08-15T15:22:07,DOCUMENT,RV-05
ALT-202608-002799,APP-202608-022977,R0313,2026-08-20T10:24:15,HIGH_VALUE,RV-03
ALT-202608-002800,APP-202608-069028,R0129,2026-08-01T07:36:08,IDENTITY,RV-03
ALT-202608-002801,APP-202608-001337,R0064,2026-08-10T08:21:56,TRANSACTION_MONITORING,RV-02
ALT-202608-002802,APP-202608-056100,R0261,2026-08-25T13:31:23,DOCUMENT,RV-06
ALT-202608-002803,APP-202608-066152,R0261,2026-08-22T19:21:22,HIGH_VALUE,RV-03
ALT-202608-002804,APP-202608-046856,R0335,2026-08-04T16:23:33,IDENTITY,RV-04
ALT-202608-002805,APP-202608-046482,R0250,2026-08-11T20:33:27,TRANSACTION_MONITORING,RV-03
ALT-202608-002806,APP-202608-074809,R0002,2026-08-19T09:58:38,DOCUMENT,RV-06
ALT-202608-002807,APP-202608-039360,R0335,2026-08-22T08:56:01,HIGH_VALUE,RV-05
ALT-202608-002808,APP-202608-057016,R0002,2026-08-23T10:48:28,IDENTITY,RV-05
ALT-202608-002809,APP-202608-022664,R0217,2026-08-08T22:16:29,TRANSACTION_MONITORING,RV-04
ALT-202608-002810,APP-202608-002944,R0261,2026-08-09T15:04:13,DOCUMENT,RV-02
ALT-202608-002811,APP-202608-039539,R0261,2026-08-27T19:10:06,HIGH_VALUE,RV-06
ALT-202608-002812,APP-202608-052931,R0261,2026-08-04T18:24:11,IDENTITY,RV-01
ALT-202608-002813,APP-202608-013867,R0070,2026-08-23T19:15:31,TRANSACTION_MONITORING,RV-02
ALT-202608-002814,APP-202608-015667,R0109,2026-08-16T13:08:34,DOCUMENT,RV-01
ALT-202608-002815,APP-202608-031800,R0335,2026-08-02T09:54:25,HIGH_VALUE,RV-02
ALT-202608-002816,APP-202608-032485,R0335,2026-08-17T22:21:36,IDENTITY,RV-04
ALT-202608-002817,APP-202608-047125,R0076,2026-08-20T06:17:48,TRANSACTION_MONITORING,RV-04
ALT-202608-002818,APP-202608-063280,R0315,2026-08-10T07:27:26,DOCUMENT,RV-06
ALT-202608-002819,APP-202608-045489,R0140,2026-08-25T08:49:56,HIGH_VALUE,RV-06
ALT-202608-002820,APP-202608-030391,R0261,2026-08-17T21:39:16,IDENTITY,RV-03
ALT-202608-002821,APP-202608-043292,R0315,2026-08-23T11:18:08,TRANSACTION_MONITORING,RV-01
ALT-202608-002822,APP-202608-035986,R0001,2026-08-14T11:40:55,DOCUMENT,RV-01
ALT-202608-002823,APP-202608-021777,R0129,2026-08-30T08:21:08,HIGH_VALUE,RV-02
ALT-202608-002824,APP-202608-049632,R0076,2026-08-07T12:23:55,IDENTITY,RV-04
ALT-202608-002825,APP-202608-003527,R0322,2026-08-23T11:01:13,TRANSACTION_MONITORING,RV-06
ALT-202608-002826,APP-202608-071937,R0071,2026-08-09T12:38:15,DOCUMENT,RV-05
ALT-202608-002827,APP-202608-021174,R0130,2026-08-12T07:01:34,HIGH_VALUE,RV-06
ALT-202608-002828,APP-202608-051947,R0250,2026-08-05T17:28:27,IDENTITY,RV-05
ALT-202608-002829,APP-202608-030418,R0158,2026-08-11T18:49:12,TRANSACTION_MONITORING,RV-05
ALT-202608-002830,APP-202608-031423,R0261,2026-08-05T20:26:49,DOCUMENT,RV-04
ALT-202608-002831,APP-202608-041018,R0315,2026-08-04T13:40:21,HIGH_VALUE,RV-05
ALT-202608-002832,APP-202608-020999,R0064,2026-08-14T20:19:15,IDENTITY,RV-03
ALT-202608-002833,APP-202608-036565,R0261,2026-08-16T22:43:17,TRANSACTION_MONITORING,RV-01
ALT-202608-002834,APP-202608-056234,R0002,2026-08-24T07:39:43,DOCUMENT,RV-03
ALT-202608-002835,APP-202608-030356,R0261,2026-08-23T11:39:01,HIGH_VALUE,RV-01
ALT-202608-002836,APP-202608-071236,R0002,2026-08-16T14:34:48,IDENTITY,RV-04
ALT-202608-002837,APP-202608-070884,R0250,2026-08-10T15:24:53,TRANSACTION_MONITORING,RV-06
ALT-202608-002838,APP-202608-002579,R0335,2026-08-16T22:50:31,DOCUMENT,RV-04
ALT-202608-002839,APP-202608-052755,R0335,2026-08-03T08:18:55,HIGH_VALUE,RV-06
ALT-202608-002840,APP-202608-072260,R0129,2026-08-27T08:53:34,IDENTITY,RV-04
ALT-202608-002841,APP-202608-058402,R0064,2026-08-15T06:55:16,TRANSACTION_MONITORING,RV-06
ALT-202608-002842,APP-202608-068191,R0322,2026-08-04T17:49:05,DOCUMENT,RV-05
ALT-202608-002843,APP-202608-015592,R0129,2026-08-21T19:27:00,HIGH_VALUE,RV-02
ALT-202608-002844,APP-202608-067109,R0079,2026-08-30T18:49:10,IDENTITY,RV-05
ALT-202608-002845,APP-202608-034566,R0002,2026-08-28T11:24:34,TRANSACTION_MONITORING,RV-05
ALT-202608-002846,APP-202608-065233,R0079,2026-08-01T21:49:27,DOCUMENT,RV-05
ALT-202608-002847,APP-202608-005884,R0129,2026-08-18T10:26:27,HIGH_VALUE,RV-03
ALT-202608-002848,APP-202608-033108,R0217,2026-08-01T12:12:22,IDENTITY,RV-05
ALT-202608-002849,APP-202608-052921,R0142,2026-08-05T13:41:29,TRANSACTION_MONITORING,RV-03
ALT-202608-002850,APP-202608-023770,R0261,2026-08-17T19:45:38,DOCUMENT,RV-06
ALT-202608-002851,APP-202608-020809,R0129,2026-08-12T20:29:30,HIGH_VALUE,RV-04
ALT-202608-002852,APP-202608-018447,R0335,2026-08-24T18:21:54,IDENTITY,RV-01
ALT-202608-002853,APP-202608-052788,R0129,2026-08-22T12:23:57,TRANSACTION_MONITORING,RV-03
ALT-202608-002854,APP-202608-040057,R0002,2026-08-05T15:57:06,DOCUMENT,RV-06
ALT-202608-002855,APP-202608-018938,R0247,2026-08-28T08:43:20,HIGH_VALUE,RV-02
ALT-202608-002856,APP-202608-069079,R0109,2026-08-16T16:21:46,IDENTITY,RV-06
ALT-202608-002857,APP-202608-024918,R0045,2026-08-08T21:11:00,TRANSACTION_MONITORING,RV-05
ALT-202608-002858,APP-202608-046536,R0142,2026-08-19T19:28:38,DOCUMENT,RV-05
ALT-202608-002859,APP-202608-007441,R0079,2026-08-13T22:51:02,HIGH_VALUE,RV-03
ALT-202608-002860,APP-202608-044263,R0313,2026-08-21T09:44:41,IDENTITY,RV-03
ALT-202608-002861,APP-202608-021197,R0250,2026-08-31T22:39:57,TRANSACTION_MONITORING,RV-03
ALT-202608-002862,APP-202608-006125,R0130,2026-08-02T17:54:23,DOCUMENT,RV-01
ALT-202608-002863,APP-202608-072441,R0129,2026-08-26T07:36:43,HIGH_VALUE,RV-06
ALT-202608-002864,APP-202608-002469,R0261,2026-08-10T14:57:37,IDENTITY,RV-04
ALT-202608-002865,APP-202608-001137,R0081,2026-08-18T18:47:35,TRANSACTION_MONITORING,RV-02
ALT-202608-002866,APP-202608-065471,R0217,2026-08-19T18:42:00,DOCUMENT,RV-02
ALT-202608-002867,APP-202608-019717,R0322,2026-08-10T21:29:30,HIGH_VALUE,RV-02
ALT-202608-002868,APP-202608-030680,R0247,2026-08-11T15:10:11,IDENTITY,RV-06
ALT-202608-002869,APP-202608-064278,R0281,2026-08-11T14:01:24,TRANSACTION_MONITORING,RV-03
ALT-202608-002870,APP-202608-016825,R0129,2026-08-25T10:40:40,DOCUMENT,RV-04
ALT-202608-002871,APP-202608-012891,R0335,2026-08-19T10:12:30,HIGH_VALUE,RV-06
ALT-202608-002872,APP-202608-032847,R0261,2026-08-09T21:43:34,IDENTITY,RV-05
ALT-202608-002873,APP-202608-049250,R0081,2026-08-02T17:29:07,TRANSACTION_MONITORING,RV-02
ALT-202608-002874,APP-202608-011668,R0250,2026-08-06T13:38:15,DOCUMENT,RV-03
ALT-202608-002875,APP-202608-006267,R0076,2026-08-24T09:59:55,HIGH_VALUE,RV-02
ALT-202608-002876,APP-202608-001665,R0064,2026-08-14T14:07:58,IDENTITY,RV-03
ALT-202608-002877,APP-202608-057965,R0036,2026-08-08T14:33:06,TRANSACTION_MONITORING,RV-03
ALT-202608-002878,APP-202608-036213,R0302,2026-08-30T22:53:40,DOCUMENT,RV-04
ALT-202608-002879,APP-202608-037141,R0250,2026-08-08T16:24:44,HIGH_VALUE,RV-02
ALT-202608-002880,APP-202608-028454,R0313,2026-08-19T18:52:18,IDENTITY,RV-03
ALT-202608-002881,APP-202608-050187,R0335,2026-08-23T18:11:02,TRANSACTION_MONITORING,RV-01
ALT-202608-002882,APP-202608-004015,R0079,2026-08-01T13:15:33,DOCUMENT,RV-06
ALT-202608-002883,APP-202608-047948,R0064,2026-08-22T18:25:18,HIGH_VALUE,RV-05
ALT-202608-002884,APP-202608-055628,R0313,2026-08-04T13:42:10,IDENTITY,RV-01
ALT-202608-002885,APP-202608-018257,R0071,2026-08-14T16:30:20,TRANSACTION_MONITORING,RV-04
ALT-202608-002886,APP-202608-048989,R0322,2026-08-25T20:12:35,DOCUMENT,RV-05
ALT-202608-002887,APP-202608-066517,R0079,2026-08-16T16:53:27,HIGH_VALUE,RV-02
ALT-202608-002888,APP-202608-004097,R0217,2026-08-21T06:02:55,IDENTITY,RV-06
ALT-202608-002889,APP-202608-064826,R0261,2026-08-04T15:06:41,TRANSACTION_MONITORING,RV-05
ALT-202608-002890,APP-202608-040328,R0081,2026-08-25T20:50:27,DOCUMENT,RV-01
ALT-202608-002891,APP-202608-032574,R0129,2026-08-31T13:59:03,HIGH_VALUE,RV-06
ALT-202608-002892,APP-202608-019370,R0079,2026-08-07T15:10:47,IDENTITY,RV-02
ALT-202608-002893,APP-202608-005168,R0129,2026-08-04T10:11:36,TRANSACTION_MONITORING,RV-06
ALT-202608-002894,APP-202608-006666,R0129,2026-08-07T08:06:24,DOCUMENT,RV-05
ALT-202608-002895,APP-202608-029889,R0079,2026-08-09T06:45:34,HIGH_VALUE,RV-05
ALT-202608-002896,APP-202608-032881,R0071,2026-08-10T07:10:04,IDENTITY,RV-05
ALT-202608-002897,APP-202608-010446,R0261,2026-08-17T18:39:52,TRANSACTION_MONITORING,RV-04
ALT-202608-002898,APP-202608-034452,R0081,2026-08-16T18:38:10,DOCUMENT,RV-02
ALT-202608-002899,APP-202608-000769,R0261,2026-08-30T22:15:19,HIGH_VALUE,RV-06
ALT-202608-002900,APP-202608-030762,R0252,2026-08-27T21:31:27,IDENTITY,RV-06
ALT-202608-002901,APP-202608-063722,R0252,2026-08-19T09:49:27,TRANSACTION_MONITORING,RV-06
ALT-202608-002902,APP-202608-060848,R0109,2026-08-16T09:22:43,DOCUMENT,RV-01
ALT-202608-002903,APP-202608-053365,R0129,2026-08-28T08:06:57,HIGH_VALUE,RV-01
ALT-202608-002904,APP-202608-047091,R0129,2026-08-03T22:28:18,IDENTITY,RV-02
ALT-202608-002905,APP-202608-045881,R0079,2026-08-05T20:10:31,TRANSACTION_MONITORING,RV-06
ALT-202608-002906,APP-202608-058019,R0261,2026-08-20T17:37:15,DOCUMENT,RV-01
ALT-202608-002907,APP-202608-002376,R0079,2026-08-10T17:36:03,HIGH_VALUE,RV-03
ALT-202608-002908,APP-202608-037226,R0045,2026-08-17T20:19:17,IDENTITY,RV-01
ALT-202608-002909,APP-202608-061787,R0109,2026-08-13T14:03:11,TRANSACTION_MONITORING,RV-02
ALT-202608-002910,APP-202608-031968,R0129,2026-08-18T08:46:10,DOCUMENT,RV-01
ALT-202608-002911,APP-202608-066924,R0081,2026-08-12T10:47:04,HIGH_VALUE,RV-03
ALT-202608-002912,APP-202608-040229,R0335,2026-08-09T10:23:44,IDENTITY,RV-03
ALT-202608-002913,APP-202608-030966,R0129,2026-08-15T21:03:47,TRANSACTION_MONITORING,RV-02
ALT-202608-002914,APP-202608-049425,R0064,2026-08-09T13:30:20,DOCUMENT,RV-02
ALT-202608-002915,APP-202608-054660,R0273,2026-08-14T14:35:48,HIGH_VALUE,RV-03
ALT-202608-002916,APP-202608-040547,R0002,2026-08-23T21:53:07,IDENTITY,RV-01
ALT-202608-002917,APP-202608-009031,R0250,2026-08-14T12:11:16,TRANSACTION_MONITORING,RV-02
ALT-202608-002918,APP-202608-038872,R0002,2026-08-02T18:26:48,DOCUMENT,RV-02
ALT-202608-002919,APP-202608-022152,R0261,2026-08-29T15:38:51,HIGH_VALUE,RV-02
ALT-202608-002920,APP-202608-014580,R0217,2026-08-23T11:47:33,IDENTITY,RV-01
ALT-202608-002921,APP-202608-001049,R0247,2026-08-26T08:32:59,TRANSACTION_MONITORING,RV-05
ALT-202608-002922,APP-202608-012927,R0261,2026-08-30T17:35:04,DOCUMENT,RV-01
ALT-202608-002923,APP-202608-027981,R0079,2026-08-25T19:23:51,HIGH_VALUE,RV-02
ALT-202608-002924,APP-202608-016570,R0129,2026-08-31T10:39:45,IDENTITY,RV-03
ALT-202608-002925,APP-202608-020211,R0250,2026-08-19T08:06:57,TRANSACTION_MONITORING,RV-04
ALT-202608-002926,APP-202608-018610,R0129,2026-08-29T21:59:27,DOCUMENT,RV-02
ALT-202608-002927,APP-202608-021758,R0129,2026-08-21T07:07:37,HIGH_VALUE,RV-03
ALT-202608-002928,APP-202608-067248,R0079,2026-08-09T15:12:26,IDENTITY,RV-04
ALT-202608-002929,APP-202608-016410,R0079,2026-08-25T09:55:53,TRANSACTION_MONITORING,RV-04
ALT-202608-002930,APP-202608-011926,R0002,2026-08-13T17:17:13,DOCUMENT,RV-04
ALT-202608-002931,APP-202608-055487,R0322,2026-08-23T16:45:59,HIGH_VALUE,RV-05
ALT-202608-002932,APP-202608-011987,R0129,2026-08-19T21:50:20,IDENTITY,RV-04
ALT-202608-002933,APP-202608-010782,R0335,2026-08-13T13:03:45,TRANSACTION_MONITORING,RV-05
ALT-202608-002934,APP-202608-043306,R0002,2026-08-22T13:13:53,DOCUMENT,RV-04
ALT-202608-002935,APP-202608-012379,R0079,2026-08-09T12:13:24,HIGH_VALUE,RV-02
ALT-202608-002936,APP-202608-040291,R0079,2026-08-08T06:45:07,IDENTITY,RV-03
ALT-202608-002937,APP-202608-013567,R0130,2026-08-15T12:09:42,TRANSACTION_MONITORING,RV-03
ALT-202608-002938,APP-202608-036766,R0252,2026-08-02T20:37:14,DOCUMENT,RV-01
ALT-202608-002939,APP-202608-022285,R0076,2026-08-11T19:45:46,HIGH_VALUE,RV-03
ALT-202608-002940,APP-202608-034791,R0079,2026-08-25T18:55:14,IDENTITY,RV-06
ALT-202608-002941,APP-202608-046357,R0261,2026-08-23T22:16:05,TRANSACTION_MONITORING,RV-05
ALT-202608-002942,APP-202608-041079,R0129,2026-08-19T21:40:51,DOCUMENT,RV-04
ALT-202608-002943,APP-202608-064098,R0302,2026-08-03T21:00:23,HIGH_VALUE,RV-06
ALT-202608-002944,APP-202608-028814,R0250,2026-08-19T19:55:48,IDENTITY,RV-03
ALT-202608-002945,APP-202608-046225,R0079,2026-08-27T16:08:34,TRANSACTION_MONITORING,RV-03
ALT-202608-002946,APP-202608-063399,R0064,2026-08-06T20:06:23,DOCUMENT,RV-06
ALT-202608-002947,APP-202608-065323,R0079,2026-08-18T19:15:09,HIGH_VALUE,RV-03
ALT-202608-002948,APP-202608-005319,R0129,2026-08-30T18:57:30,IDENTITY,RV-04
ALT-202608-002949,APP-202608-035062,R0076,2026-08-21T21:09:00,TRANSACTION_MONITORING,RV-06
ALT-202608-002950,APP-202608-003859,R0217,2026-08-27T06:31:59,DOCUMENT,RV-05
ALT-202608-002951,APP-202608-019168,R0247,2026-08-01T15:30:03,HIGH_VALUE,RV-02
ALT-202608-002952,APP-202608-052935,R0322,2026-08-18T12:31:48,IDENTITY,RV-03
ALT-202608-002953,APP-202608-052972,R0081,2026-08-30T15:04:21,TRANSACTION_MONITORING,RV-05
ALT-202608-002954,APP-202608-008263,R0335,2026-08-27T07:45:37,DOCUMENT,RV-06
ALT-202608-002955,APP-202608-009628,R0261,2026-08-12T10:36:10,HIGH_VALUE,RV-04
ALT-202608-002956,APP-202608-044457,R0322,2026-08-17T07:15:10,IDENTITY,RV-04
ALT-202608-002957,APP-202608-058946,R0129,2026-08-09T11:42:06,TRANSACTION_MONITORING,RV-01
ALT-202608-002958,APP-202608-007224,R0071,2026-08-09T06:29:07,DOCUMENT,RV-04
ALT-202608-002959,APP-202608-071765,R0261,2026-08-08T15:45:42,HIGH_VALUE,RV-03
ALT-202608-002960,APP-202608-060938,R0071,2026-08-31T12:50:18,IDENTITY,RV-06
ALT-202608-002961,APP-202608-049040,R0079,2026-08-06T19:11:16,TRANSACTION_MONITORING,RV-02
ALT-202608-002962,APP-202608-037150,R0115,2026-08-01T18:37:38,DOCUMENT,RV-03
ALT-202608-002963,APP-202608-040444,R0335,2026-08-01T19:00:38,HIGH_VALUE,RV-04
ALT-202608-002964,APP-202608-064677,R0130,2026-08-16T07:25:59,IDENTITY,RV-05
ALT-202608-002965,APP-202608-006633,R0081,2026-08-06T22:41:16,TRANSACTION_MONITORING,RV-01
ALT-202608-002966,APP-202608-041268,R0081,2026-08-03T10:02:16,DOCUMENT,RV-01
ALT-202608-002967,APP-202608-043548,R0081,2026-08-12T17:26:14,HIGH_VALUE,RV-03
ALT-202608-002968,APP-202608-044628,R0129,2026-08-19T15:13:04,IDENTITY,RV-03
ALT-202608-002969,APP-202608-063857,R0129,2026-08-18T22:47:17,TRANSACTION_MONITORING,RV-02
ALT-202608-002970,APP-202608-029343,R0315,2026-08-11T18:45:47,DOCUMENT,RV-05
ALT-202608-002971,APP-202608-037628,R0079,2026-08-29T10:27:26,HIGH_VALUE,RV-06
ALT-202608-002972,APP-202608-024581,R0002,2026-08-03T17:28:15,IDENTITY,RV-03
ALT-202608-002973,APP-202608-008765,R0129,2026-08-04T14:46:50,TRANSACTION_MONITORING,RV-01
ALT-202608-002974,APP-202608-028139,R0081,2026-08-11T20:46:36,DOCUMENT,RV-02
ALT-202608-002975,APP-202608-041175,R0130,2026-08-30T14:49:31,HIGH_VALUE,RV-06
ALT-202608-002976,APP-202608-017125,R0335,2026-08-01T16:49:04,IDENTITY,RV-02
ALT-202608-002977,APP-202608-040739,R0335,2026-08-08T13:51:32,TRANSACTION_MONITORING,RV-04
ALT-202608-002978,APP-202608-033265,R0071,2026-08-15T18:34:32,DOCUMENT,RV-03
ALT-202608-002979,APP-202608-059967,R0129,2026-08-21T07:53:37,HIGH_VALUE,RV-06
ALT-202608-002980,APP-202608-023364,R0129,2026-08-16T15:07:23,IDENTITY,RV-06
ALT-202608-002981,APP-202608-017416,R0261,2026-08-02T11:16:01,TRANSACTION_MONITORING,RV-02
ALT-202608-002982,APP-202608-018339,R0252,2026-08-06T22:01:19,DOCUMENT,RV-01
ALT-202608-002983,APP-202608-013253,R0142,2026-08-30T10:43:08,HIGH_VALUE,RV-01
ALT-202608-002984,APP-202608-025850,R0322,2026-08-03T11:35:30,IDENTITY,RV-03
ALT-202608-002985,APP-202608-050441,R0079,2026-08-25T21:38:14,TRANSACTION_MONITORING,RV-04
ALT-202608-002986,APP-202608-005155,R0064,2026-08-10T14:47:36,DOCUMENT,RV-03
ALT-202608-002987,APP-202608-047304,R0071,2026-08-03T08:50:03,HIGH_VALUE,RV-03
ALT-202608-002988,APP-202608-009179,R0261,2026-08-09T09:37:30,IDENTITY,RV-06
ALT-202608-002989,APP-202608-061479,R0130,2026-08-25T19:35:51,TRANSACTION_MONITORING,RV-03
ALT-202608-002990,APP-202608-008275,R0129,2026-08-25T11:47:22,DOCUMENT,RV-03
ALT-202608-002991,APP-202608-020312,R0313,2026-08-15T19:19:59,HIGH_VALUE,RV-04
ALT-202608-002992,APP-202608-046487,R0261,2026-08-02T16:05:45,IDENTITY,RV-03
ALT-202608-002993,APP-202608-050731,R0335,2026-08-22T11:31:33,TRANSACTION_MONITORING,RV-03
ALT-202608-002994,APP-202608-042141,R0322,2026-08-19T18:13:27,DOCUMENT,RV-06
ALT-202608-002995,APP-202608-060438,R0335,2026-08-05T09:00:39,HIGH_VALUE,RV-02
ALT-202608-002996,APP-202608-055773,R0142,2026-08-24T20:13:55,IDENTITY,RV-01
ALT-202608-002997,APP-202608-017665,R0322,2026-08-02T09:50:17,TRANSACTION_MONITORING,RV-04
ALT-202608-002998,APP-202608-072878,R0076,2026-08-05T06:59:51,DOCUMENT,RV-03
ALT-202608-002999,APP-202608-048879,R0079,2026-08-01T11:25:26,HIGH_VALUE,RV-02
ALT-202608-003000,APP-202608-071657,R0322,2026-08-15T19:27:02,IDENTITY,RV-05
ALT-202608-003001,APP-202608-057961,R0076,2026-08-03T15:41:04,TRANSACTION_MONITORING,RV-01
ALT-202608-003002,APP-202608-004100,R0261,2026-08-20T22:38:51,DOCUMENT,RV-06
ALT-202608-003003,APP-202608-043193,R0261,2026-08-15T15:58:20,HIGH_VALUE,RV-06
ALT-202608-003004,APP-202608-068388,R0158,2026-08-19T11:14:29,IDENTITY,RV-04
ALT-202608-003005,APP-202608-054274,R0261,2026-08-20T16:47:12,TRANSACTION_MONITORING,RV-01
ALT-202608-003006,APP-202608-058445,R0129,2026-08-12T16:52:50,DOCUMENT,RV-03
ALT-202608-003007,APP-202608-001462,R0302,2026-08-05T16:28:10,HIGH_VALUE,RV-03
ALT-202608-003008,APP-202608-001683,R0001,2026-08-09T17:21:19,IDENTITY,RV-01
ALT-202608-003009,APP-202608-063647,R0079,2026-08-05T10:38:50,TRANSACTION_MONITORING,RV-06
ALT-202608-003010,APP-202608-027064,R0130,2026-08-05T14:27:58,DOCUMENT,RV-04
ALT-202608-003011,APP-202608-057895,R0076,2026-08-27T10:54:13,HIGH_VALUE,RV-02
ALT-202608-003012,APP-202608-064446,R0081,2026-08-18T21:28:03,IDENTITY,RV-03
ALT-202608-003013,APP-202608-030617,R0081,2026-08-17T11:40:06,TRANSACTION_MONITORING,RV-06
ALT-202608-003014,APP-202608-074095,R0129,2026-08-20T14:50:50,DOCUMENT,RV-05
ALT-202608-003015,APP-202608-023667,R0109,2026-08-24T09:59:39,HIGH_VALUE,RV-05
ALT-202608-003016,APP-202608-019538,R0079,2026-08-28T16:04:11,IDENTITY,RV-04
ALT-202608-003017,APP-202608-001335,R0250,2026-08-31T10:00:41,TRANSACTION_MONITORING,RV-03
ALT-202608-003018,APP-202608-067764,R0261,2026-08-17T22:45:35,DOCUMENT,RV-02
ALT-202608-003019,APP-202608-035253,R0322,2026-08-25T08:13:19,HIGH_VALUE,RV-05
ALT-202608-003020,APP-202608-021517,R0315,2026-08-09T17:11:14,IDENTITY,RV-04
ALT-202608-003021,APP-202608-062255,R0250,2026-08-31T10:45:30,TRANSACTION_MONITORING,RV-06
ALT-202608-003022,APP-202608-018545,R0130,2026-08-15T17:57:42,DOCUMENT,RV-04
ALT-202608-003023,APP-202608-016084,R0079,2026-08-01T11:06:15,HIGH_VALUE,RV-04
ALT-202608-003024,APP-202608-005779,R0115,2026-08-01T22:26:56,IDENTITY,RV-05
ALT-202608-003025,APP-202608-021775,R0247,2026-08-08T11:24:11,TRANSACTION_MONITORING,RV-06
ALT-202608-003026,APP-202608-022007,R0081,2026-08-22T10:14:06,DOCUMENT,RV-02
ALT-202608-003027,APP-202608-012313,R0247,2026-08-27T13:27:39,HIGH_VALUE,RV-06
ALT-202608-003028,APP-202608-035541,R0130,2026-08-19T14:55:54,IDENTITY,RV-03
ALT-202608-003029,APP-202608-056126,R0142,2026-08-25T12:35:02,TRANSACTION_MONITORING,RV-05
ALT-202608-003030,APP-202608-019505,R0129,2026-08-02T11:17:25,DOCUMENT,RV-05
ALT-202608-003031,APP-202608-064450,R0064,2026-08-13T12:39:25,HIGH_VALUE,RV-04
ALT-202608-003032,APP-202608-072188,R0129,2026-08-05T10:05:29,IDENTITY,RV-06
ALT-202608-003033,APP-202608-024946,R0335,2026-08-30T16:29:16,TRANSACTION_MONITORING,RV-02
ALT-202608-003034,APP-202608-073551,R0081,2026-08-13T06:43:26,DOCUMENT,RV-04
ALT-202608-003035,APP-202608-035497,R0315,2026-08-30T09:09:12,HIGH_VALUE,RV-05
ALT-202608-003036,APP-202608-048594,R0002,2026-08-04T18:30:05,IDENTITY,RV-06
ALT-202608-003037,APP-202608-052530,R0081,2026-08-15T18:03:37,TRANSACTION_MONITORING,RV-04
ALT-202608-003038,APP-202608-039258,R0079,2026-08-11T06:20:42,DOCUMENT,RV-03
ALT-202608-003039,APP-202608-017394,R0142,2026-08-24T22:57:19,HIGH_VALUE,RV-02
ALT-202608-003040,APP-202608-003135,R0335,2026-08-13T13:05:52,IDENTITY,RV-04
ALT-202608-003041,APP-202608-013093,R0096,2026-08-23T06:09:53,TRANSACTION_MONITORING,RV-04
ALT-202608-003042,APP-202608-042160,R0247,2026-08-31T16:32:42,DOCUMENT,RV-03
ALT-202608-003043,APP-202608-056145,R0142,2026-08-03T09:46:33,HIGH_VALUE,RV-06
ALT-202608-003044,APP-202608-059630,R0130,2026-08-08T17:28:25,IDENTITY,RV-01
ALT-202608-003045,APP-202608-031295,R0129,2026-08-11T13:03:30,TRANSACTION_MONITORING,RV-04
ALT-202608-003046,APP-202608-061047,R0158,2026-08-11T08:36:44,DOCUMENT,RV-04
ALT-202608-003047,APP-202608-064621,R0217,2026-08-08T10:30:33,HIGH_VALUE,RV-06
ALT-202608-003048,APP-202608-030155,R0076,2026-08-04T09:03:16,IDENTITY,RV-01
ALT-202608-003049,APP-202608-045341,R0250,2026-08-30T07:33:22,TRANSACTION_MONITORING,RV-02
ALT-202608-003050,APP-202608-049295,R0038,2026-08-29T16:19:45,DOCUMENT,RV-02
ALT-202608-003051,APP-202608-050425,R0142,2026-08-08T11:55:01,HIGH_VALUE,RV-04
ALT-202608-003052,APP-202608-011518,R0252,2026-08-25T19:27:35,IDENTITY,RV-03
ALT-202608-003053,APP-202608-016561,R0064,2026-08-28T14:00:32,TRANSACTION_MONITORING,RV-02
ALT-202608-003054,APP-202608-073314,R0002,2026-08-13T09:01:29,DOCUMENT,RV-06
ALT-202608-003055,APP-202608-057396,R0142,2026-08-02T09:42:48,HIGH_VALUE,RV-04
ALT-202608-003056,APP-202608-012859,R0250,2026-08-25T14:17:15,IDENTITY,RV-02
ALT-202608-003057,APP-202608-004219,R0129,2026-08-31T06:28:15,TRANSACTION_MONITORING,RV-06
ALT-202608-003058,APP-202608-013447,R0322,2026-08-03T10:30:33,DOCUMENT,RV-01
ALT-202608-003059,APP-202608-071670,R0247,2026-08-01T11:34:38,HIGH_VALUE,RV-06
ALT-202608-003060,APP-202608-023551,R0158,2026-08-02T15:30:30,IDENTITY,RV-04
ALT-202608-003061,APP-202608-017033,R0273,2026-08-30T22:09:44,TRANSACTION_MONITORING,RV-03
ALT-202608-003062,APP-202608-055848,R0076,2026-08-25T06:26:56,DOCUMENT,RV-02
ALT-202608-003063,APP-202608-013473,R0313,2026-08-01T18:41:31,HIGH_VALUE,RV-02
ALT-202608-003064,APP-202608-046668,R0002,2026-08-30T17:03:42,IDENTITY,RV-01
ALT-202608-003065,APP-202608-012877,R0252,2026-08-11T07:22:41,TRANSACTION_MONITORING,RV-04
ALT-202608-003066,APP-202608-037788,R0247,2026-08-05T11:44:54,DOCUMENT,RV-03
ALT-202608-003067,APP-202608-038776,R0247,2026-08-02T17:08:13,HIGH_VALUE,RV-02
ALT-202608-003068,APP-202608-001584,R0322,2026-08-13T07:13:23,IDENTITY,RV-05
ALT-202608-003069,APP-202608-016661,R0322,2026-08-17T22:32:35,TRANSACTION_MONITORING,RV-03
ALT-202608-003070,APP-202608-071725,R0002,2026-08-23T15:48:29,DOCUMENT,RV-04
ALT-202608-003071,APP-202608-027178,R0079,2026-08-08T13:57:08,HIGH_VALUE,RV-04
ALT-202608-003072,APP-202608-030944,R0261,2026-08-04T13:16:30,IDENTITY,RV-06
ALT-202608-003073,APP-202608-002103,R0129,2026-08-30T21:30:14,TRANSACTION_MONITORING,RV-03
ALT-202608-003074,APP-202608-014465,R0129,2026-08-31T13:03:59,DOCUMENT,RV-05
ALT-202608-003075,APP-202608-012475,R0247,2026-08-25T15:32:27,HIGH_VALUE,RV-01
ALT-202608-003076,APP-202608-031135,R0129,2026-08-28T22:39:32,IDENTITY,RV-03
ALT-202608-003077,APP-202608-026477,R0335,2026-08-29T22:11:29,TRANSACTION_MONITORING,RV-05
ALT-202608-003078,APP-202608-025165,R0129,2026-08-06T18:52:59,DOCUMENT,RV-01
ALT-202608-003079,APP-202608-065703,R0064,2026-08-11T19:40:08,HIGH_VALUE,RV-01
ALT-202608-003080,APP-202608-028113,R0335,2026-08-01T12:45:56,IDENTITY,RV-02
ALT-202608-003081,APP-202608-049039,R0109,2026-08-08T16:04:34,TRANSACTION_MONITORING,RV-01
ALT-202608-003082,APP-202608-002696,R0045,2026-08-28T10:05:46,DOCUMENT,RV-01
ALT-202608-003083,APP-202608-039591,R0079,2026-08-08T22:36:08,HIGH_VALUE,RV-03
ALT-202608-003084,APP-202608-044066,R0079,2026-08-20T18:42:27,IDENTITY,RV-06
ALT-202608-003085,APP-202608-034878,R0313,2026-08-11T10:16:51,TRANSACTION_MONITORING,RV-02
ALT-202608-003086,APP-202608-006222,R0261,2026-08-04T20:42:15,DOCUMENT,RV-05
ALT-202608-003087,APP-202608-073101,R0081,2026-08-07T18:25:14,HIGH_VALUE,RV-04
ALT-202608-003088,APP-202608-040313,R0261,2026-08-31T11:41:20,IDENTITY,RV-01
ALT-202608-003089,APP-202608-017024,R0250,2026-08-05T21:58:03,TRANSACTION_MONITORING,RV-01
ALT-202608-003090,APP-202608-012835,R0335,2026-08-15T15:50:54,DOCUMENT,RV-03
ALT-202608-003091,APP-202608-008356,R0322,2026-08-14T19:52:15,HIGH_VALUE,RV-01
ALT-202608-003092,APP-202608-072421,R0261,2026-08-23T14:49:11,IDENTITY,RV-04
ALT-202608-003093,APP-202608-005533,R0096,2026-08-20T14:38:40,TRANSACTION_MONITORING,RV-05
ALT-202608-003094,APP-202608-031820,R0129,2026-08-17T16:18:13,DOCUMENT,RV-06
ALT-202608-003095,APP-202608-049447,R0129,2026-08-23T20:03:33,HIGH_VALUE,RV-05
ALT-202608-003096,APP-202608-023077,R0071,2026-08-20T13:21:28,IDENTITY,RV-04
ALT-202608-003097,APP-202608-017384,R0322,2026-08-20T12:33:18,TRANSACTION_MONITORING,RV-06
ALT-202608-003098,APP-202608-050674,R0142,2026-08-09T11:23:30,DOCUMENT,RV-04
ALT-202608-003099,APP-202608-045109,R0158,2026-08-21T08:43:38,HIGH_VALUE,RV-02
ALT-202608-003100,APP-202608-071494,R0002,2026-08-24T08:30:35,IDENTITY,RV-04
ALT-202608-003101,APP-202608-068044,R0217,2026-08-13T13:04:05,TRANSACTION_MONITORING,RV-01
ALT-202608-003102,APP-202608-009377,R0315,2026-08-30T08:35:33,DOCUMENT,RV-04
ALT-202608-003103,APP-202608-031760,R0070,2026-08-13T15:24:58,HIGH_VALUE,RV-03
ALT-202608-003104,APP-202608-056957,R0071,2026-08-26T15:24:39,IDENTITY,RV-05
ALT-202608-003105,APP-202608-003651,R0261,2026-08-01T06:23:13,TRANSACTION_MONITORING,RV-03
ALT-202608-003106,APP-202608-031026,R0076,2026-08-24T21:18:47,DOCUMENT,RV-03
ALT-202608-003107,APP-202608-070317,R0335,2026-08-09T12:31:21,HIGH_VALUE,RV-06
ALT-202608-003108,APP-202608-026203,R0261,2026-08-18T09:40:07,IDENTITY,RV-04
ALT-202608-003109,APP-202608-015069,R0261,2026-08-02T07:49:12,TRANSACTION_MONITORING,RV-05
ALT-202608-003110,APP-202608-059203,R0115,2026-08-10T18:17:44,DOCUMENT,RV-01
ALT-202608-003111,APP-202608-009126,R0217,2026-08-12T11:45:31,HIGH_VALUE,RV-01
ALT-202608-003112,APP-202608-071358,R0261,2026-08-02T07:01:15,IDENTITY,RV-06
ALT-202608-003113,APP-202608-041953,R0002,2026-08-23T10:22:56,TRANSACTION_MONITORING,RV-06
ALT-202608-003114,APP-202608-055772,R0217,2026-08-31T18:24:37,DOCUMENT,RV-02
ALT-202608-003115,APP-202608-072512,R0302,2026-08-23T20:45:33,HIGH_VALUE,RV-04
ALT-202608-003116,APP-202608-048794,R0129,2026-08-16T22:50:12,IDENTITY,RV-06
ALT-202608-003117,APP-202608-037284,R0071,2026-08-01T16:35:46,TRANSACTION_MONITORING,RV-04
ALT-202608-003118,APP-202608-047793,R0261,2026-08-02T09:14:17,DOCUMENT,RV-03
ALT-202608-003119,APP-202608-061017,R0322,2026-08-18T11:08:21,HIGH_VALUE,RV-02
ALT-202608-003120,APP-202608-017801,R0079,2026-08-25T18:26:20,IDENTITY,RV-04
ALT-202608-003121,APP-202608-071100,R0261,2026-08-16T16:49:17,TRANSACTION_MONITORING,RV-02
ALT-202608-003122,APP-202608-021623,R0076,2026-08-12T22:48:31,DOCUMENT,RV-02
ALT-202608-003123,APP-202608-074778,R0076,2026-08-22T07:41:53,HIGH_VALUE,RV-03
ALT-202608-003124,APP-202608-073932,R0252,2026-08-28T17:43:54,IDENTITY,RV-04
ALT-202608-003125,APP-202608-019059,R0070,2026-08-01T19:05:06,TRANSACTION_MONITORING,RV-05
ALT-202608-003126,APP-202608-033632,R0079,2026-08-23T14:15:12,DOCUMENT,RV-05
ALT-202608-003127,APP-202608-001400,R0247,2026-08-13T12:19:54,HIGH_VALUE,RV-01
ALT-202608-003128,APP-202608-053627,R0322,2026-08-11T08:31:46,IDENTITY,RV-04
ALT-202608-003129,APP-202608-052025,R0335,2026-08-17T18:56:47,TRANSACTION_MONITORING,RV-01
ALT-202608-003130,APP-202608-028401,R0129,2026-08-29T15:51:10,DOCUMENT,RV-03
ALT-202608-003131,APP-202608-043451,R0335,2026-08-22T07:00:28,HIGH_VALUE,RV-02
ALT-202608-003132,APP-202608-025852,R0129,2026-08-09T13:37:09,IDENTITY,RV-02
ALT-202608-003133,APP-202608-055872,R0079,2026-08-12T21:30:10,TRANSACTION_MONITORING,RV-02
ALT-202608-003134,APP-202608-037347,R0081,2026-08-26T16:12:14,DOCUMENT,RV-02
ALT-202608-003135,APP-202608-059848,R0076,2026-08-06T07:59:13,HIGH_VALUE,RV-04
ALT-202608-003136,APP-202608-027716,R0261,2026-08-23T08:20:03,IDENTITY,RV-03
ALT-202608-003137,APP-202608-017080,R0252,2026-08-13T12:05:56,TRANSACTION_MONITORING,RV-04
ALT-202608-003138,APP-202608-019143,R0273,2026-08-30T21:35:42,DOCUMENT,RV-02
ALT-202608-003139,APP-202608-060090,R0129,2026-08-02T21:50:10,HIGH_VALUE,RV-02
ALT-202608-003140,APP-202608-014191,R0250,2026-08-09T15:52:10,IDENTITY,RV-01
ALT-202608-003141,APP-202608-004320,R0081,2026-08-21T17:13:50,TRANSACTION_MONITORING,RV-01
ALT-202608-003142,APP-202608-048386,R0129,2026-08-19T07:27:02,DOCUMENT,RV-04
ALT-202608-003143,APP-202608-039662,R0129,2026-08-25T15:09:59,HIGH_VALUE,RV-04
ALT-202608-003144,APP-202608-010229,R0109,2026-08-18T08:21:17,IDENTITY,RV-03
ALT-202608-003145,APP-202608-059862,R0247,2026-08-23T15:35:57,TRANSACTION_MONITORING,RV-04
ALT-202608-003146,APP-202608-032059,R0252,2026-08-25T11:59:57,DOCUMENT,RV-05
ALT-202608-003147,APP-202608-006933,R0129,2026-08-29T19:31:18,HIGH_VALUE,RV-06
ALT-202608-003148,APP-202608-049887,R0130,2026-08-05T15:48:10,IDENTITY,RV-05
ALT-202608-003149,APP-202608-029677,R0081,2026-08-04T09:18:36,TRANSACTION_MONITORING,RV-05
ALT-202608-003150,APP-202608-017191,R0335,2026-08-29T16:58:18,DOCUMENT,RV-04
ALT-202608-003151,APP-202608-064050,R0247,2026-08-14T17:03:08,HIGH_VALUE,RV-02
ALT-202608-003152,APP-202608-004166,R0147,2026-08-25T09:17:47,IDENTITY,RV-01
ALT-202608-003153,APP-202608-043679,R0038,2026-08-08T21:24:14,TRANSACTION_MONITORING,RV-01
ALT-202608-003154,APP-202608-025909,R0076,2026-08-29T20:20:18,DOCUMENT,RV-03
ALT-202608-003155,APP-202608-010158,R0129,2026-08-21T09:32:47,HIGH_VALUE,RV-01
ALT-202608-003156,APP-202608-048038,R0081,2026-08-06T22:03:06,IDENTITY,RV-03
ALT-202608-003157,APP-202608-073399,R0002,2026-08-26T20:23:39,TRANSACTION_MONITORING,RV-06
ALT-202608-003158,APP-202608-060355,R0076,2026-08-15T11:46:49,DOCUMENT,RV-05
ALT-202608-003159,APP-202608-037557,R0081,2026-08-04T13:05:05,HIGH_VALUE,RV-06
ALT-202608-003160,APP-202608-064370,R0261,2026-08-24T07:56:11,IDENTITY,RV-04
ALT-202608-003161,APP-202608-045360,R0079,2026-08-05T17:55:16,TRANSACTION_MONITORING,RV-03
ALT-202608-003162,APP-202608-012968,R0217,2026-08-03T09:14:28,DOCUMENT,RV-01
ALT-202608-003163,APP-202608-063720,R0129,2026-08-02T20:51:43,HIGH_VALUE,RV-04
ALT-202608-003164,APP-202608-040945,R0315,2026-08-26T21:27:01,IDENTITY,RV-05
ALT-202608-003165,APP-202608-016131,R0081,2026-08-22T06:54:03,TRANSACTION_MONITORING,RV-02
ALT-202608-003166,APP-202608-038187,R0129,2026-08-23T21:55:14,DOCUMENT,RV-04
ALT-202608-003167,APP-202608-034874,R0081,2026-08-29T17:22:33,HIGH_VALUE,RV-02
ALT-202608-003168,APP-202608-032834,R0079,2026-08-01T19:50:23,IDENTITY,RV-03
ALT-202608-003169,APP-202608-006046,R0130,2026-08-17T09:56:09,TRANSACTION_MONITORING,RV-05
ALT-202608-003170,APP-202608-026461,R0129,2026-08-03T17:32:34,DOCUMENT,RV-01
ALT-202608-003171,APP-202608-016622,R0261,2026-08-29T14:27:09,HIGH_VALUE,RV-02
ALT-202608-003172,APP-202608-049613,R0071,2026-08-27T17:26:13,IDENTITY,RV-02
ALT-202608-003173,APP-202608-070356,R0335,2026-08-21T20:35:15,TRANSACTION_MONITORING,RV-05
ALT-202608-003174,APP-202608-064724,R0247,2026-08-28T19:30:50,DOCUMENT,RV-01
ALT-202608-003175,APP-202608-048020,R0322,2026-08-10T21:16:22,HIGH_VALUE,RV-05
ALT-202608-003176,APP-202608-017676,R0261,2026-08-22T16:26:49,IDENTITY,RV-05
ALT-202608-003177,APP-202608-031966,R0129,2026-08-05T12:27:33,TRANSACTION_MONITORING,RV-01
ALT-202608-003178,APP-202608-045654,R0335,2026-08-29T19:17:32,DOCUMENT,RV-03
ALT-202608-003179,APP-202608-052000,R0001,2026-08-01T08:54:10,HIGH_VALUE,RV-06
ALT-202608-003180,APP-202608-054632,R0252,2026-08-22T19:12:26,IDENTITY,RV-04
ALT-202608-003181,APP-202608-020927,R0247,2026-08-29T13:15:51,TRANSACTION_MONITORING,RV-06
ALT-202608-003182,APP-202608-073212,R0081,2026-08-30T16:59:55,DOCUMENT,RV-05
ALT-202608-003183,APP-202608-031980,R0115,2026-08-21T15:50:29,HIGH_VALUE,RV-01
ALT-202608-003184,APP-202608-003360,R0130,2026-08-19T07:21:02,IDENTITY,RV-04
ALT-202608-003185,APP-202608-062773,R0045,2026-08-15T06:59:40,TRANSACTION_MONITORING,RV-05
ALT-202608-003186,APP-202608-011912,R0335,2026-08-06T15:32:12,DOCUMENT,RV-01
ALT-202608-003187,APP-202608-025723,R0261,2026-08-21T10:08:39,HIGH_VALUE,RV-03
ALT-202608-003188,APP-202608-011635,R0129,2026-08-10T09:05:47,IDENTITY,RV-03
ALT-202608-003189,APP-202608-053928,R0261,2026-08-03T20:03:39,TRANSACTION_MONITORING,RV-05
ALT-202608-003190,APP-202608-010511,R0142,2026-08-02T18:10:36,DOCUMENT,RV-04
ALT-202608-003191,APP-202608-071391,R0250,2026-08-15T12:57:00,HIGH_VALUE,RV-03
ALT-202608-003192,APP-202608-047304,R0315,2026-08-18T14:32:10,IDENTITY,RV-02
ALT-202608-003193,APP-202608-009304,R0129,2026-08-17T10:44:26,TRANSACTION_MONITORING,RV-06
ALT-202608-003194,APP-202608-068055,R0158,2026-08-20T11:50:28,DOCUMENT,RV-01
ALT-202608-003195,APP-202608-065374,R0079,2026-08-06T10:59:02,HIGH_VALUE,RV-03
ALT-202608-003196,APP-202608-071332,R0335,2026-08-10T22:15:54,IDENTITY,RV-03
ALT-202608-003197,APP-202608-063881,R0322,2026-08-25T09:14:53,TRANSACTION_MONITORING,RV-03
ALT-202608-003198,APP-202608-036006,R0109,2026-08-23T17:12:45,DOCUMENT,RV-05
ALT-202608-003199,APP-202608-030672,R0252,2026-08-23T14:07:06,HIGH_VALUE,RV-05
ALT-202608-003200,APP-202608-033644,R0076,2026-08-08T07:30:35,IDENTITY,RV-06
ALT-202608-003201,APP-202608-009903,R0129,2026-08-19T07:44:03,TRANSACTION_MONITORING,RV-04
ALT-202608-003202,APP-202608-013270,R0129,2026-08-13T14:18:58,DOCUMENT,RV-02
ALT-202608-003203,APP-202608-008031,R0313,2026-08-09T17:50:07,HIGH_VALUE,RV-06
ALT-202608-003204,APP-202608-036722,R0261,2026-08-29T12:07:25,IDENTITY,RV-04
ALT-202608-003205,APP-202608-045769,R0129,2026-08-18T20:42:29,TRANSACTION_MONITORING,RV-03
ALT-202608-003206,APP-202608-058508,R0315,2026-08-13T16:13:24,DOCUMENT,RV-05
ALT-202608-003207,APP-202608-060845,R0129,2026-08-17T06:33:36,HIGH_VALUE,RV-01
ALT-202608-003208,APP-202608-055142,R0250,2026-08-13T20:01:23,IDENTITY,RV-04
ALT-202608-003209,APP-202608-046608,R0158,2026-08-21T10:17:47,TRANSACTION_MONITORING,RV-02
ALT-202608-003210,APP-202608-045725,R0129,2026-08-23T13:26:05,DOCUMENT,RV-03
ALT-202608-003211,APP-202608-059018,R0129,2026-08-13T17:49:02,HIGH_VALUE,RV-05
ALT-202608-003212,APP-202608-010605,R0335,2026-08-18T14:34:23,IDENTITY,RV-06
ALT-202608-003213,APP-202608-071853,R0064,2026-08-12T08:25:33,TRANSACTION_MONITORING,RV-04
ALT-202608-003214,APP-202608-066079,R0261,2026-08-31T09:10:19,DOCUMENT,RV-01
ALT-202608-003215,APP-202608-042120,R0261,2026-08-24T17:42:09,HIGH_VALUE,RV-01
ALT-202608-003216,APP-202608-038990,R0217,2026-08-12T12:46:32,IDENTITY,RV-06
ALT-202608-003217,APP-202608-067804,R0002,2026-08-10T09:17:15,TRANSACTION_MONITORING,RV-06
ALT-202608-003218,APP-202608-029982,R0322,2026-08-19T22:36:22,DOCUMENT,RV-01
ALT-202608-003219,APP-202608-038389,R0261,2026-08-28T07:22:35,HIGH_VALUE,RV-01
ALT-202608-003220,APP-202608-003213,R0217,2026-08-05T11:36:36,IDENTITY,RV-03
ALT-202608-003221,APP-202608-021670,R0322,2026-08-10T07:52:48,TRANSACTION_MONITORING,RV-05
ALT-202608-003222,APP-202608-036366,R0129,2026-08-12T07:00:14,DOCUMENT,RV-06
ALT-202608-003223,APP-202608-032311,R0247,2026-08-28T11:00:47,HIGH_VALUE,RV-02
ALT-202608-003224,APP-202608-052928,R0322,2026-08-27T16:49:13,IDENTITY,RV-01
ALT-202608-003225,APP-202608-046350,R0313,2026-08-18T17:52:28,TRANSACTION_MONITORING,RV-02
ALT-202608-003226,APP-202608-056507,R0252,2026-08-23T08:45:52,DOCUMENT,RV-06
ALT-202608-003227,APP-202608-040512,R0313,2026-08-02T14:38:27,HIGH_VALUE,RV-05
ALT-202608-003228,APP-202608-008082,R0079,2026-08-27T16:59:46,IDENTITY,RV-06
ALT-202608-003229,APP-202608-061865,R0076,2026-08-21T14:31:34,TRANSACTION_MONITORING,RV-01
ALT-202608-003230,APP-202608-044895,R0064,2026-08-19T22:58:42,DOCUMENT,RV-03
ALT-202608-003231,APP-202608-062937,R0096,2026-08-17T20:22:29,HIGH_VALUE,RV-03
ALT-202608-003232,APP-202608-014522,R0001,2026-08-16T17:34:40,IDENTITY,RV-05
ALT-202608-003233,APP-202608-042566,R0079,2026-08-19T14:36:36,TRANSACTION_MONITORING,RV-02
ALT-202608-003234,APP-202608-073157,R0071,2026-08-26T21:44:59,DOCUMENT,RV-03
ALT-202608-003235,APP-202608-003230,R0322,2026-08-13T18:08:05,HIGH_VALUE,RV-02
ALT-202608-003236,APP-202608-028187,R0129,2026-08-02T21:39:18,IDENTITY,RV-05
ALT-202608-003237,APP-202608-070308,R0261,2026-08-01T07:03:19,TRANSACTION_MONITORING,RV-05
ALT-202608-003238,APP-202608-069237,R0129,2026-08-07T19:48:02,DOCUMENT,RV-06
ALT-202608-003239,APP-202608-053005,R0335,2026-08-26T20:06:53,HIGH_VALUE,RV-02
ALT-202608-003240,APP-202608-003435,R0070,2026-08-16T18:59:25,IDENTITY,RV-04
ALT-202608-003241,APP-202608-043100,R0002,2026-08-15T12:28:08,TRANSACTION_MONITORING,RV-06
ALT-202608-003242,APP-202608-058080,R0313,2026-08-15T20:25:20,DOCUMENT,RV-01
ALT-202608-003243,APP-202608-064325,R0322,2026-08-12T17:43:16,HIGH_VALUE,RV-02
ALT-202608-003244,APP-202608-047619,R0079,2026-08-25T13:02:02,IDENTITY,RV-06
ALT-202608-003245,APP-202608-025668,R0247,2026-08-20T07:24:17,TRANSACTION_MONITORING,RV-05
ALT-202608-003246,APP-202608-024994,R0158,2026-08-15T12:13:20,DOCUMENT,RV-06
ALT-202608-003247,APP-202608-020947,R0252,2026-08-13T20:22:18,HIGH_VALUE,RV-01
ALT-202608-003248,APP-202608-033266,R0335,2026-08-12T17:32:55,IDENTITY,RV-04
ALT-202608-003249,APP-202608-025454,R0217,2026-08-27T18:12:32,TRANSACTION_MONITORING,RV-02
ALT-202608-003250,APP-202608-000427,R0261,2026-08-30T17:35:48,DOCUMENT,RV-02
ALT-202608-003251,APP-202608-013486,R0335,2026-08-20T20:36:21,HIGH_VALUE,RV-04
ALT-202608-003252,APP-202608-027810,R0038,2026-08-14T18:20:17,IDENTITY,RV-03
ALT-202608-003253,APP-202608-045823,R0252,2026-08-31T20:50:55,TRANSACTION_MONITORING,RV-04
ALT-202608-003254,APP-202608-049222,R0002,2026-08-07T12:04:48,DOCUMENT,RV-01
ALT-202608-003255,APP-202608-002363,R0079,2026-08-06T08:41:19,HIGH_VALUE,RV-01
ALT-202608-003256,APP-202608-043526,R0079,2026-08-05T08:42:33,IDENTITY,RV-04
ALT-202608-003257,APP-202608-073550,R0322,2026-08-18T12:31:16,TRANSACTION_MONITORING,RV-06
ALT-202608-003258,APP-202608-050263,R0115,2026-08-10T08:12:41,DOCUMENT,RV-01
ALT-202608-003259,APP-202608-055682,R0064,2026-08-14T10:32:34,HIGH_VALUE,RV-05
ALT-202608-003260,APP-202608-014904,R0064,2026-08-04T09:28:16,IDENTITY,RV-03
ALT-202608-003261,APP-202608-058127,R0001,2026-08-11T18:03:33,TRANSACTION_MONITORING,RV-06
ALT-202608-003262,APP-202608-020637,R0129,2026-08-11T20:33:27,DOCUMENT,RV-01
ALT-202608-003263,APP-202608-038974,R0129,2026-08-25T19:58:58,HIGH_VALUE,RV-03
ALT-202608-003264,APP-202608-007991,R0129,2026-08-22T15:26:25,IDENTITY,RV-04
ALT-202608-003265,APP-202608-063923,R0002,2026-08-25T08:14:02,TRANSACTION_MONITORING,RV-01
ALT-202608-003266,APP-202608-073408,R0142,2026-08-08T19:15:06,DOCUMENT,RV-03
ALT-202608-003267,APP-202608-067077,R0129,2026-08-06T12:19:10,HIGH_VALUE,RV-04
ALT-202608-003268,APP-202608-005023,R0079,2026-08-24T15:50:24,IDENTITY,RV-05
ALT-202608-003269,APP-202608-070588,R0081,2026-08-31T09:52:37,TRANSACTION_MONITORING,RV-02
ALT-202608-003270,APP-202608-030108,R0322,2026-08-12T12:15:49,DOCUMENT,RV-05
ALT-202608-003271,APP-202608-054730,R0250,2026-08-31T12:51:19,HIGH_VALUE,RV-01
ALT-202608-003272,APP-202608-012854,R0335,2026-08-10T10:57:33,IDENTITY,RV-06
ALT-202608-003273,APP-202608-037210,R0129,2026-08-29T16:44:20,TRANSACTION_MONITORING,RV-02
ALT-202608-003274,APP-202608-001317,R0247,2026-08-20T06:37:19,DOCUMENT,RV-03
ALT-202608-003275,APP-202608-000952,R0335,2026-08-26T11:46:08,HIGH_VALUE,RV-04
ALT-202608-003276,APP-202608-068520,R0109,2026-08-31T09:05:16,IDENTITY,RV-05
ALT-202608-003277,APP-202608-042632,R0001,2026-08-19T19:21:53,TRANSACTION_MONITORING,RV-05
ALT-202608-003278,APP-202608-019679,R0064,2026-08-11T20:48:53,DOCUMENT,RV-01
ALT-202608-003279,APP-202608-009328,R0064,2026-08-09T06:35:06,HIGH_VALUE,RV-05
ALT-202608-003280,APP-202608-021335,R0129,2026-08-04T15:08:04,IDENTITY,RV-03
ALT-202608-003281,APP-202608-067525,R0129,2026-08-16T16:32:49,TRANSACTION_MONITORING,RV-06
ALT-202608-003282,APP-202608-032305,R0147,2026-08-14T13:40:21,DOCUMENT,RV-05
ALT-202608-003283,APP-202608-017847,R0147,2026-08-01T20:24:40,HIGH_VALUE,RV-01
ALT-202608-003284,APP-202608-022681,R0129,2026-08-11T15:39:22,IDENTITY,RV-04
ALT-202608-003285,APP-202608-019434,R0252,2026-08-25T16:53:16,TRANSACTION_MONITORING,RV-06
ALT-202608-003286,APP-202608-011778,R0109,2026-08-31T12:58:03,DOCUMENT,RV-06
ALT-202608-003287,APP-202608-015531,R0250,2026-08-05T18:58:40,HIGH_VALUE,RV-06
ALT-202608-003288,APP-202608-051656,R0115,2026-08-29T22:40:03,IDENTITY,RV-01
ALT-202608-003289,APP-202608-016219,R0142,2026-08-06T14:03:44,TRANSACTION_MONITORING,RV-01
ALT-202608-003290,APP-202608-035601,R0064,2026-08-10T17:56:46,DOCUMENT,RV-02
ALT-202608-003291,APP-202608-048468,R0071,2026-08-02T22:50:09,HIGH_VALUE,RV-04
ALT-202608-003292,APP-202608-070752,R0129,2026-08-11T14:58:03,IDENTITY,RV-05
ALT-202608-003293,APP-202608-013325,R0158,2026-08-19T19:14:29,TRANSACTION_MONITORING,RV-04
ALT-202608-003294,APP-202608-033599,R0129,2026-08-16T21:21:04,DOCUMENT,RV-03
ALT-202608-003295,APP-202608-045630,R0315,2026-08-29T14:22:01,HIGH_VALUE,RV-06
ALT-202608-003296,APP-202608-003734,R0129,2026-08-25T18:18:27,IDENTITY,RV-01
ALT-202608-003297,APP-202608-001691,R0129,2026-08-05T18:00:53,TRANSACTION_MONITORING,RV-03
ALT-202608-003298,APP-202608-021954,R0076,2026-08-26T11:57:31,DOCUMENT,RV-05
ALT-202608-003299,APP-202608-035474,R0129,2026-08-03T19:05:25,HIGH_VALUE,RV-06
ALT-202608-003300,APP-202608-021279,R0079,2026-08-27T22:07:00,IDENTITY,RV-04
ALT-202608-003301,APP-202608-024591,R0261,2026-08-29T17:33:37,TRANSACTION_MONITORING,RV-06
ALT-202608-003302,APP-202608-067447,R0335,2026-08-30T13:46:45,DOCUMENT,RV-04
ALT-202608-003303,APP-202608-052181,R0252,2026-08-24T14:48:13,HIGH_VALUE,RV-06
ALT-202608-003304,APP-202608-039107,R0129,2026-08-13T06:55:59,IDENTITY,RV-04
ALT-202608-003305,APP-202608-057844,R0031,2026-08-18T08:08:20,TRANSACTION_MONITORING,RV-03
ALT-202608-003306,APP-202608-016703,R0250,2026-08-18T21:08:31,DOCUMENT,RV-06
ALT-202608-003307,APP-202608-041516,R0335,2026-08-09T17:01:01,HIGH_VALUE,RV-03
ALT-202608-003308,APP-202608-006516,R0129,2026-08-15T17:40:55,IDENTITY,RV-05
ALT-202608-003309,APP-202608-020214,R0129,2026-08-17T06:48:09,TRANSACTION_MONITORING,RV-04
ALT-202608-003310,APP-202608-048889,R0081,2026-08-14T11:47:16,DOCUMENT,RV-04
ALT-202608-003311,APP-202608-038657,R0335,2026-08-22T20:26:59,HIGH_VALUE,RV-03
ALT-202608-003312,APP-202608-066776,R0064,2026-08-09T17:15:12,IDENTITY,RV-05
ALT-202608-003313,APP-202608-057154,R0129,2026-08-28T06:37:42,TRANSACTION_MONITORING,RV-06
ALT-202608-003314,APP-202608-069734,R0217,2026-08-31T15:00:07,DOCUMENT,RV-06
ALT-202608-003315,APP-202608-042441,R0261,2026-08-08T07:03:25,HIGH_VALUE,RV-02
ALT-202608-003316,APP-202608-006180,R0310,2026-08-20T12:12:17,IDENTITY,RV-03
ALT-202608-003317,APP-202608-031252,R0064,2026-08-25T07:40:07,TRANSACTION_MONITORING,RV-05
ALT-202608-003318,APP-202608-004787,R0158,2026-08-22T06:16:20,DOCUMENT,RV-02
ALT-202608-003319,APP-202608-037077,R0071,2026-08-29T16:45:37,HIGH_VALUE,RV-01
ALT-202608-003320,APP-202608-062949,R0079,2026-08-09T12:26:27,IDENTITY,RV-05
ALT-202608-003321,APP-202608-066918,R0076,2026-08-08T06:26:55,TRANSACTION_MONITORING,RV-01
ALT-202608-003322,APP-202608-033387,R0076,2026-08-30T13:12:14,DOCUMENT,RV-05
ALT-202608-003323,APP-202608-036089,R0322,2026-08-12T18:11:24,HIGH_VALUE,RV-03
ALT-202608-003324,APP-202608-036521,R0129,2026-08-03T11:23:51,IDENTITY,RV-01
ALT-202608-003325,APP-202608-069610,R0273,2026-08-26T13:33:59,TRANSACTION_MONITORING,RV-06
ALT-202608-003326,APP-202608-005032,R0281,2026-08-02T18:08:59,DOCUMENT,RV-01
ALT-202608-003327,APP-202608-058489,R0129,2026-08-16T10:53:36,HIGH_VALUE,RV-06
ALT-202608-003328,APP-202608-016996,R0071,2026-08-21T17:10:51,IDENTITY,RV-05
ALT-202608-003329,APP-202608-044933,R0322,2026-08-09T14:29:43,TRANSACTION_MONITORING,RV-06
ALT-202608-003330,APP-202608-004940,R0217,2026-08-01T11:44:06,DOCUMENT,RV-01
ALT-202608-003331,APP-202608-059000,R0335,2026-08-18T19:16:44,HIGH_VALUE,RV-06
ALT-202608-003332,APP-202608-011066,R0129,2026-08-21T08:18:11,IDENTITY,RV-04
ALT-202608-003333,APP-202608-044643,R0315,2026-08-13T13:57:52,TRANSACTION_MONITORING,RV-02
ALT-202608-003334,APP-202608-045010,R0001,2026-08-23T16:49:12,DOCUMENT,RV-05
ALT-202608-003335,APP-202608-042535,R0129,2026-08-12T11:46:39,HIGH_VALUE,RV-02
ALT-202608-003336,APP-202608-023428,R0261,2026-08-29T06:10:54,IDENTITY,RV-01
ALT-202608-003337,APP-202608-069790,R0158,2026-08-20T18:36:32,TRANSACTION_MONITORING,RV-05
ALT-202608-003338,APP-202608-046543,R0142,2026-08-26T09:32:37,DOCUMENT,RV-02
ALT-202608-003339,APP-202608-006734,R0129,2026-08-28T16:12:12,HIGH_VALUE,RV-05
ALT-202608-003340,APP-202608-042671,R0071,2026-08-07T09:57:45,IDENTITY,RV-03
ALT-202608-003341,APP-202608-046438,R0002,2026-08-03T18:46:49,TRANSACTION_MONITORING,RV-04
ALT-202608-003342,APP-202608-029821,R0129,2026-08-08T11:50:02,DOCUMENT,RV-02
ALT-202608-003343,APP-202608-046566,R0247,2026-08-19T12:37:42,HIGH_VALUE,RV-04
ALT-202608-003344,APP-202608-004280,R0129,2026-08-15T20:15:34,IDENTITY,RV-02
ALT-202608-003345,APP-202608-010671,R0071,2026-08-21T07:49:14,TRANSACTION_MONITORING,RV-05
ALT-202608-003346,APP-202608-057933,R0109,2026-08-28T08:45:50,DOCUMENT,RV-01
ALT-202608-003347,APP-202608-039011,R0322,2026-08-14T22:20:13,HIGH_VALUE,RV-01
ALT-202608-003348,APP-202608-065725,R0273,2026-08-16T15:24:26,IDENTITY,RV-06
ALT-202608-003349,APP-202608-036962,R0273,2026-08-15T20:54:33,TRANSACTION_MONITORING,RV-04
ALT-202608-003350,APP-202608-054574,R0081,2026-08-17T15:35:53,DOCUMENT,RV-06
ALT-202608-003351,APP-202608-015350,R0076,2026-08-18T19:51:06,HIGH_VALUE,RV-04
ALT-202608-003352,APP-202608-046457,R0071,2026-08-08T10:47:10,IDENTITY,RV-03
ALT-202608-003353,APP-202608-074218,R0081,2026-08-03T15:33:06,TRANSACTION_MONITORING,RV-02
ALT-202608-003354,APP-202608-041438,R0335,2026-08-25T07:50:04,DOCUMENT,RV-05
ALT-202608-003355,APP-202608-032240,R0129,2026-08-02T06:49:25,HIGH_VALUE,RV-05
ALT-202608-003356,APP-202608-051757,R0002,2026-08-16T15:36:39,IDENTITY,RV-03
ALT-202608-003357,APP-202608-034663,R0129,2026-08-25T18:16:42,TRANSACTION_MONITORING,RV-02
ALT-202608-003358,APP-202608-007316,R0129,2026-08-08T10:18:20,DOCUMENT,RV-05
ALT-202608-003359,APP-202608-027504,R0261,2026-08-27T07:35:22,HIGH_VALUE,RV-01
ALT-202608-003360,APP-202608-043685,R0130,2026-08-16T15:50:56,IDENTITY,RV-04
ALT-202608-003361,APP-202608-060242,R0076,2026-08-25T17:15:00,TRANSACTION_MONITORING,RV-02
ALT-202608-003362,APP-202608-073547,R0250,2026-08-20T07:08:43,DOCUMENT,RV-05
ALT-202608-003363,APP-202608-032795,R0261,2026-08-06T21:26:14,HIGH_VALUE,RV-04
ALT-202608-003364,APP-202608-064688,R0335,2026-08-22T15:25:18,IDENTITY,RV-02
ALT-202608-003365,APP-202608-049395,R0261,2026-08-14T19:36:35,TRANSACTION_MONITORING,RV-06
ALT-202608-003366,APP-202608-067769,R0217,2026-08-26T15:43:10,DOCUMENT,RV-05
ALT-202608-003367,APP-202608-046599,R0076,2026-08-14T21:22:49,HIGH_VALUE,RV-04
ALT-202608-003368,APP-202608-067637,R0261,2026-08-12T19:53:09,IDENTITY,RV-01
ALT-202608-003369,APP-202608-041311,R0261,2026-08-15T11:55:19,TRANSACTION_MONITORING,RV-02
ALT-202608-003370,APP-202608-017139,R0081,2026-08-31T18:53:55,DOCUMENT,RV-01
ALT-202608-003371,APP-202608-036605,R0064,2026-08-28T21:07:13,HIGH_VALUE,RV-04
ALT-202608-003372,APP-202608-014935,R0129,2026-08-18T13:43:50,IDENTITY,RV-04
ALT-202608-003373,APP-202608-013959,R0071,2026-08-17T08:17:14,TRANSACTION_MONITORING,RV-06
ALT-202608-003374,APP-202608-046170,R0081,2026-08-24T09:14:51,DOCUMENT,RV-03
ALT-202608-003375,APP-202608-062635,R0109,2026-08-30T21:36:06,HIGH_VALUE,RV-06
ALT-202608-003376,APP-202608-055469,R0129,2026-08-28T12:12:31,IDENTITY,RV-01
ALT-202608-003377,APP-202608-032214,R0079,2026-08-18T19:10:35,TRANSACTION_MONITORING,RV-03
ALT-202608-003378,APP-202608-065404,R0281,2026-08-22T11:55:45,DOCUMENT,RV-06
ALT-202608-003379,APP-202608-040250,R0002,2026-08-24T17:55:07,HIGH_VALUE,RV-03
ALT-202608-003380,APP-202608-072536,R0322,2026-08-25T12:50:42,IDENTITY,RV-02
ALT-202608-003381,APP-202608-010443,R0247,2026-08-15T19:10:16,TRANSACTION_MONITORING,RV-06
ALT-202608-003382,APP-202608-015041,R0250,2026-08-10T14:08:55,DOCUMENT,RV-05
ALT-202608-003383,APP-202608-007572,R0079,2026-08-16T12:20:43,HIGH_VALUE,RV-04
ALT-202608-003384,APP-202608-060112,R0261,2026-08-24T07:57:57,IDENTITY,RV-05
ALT-202608-003385,APP-202608-021414,R0079,2026-08-26T14:12:00,TRANSACTION_MONITORING,RV-05
ALT-202608-003386,APP-202608-073664,R0158,2026-08-10T21:48:49,DOCUMENT,RV-03
ALT-202608-003387,APP-202608-051957,R0322,2026-08-12T14:32:17,HIGH_VALUE,RV-06
ALT-202608-003388,APP-202608-042532,R0335,2026-08-07T10:53:52,IDENTITY,RV-06
ALT-202608-003389,APP-202608-006939,R0250,2026-08-09T10:22:16,TRANSACTION_MONITORING,RV-03
ALT-202608-003390,APP-202608-071326,R0313,2026-08-18T09:02:12,DOCUMENT,RV-04
ALT-202608-003391,APP-202608-030761,R0001,2026-08-22T16:47:49,HIGH_VALUE,RV-06
ALT-202608-003392,APP-202608-044052,R0002,2026-08-29T14:08:10,IDENTITY,RV-02
ALT-202608-003393,APP-202608-062765,R0217,2026-08-04T18:15:47,TRANSACTION_MONITORING,RV-06
ALT-202608-003394,APP-202608-061549,R0130,2026-08-11T14:32:40,DOCUMENT,RV-06
ALT-202608-003395,APP-202608-000224,R0130,2026-08-04T14:47:40,HIGH_VALUE,RV-06
ALT-202608-003396,APP-202608-039395,R0129,2026-08-25T12:47:55,IDENTITY,RV-06
ALT-202608-003397,APP-202608-070406,R0079,2026-08-21T16:21:16,TRANSACTION_MONITORING,RV-02
ALT-202608-003398,APP-202608-069729,R0335,2026-08-26T12:14:01,DOCUMENT,RV-06
ALT-202608-003399,APP-202608-069161,R0247,2026-08-10T12:26:07,HIGH_VALUE,RV-04
ALT-202608-003400,APP-202608-046617,R0147,2026-08-09T10:22:27,IDENTITY,RV-03
ALT-202608-003401,APP-202608-010256,R0071,2026-08-11T14:30:31,TRANSACTION_MONITORING,RV-04
ALT-202608-003402,APP-202608-062144,R0079,2026-08-15T16:56:59,DOCUMENT,RV-03
ALT-202608-003403,APP-202608-031509,R0142,2026-08-14T11:48:17,HIGH_VALUE,RV-01
ALT-202608-003404,APP-202608-049796,R0322,2026-08-17T16:50:12,IDENTITY,RV-04
ALT-202608-003405,APP-202608-054328,R0261,2026-08-14T18:24:37,TRANSACTION_MONITORING,RV-02
ALT-202608-003406,APP-202608-049466,R0129,2026-08-14T10:48:37,DOCUMENT,RV-06
ALT-202608-003407,APP-202608-074441,R0335,2026-08-24T17:58:55,HIGH_VALUE,RV-06
ALT-202608-003408,APP-202608-058013,R0252,2026-08-04T15:45:35,IDENTITY,RV-04
ALT-202608-003409,APP-202608-052975,R0335,2026-08-16T15:11:25,TRANSACTION_MONITORING,RV-05
ALT-202608-003410,APP-202608-057043,R0335,2026-08-04T11:49:36,DOCUMENT,RV-05
ALT-202608-003411,APP-202608-040189,R0071,2026-08-28T10:13:29,HIGH_VALUE,RV-04
ALT-202608-003412,APP-202608-044078,R0001,2026-08-04T09:12:39,IDENTITY,RV-02
ALT-202608-003413,APP-202608-016591,R0302,2026-08-05T17:00:52,TRANSACTION_MONITORING,RV-01
ALT-202608-003414,APP-202608-015387,R0322,2026-08-15T22:57:12,DOCUMENT,RV-06
ALT-202608-003415,APP-202608-073065,R0071,2026-08-18T08:49:10,HIGH_VALUE,RV-04
ALT-202608-003416,APP-202608-014031,R0002,2026-08-22T20:08:40,IDENTITY,RV-01
ALT-202608-003417,APP-202608-036321,R0217,2026-08-08T10:21:25,TRANSACTION_MONITORING,RV-06
ALT-202608-003418,APP-202608-060951,R0322,2026-08-21T08:26:54,DOCUMENT,RV-03
ALT-202608-003419,APP-202608-063137,R0217,2026-08-04T15:45:08,HIGH_VALUE,RV-05
ALT-202608-003420,APP-202608-025302,R0079,2026-08-29T21:55:44,IDENTITY,RV-03
ALT-202608-003421,APP-202608-028933,R0071,2026-08-19T06:10:09,TRANSACTION_MONITORING,RV-03
ALT-202608-003422,APP-202608-040335,R0129,2026-08-26T16:48:39,DOCUMENT,RV-04
ALT-202608-003423,APP-202608-037289,R0081,2026-08-29T21:19:48,HIGH_VALUE,RV-01
ALT-202608-003424,APP-202608-071948,R0217,2026-08-01T20:20:20,IDENTITY,RV-01
ALT-202608-003425,APP-202608-048325,R0129,2026-08-29T18:25:30,TRANSACTION_MONITORING,RV-05
ALT-202608-003426,APP-202608-050286,R0129,2026-08-04T12:29:20,DOCUMENT,RV-03
ALT-202608-003427,APP-202608-016198,R0045,2026-08-11T09:34:03,HIGH_VALUE,RV-04
ALT-202608-003428,APP-202608-063201,R0064,2026-08-10T19:06:05,IDENTITY,RV-02
ALT-202608-003429,APP-202608-055877,R0335,2026-08-17T09:19:45,TRANSACTION_MONITORING,RV-01
ALT-202608-003430,APP-202608-074917,R0322,2026-08-30T17:23:34,DOCUMENT,RV-03
ALT-202608-003431,APP-202608-008669,R0247,2026-08-06T09:17:30,HIGH_VALUE,RV-04
ALT-202608-003432,APP-202608-046656,R0109,2026-08-27T13:04:45,IDENTITY,RV-04
ALT-202608-003433,APP-202608-050036,R0129,2026-08-08T11:09:04,TRANSACTION_MONITORING,RV-02
ALT-202608-003434,APP-202608-028648,R0335,2026-08-09T13:37:00,DOCUMENT,RV-03
ALT-202608-003435,APP-202608-041068,R0079,2026-08-01T15:47:29,HIGH_VALUE,RV-05
ALT-202608-003436,APP-202608-046602,R0079,2026-08-05T07:12:43,IDENTITY,RV-04
ALT-202608-003437,APP-202608-042793,R0076,2026-08-28T08:53:39,TRANSACTION_MONITORING,RV-05
ALT-202608-003438,APP-202608-071421,R0261,2026-08-10T12:18:19,DOCUMENT,RV-02
ALT-202608-003439,APP-202608-065779,R0142,2026-08-11T11:52:04,HIGH_VALUE,RV-01
ALT-202608-003440,APP-202608-067962,R0158,2026-08-26T11:41:07,IDENTITY,RV-06
ALT-202608-003441,APP-202608-036562,R0079,2026-08-29T21:57:33,TRANSACTION_MONITORING,RV-05
ALT-202608-003442,APP-202608-023339,R0247,2026-08-17T06:11:34,DOCUMENT,RV-06
ALT-202608-003443,APP-202608-020435,R0081,2026-08-06T09:41:17,HIGH_VALUE,RV-03
ALT-202608-003444,APP-202608-010723,R0002,2026-08-05T07:36:27,IDENTITY,RV-06
ALT-202608-003445,APP-202608-038602,R0322,2026-08-05T07:37:17,TRANSACTION_MONITORING,RV-04
ALT-202608-003446,APP-202608-009805,R0071,2026-08-17T09:18:27,DOCUMENT,RV-05
ALT-202608-003447,APP-202608-035328,R0335,2026-08-27T09:19:57,HIGH_VALUE,RV-03
ALT-202608-003448,APP-202608-041527,R0158,2026-08-08T18:08:51,IDENTITY,RV-03
ALT-202608-003449,APP-202608-022939,R0335,2026-08-15T08:18:04,TRANSACTION_MONITORING,RV-06
ALT-202608-003450,APP-202608-053326,R0002,2026-08-09T17:44:57,DOCUMENT,RV-01
ALT-202608-003451,APP-202608-062028,R0129,2026-08-06T11:00:08,HIGH_VALUE,RV-05
ALT-202608-003452,APP-202608-065117,R0129,2026-08-14T22:08:07,IDENTITY,RV-02
ALT-202608-003453,APP-202608-060277,R0002,2026-08-27T19:11:17,TRANSACTION_MONITORING,RV-02
ALT-202608-003454,APP-202608-071317,R0129,2026-08-28T06:01:40,DOCUMENT,RV-05
ALT-202608-003455,APP-202608-072187,R0313,2026-08-23T21:40:58,HIGH_VALUE,RV-02
ALT-202608-003456,APP-202608-059115,R0129,2026-08-31T07:30:27,IDENTITY,RV-06
ALT-202608-003457,APP-202608-047236,R0129,2026-08-10T20:56:25,TRANSACTION_MONITORING,RV-01
ALT-202608-003458,APP-202608-029460,R0002,2026-08-09T17:54:13,DOCUMENT,RV-02
ALT-202608-003459,APP-202608-048531,R0129,2026-08-15T21:23:31,HIGH_VALUE,RV-01
ALT-202608-003460,APP-202608-055617,R0261,2026-08-10T08:45:08,IDENTITY,RV-01
ALT-202608-003461,APP-202608-030379,R0252,2026-08-03T10:49:49,TRANSACTION_MONITORING,RV-06
ALT-202608-003462,APP-202608-003067,R0115,2026-08-12T06:04:24,DOCUMENT,RV-02
ALT-202608-003463,APP-202608-067936,R0129,2026-08-22T09:18:46,HIGH_VALUE,RV-05
ALT-202608-003464,APP-202608-060378,R0079,2026-08-21T13:23:22,IDENTITY,RV-05
ALT-202608-003465,APP-202608-069325,R0002,2026-08-08T18:01:00,TRANSACTION_MONITORING,RV-03
ALT-202608-003466,APP-202608-014148,R0281,2026-08-16T10:33:18,DOCUMENT,RV-03
ALT-202608-003467,APP-202608-060297,R0335,2026-08-04T07:13:40,HIGH_VALUE,RV-02
ALT-202608-003468,APP-202608-012561,R0322,2026-08-14T16:53:00,IDENTITY,RV-05
ALT-202608-003469,APP-202608-042615,R0071,2026-08-21T17:47:59,TRANSACTION_MONITORING,RV-05
ALT-202608-003470,APP-202608-029851,R0079,2026-08-24T17:57:07,DOCUMENT,RV-02
ALT-202608-003471,APP-202608-061198,R0079,2026-08-05T21:24:37,HIGH_VALUE,RV-03
ALT-202608-003472,APP-202608-039021,R0261,2026-08-31T06:04:35,IDENTITY,RV-04
ALT-202608-003473,APP-202608-011738,R0261,2026-08-02T09:46:21,TRANSACTION_MONITORING,RV-04
ALT-202608-003474,APP-202608-035012,R0081,2026-08-23T16:48:55,DOCUMENT,RV-03
ALT-202608-003475,APP-202608-062847,R0261,2026-08-18T17:41:42,HIGH_VALUE,RV-03
ALT-202608-003476,APP-202608-062930,R0129,2026-08-15T08:48:39,IDENTITY,RV-03
ALT-202608-003477,APP-202608-044108,R0261,2026-08-09T15:29:32,TRANSACTION_MONITORING,RV-06
ALT-202608-003478,APP-202608-019188,R0079,2026-08-29T07:16:08,DOCUMENT,RV-01
ALT-202608-003479,APP-202608-009378,R0079,2026-08-30T10:56:50,HIGH_VALUE,RV-04
ALT-202608-003480,APP-202608-021613,R0115,2026-08-26T11:34:18,IDENTITY,RV-06
ALT-202608-003481,APP-202608-073276,R0109,2026-08-31T12:21:24,TRANSACTION_MONITORING,RV-04
ALT-202608-003482,APP-202608-050925,R0261,2026-08-07T07:38:18,DOCUMENT,RV-05
ALT-202608-003483,APP-202608-047090,R0217,2026-08-26T13:38:52,HIGH_VALUE,RV-04
ALT-202608-003484,APP-202608-024467,R0322,2026-08-25T10:00:39,IDENTITY,RV-05
ALT-202608-003485,APP-202608-021772,R0079,2026-08-15T07:51:43,TRANSACTION_MONITORING,RV-01
ALT-202608-003486,APP-202608-021385,R0250,2026-08-19T15:48:31,DOCUMENT,RV-02
ALT-202608-003487,APP-202608-037267,R0322,2026-08-17T13:17:22,HIGH_VALUE,RV-03
ALT-202608-003488,APP-202608-053251,R0002,2026-08-16T16:31:18,IDENTITY,RV-02
ALT-202608-003489,APP-202608-060306,R0002,2026-08-06T20:25:41,TRANSACTION_MONITORING,RV-02
ALT-202608-003490,APP-202608-021176,R0217,2026-08-18T16:06:28,DOCUMENT,RV-03
ALT-202608-003491,APP-202608-069288,R0002,2026-08-27T14:09:10,HIGH_VALUE,RV-02
ALT-202608-003492,APP-202608-056149,R0335,2026-08-07T11:13:25,IDENTITY,RV-05
ALT-202608-003493,APP-202608-059358,R0002,2026-08-23T22:21:37,TRANSACTION_MONITORING,RV-04
ALT-202608-003494,APP-202608-041586,R0076,2026-08-19T19:17:01,DOCUMENT,RV-06
ALT-202608-003495,APP-202608-008673,R0273,2026-08-14T15:17:27,HIGH_VALUE,RV-03
ALT-202608-003496,APP-202608-046630,R0129,2026-08-05T10:02:37,IDENTITY,RV-03
ALT-202608-003497,APP-202608-024747,R0064,2026-08-03T09:23:07,TRANSACTION_MONITORING,RV-03
ALT-202608-003498,APP-202608-026493,R0261,2026-08-05T20:50:44,DOCUMENT,RV-05
ALT-202608-003499,APP-202608-065780,R0045,2026-08-04T11:31:49,HIGH_VALUE,RV-02
ALT-202608-003500,APP-202608-013457,R0335,2026-08-01T17:10:46,IDENTITY,RV-05
ALT-202608-003501,APP-202608-011485,R0129,2026-08-31T14:30:32,TRANSACTION_MONITORING,RV-01
ALT-202608-003502,APP-202608-005106,R0002,2026-08-24T21:40:57,DOCUMENT,RV-04
ALT-202608-003503,APP-202608-043792,R0302,2026-08-22T21:29:46,HIGH_VALUE,RV-02
ALT-202608-003504,APP-202608-041568,R0045,2026-08-14T22:53:37,IDENTITY,RV-06
ALT-202608-003505,APP-202608-059398,R0001,2026-08-30T08:03:04,TRANSACTION_MONITORING,RV-01
ALT-202608-003506,APP-202608-013863,R0129,2026-08-18T10:17:32,DOCUMENT,RV-02
ALT-202608-003507,APP-202608-022564,R0001,2026-08-14T12:01:34,HIGH_VALUE,RV-06
ALT-202608-003508,APP-202608-016568,R0335,2026-08-08T18:05:45,IDENTITY,RV-06
ALT-202608-003509,APP-202608-049440,R0142,2026-08-11T12:36:27,TRANSACTION_MONITORING,RV-02
ALT-202608-003510,APP-202608-030495,R0002,2026-08-29T22:53:08,DOCUMENT,RV-01
ALT-202608-003511,APP-202608-020330,R0247,2026-08-19T11:00:29,HIGH_VALUE,RV-03
ALT-202608-003512,APP-202608-006978,R0001,2026-08-17T22:53:28,IDENTITY,RV-04
ALT-202608-003513,APP-202608-010251,R0130,2026-08-25T12:22:19,TRANSACTION_MONITORING,RV-01
ALT-202608-003514,APP-202608-069112,R0322,2026-08-22T19:51:32,DOCUMENT,RV-05
ALT-202608-003515,APP-202608-049961,R0064,2026-08-15T11:34:25,HIGH_VALUE,RV-06
ALT-202608-003516,APP-202608-014994,R0002,2026-08-19T15:01:56,IDENTITY,RV-06
ALT-202608-003517,APP-202608-070284,R0261,2026-08-31T09:28:00,TRANSACTION_MONITORING,RV-02
ALT-202608-003518,APP-202608-046944,R0045,2026-08-31T07:49:00,DOCUMENT,RV-01
ALT-202608-003519,APP-202608-061785,R0130,2026-08-28T14:28:31,HIGH_VALUE,RV-06
ALT-202608-003520,APP-202608-010533,R0115,2026-08-24T19:12:37,IDENTITY,RV-06
ALT-202608-003521,APP-202608-050050,R0129,2026-08-11T08:13:43,TRANSACTION_MONITORING,RV-01
ALT-202608-003522,APP-202608-061555,R0129,2026-08-05T15:24:45,DOCUMENT,RV-02
ALT-202608-003523,APP-202608-021144,R0079,2026-08-08T19:32:08,HIGH_VALUE,RV-06
ALT-202608-003524,APP-202608-022830,R0064,2026-08-02T11:32:32,IDENTITY,RV-03
ALT-202608-003525,APP-202608-058940,R0076,2026-08-07T13:05:09,TRANSACTION_MONITORING,RV-01
ALT-202608-003526,APP-202608-029940,R0247,2026-08-16T20:24:33,DOCUMENT,RV-06
ALT-202608-003527,APP-202608-024512,R0129,2026-08-08T19:14:43,HIGH_VALUE,RV-02
ALT-202608-003528,APP-202608-008143,R0281,2026-08-05T20:12:10,IDENTITY,RV-06
ALT-202608-003529,APP-202608-052534,R0250,2026-08-07T07:58:38,TRANSACTION_MONITORING,RV-06
ALT-202608-003530,APP-202608-042642,R0129,2026-08-01T18:14:09,DOCUMENT,RV-02
ALT-202608-003531,APP-202608-052563,R0261,2026-08-17T16:38:01,HIGH_VALUE,RV-02
ALT-202608-003532,APP-202608-006847,R0002,2026-08-23T11:24:27,IDENTITY,RV-06
ALT-202608-003533,APP-202608-069550,R0076,2026-08-21T14:51:26,TRANSACTION_MONITORING,RV-03
ALT-202608-003534,APP-202608-017079,R0129,2026-08-11T10:18:29,DOCUMENT,RV-05
ALT-202608-003535,APP-202608-024367,R0250,2026-08-18T08:21:28,HIGH_VALUE,RV-03
ALT-202608-003536,APP-202608-030506,R0250,2026-08-12T11:24:05,IDENTITY,RV-04
ALT-202608-003537,APP-202608-020262,R0261,2026-08-25T22:29:19,TRANSACTION_MONITORING,RV-01
ALT-202608-003538,APP-202608-021413,R0335,2026-08-11T08:16:55,DOCUMENT,RV-04
ALT-202608-003539,APP-202608-039960,R0130,2026-08-15T09:12:32,HIGH_VALUE,RV-04
ALT-202608-003540,APP-202608-072965,R0261,2026-08-18T11:43:39,IDENTITY,RV-03
ALT-202608-003541,APP-202608-047020,R0322,2026-08-22T18:50:21,TRANSACTION_MONITORING,RV-05
ALT-202608-003542,APP-202608-068605,R0322,2026-08-08T06:54:00,DOCUMENT,RV-03
ALT-202608-003543,APP-202608-017075,R0064,2026-08-10T22:10:29,HIGH_VALUE,RV-04
ALT-202608-003544,APP-202608-062698,R0250,2026-08-14T19:04:25,IDENTITY,RV-03
ALT-202608-003545,APP-202608-052383,R0079,2026-08-16T11:26:12,TRANSACTION_MONITORING,RV-02
ALT-202608-003546,APP-202608-057245,R0109,2026-08-20T22:44:28,DOCUMENT,RV-02
ALT-202608-003547,APP-202608-051291,R0079,2026-08-01T21:08:38,HIGH_VALUE,RV-03
ALT-202608-003548,APP-202608-028826,R0129,2026-08-05T14:12:44,IDENTITY,RV-04
ALT-202608-003549,APP-202608-041829,R0302,2026-08-18T18:37:56,TRANSACTION_MONITORING,RV-04
ALT-202608-003550,APP-202608-007938,R0079,2026-08-08T08:29:10,DOCUMENT,RV-01
ALT-202608-003551,APP-202608-067740,R0247,2026-08-22T21:48:33,HIGH_VALUE,RV-02
ALT-202608-003552,APP-202608-037172,R0071,2026-08-23T20:09:03,IDENTITY,RV-04
ALT-202608-003553,APP-202608-062493,R0322,2026-08-13T09:16:36,TRANSACTION_MONITORING,RV-02
ALT-202608-003554,APP-202608-028039,R0079,2026-08-31T09:30:17,DOCUMENT,RV-06
ALT-202608-003555,APP-202608-048014,R0079,2026-08-01T22:03:51,HIGH_VALUE,RV-06
ALT-202608-003556,APP-202608-047238,R0129,2026-08-07T19:50:14,IDENTITY,RV-04
ALT-202608-003557,APP-202608-039839,R0217,2026-08-19T10:55:31,TRANSACTION_MONITORING,RV-03
ALT-202608-003558,APP-202608-040076,R0313,2026-08-08T16:15:12,DOCUMENT,RV-03
ALT-202608-003559,APP-202608-016106,R0261,2026-08-16T19:26:25,HIGH_VALUE,RV-04
ALT-202608-003560,APP-202608-027333,R0002,2026-08-10T15:30:22,IDENTITY,RV-02
ALT-202608-003561,APP-202608-071909,R0002,2026-08-29T11:54:40,TRANSACTION_MONITORING,RV-01
ALT-202608-003562,APP-202608-058528,R0250,2026-08-02T19:16:05,DOCUMENT,RV-05
ALT-202608-003563,APP-202608-043204,R0129,2026-08-02T15:37:21,HIGH_VALUE,RV-05
ALT-202608-003564,APP-202608-050957,R0002,2026-08-20T21:39:30,IDENTITY,RV-06
ALT-202608-003565,APP-202608-001552,R0322,2026-08-20T10:03:28,TRANSACTION_MONITORING,RV-02
ALT-202608-003566,APP-202608-068358,R0129,2026-08-24T15:19:01,DOCUMENT,RV-04
ALT-202608-003567,APP-202608-027630,R0064,2026-08-09T07:03:50,HIGH_VALUE,RV-04
ALT-202608-003568,APP-202608-003450,R0109,2026-08-23T15:29:49,IDENTITY,RV-03
ALT-202608-003569,APP-202608-006251,R0335,2026-08-12T08:35:08,TRANSACTION_MONITORING,RV-03
ALT-202608-003570,APP-202608-006708,R0310,2026-08-29T21:08:19,DOCUMENT,RV-05
ALT-202608-003571,APP-202608-004349,R0322,2026-08-27T20:31:16,HIGH_VALUE,RV-02
ALT-202608-003572,APP-202608-002814,R0064,2026-08-07T13:52:58,IDENTITY,RV-05
ALT-202608-003573,APP-202608-008759,R0322,2026-08-08T08:56:29,TRANSACTION_MONITORING,RV-03
ALT-202608-003574,APP-202608-051304,R0247,2026-08-18T06:25:01,DOCUMENT,RV-06
ALT-202608-003575,APP-202608-070580,R0076,2026-08-24T14:34:00,HIGH_VALUE,RV-01
ALT-202608-003576,APP-202608-068323,R0079,2026-08-02T12:09:00,IDENTITY,RV-06
ALT-202608-003577,APP-202608-053351,R0036,2026-08-07T14:12:44,TRANSACTION_MONITORING,RV-06
ALT-202608-003578,APP-202608-035337,R0261,2026-08-04T07:04:13,DOCUMENT,RV-01
ALT-202608-003579,APP-202608-029749,R0322,2026-08-27T20:17:14,HIGH_VALUE,RV-02
ALT-202608-003580,APP-202608-068848,R0261,2026-08-07T09:58:32,IDENTITY,RV-06
ALT-202608-003581,APP-202608-029330,R0002,2026-08-07T20:15:57,TRANSACTION_MONITORING,RV-02
ALT-202608-003582,APP-202608-057163,R0129,2026-08-21T19:40:30,DOCUMENT,RV-03
ALT-202608-003583,APP-202608-034481,R0322,2026-08-21T07:31:19,HIGH_VALUE,RV-01
ALT-202608-003584,APP-202608-031606,R0250,2026-08-17T12:21:27,IDENTITY,RV-02
ALT-202608-003585,APP-202608-000756,R0129,2026-08-27T21:56:48,TRANSACTION_MONITORING,RV-05
ALT-202608-003586,APP-202608-033782,R0079,2026-08-17T20:48:32,DOCUMENT,RV-01
ALT-202608-003587,APP-202608-064900,R0217,2026-08-31T17:36:33,HIGH_VALUE,RV-04
ALT-202608-003588,APP-202608-071241,R0071,2026-08-10T15:55:49,IDENTITY,RV-05
ALT-202608-003589,APP-202608-042124,R0261,2026-08-28T19:59:45,TRANSACTION_MONITORING,RV-04
ALT-202608-003590,APP-202608-023496,R0261,2026-08-03T07:55:48,DOCUMENT,RV-04
ALT-202608-003591,APP-202608-031865,R0247,2026-08-17T17:07:07,HIGH_VALUE,RV-01
ALT-202608-003592,APP-202608-064102,R0158,2026-08-01T08:05:30,IDENTITY,RV-06
ALT-202608-003593,APP-202608-027230,R0064,2026-08-01T15:09:24,TRANSACTION_MONITORING,RV-03
ALT-202608-003594,APP-202608-050041,R0071,2026-08-02T13:52:59,DOCUMENT,RV-01
ALT-202608-003595,APP-202608-062086,R0261,2026-08-21T19:28:39,HIGH_VALUE,RV-05
ALT-202608-003596,APP-202608-033502,R0130,2026-08-21T18:35:41,IDENTITY,RV-05
ALT-202608-003597,APP-202608-041935,R0079,2026-08-16T22:04:46,TRANSACTION_MONITORING,RV-05
ALT-202608-003598,APP-202608-059962,R0129,2026-08-30T19:46:33,DOCUMENT,RV-05
ALT-202608-003599,APP-202608-002468,R0130,2026-08-23T11:11:02,HIGH_VALUE,RV-01
ALT-202608-003600,APP-202608-018044,R0261,2026-08-02T19:07:42,IDENTITY,RV-04
ALT-202608-003601,APP-202608-008074,R0129,2026-08-10T07:17:19,TRANSACTION_MONITORING,RV-02
ALT-202608-003602,APP-202608-009978,R0129,2026-08-28T17:36:48,DOCUMENT,RV-03
ALT-202608-003603,APP-202608-047818,R0096,2026-08-20T19:18:57,HIGH_VALUE,RV-04
ALT-202608-003604,APP-202608-012584,R0002,2026-08-19T21:55:29,IDENTITY,RV-04
ALT-202608-003605,APP-202608-067805,R0109,2026-08-20T15:41:57,TRANSACTION_MONITORING,RV-06
ALT-202608-003606,APP-202608-035189,R0045,2026-08-07T16:13:20,DOCUMENT,RV-02
ALT-202608-003607,APP-202608-031907,R0250,2026-08-24T18:05:51,HIGH_VALUE,RV-02
ALT-202608-003608,APP-202608-069533,R0322,2026-08-21T11:29:10,IDENTITY,RV-04
ALT-202608-003609,APP-202608-015330,R0081,2026-08-05T19:55:31,TRANSACTION_MONITORING,RV-06
ALT-202608-003610,APP-202608-027459,R0247,2026-08-20T20:51:09,DOCUMENT,RV-05
ALT-202608-003611,APP-202608-067542,R0217,2026-08-27T16:58:18,HIGH_VALUE,RV-05
ALT-202608-003612,APP-202608-012243,R0252,2026-08-04T14:57:16,IDENTITY,RV-02
ALT-202608-003613,APP-202608-025205,R0129,2026-08-09T12:01:03,TRANSACTION_MONITORING,RV-06
ALT-202608-003614,APP-202608-026253,R0071,2026-08-29T08:18:43,DOCUMENT,RV-03
ALT-202608-003615,APP-202608-071224,R0281,2026-08-10T17:29:57,HIGH_VALUE,RV-02
ALT-202608-003616,APP-202608-061519,R0247,2026-08-11T22:50:54,IDENTITY,RV-05
ALT-202608-003617,APP-202608-049388,R0261,2026-08-19T18:40:23,TRANSACTION_MONITORING,RV-05
ALT-202608-003618,APP-202608-024424,R0313,2026-08-03T14:27:37,DOCUMENT,RV-06
ALT-202608-003619,APP-202608-072748,R0261,2026-08-01T11:11:28,HIGH_VALUE,RV-06
ALT-202608-003620,APP-202608-002534,R0064,2026-08-04T16:02:55,IDENTITY,RV-01
ALT-202608-003621,APP-202608-004226,R0313,2026-08-21T12:03:39,TRANSACTION_MONITORING,RV-05
ALT-202608-003622,APP-202608-054432,R0335,2026-08-30T14:55:42,DOCUMENT,RV-03
ALT-202608-003623,APP-202608-021422,R0001,2026-08-14T20:13:40,HIGH_VALUE,RV-06
ALT-202608-003624,APP-202608-009636,R0076,2026-08-20T16:26:24,IDENTITY,RV-06
ALT-202608-003625,APP-202608-032400,R0313,2026-08-15T20:23:42,TRANSACTION_MONITORING,RV-01
ALT-202608-003626,APP-202608-028337,R0313,2026-08-19T09:39:05,DOCUMENT,RV-04
ALT-202608-003627,APP-202608-069141,R0129,2026-08-07T20:38:20,HIGH_VALUE,RV-01
ALT-202608-003628,APP-202608-024118,R0261,2026-08-25T10:44:57,IDENTITY,RV-06
ALT-202608-003629,APP-202608-052788,R0261,2026-08-10T11:00:34,TRANSACTION_MONITORING,RV-02
ALT-202608-003630,APP-202608-029388,R0129,2026-08-02T11:33:38,DOCUMENT,RV-05
ALT-202608-003631,APP-202608-061885,R0071,2026-08-30T15:31:47,HIGH_VALUE,RV-06
ALT-202608-003632,APP-202608-068018,R0079,2026-08-02T19:20:58,IDENTITY,RV-02
ALT-202608-003633,APP-202608-072998,R0261,2026-08-15T06:49:07,TRANSACTION_MONITORING,RV-03
ALT-202608-003634,APP-202608-025838,R0001,2026-08-31T20:56:55,DOCUMENT,RV-01
ALT-202608-003635,APP-202608-001993,R0129,2026-08-04T18:02:01,HIGH_VALUE,RV-04
ALT-202608-003636,APP-202608-073886,R0130,2026-08-07T19:52:22,IDENTITY,RV-05
ALT-202608-003637,APP-202608-037447,R0079,2026-08-10T19:12:58,TRANSACTION_MONITORING,RV-06
ALT-202608-003638,APP-202608-051104,R0071,2026-08-26T19:50:40,DOCUMENT,RV-05
ALT-202608-003639,APP-202608-066084,R0302,2026-08-20T08:25:12,HIGH_VALUE,RV-03
ALT-202608-003640,APP-202608-074626,R0129,2026-08-11T15:56:58,IDENTITY,RV-04
ALT-202608-003641,APP-202608-004070,R0109,2026-08-18T12:38:24,TRANSACTION_MONITORING,RV-02
ALT-202608-003642,APP-202608-052377,R0250,2026-08-01T21:01:34,DOCUMENT,RV-02
ALT-202608-003643,APP-202608-067242,R0001,2026-08-20T15:34:21,HIGH_VALUE,RV-04
ALT-202608-003644,APP-202608-074916,R0250,2026-08-03T06:47:06,IDENTITY,RV-04
ALT-202608-003645,APP-202608-050364,R0261,2026-08-04T18:58:25,TRANSACTION_MONITORING,RV-02
ALT-202608-003646,APP-202608-074507,R0335,2026-08-07T16:48:33,DOCUMENT,RV-05
ALT-202608-003647,APP-202608-055802,R0081,2026-08-21T15:23:55,HIGH_VALUE,RV-01
ALT-202608-003648,APP-202608-015891,R0252,2026-08-24T20:54:57,IDENTITY,RV-06
ALT-202608-003649,APP-202608-066433,R0322,2026-08-11T21:34:28,TRANSACTION_MONITORING,RV-04
ALT-202608-003650,APP-202608-060223,R0322,2026-08-20T09:26:49,DOCUMENT,RV-05
ALT-202608-003651,APP-202608-068494,R0250,2026-08-19T14:46:48,HIGH_VALUE,RV-03
ALT-202608-003652,APP-202608-003946,R0129,2026-08-05T22:02:56,IDENTITY,RV-03
ALT-202608-003653,APP-202608-015589,R0130,2026-08-16T17:42:14,TRANSACTION_MONITORING,RV-02
ALT-202608-003654,APP-202608-005485,R0261,2026-08-10T08:38:32,DOCUMENT,RV-04
ALT-202608-003655,APP-202608-043862,R0076,2026-08-05T10:20:27,HIGH_VALUE,RV-06
ALT-202608-003656,APP-202608-020672,R0252,2026-08-11T07:56:16,IDENTITY,RV-04
ALT-202608-003657,APP-202608-017944,R0250,2026-08-10T11:43:40,TRANSACTION_MONITORING,RV-02
ALT-202608-003658,APP-202608-064405,R0109,2026-08-13T09:58:27,DOCUMENT,RV-02
ALT-202608-003659,APP-202608-024961,R0071,2026-08-27T15:53:21,HIGH_VALUE,RV-05
ALT-202608-003660,APP-202608-025006,R0158,2026-08-06T09:42:47,IDENTITY,RV-05
ALT-202608-003661,APP-202608-028948,R0079,2026-08-03T15:14:29,TRANSACTION_MONITORING,RV-05
ALT-202608-003662,APP-202608-066266,R0081,2026-08-17T13:33:53,DOCUMENT,RV-03
ALT-202608-003663,APP-202608-019501,R0250,2026-08-29T09:20:27,HIGH_VALUE,RV-06
ALT-202608-003664,APP-202608-022516,R0261,2026-08-06T16:27:17,IDENTITY,RV-01
ALT-202608-003665,APP-202608-061023,R0322,2026-08-24T11:57:03,TRANSACTION_MONITORING,RV-01
ALT-202608-003666,APP-202608-073271,R0076,2026-08-11T14:50:34,DOCUMENT,RV-01
ALT-202608-003667,APP-202608-058492,R0079,2026-08-07T17:12:42,HIGH_VALUE,RV-03
ALT-202608-003668,APP-202608-054367,R0252,2026-08-22T22:11:08,IDENTITY,RV-02
ALT-202608-003669,APP-202608-002382,R0335,2026-08-03T08:30:21,TRANSACTION_MONITORING,RV-04
ALT-202608-003670,APP-202608-045997,R0002,2026-08-19T08:25:17,DOCUMENT,RV-06
ALT-202608-003671,APP-202608-041934,R0064,2026-08-10T11:45:49,HIGH_VALUE,RV-02
ALT-202608-003672,APP-202608-065994,R0261,2026-08-15T11:51:30,IDENTITY,RV-06
ALT-202608-003673,APP-202608-006582,R0079,2026-08-01T22:30:22,TRANSACTION_MONITORING,RV-01
ALT-202608-003674,APP-202608-001905,R0129,2026-08-04T17:26:17,DOCUMENT,RV-05
ALT-202608-003675,APP-202608-035166,R0129,2026-08-27T13:46:19,HIGH_VALUE,RV-02
ALT-202608-003676,APP-202608-009459,R0064,2026-08-16T14:54:04,IDENTITY,RV-03
ALT-202608-003677,APP-202608-066444,R0079,2026-08-09T12:50:23,TRANSACTION_MONITORING,RV-03
ALT-202608-003678,APP-202608-023712,R0129,2026-08-07T19:28:46,DOCUMENT,RV-01
ALT-202608-003679,APP-202608-026504,R0247,2026-08-31T21:52:00,HIGH_VALUE,RV-04
ALT-202608-003680,APP-202608-065707,R0129,2026-08-23T13:22:46,IDENTITY,RV-01
ALT-202608-003681,APP-202608-040412,R0217,2026-08-18T19:57:45,TRANSACTION_MONITORING,RV-05
ALT-202608-003682,APP-202608-052364,R0064,2026-08-19T08:30:34,DOCUMENT,RV-02
ALT-202608-003683,APP-202608-062205,R0261,2026-08-11T10:55:45,HIGH_VALUE,RV-05
ALT-202608-003684,APP-202608-058945,R0129,2026-08-23T08:17:50,IDENTITY,RV-04
ALT-202608-003685,APP-202608-033402,R0079,2026-08-14T13:51:41,TRANSACTION_MONITORING,RV-03
ALT-202608-003686,APP-202608-056439,R0081,2026-08-11T13:48:19,DOCUMENT,RV-05
ALT-202608-003687,APP-202608-030756,R0076,2026-08-06T16:04:28,HIGH_VALUE,RV-06
ALT-202608-003688,APP-202608-038722,R0313,2026-08-13T11:32:13,IDENTITY,RV-04
ALT-202608-003689,APP-202608-038222,R0002,2026-08-20T18:36:30,TRANSACTION_MONITORING,RV-01
ALT-202608-003690,APP-202608-025380,R0129,2026-08-10T07:35:40,DOCUMENT,RV-04
ALT-202608-003691,APP-202608-062293,R0322,2026-08-30T08:26:44,HIGH_VALUE,RV-03
ALT-202608-003692,APP-202608-016748,R0129,2026-08-01T09:40:34,IDENTITY,RV-04
ALT-202608-003693,APP-202608-025092,R0322,2026-08-10T17:40:42,TRANSACTION_MONITORING,RV-01
ALT-202608-003694,APP-202608-056760,R0313,2026-08-07T22:32:02,DOCUMENT,RV-06
ALT-202608-003695,APP-202608-052727,R0261,2026-08-14T07:29:58,HIGH_VALUE,RV-02
ALT-202608-003696,APP-202608-069643,R0115,2026-08-25T15:08:52,IDENTITY,RV-06
ALT-202608-003697,APP-202608-048244,R0261,2026-08-12T07:16:41,TRANSACTION_MONITORING,RV-01
ALT-202608-003698,APP-202608-034355,R0079,2026-08-23T07:58:18,DOCUMENT,RV-03
ALT-202608-003699,APP-202608-052715,R0252,2026-08-16T08:50:18,HIGH_VALUE,RV-01
ALT-202608-003700,APP-202608-071684,R0129,2026-08-15T22:46:37,IDENTITY,RV-05
ALT-202608-003701,APP-202608-011135,R0310,2026-08-19T09:40:29,TRANSACTION_MONITORING,RV-03
ALT-202608-003702,APP-202608-036764,R0129,2026-08-27T19:25:33,DOCUMENT,RV-03
ALT-202608-003703,APP-202608-013399,R0247,2026-08-28T16:37:51,HIGH_VALUE,RV-02
ALT-202608-003704,APP-202608-073293,R0079,2026-08-20T13:13:23,IDENTITY,RV-04
ALT-202608-003705,APP-202608-011415,R0115,2026-08-03T06:03:33,TRANSACTION_MONITORING,RV-02
ALT-202608-003706,APP-202608-073103,R0335,2026-08-08T16:16:29,DOCUMENT,RV-02
ALT-202608-003707,APP-202608-032881,R0129,2026-08-27T06:26:54,HIGH_VALUE,RV-06
ALT-202608-003708,APP-202608-036057,R0313,2026-08-03T16:16:35,IDENTITY,RV-06
ALT-202608-003709,APP-202608-039253,R0129,2026-08-21T21:13:13,TRANSACTION_MONITORING,RV-01
ALT-202608-003710,APP-202608-038493,R0217,2026-08-01T11:10:09,DOCUMENT,RV-05
ALT-202608-003711,APP-202608-018787,R0129,2026-08-07T20:43:05,HIGH_VALUE,RV-02
ALT-202608-003712,APP-202608-022963,R0335,2026-08-23T18:46:20,IDENTITY,RV-04
ALT-202608-003713,APP-202608-016590,R0002,2026-08-27T22:16:10,TRANSACTION_MONITORING,RV-01
ALT-202608-003714,APP-202608-045327,R0261,2026-08-10T14:14:23,DOCUMENT,RV-05
ALT-202608-003715,APP-202608-010058,R0250,2026-08-07T16:50:34,HIGH_VALUE,RV-06
ALT-202608-003716,APP-202608-036179,R0250,2026-08-19T06:22:27,IDENTITY,RV-02
ALT-202608-003717,APP-202608-073689,R0064,2026-08-19T10:12:39,TRANSACTION_MONITORING,RV-01
ALT-202608-003718,APP-202608-055587,R0079,2026-08-19T14:31:56,DOCUMENT,RV-02
ALT-202608-003719,APP-202608-054196,R0158,2026-08-13T14:41:18,HIGH_VALUE,RV-01
ALT-202608-003720,APP-202608-013473,R0130,2026-08-20T12:35:28,IDENTITY,RV-05
ALT-202608-003721,APP-202608-021147,R0261,2026-08-11T22:31:56,TRANSACTION_MONITORING,RV-05
ALT-202608-003722,APP-202608-051636,R0129,2026-08-30T22:10:17,DOCUMENT,RV-04
ALT-202608-003723,APP-202608-070139,R0001,2026-08-19T15:38:47,HIGH_VALUE,RV-06
ALT-202608-003724,APP-202608-017485,R0158,2026-08-12T20:04:41,IDENTITY,RV-03
ALT-202608-003725,APP-202608-001125,R0079,2026-08-12T20:45:19,TRANSACTION_MONITORING,RV-06
ALT-202608-003726,APP-202608-026570,R0322,2026-08-30T22:57:00,DOCUMENT,RV-01
ALT-202608-003727,APP-202608-004377,R0064,2026-08-26T06:09:22,HIGH_VALUE,RV-03
ALT-202608-003728,APP-202608-015767,R0071,2026-08-19T18:11:12,IDENTITY,RV-03
ALT-202608-003729,APP-202608-065049,R0002,2026-08-02T22:53:41,TRANSACTION_MONITORING,RV-05
ALT-202608-003730,APP-202608-066395,R0261,2026-08-30T16:55:49,DOCUMENT,RV-04
ALT-202608-003731,APP-202608-030595,R0109,2026-08-11T06:29:17,HIGH_VALUE,RV-02
ALT-202608-003732,APP-202608-067660,R0335,2026-08-04T22:41:48,IDENTITY,RV-05
ALT-202608-003733,APP-202608-003019,R0322,2026-08-19T06:16:16,TRANSACTION_MONITORING,RV-06
ALT-202608-003734,APP-202608-019596,R0109,2026-08-16T08:44:12,DOCUMENT,RV-06
ALT-202608-003735,APP-202608-061029,R0079,2026-08-11T16:33:08,HIGH_VALUE,RV-02
ALT-202608-003736,APP-202608-039582,R0071,2026-08-15T14:44:10,IDENTITY,RV-01
ALT-202608-003737,APP-202608-027185,R0036,2026-08-10T07:27:15,TRANSACTION_MONITORING,RV-02
ALT-202608-003738,APP-202608-034962,R0064,2026-08-31T17:37:26,DOCUMENT,RV-06
ALT-202608-003739,APP-202608-004609,R0261,2026-08-11T17:58:24,HIGH_VALUE,RV-05
ALT-202608-003740,APP-202608-068896,R0273,2026-08-21T07:57:29,IDENTITY,RV-03
ALT-202608-003741,APP-202608-072518,R0130,2026-08-23T21:53:06,TRANSACTION_MONITORING,RV-01
ALT-202608-003742,APP-202608-062057,R0313,2026-08-29T17:45:02,DOCUMENT,RV-02
ALT-202608-003743,APP-202608-020774,R0071,2026-08-23T18:13:15,HIGH_VALUE,RV-05
ALT-202608-003744,APP-202608-051791,R0158,2026-08-01T19:46:13,IDENTITY,RV-03
ALT-202608-003745,APP-202608-038128,R0079,2026-08-29T06:27:22,TRANSACTION_MONITORING,RV-06
ALT-202608-003746,APP-202608-012154,R0064,2026-08-16T08:48:25,DOCUMENT,RV-02
ALT-202608-003747,APP-202608-037247,R0064,2026-08-05T09:59:27,HIGH_VALUE,RV-04
ALT-202608-003748,APP-202608-048544,R0002,2026-08-03T18:42:11,IDENTITY,RV-01
ALT-202608-003749,APP-202608-017790,R0250,2026-08-08T09:01:13,TRANSACTION_MONITORING,RV-02
ALT-202608-003750,APP-202608-074127,R0217,2026-08-25T14:20:05,DOCUMENT,RV-03
ALT-202608-003751,APP-202608-025866,R0079,2026-08-31T18:19:18,HIGH_VALUE,RV-05
ALT-202608-003752,APP-202608-048790,R0129,2026-08-01T11:43:30,IDENTITY,RV-01
ALT-202608-003753,APP-202608-046018,R0313,2026-08-27T18:11:08,TRANSACTION_MONITORING,RV-05
ALT-202608-003754,APP-202608-007594,R0079,2026-08-31T09:38:59,DOCUMENT,RV-03
ALT-202608-003755,APP-202608-052657,R0142,2026-08-24T10:47:38,HIGH_VALUE,RV-05
ALT-202608-003756,APP-202608-039667,R0252,2026-08-13T17:02:13,IDENTITY,RV-01
ALT-202608-003757,APP-202608-009827,R0247,2026-08-29T19:43:24,TRANSACTION_MONITORING,RV-04
ALT-202608-003758,APP-202608-019967,R0261,2026-08-01T09:19:05,DOCUMENT,RV-02
ALT-202608-003759,APP-202608-067662,R0079,2026-08-02T06:44:08,HIGH_VALUE,RV-01
ALT-202608-003760,APP-202608-051238,R0129,2026-08-11T06:01:39,IDENTITY,RV-01
ALT-202608-003761,APP-202608-061969,R0322,2026-08-13T20:50:27,TRANSACTION_MONITORING,RV-04
ALT-202608-003762,APP-202608-065699,R0322,2026-08-08T20:44:28,DOCUMENT,RV-06
ALT-202608-003763,APP-202608-002381,R0261,2026-08-14T08:01:02,HIGH_VALUE,RV-04
ALT-202608-003764,APP-202608-003552,R0217,2026-08-07T11:35:22,IDENTITY,RV-02
ALT-202608-003765,APP-202608-035873,R0252,2026-08-09T16:49:53,TRANSACTION_MONITORING,RV-04
ALT-202608-003766,APP-202608-060528,R0109,2026-08-16T14:53:12,DOCUMENT,RV-02
ALT-202608-003767,APP-202608-069998,R0158,2026-08-30T06:53:51,HIGH_VALUE,RV-06
ALT-202608-003768,APP-202608-013654,R0247,2026-08-15T16:47:15,IDENTITY,RV-06
ALT-202608-003769,APP-202608-030742,R0129,2026-08-05T08:13:03,TRANSACTION_MONITORING,RV-02
ALT-202608-003770,APP-202608-023981,R0071,2026-08-22T13:08:04,DOCUMENT,RV-04
ALT-202608-003771,APP-202608-051751,R0252,2026-08-04T21:30:28,HIGH_VALUE,RV-06
ALT-202608-003772,APP-202608-068179,R0273,2026-08-26T11:13:21,IDENTITY,RV-04
ALT-202608-003773,APP-202608-002501,R0250,2026-08-03T21:12:36,TRANSACTION_MONITORING,RV-06
ALT-202608-003774,APP-202608-025712,R0079,2026-08-03T17:02:03,DOCUMENT,RV-01
ALT-202608-003775,APP-202608-052786,R0261,2026-08-23T20:25:43,HIGH_VALUE,RV-03
ALT-202608-003776,APP-202608-024095,R0064,2026-08-22T07:56:52,IDENTITY,RV-06
ALT-202608-003777,APP-202608-009869,R0071,2026-08-28T17:01:33,TRANSACTION_MONITORING,RV-06
ALT-202608-003778,APP-202608-027934,R0335,2026-08-07T12:16:32,DOCUMENT,RV-05
ALT-202608-003779,APP-202608-018602,R0217,2026-08-10T14:00:00,HIGH_VALUE,RV-05
ALT-202608-003780,APP-202608-011924,R0076,2026-08-10T07:53:34,IDENTITY,RV-02
ALT-202608-003781,APP-202608-062506,R0247,2026-08-22T15:28:33,TRANSACTION_MONITORING,RV-02
ALT-202608-003782,APP-202608-014140,R0081,2026-08-11T14:33:26,DOCUMENT,RV-03
ALT-202608-003783,APP-202608-030303,R0129,2026-08-24T14:20:29,HIGH_VALUE,RV-03
ALT-202608-003784,APP-202608-056727,R0129,2026-08-20T17:22:54,IDENTITY,RV-05
ALT-202608-003785,APP-202608-004122,R0322,2026-08-29T12:14:07,TRANSACTION_MONITORING,RV-04
ALT-202608-003786,APP-202608-052132,R0250,2026-08-11T10:07:51,DOCUMENT,RV-05
ALT-202608-003787,APP-202608-074291,R0335,2026-08-04T06:42:22,HIGH_VALUE,RV-01
ALT-202608-003788,APP-202608-059581,R0273,2026-08-18T18:34:07,IDENTITY,RV-04
ALT-202608-003789,APP-202608-050585,R0079,2026-08-15T12:29:50,TRANSACTION_MONITORING,RV-04
ALT-202608-003790,APP-202608-047030,R0261,2026-08-17T22:46:09,DOCUMENT,RV-06
ALT-202608-003791,APP-202608-067122,R0250,2026-08-21T15:17:40,HIGH_VALUE,RV-04
ALT-202608-003792,APP-202608-044549,R0129,2026-08-31T16:48:09,IDENTITY,RV-04
ALT-202608-003793,APP-202608-044435,R0250,2026-08-20T08:41:27,TRANSACTION_MONITORING,RV-05
ALT-202608-003794,APP-202608-070639,R0076,2026-08-05T18:22:23,DOCUMENT,RV-06
ALT-202608-003795,APP-202608-028623,R0322,2026-08-08T10:02:24,HIGH_VALUE,RV-04
ALT-202608-003796,APP-202608-036072,R0076,2026-08-31T17:58:15,IDENTITY,RV-05
ALT-202608-003797,APP-202608-044014,R0322,2026-08-21T20:17:26,TRANSACTION_MONITORING,RV-01
ALT-202608-003798,APP-202608-048252,R0142,2026-08-16T19:33:05,DOCUMENT,RV-05
ALT-202608-003799,APP-202608-060702,R0247,2026-08-06T08:33:04,HIGH_VALUE,RV-06
ALT-202608-003800,APP-202608-071865,R0322,2026-08-13T18:45:05,IDENTITY,RV-06
ALT-202608-003801,APP-202608-051976,R0315,2026-08-30T18:28:50,TRANSACTION_MONITORING,RV-06
ALT-202608-003802,APP-202608-046330,R0071,2026-08-19T11:37:13,DOCUMENT,RV-02
ALT-202608-003803,APP-202608-062103,R0129,2026-08-15T20:23:24,HIGH_VALUE,RV-01
ALT-202608-003804,APP-202608-003148,R0158,2026-08-28T14:35:31,IDENTITY,RV-06
ALT-202608-003805,APP-202608-050653,R0129,2026-08-14T14:14:17,TRANSACTION_MONITORING,RV-05
ALT-202608-003806,APP-202608-072746,R0247,2026-08-22T16:17:54,DOCUMENT,RV-05
ALT-202608-003807,APP-202608-050391,R0129,2026-08-30T22:29:43,HIGH_VALUE,RV-06
ALT-202608-003808,APP-202608-027460,R0071,2026-08-03T16:58:41,IDENTITY,RV-04
ALT-202608-003809,APP-202608-072233,R0130,2026-08-18T14:32:49,TRANSACTION_MONITORING,RV-05
ALT-202608-003810,APP-202608-059328,R0313,2026-08-31T20:35:51,DOCUMENT,RV-05
ALT-202608-003811,APP-202608-045888,R0250,2026-08-21T16:07:35,HIGH_VALUE,RV-06
ALT-202608-003812,APP-202608-018810,R0158,2026-08-23T14:00:27,IDENTITY,RV-04
ALT-202608-003813,APP-202608-020424,R0115,2026-08-21T20:26:56,TRANSACTION_MONITORING,RV-01
ALT-202608-003814,APP-202608-044342,R0129,2026-08-19T11:45:59,DOCUMENT,RV-01
ALT-202608-003815,APP-202608-011131,R0315,2026-08-30T12:51:05,HIGH_VALUE,RV-06
ALT-202608-003816,APP-202608-037653,R0129,2026-08-27T19:53:03,IDENTITY,RV-04
ALT-202608-003817,APP-202608-004316,R0129,2026-08-15T18:36:55,TRANSACTION_MONITORING,RV-01
ALT-202608-003818,APP-202608-070259,R0079,2026-08-13T19:42:22,DOCUMENT,RV-03
ALT-202608-003819,APP-202608-039157,R0002,2026-08-06T07:49:25,HIGH_VALUE,RV-06
ALT-202608-003820,APP-202608-034640,R0261,2026-08-20T14:11:41,IDENTITY,RV-01
ALT-202608-003821,APP-202608-024858,R0322,2026-08-10T20:05:17,TRANSACTION_MONITORING,RV-02
ALT-202608-003822,APP-202608-061662,R0261,2026-08-03T17:25:36,DOCUMENT,RV-06
ALT-202608-003823,APP-202608-029282,R0064,2026-08-24T07:07:25,HIGH_VALUE,RV-01
ALT-202608-003824,APP-202608-069400,R0217,2026-08-02T11:05:57,IDENTITY,RV-04
ALT-202608-003825,APP-202608-021867,R0250,2026-08-27T13:53:31,TRANSACTION_MONITORING,RV-06
ALT-202608-003826,APP-202608-021037,R0130,2026-08-16T06:44:22,DOCUMENT,RV-02
ALT-202608-003827,APP-202608-056800,R0064,2026-08-30T19:15:05,HIGH_VALUE,RV-01
ALT-202608-003828,APP-202608-035590,R0070,2026-08-30T15:05:17,IDENTITY,RV-05
ALT-202608-003829,APP-202608-025659,R0335,2026-08-22T21:51:50,TRANSACTION_MONITORING,RV-01
ALT-202608-003830,APP-202608-069571,R0261,2026-08-09T14:21:26,DOCUMENT,RV-02
ALT-202608-003831,APP-202608-026041,R0071,2026-08-11T07:25:10,HIGH_VALUE,RV-04
ALT-202608-003832,APP-202608-027130,R0142,2026-08-10T19:19:39,IDENTITY,RV-04
ALT-202608-003833,APP-202608-040761,R0247,2026-08-22T10:43:29,TRANSACTION_MONITORING,RV-02
ALT-202608-003834,APP-202608-017404,R0322,2026-08-02T20:14:58,DOCUMENT,RV-04
ALT-202608-003835,APP-202608-007112,R0322,2026-08-21T09:36:41,HIGH_VALUE,RV-05
ALT-202608-003836,APP-202608-045007,R0252,2026-08-11T16:11:39,IDENTITY,RV-02
ALT-202608-003837,APP-202608-071412,R0109,2026-08-22T12:16:44,TRANSACTION_MONITORING,RV-01
ALT-202608-003838,APP-202608-055683,R0250,2026-08-23T10:40:46,DOCUMENT,RV-03
ALT-202608-003839,APP-202608-062055,R0281,2026-08-22T10:02:31,HIGH_VALUE,RV-05
ALT-202608-003840,APP-202608-063024,R0129,2026-08-13T17:19:18,IDENTITY,RV-03
ALT-202608-003841,APP-202608-015303,R0252,2026-08-05T10:14:05,TRANSACTION_MONITORING,RV-02
ALT-202608-003842,APP-202608-020070,R0038,2026-08-02T19:20:49,DOCUMENT,RV-05
ALT-202608-003843,APP-202608-011867,R0129,2026-08-04T14:22:17,HIGH_VALUE,RV-02
ALT-202608-003844,APP-202608-010585,R0064,2026-08-25T12:45:38,IDENTITY,RV-03
ALT-202608-003845,APP-202608-072248,R0335,2026-08-03T09:55:39,TRANSACTION_MONITORING,RV-05
ALT-202608-003846,APP-202608-007588,R0261,2026-08-08T09:21:15,DOCUMENT,RV-03
ALT-202608-003847,APP-202608-035241,R0335,2026-08-14T09:41:55,HIGH_VALUE,RV-01
ALT-202608-003848,APP-202608-008226,R0109,2026-08-11T15:50:58,IDENTITY,RV-05
ALT-202608-003849,APP-202608-002390,R0261,2026-08-22T20:52:52,TRANSACTION_MONITORING,RV-04
ALT-202608-003850,APP-202608-028324,R0158,2026-08-16T21:05:12,DOCUMENT,RV-01
ALT-202608-003851,APP-202608-068771,R0071,2026-08-04T12:59:54,HIGH_VALUE,RV-04
ALT-202608-003852,APP-202608-046568,R0322,2026-08-28T18:46:46,IDENTITY,RV-03
ALT-202608-003853,APP-202608-025304,R0142,2026-08-28T11:05:17,TRANSACTION_MONITORING,RV-03
ALT-202608-003854,APP-202608-046051,R0076,2026-08-27T14:15:35,DOCUMENT,RV-06
ALT-202608-003855,APP-202608-053572,R0071,2026-08-29T21:58:31,HIGH_VALUE,RV-04
ALT-202608-003856,APP-202608-054923,R0217,2026-08-30T06:50:35,IDENTITY,RV-06
ALT-202608-003857,APP-202608-050553,R0129,2026-08-29T21:06:19,TRANSACTION_MONITORING,RV-01
ALT-202608-003858,APP-202608-024160,R0002,2026-08-14T21:16:18,DOCUMENT,RV-02
ALT-202608-003859,APP-202608-034623,R0079,2026-08-12T20:39:35,HIGH_VALUE,RV-06
ALT-202608-003860,APP-202608-065398,R0252,2026-08-24T20:10:44,IDENTITY,RV-02
ALT-202608-003861,APP-202608-039334,R0261,2026-08-01T21:06:44,TRANSACTION_MONITORING,RV-05
ALT-202608-003862,APP-202608-007727,R0322,2026-08-26T16:06:56,DOCUMENT,RV-01
ALT-202608-003863,APP-202608-001861,R0322,2026-08-28T11:31:12,HIGH_VALUE,RV-01
ALT-202608-003864,APP-202608-064781,R0002,2026-08-07T11:58:53,IDENTITY,RV-01
ALT-202608-003865,APP-202608-058761,R0315,2026-08-28T10:23:10,TRANSACTION_MONITORING,RV-06
ALT-202608-003866,APP-202608-008513,R0261,2026-08-03T08:55:17,DOCUMENT,RV-03
ALT-202608-003867,APP-202608-021094,R0261,2026-08-29T20:56:07,HIGH_VALUE,RV-03
ALT-202608-003868,APP-202608-031764,R0079,2026-08-10T11:54:43,IDENTITY,RV-01
ALT-202608-003869,APP-202608-011739,R0261,2026-08-08T06:17:15,TRANSACTION_MONITORING,RV-05
ALT-202608-003870,APP-202608-045050,R0129,2026-08-03T10:17:20,DOCUMENT,RV-02
ALT-202608-003871,APP-202608-009929,R0250,2026-08-26T15:55:46,HIGH_VALUE,RV-03
ALT-202608-003872,APP-202608-072590,R0081,2026-08-04T21:07:06,IDENTITY,RV-05
ALT-202608-003873,APP-202608-033450,R0322,2026-08-26T06:31:53,TRANSACTION_MONITORING,RV-06
ALT-202608-003874,APP-202608-021502,R0129,2026-08-29T11:34:47,DOCUMENT,RV-04
ALT-202608-003875,APP-202608-037393,R0261,2026-08-23T18:05:55,HIGH_VALUE,RV-06
ALT-202608-003876,APP-202608-029370,R0079,2026-08-31T19:51:31,IDENTITY,RV-02
ALT-202608-003877,APP-202608-046279,R0247,2026-08-10T16:10:21,TRANSACTION_MONITORING,RV-02
ALT-202608-003878,APP-202608-029241,R0261,2026-08-11T16:23:28,DOCUMENT,RV-04
ALT-202608-003879,APP-202608-056803,R0322,2026-08-12T06:57:29,HIGH_VALUE,RV-04
ALT-202608-003880,APP-202608-070911,R0109,2026-08-27T14:31:41,IDENTITY,RV-06
ALT-202608-003881,APP-202608-000714,R0313,2026-08-12T14:12:32,TRANSACTION_MONITORING,RV-05
ALT-202608-003882,APP-202608-018793,R0076,2026-08-29T06:51:01,DOCUMENT,RV-01
ALT-202608-003883,APP-202608-048699,R0002,2026-08-10T22:04:31,HIGH_VALUE,RV-02
ALT-202608-003884,APP-202608-072766,R0129,2026-08-06T10:54:28,IDENTITY,RV-04
ALT-202608-003885,APP-202608-008569,R0247,2026-08-22T12:26:21,TRANSACTION_MONITORING,RV-04
ALT-202608-003886,APP-202608-072273,R0129,2026-08-12T07:42:40,DOCUMENT,RV-02
ALT-202608-003887,APP-202608-023577,R0335,2026-08-04T18:40:37,HIGH_VALUE,RV-06
ALT-202608-003888,APP-202608-014949,R0129,2026-08-27T18:01:20,IDENTITY,RV-03
ALT-202608-003889,APP-202608-025135,R0002,2026-08-17T22:46:25,TRANSACTION_MONITORING,RV-04
ALT-202608-003890,APP-202608-032534,R0076,2026-08-13T16:38:01,DOCUMENT,RV-04
ALT-202608-003891,APP-202608-054537,R0158,2026-08-28T19:59:41,HIGH_VALUE,RV-04
ALT-202608-003892,APP-202608-068472,R0001,2026-08-01T14:54:45,IDENTITY,RV-01
ALT-202608-003893,APP-202608-016116,R0129,2026-08-05T14:36:29,TRANSACTION_MONITORING,RV-04
ALT-202608-003894,APP-202608-002387,R0261,2026-08-04T19:44:02,DOCUMENT,RV-05
ALT-202608-003895,APP-202608-033100,R0217,2026-08-25T18:10:20,HIGH_VALUE,RV-05
ALT-202608-003896,APP-202608-009858,R0001,2026-08-03T19:54:19,IDENTITY,RV-06
ALT-202608-003897,APP-202608-048945,R0071,2026-08-21T06:14:37,TRANSACTION_MONITORING,RV-03
ALT-202608-003898,APP-202608-023668,R0261,2026-08-02T11:32:38,DOCUMENT,RV-02
ALT-202608-003899,APP-202608-000877,R0002,2026-08-06T07:28:57,HIGH_VALUE,RV-04
ALT-202608-003900,APP-202608-001931,R0250,2026-08-12T20:11:32,IDENTITY,RV-04
ALT-202608-003901,APP-202608-055950,R0076,2026-08-27T15:49:15,TRANSACTION_MONITORING,RV-02
ALT-202608-003902,APP-202608-040805,R0129,2026-08-14T21:58:20,DOCUMENT,RV-01
ALT-202608-003903,APP-202608-058633,R0130,2026-08-19T06:22:13,HIGH_VALUE,RV-01
ALT-202608-003904,APP-202608-059335,R0261,2026-08-07T08:12:30,IDENTITY,RV-02
ALT-202608-003905,APP-202608-049466,R0261,2026-08-15T09:14:02,TRANSACTION_MONITORING,RV-05
ALT-202608-003906,APP-202608-004410,R0071,2026-08-08T06:39:57,DOCUMENT,RV-05
ALT-202608-003907,APP-202608-003157,R0130,2026-08-11T21:21:59,HIGH_VALUE,RV-05
ALT-202608-003908,APP-202608-056231,R0079,2026-08-16T06:14:09,IDENTITY,RV-03
ALT-202608-003909,APP-202608-005429,R0158,2026-08-05T07:50:32,TRANSACTION_MONITORING,RV-01
ALT-202608-003910,APP-202608-071338,R0322,2026-08-14T07:24:57,DOCUMENT,RV-01
ALT-202608-003911,APP-202608-055374,R0064,2026-08-24T10:01:23,HIGH_VALUE,RV-03
ALT-202608-003912,APP-202608-012593,R0217,2026-08-25T18:54:34,IDENTITY,RV-04
ALT-202608-003913,APP-202608-042636,R0002,2026-08-13T11:23:12,TRANSACTION_MONITORING,RV-05
ALT-202608-003914,APP-202608-028187,R0247,2026-08-16T07:32:36,DOCUMENT,RV-01
ALT-202608-003915,APP-202608-030100,R0079,2026-08-28T06:51:00,HIGH_VALUE,RV-04
ALT-202608-003916,APP-202608-001109,R0129,2026-08-05T13:14:12,IDENTITY,RV-03
ALT-202608-003917,APP-202608-056906,R0079,2026-08-05T20:34:57,TRANSACTION_MONITORING,RV-03
ALT-202608-003918,APP-202608-045769,R0261,2026-08-10T11:07:29,DOCUMENT,RV-05
ALT-202608-003919,APP-202608-050247,R0070,2026-08-06T20:54:12,HIGH_VALUE,RV-06
ALT-202608-003920,APP-202608-004741,R0247,2026-08-23T19:12:27,IDENTITY,RV-03
ALT-202608-003921,APP-202608-000658,R0261,2026-08-15T11:40:44,TRANSACTION_MONITORING,RV-03
ALT-202608-003922,APP-202608-008965,R0079,2026-08-19T21:31:09,DOCUMENT,RV-01
ALT-202608-003923,APP-202608-053777,R0079,2026-08-29T15:02:57,HIGH_VALUE,RV-06
ALT-202608-003924,APP-202608-051180,R0076,2026-08-26T08:26:42,IDENTITY,RV-01
ALT-202608-003925,APP-202608-023242,R0261,2026-08-02T08:55:49,TRANSACTION_MONITORING,RV-03
ALT-202608-003926,APP-202608-055153,R0064,2026-08-26T07:11:27,DOCUMENT,RV-02
ALT-202608-003927,APP-202608-015168,R0250,2026-08-06T10:30:47,HIGH_VALUE,RV-02
ALT-202608-003928,APP-202608-041522,R0129,2026-08-04T12:23:53,IDENTITY,RV-03
ALT-202608-003929,APP-202608-021964,R0130,2026-08-13T08:17:05,TRANSACTION_MONITORING,RV-01
ALT-202608-003930,APP-202608-059368,R0079,2026-08-28T07:59:17,DOCUMENT,RV-02
ALT-202608-003931,APP-202608-021605,R0250,2026-08-01T14:53:00,HIGH_VALUE,RV-02
ALT-202608-003932,APP-202608-049807,R0096,2026-08-13T22:11:57,IDENTITY,RV-06
ALT-202608-003933,APP-202608-046945,R0247,2026-08-27T14:07:54,TRANSACTION_MONITORING,RV-06
ALT-202608-003934,APP-202608-027728,R0130,2026-08-19T07:15:03,DOCUMENT,RV-01
ALT-202608-003935,APP-202608-037073,R0081,2026-08-06T11:53:31,HIGH_VALUE,RV-05
ALT-202608-003936,APP-202608-026974,R0250,2026-08-25T22:35:49,IDENTITY,RV-01
ALT-202608-003937,APP-202608-041531,R0247,2026-08-28T20:40:29,TRANSACTION_MONITORING,RV-01
ALT-202608-003938,APP-202608-043076,R0335,2026-08-16T18:53:46,DOCUMENT,RV-05
ALT-202608-003939,APP-202608-061225,R0129,2026-08-11T17:42:21,HIGH_VALUE,RV-04
ALT-202608-003940,APP-202608-032123,R0247,2026-08-25T07:05:34,IDENTITY,RV-01
ALT-202608-003941,APP-202608-045024,R0129,2026-08-07T16:07:29,TRANSACTION_MONITORING,RV-03
ALT-202608-003942,APP-202608-057823,R0076,2026-08-15T18:05:56,DOCUMENT,RV-06
ALT-202608-003943,APP-202608-000083,R0002,2026-08-27T12:01:17,HIGH_VALUE,RV-02
ALT-202608-003944,APP-202608-043086,R0322,2026-08-10T09:15:18,IDENTITY,RV-04
ALT-202608-003945,APP-202608-022094,R0076,2026-08-01T09:46:43,TRANSACTION_MONITORING,RV-02
ALT-202608-003946,APP-202608-055586,R0281,2026-08-10T10:26:36,DOCUMENT,RV-06
ALT-202608-003947,APP-202608-042400,R0129,2026-08-04T16:36:17,HIGH_VALUE,RV-02
ALT-202608-003948,APP-202608-053921,R0002,2026-08-11T20:45:09,IDENTITY,RV-04
ALT-202608-003949,APP-202608-009516,R0076,2026-08-11T11:33:40,TRANSACTION_MONITORING,RV-02
ALT-202608-003950,APP-202608-074919,R0071,2026-08-11T12:49:56,DOCUMENT,RV-01
ALT-202608-003951,APP-202608-039890,R0322,2026-08-03T10:24:45,HIGH_VALUE,RV-06
ALT-202608-003952,APP-202608-024883,R0217,2026-08-21T18:04:12,IDENTITY,RV-02
ALT-202608-003953,APP-202608-038835,R0081,2026-08-07T08:30:21,TRANSACTION_MONITORING,RV-05
ALT-202608-003954,APP-202608-029164,R0129,2026-08-22T21:41:58,DOCUMENT,RV-05
ALT-202608-003955,APP-202608-025343,R0335,2026-08-10T19:11:56,HIGH_VALUE,RV-01
ALT-202608-003956,APP-202608-009503,R0001,2026-08-29T18:22:06,IDENTITY,RV-05
ALT-202608-003957,APP-202608-014645,R0064,2026-08-18T08:52:09,TRANSACTION_MONITORING,RV-05
ALT-202608-003958,APP-202608-061690,R0070,2026-08-13T06:38:44,DOCUMENT,RV-06
ALT-202608-003959,APP-202608-040311,R0247,2026-08-25T19:48:43,HIGH_VALUE,RV-04
ALT-202608-003960,APP-202608-068036,R0261,2026-08-03T21:45:11,IDENTITY,RV-03
ALT-202608-003961,APP-202608-026822,R0315,2026-08-07T17:19:27,TRANSACTION_MONITORING,RV-06
ALT-202608-003962,APP-202608-064939,R0335,2026-08-16T20:58:39,DOCUMENT,RV-04
ALT-202608-003963,APP-202608-023489,R0129,2026-08-12T07:10:13,HIGH_VALUE,RV-04
ALT-202608-003964,APP-202608-051469,R0261,2026-08-22T18:19:21,IDENTITY,RV-02
ALT-202608-003965,APP-202608-026729,R0109,2026-08-31T07:14:07,TRANSACTION_MONITORING,RV-05
ALT-202608-003966,APP-202608-012268,R0079,2026-08-25T18:57:51,DOCUMENT,RV-02
ALT-202608-003967,APP-202608-001959,R0129,2026-08-07T15:13:31,HIGH_VALUE,RV-06
ALT-202608-003968,APP-202608-040446,R0322,2026-08-01T10:31:49,IDENTITY,RV-06
ALT-202608-003969,APP-202608-038906,R0001,2026-08-27T10:55:02,TRANSACTION_MONITORING,RV-05
ALT-202608-003970,APP-202608-053333,R0250,2026-08-16T20:46:17,DOCUMENT,RV-04
ALT-202608-003971,APP-202608-064822,R0322,2026-08-04T12:09:51,HIGH_VALUE,RV-06
ALT-202608-003972,APP-202608-012315,R0250,2026-08-20T18:45:38,IDENTITY,RV-02
ALT-202608-003973,APP-202608-026636,R0217,2026-08-01T10:44:55,TRANSACTION_MONITORING,RV-02
ALT-202608-003974,APP-202608-073904,R0071,2026-08-12T16:41:31,DOCUMENT,RV-04
ALT-202608-003975,APP-202608-069102,R0064,2026-08-22T06:09:45,HIGH_VALUE,RV-06
ALT-202608-003976,APP-202608-049284,R0322,2026-08-07T09:58:51,IDENTITY,RV-03
ALT-202608-003977,APP-202608-070115,R0109,2026-08-24T10:57:26,TRANSACTION_MONITORING,RV-04
ALT-202608-003978,APP-202608-058378,R0335,2026-08-11T18:57:11,DOCUMENT,RV-06
ALT-202608-003979,APP-202608-032543,R0261,2026-08-16T19:18:39,HIGH_VALUE,RV-02
ALT-202608-003980,APP-202608-042002,R0313,2026-08-06T14:27:01,IDENTITY,RV-01
ALT-202608-003981,APP-202608-073942,R0070,2026-08-07T22:13:52,TRANSACTION_MONITORING,RV-01
ALT-202608-003982,APP-202608-070189,R0081,2026-08-18T07:04:05,DOCUMENT,RV-05
ALT-202608-003983,APP-202608-001471,R0322,2026-08-15T21:21:21,HIGH_VALUE,RV-04
ALT-202608-003984,APP-202608-014876,R0129,2026-08-12T22:01:58,IDENTITY,RV-03
ALT-202608-003985,APP-202608-021676,R0250,2026-08-28T17:26:38,TRANSACTION_MONITORING,RV-04
ALT-202608-003986,APP-202608-029454,R0247,2026-08-13T06:05:26,DOCUMENT,RV-05
ALT-202608-003987,APP-202608-000598,R0129,2026-08-10T09:14:29,HIGH_VALUE,RV-02
ALT-202608-003988,APP-202608-003141,R0261,2026-08-26T20:30:48,IDENTITY,RV-04
ALT-202608-003989,APP-202608-061794,R0129,2026-08-20T12:40:35,TRANSACTION_MONITORING,RV-06
ALT-202608-003990,APP-202608-041086,R0315,2026-08-17T17:29:56,DOCUMENT,RV-04
ALT-202608-003991,APP-202608-020093,R0147,2026-08-06T16:40:29,HIGH_VALUE,RV-06
ALT-202608-003992,APP-202608-066744,R0130,2026-08-17T09:59:56,IDENTITY,RV-02
ALT-202608-003993,APP-202608-026392,R0158,2026-08-01T17:58:21,TRANSACTION_MONITORING,RV-04
ALT-202608-003994,APP-202608-061949,R0064,2026-08-28T20:23:37,DOCUMENT,RV-05
ALT-202608-003995,APP-202608-059762,R0081,2026-08-27T11:30:20,HIGH_VALUE,RV-02
ALT-202608-003996,APP-202608-023174,R0079,2026-08-28T07:35:42,IDENTITY,RV-01
ALT-202608-003997,APP-202608-013344,R0064,2026-08-17T09:51:32,TRANSACTION_MONITORING,RV-06
ALT-202608-003998,APP-202608-016445,R0130,2026-08-04T10:45:59,DOCUMENT,RV-05
ALT-202608-003999,APP-202608-011724,R0335,2026-08-09T15:43:26,HIGH_VALUE,RV-02
ALT-202608-004000,APP-202608-044911,R0079,2026-08-26T12:30:49,IDENTITY,RV-02
ALT-202608-004001,APP-202608-047914,R0261,2026-08-02T07:23:28,TRANSACTION_MONITORING,RV-05
ALT-202608-004002,APP-202608-046567,R0315,2026-08-03T06:04:14,DOCUMENT,RV-01
ALT-202608-004003,APP-202608-050306,R0247,2026-08-03T21:18:39,HIGH_VALUE,RV-04
ALT-202608-004004,APP-202608-003239,R0079,2026-08-31T21:56:24,IDENTITY,RV-05
ALT-202608-004005,APP-202608-049534,R0064,2026-08-27T10:20:54,TRANSACTION_MONITORING,RV-04
ALT-202608-004006,APP-202608-043181,R0079,2026-08-20T13:43:42,DOCUMENT,RV-02
ALT-202608-004007,APP-202608-023261,R0247,2026-08-30T08:01:56,HIGH_VALUE,RV-04
ALT-202608-004008,APP-202608-005472,R0217,2026-08-09T11:21:55,IDENTITY,RV-03
ALT-202608-004009,APP-202608-020339,R0002,2026-08-18T22:37:07,TRANSACTION_MONITORING,RV-05
ALT-202608-004010,APP-202608-072268,R0081,2026-08-02T14:00:23,DOCUMENT,RV-04
ALT-202608-004011,APP-202608-020616,R0217,2026-08-08T12:17:21,HIGH_VALUE,RV-06
ALT-202608-004012,APP-202608-058845,R0158,2026-08-17T17:29:21,IDENTITY,RV-01
ALT-202608-004013,APP-202608-049912,R0002,2026-08-16T11:43:35,TRANSACTION_MONITORING,RV-01
ALT-202608-004014,APP-202608-034251,R0064,2026-08-29T07:18:36,DOCUMENT,RV-05
ALT-202608-004015,APP-202608-059053,R0261,2026-08-14T13:00:35,HIGH_VALUE,RV-04
ALT-202608-004016,APP-202608-030263,R0335,2026-08-04T19:43:08,IDENTITY,RV-04
ALT-202608-004017,APP-202608-014065,R0079,2026-08-16T07:59:52,TRANSACTION_MONITORING,RV-06
ALT-202608-004018,APP-202608-005767,R0252,2026-08-28T17:49:37,DOCUMENT,RV-01
ALT-202608-004019,APP-202608-036106,R0129,2026-08-10T22:08:26,HIGH_VALUE,RV-04
ALT-202608-004020,APP-202608-041479,R0109,2026-08-15T17:25:06,IDENTITY,RV-05
ALT-202608-004021,APP-202608-034180,R0096,2026-08-23T08:57:19,TRANSACTION_MONITORING,RV-02
ALT-202608-004022,APP-202608-072528,R0079,2026-08-06T12:05:51,DOCUMENT,RV-02
ALT-202608-004023,APP-202608-042419,R0076,2026-08-21T07:13:20,HIGH_VALUE,RV-06
ALT-202608-004024,APP-202608-015045,R0079,2026-08-05T08:19:42,IDENTITY,RV-06
ALT-202608-004025,APP-202608-031377,R0129,2026-08-14T09:34:59,TRANSACTION_MONITORING,RV-01
ALT-202608-004026,APP-202608-023018,R0064,2026-08-20T17:44:49,DOCUMENT,RV-01
ALT-202608-004027,APP-202608-073712,R0247,2026-08-10T14:27:54,HIGH_VALUE,RV-05
ALT-202608-004028,APP-202608-005836,R0071,2026-08-13T20:50:33,IDENTITY,RV-02
ALT-202608-004029,APP-202608-024862,R0261,2026-08-23T18:51:45,TRANSACTION_MONITORING,RV-03
ALT-202608-004030,APP-202608-048178,R0302,2026-08-06T22:05:19,DOCUMENT,RV-06
ALT-202608-004031,APP-202608-000201,R0002,2026-08-10T20:54:56,HIGH_VALUE,RV-05
ALT-202608-004032,APP-202608-035308,R0002,2026-08-22T06:03:55,IDENTITY,RV-05
ALT-202608-004033,APP-202608-056759,R0002,2026-08-20T11:45:31,TRANSACTION_MONITORING,RV-04
ALT-202608-004034,APP-202608-054396,R0273,2026-08-23T13:46:14,DOCUMENT,RV-03
ALT-202608-004035,APP-202608-041513,R0079,2026-08-16T10:00:20,HIGH_VALUE,RV-06
ALT-202608-004036,APP-202608-046281,R0322,2026-08-26T17:35:15,IDENTITY,RV-06
ALT-202608-004037,APP-202608-044000,R0081,2026-08-29T08:22:06,TRANSACTION_MONITORING,RV-04
ALT-202608-004038,APP-202608-061451,R0315,2026-08-19T19:30:28,DOCUMENT,RV-05
ALT-202608-004039,APP-202608-067831,R0076,2026-08-21T07:33:57,HIGH_VALUE,RV-04
ALT-202608-004040,APP-202608-004181,R0252,2026-08-28T21:36:24,IDENTITY,RV-05
ALT-202608-004041,APP-202608-006834,R0261,2026-08-19T15:00:21,TRANSACTION_MONITORING,RV-06
ALT-202608-004042,APP-202608-016875,R0281,2026-08-28T11:11:21,DOCUMENT,RV-06
ALT-202608-004043,APP-202608-074582,R0109,2026-08-12T08:39:15,HIGH_VALUE,RV-04
ALT-202608-004044,APP-202608-046167,R0129,2026-08-24T19:12:44,IDENTITY,RV-03
ALT-202608-004045,APP-202608-027199,R0252,2026-08-16T19:51:48,TRANSACTION_MONITORING,RV-06
ALT-202608-004046,APP-202608-029947,R0081,2026-08-31T14:49:40,DOCUMENT,RV-01
ALT-202608-004047,APP-202608-026861,R0129,2026-08-08T21:51:17,HIGH_VALUE,RV-04
ALT-202608-004048,APP-202608-033281,R0261,2026-08-25T08:17:42,IDENTITY,RV-06
ALT-202608-004049,APP-202608-065008,R0129,2026-08-01T09:01:57,TRANSACTION_MONITORING,RV-01
ALT-202608-004050,APP-202608-018049,R0261,2026-08-10T09:01:40,DOCUMENT,RV-03
ALT-202608-004051,APP-202608-071236,R0002,2026-08-09T16:25:46,HIGH_VALUE,RV-03
ALT-202608-004052,APP-202608-037486,R0079,2026-08-23T19:19:37,IDENTITY,RV-06
ALT-202608-004053,APP-202608-025157,R0261,2026-08-30T19:24:33,TRANSACTION_MONITORING,RV-04
ALT-202608-004054,APP-202608-037631,R0247,2026-08-17T07:56:05,DOCUMENT,RV-01
ALT-202608-004055,APP-202608-074352,R0076,2026-08-23T15:48:19,HIGH_VALUE,RV-03
ALT-202608-004056,APP-202608-071124,R0079,2026-08-05T06:09:05,IDENTITY,RV-05
ALT-202608-004057,APP-202608-038550,R0001,2026-08-19T21:20:59,TRANSACTION_MONITORING,RV-06
ALT-202608-004058,APP-202608-073573,R0247,2026-08-09T18:23:39,DOCUMENT,RV-05
ALT-202608-004059,APP-202608-037391,R0322,2026-08-03T09:26:48,HIGH_VALUE,RV-04
ALT-202608-004060,APP-202608-058106,R0252,2026-08-24T16:15:17,IDENTITY,RV-06
ALT-202608-004061,APP-202608-032370,R0261,2026-08-25T08:16:25,TRANSACTION_MONITORING,RV-01
ALT-202608-004062,APP-202608-005355,R0313,2026-08-16T22:53:38,DOCUMENT,RV-01
ALT-202608-004063,APP-202608-037176,R0315,2026-08-03T21:35:37,HIGH_VALUE,RV-01
ALT-202608-004064,APP-202608-059094,R0129,2026-08-07T15:04:57,IDENTITY,RV-01
ALT-202608-004065,APP-202608-014262,R0130,2026-08-15T06:59:19,TRANSACTION_MONITORING,RV-06
ALT-202608-004066,APP-202608-048007,R0076,2026-08-24T18:40:52,DOCUMENT,RV-03
ALT-202608-004067,APP-202608-035253,R0217,2026-08-23T18:00:00,HIGH_VALUE,RV-05
ALT-202608-004068,APP-202608-016381,R0261,2026-08-25T17:11:46,IDENTITY,RV-05
ALT-202608-004069,APP-202608-065080,R0002,2026-08-14T09:41:34,TRANSACTION_MONITORING,RV-04
ALT-202608-004070,APP-202608-006271,R0109,2026-08-16T20:05:40,DOCUMENT,RV-06
ALT-202608-004071,APP-202608-001690,R0335,2026-08-11T17:40:31,HIGH_VALUE,RV-02
ALT-202608-004072,APP-202608-038358,R0142,2026-08-02T12:21:02,IDENTITY,RV-05
ALT-202608-004073,APP-202608-065235,R0322,2026-08-29T08:08:55,TRANSACTION_MONITORING,RV-05
ALT-202608-004074,APP-202608-006642,R0261,2026-08-21T14:10:08,DOCUMENT,RV-03
ALT-202608-004075,APP-202608-067956,R0129,2026-08-24T08:32:32,HIGH_VALUE,RV-06
ALT-202608-004076,APP-202608-073143,R0076,2026-08-17T06:25:13,IDENTITY,RV-02
ALT-202608-004077,APP-202608-067549,R0129,2026-08-19T20:13:33,TRANSACTION_MONITORING,RV-06
ALT-202608-004078,APP-202608-074077,R0129,2026-08-15T17:27:08,DOCUMENT,RV-02
ALT-202608-004079,APP-202608-033945,R0261,2026-08-19T16:15:25,HIGH_VALUE,RV-05
ALT-202608-004080,APP-202608-016698,R0261,2026-08-24T20:00:29,IDENTITY,RV-01
ALT-202608-004081,APP-202608-045065,R0142,2026-08-13T12:00:55,TRANSACTION_MONITORING,RV-04
ALT-202608-004082,APP-202608-035011,R0335,2026-08-30T22:34:08,DOCUMENT,RV-03
ALT-202608-004083,APP-202608-073800,R0322,2026-08-27T06:02:27,HIGH_VALUE,RV-02
ALT-202608-004084,APP-202608-030001,R0217,2026-08-03T08:09:19,IDENTITY,RV-06
ALT-202608-004085,APP-202608-061241,R0142,2026-08-05T06:08:33,TRANSACTION_MONITORING,RV-04
ALT-202608-004086,APP-202608-071227,R0247,2026-08-30T12:43:47,DOCUMENT,RV-06
ALT-202608-004087,APP-202608-068823,R0250,2026-08-26T09:49:34,HIGH_VALUE,RV-04
ALT-202608-004088,APP-202608-050505,R0247,2026-08-26T09:11:24,IDENTITY,RV-02
ALT-202608-004089,APP-202608-043510,R0261,2026-08-31T21:09:12,TRANSACTION_MONITORING,RV-02
ALT-202608-004090,APP-202608-031694,R0250,2026-08-16T11:54:42,DOCUMENT,RV-05
ALT-202608-004091,APP-202608-049400,R0130,2026-08-18T11:02:49,HIGH_VALUE,RV-06
ALT-202608-004092,APP-202608-053458,R0071,2026-08-13T06:07:22,IDENTITY,RV-04
ALT-202608-004093,APP-202608-018491,R0273,2026-08-07T09:46:11,TRANSACTION_MONITORING,RV-04
ALT-202608-004094,APP-202608-005264,R0335,2026-08-28T10:57:51,DOCUMENT,RV-03
ALT-202608-004095,APP-202608-042976,R0261,2026-08-20T13:03:00,HIGH_VALUE,RV-02
ALT-202608-004096,APP-202608-006681,R0261,2026-08-04T06:22:54,IDENTITY,RV-04
ALT-202608-004097,APP-202608-023794,R0252,2026-08-14T08:12:30,TRANSACTION_MONITORING,RV-02
ALT-202608-004098,APP-202608-067457,R0115,2026-08-17T21:25:28,DOCUMENT,RV-02
ALT-202608-004099,APP-202608-061596,R0281,2026-08-21T12:13:21,HIGH_VALUE,RV-01
ALT-202608-004100,APP-202608-033680,R0002,2026-08-29T13:30:51,IDENTITY,RV-01
ALT-202608-004101,APP-202608-011575,R0247,2026-08-21T21:03:26,TRANSACTION_MONITORING,RV-06
ALT-202608-004102,APP-202608-042358,R0079,2026-08-19T17:24:32,DOCUMENT,RV-06
ALT-202608-004103,APP-202608-014888,R0217,2026-08-10T13:43:46,HIGH_VALUE,RV-06
ALT-202608-004104,APP-202608-037575,R0064,2026-08-06T06:14:06,IDENTITY,RV-04
ALT-202608-004105,APP-202608-049823,R0115,2026-08-15T08:40:23,TRANSACTION_MONITORING,RV-05
ALT-202608-004106,APP-202608-066906,R0335,2026-08-07T15:17:14,DOCUMENT,RV-02
ALT-202608-004107,APP-202608-026010,R0250,2026-08-02T06:22:09,HIGH_VALUE,RV-01
ALT-202608-004108,APP-202608-021738,R0081,2026-08-07T19:06:16,IDENTITY,RV-01
ALT-202608-004109,APP-202608-007375,R0079,2026-08-06T16:45:31,TRANSACTION_MONITORING,RV-04
ALT-202608-004110,APP-202608-012896,R0261,2026-08-28T17:34:51,DOCUMENT,RV-02
ALT-202608-004111,APP-202608-034300,R0261,2026-08-07T11:55:10,HIGH_VALUE,RV-05
ALT-202608-004112,APP-202608-062774,R0129,2026-08-15T08:10:29,IDENTITY,RV-04
ALT-202608-004113,APP-202608-055736,R0261,2026-08-05T20:56:58,TRANSACTION_MONITORING,RV-04
ALT-202608-004114,APP-202608-009056,R0129,2026-08-11T12:51:14,DOCUMENT,RV-04
ALT-202608-004115,APP-202608-010292,R0335,2026-08-05T08:33:14,HIGH_VALUE,RV-03
ALT-202608-004116,APP-202608-054666,R0261,2026-08-01T08:48:33,IDENTITY,RV-02
ALT-202608-004117,APP-202608-061995,R0115,2026-08-24T08:12:52,TRANSACTION_MONITORING,RV-06
ALT-202608-004118,APP-202608-000217,R0261,2026-08-10T08:28:39,DOCUMENT,RV-06
ALT-202608-004119,APP-202608-050937,R0129,2026-08-24T08:56:54,HIGH_VALUE,RV-04
ALT-202608-004120,APP-202608-056342,R0261,2026-08-17T20:28:19,IDENTITY,RV-05
ALT-202608-004121,APP-202608-036149,R0250,2026-08-21T22:58:01,TRANSACTION_MONITORING,RV-01
ALT-202608-004122,APP-202608-028812,R0158,2026-08-04T13:02:31,DOCUMENT,RV-02
ALT-202608-004123,APP-202608-067592,R0335,2026-08-05T21:18:49,HIGH_VALUE,RV-06
ALT-202608-004124,APP-202608-019636,R0002,2026-08-27T18:33:25,IDENTITY,RV-06
ALT-202608-004125,APP-202608-047578,R0322,2026-08-27T09:32:22,TRANSACTION_MONITORING,RV-02
ALT-202608-004126,APP-202608-006821,R0261,2026-08-29T15:25:03,DOCUMENT,RV-01
ALT-202608-004127,APP-202608-057255,R0002,2026-08-11T10:00:43,HIGH_VALUE,RV-01
ALT-202608-004128,APP-202608-051839,R0071,2026-08-31T16:27:00,IDENTITY,RV-06
ALT-202608-004129,APP-202608-044546,R0130,2026-08-21T18:07:57,TRANSACTION_MONITORING,RV-04
ALT-202608-004130,APP-202608-016821,R0261,2026-08-16T12:30:41,DOCUMENT,RV-06
ALT-202608-004131,APP-202608-033275,R0079,2026-08-24T13:54:50,HIGH_VALUE,RV-05
ALT-202608-004132,APP-202608-047790,R0322,2026-08-22T16:34:30,IDENTITY,RV-04
ALT-202608-004133,APP-202608-045038,R0079,2026-08-08T20:40:26,TRANSACTION_MONITORING,RV-02
ALT-202608-004134,APP-202608-060208,R0129,2026-08-10T07:57:53,DOCUMENT,RV-03
ALT-202608-004135,APP-202608-008447,R0250,2026-08-03T22:25:22,HIGH_VALUE,RV-05
ALT-202608-004136,APP-202608-054241,R0261,2026-08-03T19:41:47,IDENTITY,RV-06
ALT-202608-004137,APP-202608-054928,R0158,2026-08-04T16:58:48,TRANSACTION_MONITORING,RV-05
ALT-202608-004138,APP-202608-036053,R0064,2026-08-31T13:31:40,DOCUMENT,RV-04
ALT-202608-004139,APP-202608-061954,R0129,2026-08-15T12:49:07,HIGH_VALUE,RV-05
ALT-202608-004140,APP-202608-003477,R0322,2026-08-20T08:36:35,IDENTITY,RV-01
ALT-202608-004141,APP-202608-056745,R0252,2026-08-17T07:55:43,TRANSACTION_MONITORING,RV-02
ALT-202608-004142,APP-202608-064053,R0335,2026-08-17T08:34:51,DOCUMENT,RV-01
ALT-202608-004143,APP-202608-000609,R0335,2026-08-24T20:23:23,HIGH_VALUE,RV-04
ALT-202608-004144,APP-202608-016675,R0070,2026-08-01T19:20:41,IDENTITY,RV-03
ALT-202608-004145,APP-202608-013455,R0250,2026-08-12T10:18:37,TRANSACTION_MONITORING,RV-03
ALT-202608-004146,APP-202608-066515,R0079,2026-08-05T18:53:40,DOCUMENT,RV-01
ALT-202608-004147,APP-202608-010830,R0079,2026-08-22T12:59:57,HIGH_VALUE,RV-02
ALT-202608-004148,APP-202608-014992,R0081,2026-08-09T14:18:00,IDENTITY,RV-04
ALT-202608-004149,APP-202608-021888,R0129,2026-08-22T07:19:11,TRANSACTION_MONITORING,RV-01
ALT-202608-004150,APP-202608-050714,R0250,2026-08-30T10:51:44,DOCUMENT,RV-05
ALT-202608-004151,APP-202608-027827,R0076,2026-08-28T06:47:52,HIGH_VALUE,RV-01
ALT-202608-004152,APP-202608-064552,R0079,2026-08-27T19:42:43,IDENTITY,RV-03
ALT-202608-004153,APP-202608-069745,R0071,2026-08-31T09:03:48,TRANSACTION_MONITORING,RV-06
ALT-202608-004154,APP-202608-032225,R0129,2026-08-17T18:18:30,DOCUMENT,RV-02
ALT-202608-004155,APP-202608-035907,R0071,2026-08-27T15:09:55,HIGH_VALUE,RV-02
ALT-202608-004156,APP-202608-024227,R0261,2026-08-29T08:24:33,IDENTITY,RV-04
ALT-202608-004157,APP-202608-054361,R0109,2026-08-09T22:46:40,TRANSACTION_MONITORING,RV-05
ALT-202608-004158,APP-202608-055963,R0252,2026-08-18T11:19:59,DOCUMENT,RV-02
ALT-202608-004159,APP-202608-025720,R0147,2026-08-28T06:04:04,HIGH_VALUE,RV-05
ALT-202608-004160,APP-202608-027207,R0247,2026-08-11T09:21:36,IDENTITY,RV-03
ALT-202608-004161,APP-202608-030543,R0079,2026-08-14T22:33:10,TRANSACTION_MONITORING,RV-01
ALT-202608-004162,APP-202608-039598,R0129,2026-08-23T15:23:03,DOCUMENT,RV-02
ALT-202608-004163,APP-202608-035015,R0335,2026-08-12T10:38:16,HIGH_VALUE,RV-04
ALT-202608-004164,APP-202608-049197,R0252,2026-08-07T13:46:48,IDENTITY,RV-02
ALT-202608-004165,APP-202608-053169,R0001,2026-08-11T20:09:18,TRANSACTION_MONITORING,RV-06
ALT-202608-004166,APP-202608-023349,R0129,2026-08-15T08:54:13,DOCUMENT,RV-01
ALT-202608-004167,APP-202608-073589,R0261,2026-08-06T22:32:12,HIGH_VALUE,RV-02
ALT-202608-004168,APP-202608-004755,R0038,2026-08-27T06:06:22,IDENTITY,RV-06
ALT-202608-004169,APP-202608-052191,R0322,2026-08-17T10:13:43,TRANSACTION_MONITORING,RV-01
ALT-202608-004170,APP-202608-070047,R0158,2026-08-29T10:21:40,DOCUMENT,RV-04
ALT-202608-004171,APP-202608-071861,R0261,2026-08-30T22:27:09,HIGH_VALUE,RV-04
ALT-202608-004172,APP-202608-011497,R0247,2026-08-21T14:06:01,IDENTITY,RV-04
ALT-202608-004173,APP-202608-022855,R0129,2026-08-19T08:57:46,TRANSACTION_MONITORING,RV-06
ALT-202608-004174,APP-202608-064230,R0045,2026-08-17T19:31:54,DOCUMENT,RV-06
ALT-202608-004175,APP-202608-061963,R0081,2026-08-07T17:08:18,HIGH_VALUE,RV-02
ALT-202608-004176,APP-202608-031408,R0261,2026-08-05T20:12:57,IDENTITY,RV-05
ALT-202608-004177,APP-202608-059497,R0129,2026-08-09T14:50:07,TRANSACTION_MONITORING,RV-02
ALT-202608-004178,APP-202608-004649,R0076,2026-08-09T09:48:51,DOCUMENT,RV-04
ALT-202608-004179,APP-202608-068992,R0247,2026-08-20T20:43:51,HIGH_VALUE,RV-04
ALT-202608-004180,APP-202608-006064,R0247,2026-08-13T19:29:39,IDENTITY,RV-02
ALT-202608-004181,APP-202608-043796,R0281,2026-08-07T19:08:12,TRANSACTION_MONITORING,RV-01
ALT-202608-004182,APP-202608-028713,R0273,2026-08-21T12:25:23,DOCUMENT,RV-06
ALT-202608-004183,APP-202608-023021,R0252,2026-08-04T22:23:03,HIGH_VALUE,RV-06
ALT-202608-004184,APP-202608-049050,R0335,2026-08-21T13:08:46,IDENTITY,RV-02
ALT-202608-004185,APP-202608-028849,R0250,2026-08-27T09:54:27,TRANSACTION_MONITORING,RV-01
ALT-202608-004186,APP-202608-012801,R0109,2026-08-02T06:08:51,DOCUMENT,RV-03
ALT-202608-004187,APP-202608-021525,R0261,2026-08-23T19:52:18,HIGH_VALUE,RV-06
ALT-202608-004188,APP-202608-016973,R0335,2026-08-28T10:02:23,IDENTITY,RV-06
ALT-202608-004189,APP-202608-010798,R0129,2026-08-28T18:33:20,TRANSACTION_MONITORING,RV-06
ALT-202608-004190,APP-202608-044050,R0142,2026-08-04T08:07:18,DOCUMENT,RV-02
ALT-202608-004191,APP-202608-063557,R0247,2026-08-09T20:08:16,HIGH_VALUE,RV-02
ALT-202608-004192,APP-202608-070416,R0147,2026-08-04T07:49:47,IDENTITY,RV-03
ALT-202608-004193,APP-202608-028373,R0261,2026-08-14T19:20:47,TRANSACTION_MONITORING,RV-02
ALT-202608-004194,APP-202608-016207,R0252,2026-08-07T07:06:26,DOCUMENT,RV-01
ALT-202608-004195,APP-202608-042472,R0261,2026-08-10T21:43:54,HIGH_VALUE,RV-05
ALT-202608-004196,APP-202608-067945,R0281,2026-08-01T10:57:56,IDENTITY,RV-06
ALT-202608-004197,APP-202608-025117,R0129,2026-08-12T21:14:51,TRANSACTION_MONITORING,RV-03
ALT-202608-004198,APP-202608-002500,R0322,2026-08-13T15:17:22,DOCUMENT,RV-03
ALT-202608-004199,APP-202608-048606,R0109,2026-08-10T11:26:32,HIGH_VALUE,RV-01
ALT-202608-004200,APP-202608-000627,R0335,2026-08-12T12:45:58,IDENTITY,RV-03
ALT-202608-004201,APP-202608-071908,R0076,2026-08-27T18:55:24,TRANSACTION_MONITORING,RV-06
ALT-202608-004202,APP-202608-045371,R0250,2026-08-10T08:04:43,DOCUMENT,RV-03
ALT-202608-004203,APP-202608-048662,R0250,2026-08-24T18:23:29,HIGH_VALUE,RV-01
ALT-202608-004204,APP-202608-016260,R0335,2026-08-22T22:20:42,IDENTITY,RV-05
ALT-202608-004205,APP-202608-013137,R0252,2026-08-20T07:57:54,TRANSACTION_MONITORING,RV-05
ALT-202608-004206,APP-202608-064105,R0247,2026-08-10T20:09:38,DOCUMENT,RV-03
ALT-202608-004207,APP-202608-065622,R0261,2026-08-10T14:26:12,HIGH_VALUE,RV-06
ALT-202608-004208,APP-202608-037258,R0322,2026-08-05T16:57:00,IDENTITY,RV-02
ALT-202608-004209,APP-202608-052912,R0129,2026-08-19T13:27:04,TRANSACTION_MONITORING,RV-02
ALT-202608-004210,APP-202608-008365,R0335,2026-08-14T14:12:00,DOCUMENT,RV-02
ALT-202608-004211,APP-202608-071964,R0045,2026-08-14T17:26:28,HIGH_VALUE,RV-02
ALT-202608-004212,APP-202608-015767,R0261,2026-08-27T12:59:28,IDENTITY,RV-03
ALT-202608-004213,APP-202608-010511,R0071,2026-08-05T21:30:17,TRANSACTION_MONITORING,RV-01
ALT-202608-004214,APP-202608-039578,R0217,2026-08-20T20:13:04,DOCUMENT,RV-04
ALT-202608-004215,APP-202608-041624,R0081,2026-08-02T11:46:32,HIGH_VALUE,RV-06
ALT-202608-004216,APP-202608-068439,R0335,2026-08-08T17:44:46,IDENTITY,RV-01
ALT-202608-004217,APP-202608-070663,R0247,2026-08-30T08:49:46,TRANSACTION_MONITORING,RV-06
ALT-202608-004218,APP-202608-068513,R0129,2026-08-01T16:22:34,DOCUMENT,RV-05
ALT-202608-004219,APP-202608-053263,R0261,2026-08-03T06:48:03,HIGH_VALUE,RV-02
ALT-202608-004220,APP-202608-071976,R0252,2026-08-04T15:03:25,IDENTITY,RV-01
ALT-202608-004221,APP-202608-054190,R0261,2026-08-26T18:13:49,TRANSACTION_MONITORING,RV-06
ALT-202608-004222,APP-202608-003600,R0310,2026-08-16T16:56:55,DOCUMENT,RV-04
ALT-202608-004223,APP-202608-063905,R0079,2026-08-20T13:39:42,HIGH_VALUE,RV-03
ALT-202608-004224,APP-202608-034385,R0038,2026-08-28T13:37:13,IDENTITY,RV-03
ALT-202608-004225,APP-202608-072722,R0129,2026-08-02T11:59:56,TRANSACTION_MONITORING,RV-02
ALT-202608-004226,APP-202608-046811,R0247,2026-08-26T08:44:50,DOCUMENT,RV-05
ALT-202608-004227,APP-202608-055589,R0217,2026-08-24T21:14:04,HIGH_VALUE,RV-04
ALT-202608-004228,APP-202608-051941,R0002,2026-08-13T06:21:35,IDENTITY,RV-04
ALT-202608-004229,APP-202608-069290,R0036,2026-08-28T11:40:01,TRANSACTION_MONITORING,RV-04
ALT-202608-004230,APP-202608-054610,R0313,2026-08-05T18:29:21,DOCUMENT,RV-05
ALT-202608-004231,APP-202608-046530,R0109,2026-08-27T15:24:42,HIGH_VALUE,RV-05
ALT-202608-004232,APP-202608-052275,R0281,2026-08-18T17:29:51,IDENTITY,RV-03
ALT-202608-004233,APP-202608-062837,R0158,2026-08-19T12:44:38,TRANSACTION_MONITORING,RV-03
ALT-202608-004234,APP-202608-009129,R0129,2026-08-11T09:38:06,DOCUMENT,RV-05
ALT-202608-004235,APP-202608-006506,R0158,2026-08-04T09:29:25,HIGH_VALUE,RV-06
ALT-202608-004236,APP-202608-040360,R0261,2026-08-25T12:57:26,IDENTITY,RV-02
ALT-202608-004237,APP-202608-042000,R0252,2026-08-28T20:00:24,TRANSACTION_MONITORING,RV-04
ALT-202608-004238,APP-202608-051632,R0045,2026-08-31T09:59:23,DOCUMENT,RV-02
ALT-202608-004239,APP-202608-070015,R0322,2026-08-26T15:04:00,HIGH_VALUE,RV-02
ALT-202608-004240,APP-202608-059152,R0002,2026-08-04T16:46:42,IDENTITY,RV-02
ALT-202608-004241,APP-202608-036080,R0081,2026-08-01T07:35:00,TRANSACTION_MONITORING,RV-02
ALT-202608-004242,APP-202608-026644,R0109,2026-08-31T18:22:58,DOCUMENT,RV-04
ALT-202608-004243,APP-202608-019234,R0071,2026-08-20T20:16:50,HIGH_VALUE,RV-02
ALT-202608-004244,APP-202608-067921,R0217,2026-08-26T20:15:47,IDENTITY,RV-03
ALT-202608-004245,APP-202608-006557,R0261,2026-08-08T19:16:04,TRANSACTION_MONITORING,RV-05
ALT-202608-004246,APP-202608-025918,R0302,2026-08-28T12:03:27,DOCUMENT,RV-04
ALT-202608-004247,APP-202608-056515,R0250,2026-08-25T16:00:07,HIGH_VALUE,RV-04
ALT-202608-004248,APP-202608-031880,R0252,2026-08-30T11:20:35,IDENTITY,RV-02
ALT-202608-004249,APP-202608-018759,R0273,2026-08-28T10:25:59,TRANSACTION_MONITORING,RV-05
ALT-202608-004250,APP-202608-043085,R0076,2026-08-25T12:04:55,DOCUMENT,RV-05
ALT-202608-004251,APP-202608-035263,R0129,2026-08-12T06:15:39,HIGH_VALUE,RV-06
ALT-202608-004252,APP-202608-041915,R0038,2026-08-13T21:18:27,IDENTITY,RV-01
ALT-202608-004253,APP-202608-018354,R0250,2026-08-24T13:21:49,TRANSACTION_MONITORING,RV-01
ALT-202608-004254,APP-202608-012580,R0261,2026-08-19T22:43:34,DOCUMENT,RV-03
ALT-202608-004255,APP-202608-010876,R0109,2026-08-16T06:38:14,HIGH_VALUE,RV-02
ALT-202608-004256,APP-202608-015455,R0322,2026-08-16T17:25:13,IDENTITY,RV-04
ALT-202608-004257,APP-202608-008252,R0079,2026-08-11T19:19:18,TRANSACTION_MONITORING,RV-04
ALT-202608-004258,APP-202608-067321,R0158,2026-08-16T12:15:23,DOCUMENT,RV-06
ALT-202608-004259,APP-202608-027393,R0002,2026-08-12T21:31:34,HIGH_VALUE,RV-06
ALT-202608-004260,APP-202608-029144,R0129,2026-08-23T20:37:47,IDENTITY,RV-04
ALT-202608-004261,APP-202608-045578,R0250,2026-08-03T10:26:03,TRANSACTION_MONITORING,RV-06
ALT-202608-004262,APP-202608-034175,R0129,2026-08-06T13:26:57,DOCUMENT,RV-06
ALT-202608-004263,APP-202608-032856,R0081,2026-08-04T18:25:38,HIGH_VALUE,RV-02
ALT-202608-004264,APP-202608-023132,R0079,2026-08-10T12:33:35,IDENTITY,RV-05
ALT-202608-004265,APP-202608-065847,R0252,2026-08-03T16:53:58,TRANSACTION_MONITORING,RV-01
ALT-202608-004266,APP-202608-054652,R0079,2026-08-27T18:13:22,DOCUMENT,RV-01
ALT-202608-004267,APP-202608-047765,R0081,2026-08-09T21:09:46,HIGH_VALUE,RV-02
ALT-202608-004268,APP-202608-071139,R0261,2026-08-01T09:37:32,IDENTITY,RV-01
ALT-202608-004269,APP-202608-048807,R0250,2026-08-02T10:45:54,TRANSACTION_MONITORING,RV-01
ALT-202608-004270,APP-202608-003828,R0115,2026-08-21T16:20:01,DOCUMENT,RV-03
ALT-202608-004271,APP-202608-039189,R0252,2026-08-10T07:52:26,HIGH_VALUE,RV-06
ALT-202608-004272,APP-202608-042563,R0071,2026-08-03T22:54:37,IDENTITY,RV-03
ALT-202608-004273,APP-202608-026211,R0261,2026-08-13T09:21:33,TRANSACTION_MONITORING,RV-03
ALT-202608-004274,APP-202608-063451,R0261,2026-08-03T06:49:58,DOCUMENT,RV-04
ALT-202608-004275,APP-202608-043829,R0076,2026-08-05T11:46:38,HIGH_VALUE,RV-04
ALT-202608-004276,APP-202608-070279,R0261,2026-08-19T10:24:08,IDENTITY,RV-03
ALT-202608-004277,APP-202608-038014,R0071,2026-08-15T17:13:37,TRANSACTION_MONITORING,RV-06
ALT-202608-004278,APP-202608-070414,R0036,2026-08-17T17:33:06,DOCUMENT,RV-01
ALT-202608-004279,APP-202608-055342,R0217,2026-08-21T20:44:41,HIGH_VALUE,RV-03
ALT-202608-004280,APP-202608-013209,R0322,2026-08-29T15:57:12,IDENTITY,RV-02
ALT-202608-004281,APP-202608-022055,R0129,2026-08-13T11:58:02,TRANSACTION_MONITORING,RV-02
ALT-202608-004282,APP-202608-034701,R0129,2026-08-19T08:21:22,DOCUMENT,RV-01
ALT-202608-004283,APP-202608-010332,R0247,2026-08-19T10:53:41,HIGH_VALUE,RV-02
ALT-202608-004284,APP-202608-064007,R0064,2026-08-29T17:37:33,IDENTITY,RV-02
ALT-202608-004285,APP-202608-049079,R0079,2026-08-13T07:21:56,TRANSACTION_MONITORING,RV-02
ALT-202608-004286,APP-202608-065495,R0322,2026-08-18T18:45:36,DOCUMENT,RV-01
ALT-202608-004287,APP-202608-045195,R0129,2026-08-06T22:18:27,HIGH_VALUE,RV-05
ALT-202608-004288,APP-202608-063364,R0081,2026-08-04T20:52:54,IDENTITY,RV-03
ALT-202608-004289,APP-202608-021495,R0322,2026-08-18T14:28:44,TRANSACTION_MONITORING,RV-03
ALT-202608-004290,APP-202608-002864,R0071,2026-08-22T22:57:35,DOCUMENT,RV-04
ALT-202608-004291,APP-202608-051634,R0261,2026-08-25T19:27:05,HIGH_VALUE,RV-05
ALT-202608-004292,APP-202608-051392,R0322,2026-08-04T15:33:04,IDENTITY,RV-06
ALT-202608-004293,APP-202608-061556,R0129,2026-08-15T22:20:37,TRANSACTION_MONITORING,RV-05
ALT-202608-004294,APP-202608-036846,R0079,2026-08-17T07:54:43,DOCUMENT,RV-01
ALT-202608-004295,APP-202608-028968,R0322,2026-08-14T11:42:39,HIGH_VALUE,RV-06
ALT-202608-004296,APP-202608-021283,R0064,2026-08-25T12:01:08,IDENTITY,RV-04
ALT-202608-004297,APP-202608-034717,R0079,2026-08-08T10:07:58,TRANSACTION_MONITORING,RV-05
ALT-202608-004298,APP-202608-069007,R0071,2026-08-31T06:27:37,DOCUMENT,RV-02
ALT-202608-004299,APP-202608-012164,R0079,2026-08-19T07:00:38,HIGH_VALUE,RV-01
ALT-202608-004300,APP-202608-013447,R0261,2026-08-27T22:04:31,IDENTITY,RV-03
ALT-202608-004301,APP-202608-005632,R0071,2026-08-05T10:27:08,TRANSACTION_MONITORING,RV-06
ALT-202608-004302,APP-202608-007500,R0079,2026-08-07T21:26:39,DOCUMENT,RV-01
ALT-202608-004303,APP-202608-012288,R0130,2026-08-13T12:09:48,HIGH_VALUE,RV-01
ALT-202608-004304,APP-202608-012515,R0129,2026-08-03T21:34:02,IDENTITY,RV-04
ALT-202608-004305,APP-202608-059211,R0002,2026-08-13T10:58:38,TRANSACTION_MONITORING,RV-02
ALT-202608-004306,APP-202608-037195,R0081,2026-08-08T22:47:39,DOCUMENT,RV-01
ALT-202608-004307,APP-202608-022141,R0142,2026-08-31T22:35:02,HIGH_VALUE,RV-04
ALT-202608-004308,APP-202608-000821,R0130,2026-08-06T18:28:56,IDENTITY,RV-04
ALT-202608-004309,APP-202608-061171,R0250,2026-08-04T08:58:08,TRANSACTION_MONITORING,RV-02
ALT-202608-004310,APP-202608-034519,R0322,2026-08-26T16:28:28,DOCUMENT,RV-04
ALT-202608-004311,APP-202608-057860,R0109,2026-08-02T07:27:22,HIGH_VALUE,RV-04
ALT-202608-004312,APP-202608-049830,R0247,2026-08-28T11:34:26,IDENTITY,RV-02
ALT-202608-004313,APP-202608-048018,R0001,2026-08-23T15:33:18,TRANSACTION_MONITORING,RV-02
ALT-202608-004314,APP-202608-043637,R0129,2026-08-03T15:07:06,DOCUMENT,RV-03
ALT-202608-004315,APP-202608-002787,R0064,2026-08-10T20:13:38,HIGH_VALUE,RV-06
ALT-202608-004316,APP-202608-044854,R0315,2026-08-26T15:56:16,IDENTITY,RV-01
ALT-202608-004317,APP-202608-062493,R0079,2026-08-07T20:05:23,TRANSACTION_MONITORING,RV-02
ALT-202608-004318,APP-202608-000646,R0335,2026-08-03T15:00:09,DOCUMENT,RV-01
ALT-202608-004319,APP-202608-008195,R0252,2026-08-23T17:32:25,HIGH_VALUE,RV-06
ALT-202608-004320,APP-202608-014567,R0322,2026-08-28T21:47:22,IDENTITY,RV-03
ALT-202608-004321,APP-202608-035504,R0129,2026-08-20T12:02:19,TRANSACTION_MONITORING,RV-04
ALT-202608-004322,APP-202608-055481,R0261,2026-08-14T15:09:16,DOCUMENT,RV-05
ALT-202608-004323,APP-202608-029537,R0002,2026-08-20T11:04:45,HIGH_VALUE,RV-02
ALT-202608-004324,APP-202608-043043,R0252,2026-08-28T09:20:03,IDENTITY,RV-06
ALT-202608-004325,APP-202608-022209,R0071,2026-08-26T20:26:37,TRANSACTION_MONITORING,RV-04
ALT-202608-004326,APP-202608-062339,R0130,2026-08-04T17:13:28,DOCUMENT,RV-03
ALT-202608-004327,APP-202608-021910,R0129,2026-08-02T19:43:41,HIGH_VALUE,RV-01
ALT-202608-004328,APP-202608-036670,R0250,2026-08-10T20:03:14,IDENTITY,RV-04
ALT-202608-004329,APP-202608-010233,R0142,2026-08-11T10:50:40,TRANSACTION_MONITORING,RV-03
ALT-202608-004330,APP-202608-035038,R0129,2026-08-19T08:46:00,DOCUMENT,RV-02
ALT-202608-004331,APP-202608-063404,R0129,2026-08-03T14:12:46,HIGH_VALUE,RV-01
ALT-202608-004332,APP-202608-006834,R0109,2026-08-18T14:12:19,IDENTITY,RV-05
ALT-202608-004333,APP-202608-062116,R0079,2026-08-28T19:56:10,TRANSACTION_MONITORING,RV-05
ALT-202608-004334,APP-202608-040813,R0315,2026-08-30T15:55:39,DOCUMENT,RV-02
ALT-202608-004335,APP-202608-012611,R0250,2026-08-22T10:09:57,HIGH_VALUE,RV-04
ALT-202608-004336,APP-202608-048385,R0252,2026-08-04T15:45:22,IDENTITY,RV-03
ALT-202608-004337,APP-202608-052084,R0142,2026-08-01T07:09:26,TRANSACTION_MONITORING,RV-03
ALT-202608-004338,APP-202608-050071,R0335,2026-08-27T17:37:22,DOCUMENT,RV-03
ALT-202608-004339,APP-202608-053018,R0109,2026-08-24T16:07:04,HIGH_VALUE,RV-03
ALT-202608-004340,APP-202608-036422,R0130,2026-08-08T21:22:24,IDENTITY,RV-04
ALT-202608-004341,APP-202608-016602,R0310,2026-08-03T09:34:42,TRANSACTION_MONITORING,RV-01
ALT-202608-004342,APP-202608-011618,R0158,2026-08-01T11:58:30,DOCUMENT,RV-01
ALT-202608-004343,APP-202608-064071,R0250,2026-08-02T19:16:38,HIGH_VALUE,RV-02
ALT-202608-004344,APP-202608-029720,R0250,2026-08-16T08:25:57,IDENTITY,RV-04
ALT-202608-004345,APP-202608-043407,R0261,2026-08-02T15:28:15,TRANSACTION_MONITORING,RV-04
ALT-202608-004346,APP-202608-024066,R0002,2026-08-16T19:54:13,DOCUMENT,RV-02
ALT-202608-004347,APP-202608-001092,R0247,2026-08-19T07:11:09,HIGH_VALUE,RV-03
ALT-202608-004348,APP-202608-053133,R0142,2026-08-06T21:28:56,IDENTITY,RV-05
ALT-202608-004349,APP-202608-054630,R0129,2026-08-13T17:16:00,TRANSACTION_MONITORING,RV-04
ALT-202608-004350,APP-202608-044201,R0322,2026-08-31T11:59:32,DOCUMENT,RV-02
ALT-202608-004351,APP-202608-022924,R0129,2026-08-02T22:18:08,HIGH_VALUE,RV-06
ALT-202608-004352,APP-202608-021377,R0142,2026-08-05T07:04:36,IDENTITY,RV-06
ALT-202608-004353,APP-202608-031318,R0142,2026-08-14T10:39:29,TRANSACTION_MONITORING,RV-01
ALT-202608-004354,APP-202608-020053,R0115,2026-08-06T14:19:31,DOCUMENT,RV-03
ALT-202608-004355,APP-202608-033754,R0158,2026-08-12T16:30:05,HIGH_VALUE,RV-02
ALT-202608-004356,APP-202608-049544,R0250,2026-08-26T15:57:44,IDENTITY,RV-03
ALT-202608-004357,APP-202608-073029,R0322,2026-08-11T15:48:38,TRANSACTION_MONITORING,RV-04
ALT-202608-004358,APP-202608-039273,R0129,2026-08-21T10:29:52,DOCUMENT,RV-02
ALT-202608-004359,APP-202608-056798,R0335,2026-08-11T06:23:11,HIGH_VALUE,RV-01
ALT-202608-004360,APP-202608-027306,R0335,2026-08-15T20:26:32,IDENTITY,RV-05
ALT-202608-004361,APP-202608-072251,R0261,2026-08-13T17:13:10,TRANSACTION_MONITORING,RV-05
ALT-202608-004362,APP-202608-057800,R0045,2026-08-26T17:20:07,DOCUMENT,RV-02
ALT-202608-004363,APP-202608-018419,R0001,2026-08-20T10:21:32,HIGH_VALUE,RV-05
ALT-202608-004364,APP-202608-055539,R0081,2026-08-12T18:01:38,IDENTITY,RV-05
ALT-202608-004365,APP-202608-064445,R0261,2026-08-31T06:52:49,TRANSACTION_MONITORING,RV-06
ALT-202608-004366,APP-202608-021139,R0130,2026-08-08T11:03:51,DOCUMENT,RV-04
ALT-202608-004367,APP-202608-037669,R0081,2026-08-24T19:39:37,HIGH_VALUE,RV-05
ALT-202608-004368,APP-202608-036698,R0079,2026-08-14T13:53:35,IDENTITY,RV-04
ALT-202608-004369,APP-202608-030242,R0142,2026-08-21T07:47:50,TRANSACTION_MONITORING,RV-06
ALT-202608-004370,APP-202608-033169,R0250,2026-08-05T13:49:06,DOCUMENT,RV-03
ALT-202608-004371,APP-202608-013531,R0129,2026-08-14T11:53:00,HIGH_VALUE,RV-04
ALT-202608-004372,APP-202608-059809,R0115,2026-08-18T17:31:45,IDENTITY,RV-02
ALT-202608-004373,APP-202608-035569,R0079,2026-08-22T10:46:53,TRANSACTION_MONITORING,RV-06
ALT-202608-004374,APP-202608-043753,R0217,2026-08-12T06:39:02,DOCUMENT,RV-06
ALT-202608-004375,APP-202608-025085,R0115,2026-08-04T07:17:49,HIGH_VALUE,RV-01
ALT-202608-004376,APP-202608-058239,R0129,2026-08-03T12:23:07,IDENTITY,RV-04
ALT-202608-004377,APP-202608-006228,R0158,2026-08-08T10:45:59,TRANSACTION_MONITORING,RV-03
ALT-202608-004378,APP-202608-020196,R0002,2026-08-03T18:24:47,DOCUMENT,RV-06
ALT-202608-004379,APP-202608-030995,R0109,2026-08-22T18:43:22,HIGH_VALUE,RV-01
ALT-202608-004380,APP-202608-019088,R0281,2026-08-11T11:59:22,IDENTITY,RV-05
ALT-202608-004381,APP-202608-045464,R0335,2026-08-24T13:54:50,TRANSACTION_MONITORING,RV-06
ALT-202608-004382,APP-202608-038169,R0079,2026-08-22T07:01:55,DOCUMENT,RV-01
ALT-202608-004383,APP-202608-062748,R0071,2026-08-09T21:38:48,HIGH_VALUE,RV-06
ALT-202608-004384,APP-202608-052945,R0129,2026-08-08T08:09:53,IDENTITY,RV-04
ALT-202608-004385,APP-202608-010348,R0129,2026-08-26T20:35:19,TRANSACTION_MONITORING,RV-04
ALT-202608-004386,APP-202608-048285,R0001,2026-08-14T14:25:25,DOCUMENT,RV-06
ALT-202608-004387,APP-202608-025723,R0261,2026-08-23T06:49:02,HIGH_VALUE,RV-04
ALT-202608-004388,APP-202608-034798,R0064,2026-08-25T14:20:23,IDENTITY,RV-01
ALT-202608-004389,APP-202608-039858,R0109,2026-08-23T16:53:39,TRANSACTION_MONITORING,RV-02
ALT-202608-004390,APP-202608-006242,R0079,2026-08-28T12:32:35,DOCUMENT,RV-04
ALT-202608-004391,APP-202608-015337,R0129,2026-08-18T09:36:38,HIGH_VALUE,RV-03
ALT-202608-004392,APP-202608-046194,R0081,2026-08-31T10:33:33,IDENTITY,RV-06
ALT-202608-004393,APP-202608-005545,R0252,2026-08-09T13:55:01,TRANSACTION_MONITORING,RV-02
ALT-202608-004394,APP-202608-021089,R0250,2026-08-25T10:52:49,DOCUMENT,RV-06
ALT-202608-004395,APP-202608-027503,R0281,2026-08-18T20:13:37,HIGH_VALUE,RV-04
ALT-202608-004396,APP-202608-023385,R0045,2026-08-28T06:41:19,IDENTITY,RV-02
ALT-202608-004397,APP-202608-017781,R0081,2026-08-22T09:45:51,TRANSACTION_MONITORING,RV-05
ALT-202608-004398,APP-202608-042618,R0335,2026-08-31T17:19:58,DOCUMENT,RV-02
ALT-202608-004399,APP-202608-008084,R0261,2026-08-03T19:18:58,HIGH_VALUE,RV-04
ALT-202608-004400,APP-202608-035109,R0217,2026-08-10T08:39:41,IDENTITY,RV-03
ALT-202608-004401,APP-202608-042761,R0261,2026-08-27T17:14:24,TRANSACTION_MONITORING,RV-02
ALT-202608-004402,APP-202608-064469,R0002,2026-08-24T17:27:36,DOCUMENT,RV-03
ALT-202608-004403,APP-202608-061404,R0130,2026-08-13T17:16:07,HIGH_VALUE,RV-03
ALT-202608-004404,APP-202608-029967,R0322,2026-08-18T19:22:07,IDENTITY,RV-02
ALT-202608-004405,APP-202608-002203,R0079,2026-08-18T16:16:14,TRANSACTION_MONITORING,RV-05
ALT-202608-004406,APP-202608-071986,R0081,2026-08-16T09:55:54,DOCUMENT,RV-01
ALT-202608-004407,APP-202608-024162,R0250,2026-08-15T21:26:27,HIGH_VALUE,RV-06
ALT-202608-004408,APP-202608-071193,R0302,2026-08-03T22:30:52,IDENTITY,RV-06
ALT-202608-004409,APP-202608-006048,R0071,2026-08-08T15:48:15,TRANSACTION_MONITORING,RV-05
ALT-202608-004410,APP-202608-006675,R0079,2026-08-08T22:17:04,DOCUMENT,RV-02
ALT-202608-004411,APP-202608-073583,R0310,2026-08-13T16:23:31,HIGH_VALUE,RV-06
ALT-202608-004412,APP-202608-025420,R0261,2026-08-31T10:19:32,IDENTITY,RV-02
ALT-202608-004413,APP-202608-064907,R0261,2026-08-26T19:49:46,TRANSACTION_MONITORING,RV-03
ALT-202608-004414,APP-202608-013517,R0273,2026-08-02T20:22:05,DOCUMENT,RV-06
ALT-202608-004415,APP-202608-057750,R0322,2026-08-27T14:33:08,HIGH_VALUE,RV-04
ALT-202608-004416,APP-202608-041370,R0079,2026-08-19T20:59:35,IDENTITY,RV-03
ALT-202608-004417,APP-202608-002998,R0313,2026-08-18T06:17:33,TRANSACTION_MONITORING,RV-05
ALT-202608-004418,APP-202608-046291,R0250,2026-08-20T19:08:55,DOCUMENT,RV-03
ALT-202608-004419,APP-202608-007020,R0250,2026-08-25T08:45:19,HIGH_VALUE,RV-01
ALT-202608-004420,APP-202608-032103,R0129,2026-08-11T16:07:50,IDENTITY,RV-06
ALT-202608-004421,APP-202608-058897,R0071,2026-08-26T12:32:55,TRANSACTION_MONITORING,RV-02
ALT-202608-004422,APP-202608-040644,R0261,2026-08-15T15:59:18,DOCUMENT,RV-03
ALT-202608-004423,APP-202608-017716,R0252,2026-08-26T15:41:27,HIGH_VALUE,RV-06
ALT-202608-004424,APP-202608-050232,R0129,2026-08-20T08:46:35,IDENTITY,RV-06
ALT-202608-004425,APP-202608-046675,R0261,2026-08-28T18:01:47,TRANSACTION_MONITORING,RV-02
ALT-202608-004426,APP-202608-074777,R0322,2026-08-28T10:52:15,DOCUMENT,RV-01
ALT-202608-004427,APP-202608-017847,R0313,2026-08-06T15:16:45,HIGH_VALUE,RV-06
ALT-202608-004428,APP-202608-036225,R0247,2026-08-23T14:51:24,IDENTITY,RV-05
ALT-202608-004429,APP-202608-046593,R0261,2026-08-27T06:20:23,TRANSACTION_MONITORING,RV-05
ALT-202608-004430,APP-202608-007161,R0002,2026-08-22T10:33:23,DOCUMENT,RV-06
ALT-202608-004431,APP-202608-017535,R0071,2026-08-25T14:14:48,HIGH_VALUE,RV-03
ALT-202608-004432,APP-202608-015202,R0335,2026-08-27T21:37:20,IDENTITY,RV-02
ALT-202608-004433,APP-202608-031128,R0079,2026-08-06T15:34:58,TRANSACTION_MONITORING,RV-06
ALT-202608-004434,APP-202608-030295,R0247,2026-08-06T19:24:16,DOCUMENT,RV-02
ALT-202608-004435,APP-202608-052920,R0076,2026-08-23T22:26:04,HIGH_VALUE,RV-02
ALT-202608-004436,APP-202608-026343,R0217,2026-08-03T19:16:37,IDENTITY,RV-04
ALT-202608-004437,APP-202608-042256,R0129,2026-08-15T22:06:07,TRANSACTION_MONITORING,RV-01
ALT-202608-004438,APP-202608-001775,R0071,2026-08-10T15:47:17,DOCUMENT,RV-03
ALT-202608-004439,APP-202608-067443,R0261,2026-08-23T14:27:30,HIGH_VALUE,RV-04
ALT-202608-004440,APP-202608-022967,R0129,2026-08-29T14:23:53,IDENTITY,RV-01
ALT-202608-004441,APP-202608-046268,R0273,2026-08-18T08:30:27,TRANSACTION_MONITORING,RV-05
ALT-202608-004442,APP-202608-003142,R0273,2026-08-22T17:25:56,DOCUMENT,RV-04
ALT-202608-004443,APP-202608-063659,R0079,2026-08-06T20:39:15,HIGH_VALUE,RV-02
ALT-202608-004444,APP-202608-031484,R0217,2026-08-19T21:15:30,IDENTITY,RV-03
ALT-202608-004445,APP-202608-056599,R0252,2026-08-13T21:28:33,TRANSACTION_MONITORING,RV-05
ALT-202608-004446,APP-202608-004311,R0002,2026-08-24T21:36:26,DOCUMENT,RV-04
ALT-202608-004447,APP-202608-006227,R0002,2026-08-03T19:10:05,HIGH_VALUE,RV-06
ALT-202608-004448,APP-202608-029244,R0115,2026-08-01T22:23:16,IDENTITY,RV-02
ALT-202608-004449,APP-202608-060993,R0252,2026-08-03T08:32:39,TRANSACTION_MONITORING,RV-01
ALT-202608-004450,APP-202608-015400,R0261,2026-08-27T11:58:06,DOCUMENT,RV-06
ALT-202608-004451,APP-202608-036643,R0322,2026-08-29T21:26:41,HIGH_VALUE,RV-04
ALT-202608-004452,APP-202608-044418,R0071,2026-08-07T06:28:25,IDENTITY,RV-02
ALT-202608-004453,APP-202608-039857,R0081,2026-08-30T17:31:37,TRANSACTION_MONITORING,RV-06
ALT-202608-004454,APP-202608-068600,R0261,2026-08-08T13:03:19,DOCUMENT,RV-01
ALT-202608-004455,APP-202608-048177,R0250,2026-08-04T14:56:43,HIGH_VALUE,RV-06
ALT-202608-004456,APP-202608-015677,R0261,2026-08-22T18:27:04,IDENTITY,RV-01
ALT-202608-004457,APP-202608-068653,R0313,2026-08-21T20:14:23,TRANSACTION_MONITORING,RV-06
ALT-202608-004458,APP-202608-050712,R0250,2026-08-14T14:51:12,DOCUMENT,RV-05
ALT-202608-004459,APP-202608-004597,R0064,2026-08-22T12:26:34,HIGH_VALUE,RV-03
ALT-202608-004460,APP-202608-014861,R0109,2026-08-28T15:35:22,IDENTITY,RV-01
ALT-202608-004461,APP-202608-016524,R0064,2026-08-30T17:34:34,TRANSACTION_MONITORING,RV-05
ALT-202608-004462,APP-202608-032588,R0322,2026-08-15T09:34:32,DOCUMENT,RV-04
ALT-202608-004463,APP-202608-014350,R0217,2026-08-12T14:46:46,HIGH_VALUE,RV-02
ALT-202608-004464,APP-202608-029727,R0064,2026-08-24T14:46:49,IDENTITY,RV-02
ALT-202608-004465,APP-202608-040127,R0313,2026-08-25T06:33:57,TRANSACTION_MONITORING,RV-06
ALT-202608-004466,APP-202608-033720,R0335,2026-08-30T16:25:52,DOCUMENT,RV-06
ALT-202608-004467,APP-202608-070134,R0076,2026-08-23T22:33:39,HIGH_VALUE,RV-03
ALT-202608-004468,APP-202608-057264,R0252,2026-08-08T10:45:16,IDENTITY,RV-02
ALT-202608-004469,APP-202608-005706,R0129,2026-08-22T13:32:01,TRANSACTION_MONITORING,RV-02
ALT-202608-004470,APP-202608-025638,R0335,2026-08-12T08:02:29,DOCUMENT,RV-06
ALT-202608-004471,APP-202608-070790,R0129,2026-08-03T09:29:30,HIGH_VALUE,RV-04
ALT-202608-004472,APP-202608-052995,R0322,2026-08-28T17:07:05,IDENTITY,RV-05
ALT-202608-004473,APP-202608-074634,R0217,2026-08-09T09:53:06,TRANSACTION_MONITORING,RV-04
ALT-202608-004474,APP-202608-051259,R0322,2026-08-07T21:09:53,DOCUMENT,RV-04
ALT-202608-004475,APP-202608-034111,R0129,2026-08-23T19:45:54,HIGH_VALUE,RV-03
ALT-202608-004476,APP-202608-016045,R0002,2026-08-02T11:16:39,IDENTITY,RV-03
ALT-202608-004477,APP-202608-015828,R0129,2026-08-01T19:07:30,TRANSACTION_MONITORING,RV-06
ALT-202608-004478,APP-202608-030490,R0313,2026-08-09T14:24:38,DOCUMENT,RV-06
ALT-202608-004479,APP-202608-045241,R0079,2026-08-26T11:17:03,HIGH_VALUE,RV-04
ALT-202608-004480,APP-202608-053211,R0250,2026-08-19T15:57:30,IDENTITY,RV-06
ALT-202608-004481,APP-202608-034607,R0076,2026-08-22T09:08:16,TRANSACTION_MONITORING,RV-02
ALT-202608-004482,APP-202608-037463,R0142,2026-08-08T14:49:24,DOCUMENT,RV-04
ALT-202608-004483,APP-202608-062131,R0142,2026-08-30T18:08:47,HIGH_VALUE,RV-05
ALT-202608-004484,APP-202608-037159,R0070,2026-08-31T13:29:19,IDENTITY,RV-02
ALT-202608-004485,APP-202608-074495,R0081,2026-08-16T08:24:03,TRANSACTION_MONITORING,RV-03
ALT-202608-004486,APP-202608-044983,R0273,2026-08-12T13:39:12,DOCUMENT,RV-02
ALT-202608-004487,APP-202608-003953,R0064,2026-08-31T17:01:45,HIGH_VALUE,RV-04
ALT-202608-004488,APP-202608-012152,R0045,2026-08-29T08:47:33,IDENTITY,RV-05
ALT-202608-004489,APP-202608-034785,R0002,2026-08-01T09:15:40,TRANSACTION_MONITORING,RV-02
ALT-202608-004490,APP-202608-042533,R0252,2026-08-11T16:44:22,DOCUMENT,RV-06
ALT-202608-004491,APP-202608-069519,R0002,2026-08-15T20:29:17,HIGH_VALUE,RV-05
ALT-202608-004492,APP-202608-012442,R0130,2026-08-20T21:24:07,IDENTITY,RV-05
ALT-202608-004493,APP-202608-011120,R0261,2026-08-21T08:07:09,TRANSACTION_MONITORING,RV-06
ALT-202608-004494,APP-202608-013258,R0335,2026-08-23T06:15:40,DOCUMENT,RV-03
ALT-202608-004495,APP-202608-025882,R0081,2026-08-30T22:45:34,HIGH_VALUE,RV-01
ALT-202608-004496,APP-202608-021305,R0129,2026-08-13T09:58:22,IDENTITY,RV-03
ALT-202608-004497,APP-202608-011777,R0076,2026-08-31T22:11:11,TRANSACTION_MONITORING,RV-03
ALT-202608-004498,APP-202608-040653,R0247,2026-08-11T12:36:23,DOCUMENT,RV-06
ALT-202608-004499,APP-202608-055690,R0247,2026-08-22T09:29:15,HIGH_VALUE,RV-06
ALT-202608-004500,APP-202608-034573,R0045,2026-08-09T20:48:52,IDENTITY,RV-01
ALT-202608-004501,APP-202608-051150,R0315,2026-08-17T10:24:33,TRANSACTION_MONITORING,RV-02
ALT-202608-004502,APP-202608-021135,R0002,2026-08-16T11:10:11,DOCUMENT,RV-06
ALT-202608-004503,APP-202608-054441,R0322,2026-08-06T11:54:16,HIGH_VALUE,RV-03
ALT-202608-004504,APP-202608-042115,R0081,2026-08-14T18:14:52,IDENTITY,RV-02
ALT-202608-004505,APP-202608-029484,R0070,2026-08-13T10:02:14,TRANSACTION_MONITORING,RV-02
ALT-202608-004506,APP-202608-034646,R0250,2026-08-28T11:11:44,DOCUMENT,RV-03
ALT-202608-004507,APP-202608-035217,R0109,2026-08-30T19:34:10,HIGH_VALUE,RV-02
ALT-202608-004508,APP-202608-015682,R0250,2026-08-18T16:31:53,IDENTITY,RV-02
ALT-202608-004509,APP-202608-006967,R0315,2026-08-03T22:40:27,TRANSACTION_MONITORING,RV-03
ALT-202608-004510,APP-202608-015778,R0252,2026-08-05T17:09:29,DOCUMENT,RV-05
ALT-202608-004511,APP-202608-026770,R0158,2026-08-02T19:52:45,HIGH_VALUE,RV-03
ALT-202608-004512,APP-202608-030072,R0250,2026-08-18T10:49:35,IDENTITY,RV-06
ALT-202608-004513,APP-202608-028688,R0252,2026-08-31T17:18:22,TRANSACTION_MONITORING,RV-05
ALT-202608-004514,APP-202608-018297,R0322,2026-08-21T18:52:35,DOCUMENT,RV-06
ALT-202608-004515,APP-202608-066851,R0076,2026-08-13T07:07:54,HIGH_VALUE,RV-04
ALT-202608-004516,APP-202608-039967,R0001,2026-08-30T20:07:05,IDENTITY,RV-06
ALT-202608-004517,APP-202608-004140,R0130,2026-08-13T21:33:46,TRANSACTION_MONITORING,RV-03
ALT-202608-004518,APP-202608-029227,R0217,2026-08-01T11:20:30,DOCUMENT,RV-06
ALT-202608-004519,APP-202608-027342,R0261,2026-08-24T09:41:44,HIGH_VALUE,RV-02
ALT-202608-004520,APP-202608-003181,R0322,2026-08-22T18:27:34,IDENTITY,RV-03
ALT-202608-004521,APP-202608-059259,R0076,2026-08-31T19:48:45,TRANSACTION_MONITORING,RV-03
ALT-202608-004522,APP-202608-057324,R0079,2026-08-06T16:30:43,DOCUMENT,RV-05
ALT-202608-004523,APP-202608-008334,R0281,2026-08-03T11:50:05,HIGH_VALUE,RV-06
ALT-202608-004524,APP-202608-049646,R0001,2026-08-05T21:41:54,IDENTITY,RV-03
ALT-202608-004525,APP-202608-066377,R0002,2026-08-01T18:12:36,TRANSACTION_MONITORING,RV-03
ALT-202608-004526,APP-202608-019455,R0079,2026-08-16T21:18:21,DOCUMENT,RV-04
ALT-202608-004527,APP-202608-007788,R0129,2026-08-20T09:28:00,HIGH_VALUE,RV-06
ALT-202608-004528,APP-202608-037191,R0109,2026-08-18T16:41:17,IDENTITY,RV-01
ALT-202608-004529,APP-202608-007696,R0001,2026-08-11T20:33:31,TRANSACTION_MONITORING,RV-04
ALT-202608-004530,APP-202608-061871,R0071,2026-08-06T17:49:11,DOCUMENT,RV-05
ALT-202608-004531,APP-202608-010666,R0335,2026-08-21T18:37:59,HIGH_VALUE,RV-05
ALT-202608-004532,APP-202608-061643,R0142,2026-08-07T15:48:50,IDENTITY,RV-01
ALT-202608-004533,APP-202608-022110,R0313,2026-08-20T17:29:43,TRANSACTION_MONITORING,RV-06
ALT-202608-004534,APP-202608-015113,R0129,2026-08-16T19:54:06,DOCUMENT,RV-06
ALT-202608-004535,APP-202608-063479,R0217,2026-08-28T07:19:14,HIGH_VALUE,RV-04
ALT-202608-004536,APP-202608-016520,R0081,2026-08-28T22:56:33,IDENTITY,RV-04
ALT-202608-004537,APP-202608-070537,R0158,2026-08-10T13:09:27,TRANSACTION_MONITORING,RV-03
ALT-202608-004538,APP-202608-033449,R0079,2026-08-11T08:51:34,DOCUMENT,RV-04
ALT-202608-004539,APP-202608-025390,R0129,2026-08-23T07:13:03,HIGH_VALUE,RV-02
ALT-202608-004540,APP-202608-052882,R0129,2026-08-15T13:36:01,IDENTITY,RV-01
ALT-202608-004541,APP-202608-044640,R0247,2026-08-31T09:44:03,TRANSACTION_MONITORING,RV-03
ALT-202608-004542,APP-202608-056481,R0081,2026-08-25T16:16:23,DOCUMENT,RV-01
ALT-202608-004543,APP-202608-041733,R0129,2026-08-30T09:00:02,HIGH_VALUE,RV-04
ALT-202608-004544,APP-202608-001061,R0002,2026-08-20T12:30:22,IDENTITY,RV-05
ALT-202608-004545,APP-202608-028485,R0315,2026-08-03T18:50:08,TRANSACTION_MONITORING,RV-02
ALT-202608-004546,APP-202608-052005,R0115,2026-08-30T16:44:45,DOCUMENT,RV-06
ALT-202608-004547,APP-202608-029295,R0335,2026-08-09T17:56:16,HIGH_VALUE,RV-02
ALT-202608-004548,APP-202608-045871,R0079,2026-08-16T18:14:37,IDENTITY,RV-05
ALT-202608-004549,APP-202608-032466,R0079,2026-08-20T08:47:52,TRANSACTION_MONITORING,RV-05
ALT-202608-004550,APP-202608-070310,R0129,2026-08-24T20:13:15,DOCUMENT,RV-05
ALT-202608-004551,APP-202608-009197,R0247,2026-08-26T15:53:14,HIGH_VALUE,RV-02
ALT-202608-004552,APP-202608-070830,R0158,2026-08-07T16:12:46,IDENTITY,RV-05
ALT-202608-004553,APP-202608-011454,R0129,2026-08-05T17:14:40,TRANSACTION_MONITORING,RV-06
ALT-202608-004554,APP-202608-071008,R0109,2026-08-25T17:08:07,DOCUMENT,RV-04
ALT-202608-004555,APP-202608-051336,R0129,2026-08-17T20:08:37,HIGH_VALUE,RV-04
ALT-202608-004556,APP-202608-011863,R0261,2026-08-09T11:01:39,IDENTITY,RV-05
ALT-202608-004557,APP-202608-062236,R0250,2026-08-31T16:57:45,TRANSACTION_MONITORING,RV-05
ALT-202608-004558,APP-202608-031297,R0281,2026-08-02T12:22:56,DOCUMENT,RV-02
ALT-202608-004559,APP-202608-059681,R0142,2026-08-01T13:54:29,HIGH_VALUE,RV-02
ALT-202608-004560,APP-202608-031090,R0064,2026-08-25T08:21:40,IDENTITY,RV-01
ALT-202608-004561,APP-202608-014550,R0070,2026-08-05T08:22:14,TRANSACTION_MONITORING,RV-03
ALT-202608-004562,APP-202608-059239,R0079,2026-08-26T22:48:19,DOCUMENT,RV-02
ALT-202608-004563,APP-202608-043942,R0142,2026-08-12T12:28:17,HIGH_VALUE,RV-02
ALT-202608-004564,APP-202608-050503,R0129,2026-08-12T16:59:20,IDENTITY,RV-06
ALT-202608-004565,APP-202608-038910,R0335,2026-08-20T16:40:09,TRANSACTION_MONITORING,RV-02
ALT-202608-004566,APP-202608-023696,R0079,2026-08-25T22:13:55,DOCUMENT,RV-06
ALT-202608-004567,APP-202608-066638,R0129,2026-08-22T12:53:19,HIGH_VALUE,RV-02
ALT-202608-004568,APP-202608-015997,R0079,2026-08-09T11:03:42,IDENTITY,RV-02
ALT-202608-004569,APP-202608-039554,R0064,2026-08-17T18:52:51,TRANSACTION_MONITORING,RV-02
ALT-202608-004570,APP-202608-035167,R0076,2026-08-19T22:36:29,DOCUMENT,RV-03
ALT-202608-004571,APP-202608-011908,R0076,2026-08-03T16:18:29,HIGH_VALUE,RV-06
ALT-202608-004572,APP-202608-019557,R0129,2026-08-21T17:55:36,IDENTITY,RV-05
ALT-202608-004573,APP-202608-055926,R0250,2026-08-22T10:49:44,TRANSACTION_MONITORING,RV-02
ALT-202608-004574,APP-202608-027549,R0315,2026-08-12T09:50:39,DOCUMENT,RV-03
ALT-202608-004575,APP-202608-068488,R0079,2026-08-08T18:07:02,HIGH_VALUE,RV-01
ALT-202608-004576,APP-202608-029123,R0129,2026-08-27T22:56:47,IDENTITY,RV-02
ALT-202608-004577,APP-202608-013091,R0129,2026-08-15T16:14:17,TRANSACTION_MONITORING,RV-03
ALT-202608-004578,APP-202608-051391,R0261,2026-08-28T21:57:53,DOCUMENT,RV-02
ALT-202608-004579,APP-202608-001192,R0158,2026-08-17T07:01:21,HIGH_VALUE,RV-06
ALT-202608-004580,APP-202608-064434,R0129,2026-08-17T21:42:09,IDENTITY,RV-02
ALT-202608-004581,APP-202608-039681,R0129,2026-08-10T15:11:31,TRANSACTION_MONITORING,RV-06
ALT-202608-004582,APP-202608-046091,R0322,2026-08-09T21:13:10,DOCUMENT,RV-02
ALT-202608-004583,APP-202608-036675,R0313,2026-08-10T13:19:24,HIGH_VALUE,RV-01
ALT-202608-004584,APP-202608-023643,R0250,2026-08-14T09:34:00,IDENTITY,RV-06
ALT-202608-004585,APP-202608-019066,R0079,2026-08-16T06:49:44,TRANSACTION_MONITORING,RV-05
ALT-202608-004586,APP-202608-013208,R0129,2026-08-11T10:36:06,DOCUMENT,RV-01
ALT-202608-004587,APP-202608-023482,R0129,2026-08-27T19:42:14,HIGH_VALUE,RV-04
ALT-202608-004588,APP-202608-003754,R0315,2026-08-24T11:54:30,IDENTITY,RV-04
ALT-202608-004589,APP-202608-032007,R0335,2026-08-04T09:56:20,TRANSACTION_MONITORING,RV-03
ALT-202608-004590,APP-202608-036119,R0129,2026-08-19T09:26:53,DOCUMENT,RV-04
ALT-202608-004591,APP-202608-057334,R0142,2026-08-31T21:28:31,HIGH_VALUE,RV-06
ALT-202608-004592,APP-202608-034629,R0079,2026-08-05T14:06:36,IDENTITY,RV-04
ALT-202608-004593,APP-202608-029502,R0079,2026-08-26T10:58:31,TRANSACTION_MONITORING,RV-04
ALT-202608-004594,APP-202608-053479,R0070,2026-08-18T18:00:04,DOCUMENT,RV-03
ALT-202608-004595,APP-202608-066430,R0129,2026-08-28T18:40:19,HIGH_VALUE,RV-05
ALT-202608-004596,APP-202608-061152,R0109,2026-08-17T19:19:15,IDENTITY,RV-04
ALT-202608-004597,APP-202608-016652,R0079,2026-08-15T12:46:49,TRANSACTION_MONITORING,RV-06
ALT-202608-004598,APP-202608-054716,R0322,2026-08-09T17:33:42,DOCUMENT,RV-02
ALT-202608-004599,APP-202608-069277,R0079,2026-08-22T13:22:00,HIGH_VALUE,RV-05
ALT-202608-004600,APP-202608-048931,R0313,2026-08-28T13:55:51,IDENTITY,RV-03
ALT-202608-004601,APP-202608-061529,R0071,2026-08-03T11:34:50,TRANSACTION_MONITORING,RV-03
ALT-202608-004602,APP-202608-067181,R0261,2026-08-05T12:39:23,DOCUMENT,RV-04
ALT-202608-004603,APP-202608-048674,R0096,2026-08-02T20:58:27,HIGH_VALUE,RV-02
ALT-202608-004604,APP-202608-004686,R0313,2026-08-01T06:51:19,IDENTITY,RV-06
ALT-202608-004605,APP-202608-049662,R0335,2026-08-20T12:10:37,TRANSACTION_MONITORING,RV-04
ALT-202608-004606,APP-202608-063117,R0109,2026-08-24T21:21:53,DOCUMENT,RV-06
ALT-202608-004607,APP-202608-063721,R0335,2026-08-13T11:12:53,HIGH_VALUE,RV-05
ALT-202608-004608,APP-202608-000550,R0247,2026-08-17T09:49:12,IDENTITY,RV-01
ALT-202608-004609,APP-202608-041607,R0250,2026-08-11T06:21:48,TRANSACTION_MONITORING,RV-03
ALT-202608-004610,APP-202608-045089,R0064,2026-08-26T16:52:40,DOCUMENT,RV-01
ALT-202608-004611,APP-202608-029244,R0129,2026-08-18T11:36:15,HIGH_VALUE,RV-03
ALT-202608-004612,APP-202608-037162,R0313,2026-08-07T19:53:01,IDENTITY,RV-01
ALT-202608-004613,APP-202608-002578,R0252,2026-08-18T06:01:29,TRANSACTION_MONITORING,RV-05
ALT-202608-004614,APP-202608-074583,R0247,2026-08-03T06:05:03,DOCUMENT,RV-01
ALT-202608-004615,APP-202608-036774,R0261,2026-08-24T18:25:19,HIGH_VALUE,RV-03
ALT-202608-004616,APP-202608-030707,R0079,2026-08-25T07:21:07,IDENTITY,RV-02
ALT-202608-004617,APP-202608-028489,R0261,2026-08-02T15:25:02,TRANSACTION_MONITORING,RV-05
ALT-202608-004618,APP-202608-064510,R0302,2026-08-27T11:10:19,DOCUMENT,RV-02
ALT-202608-004619,APP-202608-045835,R0335,2026-08-06T09:23:05,HIGH_VALUE,RV-03
ALT-202608-004620,APP-202608-049125,R0273,2026-08-05T16:18:13,IDENTITY,RV-05
ALT-202608-004621,APP-202608-018462,R0250,2026-08-25T22:42:43,TRANSACTION_MONITORING,RV-01
ALT-202608-004622,APP-202608-051461,R0129,2026-08-11T13:29:28,DOCUMENT,RV-05
ALT-202608-004623,APP-202608-071919,R0081,2026-08-22T18:05:25,HIGH_VALUE,RV-03
ALT-202608-004624,APP-202608-001716,R0261,2026-08-17T07:12:01,IDENTITY,RV-01
ALT-202608-004625,APP-202608-050416,R0250,2026-08-24T08:24:47,TRANSACTION_MONITORING,RV-03
ALT-202608-004626,APP-202608-044545,R0335,2026-08-17T06:58:12,DOCUMENT,RV-02
ALT-202608-004627,APP-202608-052417,R0076,2026-08-23T13:59:26,HIGH_VALUE,RV-06
ALT-202608-004628,APP-202608-041783,R0129,2026-08-09T21:10:59,IDENTITY,RV-05
ALT-202608-004629,APP-202608-043271,R0250,2026-08-17T19:40:52,TRANSACTION_MONITORING,RV-06
ALT-202608-004630,APP-202608-057852,R0252,2026-08-23T20:26:43,DOCUMENT,RV-03
ALT-202608-004631,APP-202608-067544,R0129,2026-08-19T15:43:42,HIGH_VALUE,RV-01
ALT-202608-004632,APP-202608-029985,R0313,2026-08-24T20:48:42,IDENTITY,RV-02
ALT-202608-004633,APP-202608-033020,R0261,2026-08-27T16:42:17,TRANSACTION_MONITORING,RV-01
ALT-202608-004634,APP-202608-059276,R0335,2026-08-29T17:02:21,DOCUMENT,RV-01
ALT-202608-004635,APP-202608-022106,R0130,2026-08-10T06:10:35,HIGH_VALUE,RV-01
ALT-202608-004636,APP-202608-058211,R0261,2026-08-12T15:35:44,IDENTITY,RV-01
ALT-202608-004637,APP-202608-023624,R0322,2026-08-31T13:04:51,TRANSACTION_MONITORING,RV-05
ALT-202608-004638,APP-202608-007529,R0315,2026-08-18T12:45:58,DOCUMENT,RV-04
ALT-202608-004639,APP-202608-060680,R0002,2026-08-15T22:21:08,HIGH_VALUE,RV-02
ALT-202608-004640,APP-202608-004330,R0129,2026-08-19T18:08:30,IDENTITY,RV-03
ALT-202608-004641,APP-202608-012791,R0129,2026-08-29T21:20:30,TRANSACTION_MONITORING,RV-03
ALT-202608-004642,APP-202608-066848,R0261,2026-08-13T11:03:45,DOCUMENT,RV-06
ALT-202608-004643,APP-202608-025953,R0158,2026-08-15T07:54:26,HIGH_VALUE,RV-05
ALT-202608-004644,APP-202608-054658,R0335,2026-08-20T11:21:15,IDENTITY,RV-04
ALT-202608-004645,APP-202608-019578,R0247,2026-08-03T18:24:02,TRANSACTION_MONITORING,RV-03
ALT-202608-004646,APP-202608-027707,R0252,2026-08-14T06:53:08,DOCUMENT,RV-03
ALT-202608-004647,APP-202608-012480,R0109,2026-08-26T08:14:24,HIGH_VALUE,RV-04
ALT-202608-004648,APP-202608-057164,R0217,2026-08-31T16:05:19,IDENTITY,RV-04
ALT-202608-004649,APP-202608-000671,R0158,2026-08-17T09:59:58,TRANSACTION_MONITORING,RV-02
ALT-202608-004650,APP-202608-023204,R0130,2026-08-06T22:32:42,DOCUMENT,RV-05
ALT-202608-004651,APP-202608-000413,R0158,2026-08-14T10:35:45,HIGH_VALUE,RV-02
ALT-202608-004652,APP-202608-064405,R0129,2026-08-11T20:07:26,IDENTITY,RV-05
ALT-202608-004653,APP-202608-071500,R0071,2026-08-28T06:00:07,TRANSACTION_MONITORING,RV-01
ALT-202608-004654,APP-202608-061479,R0261,2026-08-09T10:10:28,DOCUMENT,RV-04
ALT-202608-004655,APP-202608-051846,R0109,2026-08-29T13:43:40,HIGH_VALUE,RV-06
ALT-202608-004656,APP-202608-001565,R0031,2026-08-24T07:41:10,IDENTITY,RV-06
ALT-202608-004657,APP-202608-008087,R0129,2026-08-26T17:29:43,TRANSACTION_MONITORING,RV-06
ALT-202608-004658,APP-202608-030241,R0079,2026-08-08T14:28:26,DOCUMENT,RV-06
ALT-202608-004659,APP-202608-051235,R0315,2026-08-30T18:09:21,HIGH_VALUE,RV-06
ALT-202608-004660,APP-202608-071213,R0247,2026-08-18T12:37:18,IDENTITY,RV-01
ALT-202608-004661,APP-202608-034357,R0335,2026-08-25T06:09:03,TRANSACTION_MONITORING,RV-03
ALT-202608-004662,APP-202608-058362,R0247,2026-08-19T22:58:54,DOCUMENT,RV-06
ALT-202608-004663,APP-202608-033949,R0115,2026-08-31T17:12:12,HIGH_VALUE,RV-02
ALT-202608-004664,APP-202608-032805,R0261,2026-08-27T21:09:03,IDENTITY,RV-02
ALT-202608-004665,APP-202608-008302,R0335,2026-08-29T21:26:08,TRANSACTION_MONITORING,RV-04
ALT-202608-004666,APP-202608-022403,R0002,2026-08-16T16:59:23,DOCUMENT,RV-03
ALT-202608-004667,APP-202608-057405,R0335,2026-08-01T16:36:39,HIGH_VALUE,RV-06
ALT-202608-004668,APP-202608-063616,R0129,2026-08-13T20:39:18,IDENTITY,RV-03
ALT-202608-004669,APP-202608-026837,R0247,2026-08-15T09:57:00,TRANSACTION_MONITORING,RV-06
ALT-202608-004670,APP-202608-030825,R0070,2026-08-19T22:28:13,DOCUMENT,RV-02
ALT-202608-004671,APP-202608-070265,R0064,2026-08-22T16:44:32,HIGH_VALUE,RV-02
ALT-202608-004672,APP-202608-031478,R0129,2026-08-14T18:07:58,IDENTITY,RV-05
ALT-202608-004673,APP-202608-041365,R0313,2026-08-28T21:33:46,TRANSACTION_MONITORING,RV-02
ALT-202608-004674,APP-202608-021315,R0261,2026-08-11T14:41:31,DOCUMENT,RV-01
ALT-202608-004675,APP-202608-044639,R0247,2026-08-26T07:59:31,HIGH_VALUE,RV-04
ALT-202608-004676,APP-202608-058073,R0045,2026-08-22T10:59:26,IDENTITY,RV-04
ALT-202608-004677,APP-202608-055411,R0064,2026-08-03T17:10:25,TRANSACTION_MONITORING,RV-03
ALT-202608-004678,APP-202608-062483,R0079,2026-08-03T08:14:25,DOCUMENT,RV-03
ALT-202608-004679,APP-202608-023027,R0096,2026-08-28T07:05:08,HIGH_VALUE,RV-06
ALT-202608-004680,APP-202608-063745,R0081,2026-08-14T06:47:12,IDENTITY,RV-02
ALT-202608-004681,APP-202608-035885,R0261,2026-08-31T08:19:03,TRANSACTION_MONITORING,RV-01
ALT-202608-004682,APP-202608-059033,R0261,2026-08-30T13:27:37,DOCUMENT,RV-03
ALT-202608-004683,APP-202608-064770,R0261,2026-08-11T17:25:10,HIGH_VALUE,RV-02
ALT-202608-004684,APP-202608-031992,R0079,2026-08-12T17:33:43,IDENTITY,RV-02
ALT-202608-004685,APP-202608-042558,R0322,2026-08-01T20:17:56,TRANSACTION_MONITORING,RV-05
ALT-202608-004686,APP-202608-047257,R0071,2026-08-30T08:16:11,DOCUMENT,RV-06
ALT-202608-004687,APP-202608-001636,R0002,2026-08-30T17:01:47,HIGH_VALUE,RV-05
ALT-202608-004688,APP-202608-035685,R0250,2026-08-22T19:59:53,IDENTITY,RV-06
ALT-202608-004689,APP-202608-060522,R0129,2026-08-30T09:56:35,TRANSACTION_MONITORING,RV-04
ALT-202608-004690,APP-202608-072084,R0261,2026-08-15T08:37:39,DOCUMENT,RV-01
ALT-202608-004691,APP-202608-046441,R0250,2026-08-21T17:29:09,HIGH_VALUE,RV-05
ALT-202608-004692,APP-202608-014065,R0071,2026-08-03T06:14:34,IDENTITY,RV-02
ALT-202608-004693,APP-202608-057708,R0129,2026-08-27T19:46:32,TRANSACTION_MONITORING,RV-04
ALT-202608-004694,APP-202608-023753,R0081,2026-08-04T14:57:18,DOCUMENT,RV-01
ALT-202608-004695,APP-202608-037857,R0002,2026-08-04T14:26:55,HIGH_VALUE,RV-06
ALT-202608-004696,APP-202608-064719,R0036,2026-08-06T22:20:51,IDENTITY,RV-02
ALT-202608-004697,APP-202608-010959,R0158,2026-08-25T18:47:23,TRANSACTION_MONITORING,RV-04
ALT-202608-004698,APP-202608-060073,R0273,2026-08-04T14:27:33,DOCUMENT,RV-05
ALT-202608-004699,APP-202608-035394,R0261,2026-08-04T08:39:25,HIGH_VALUE,RV-04
ALT-202608-004700,APP-202608-025264,R0252,2026-08-16T06:30:19,IDENTITY,RV-01
ALT-202608-004701,APP-202608-064316,R0071,2026-08-18T09:13:11,TRANSACTION_MONITORING,RV-03
ALT-202608-004702,APP-202608-058966,R0313,2026-08-24T17:03:38,DOCUMENT,RV-02
ALT-202608-004703,APP-202608-023891,R0252,2026-08-28T14:38:00,HIGH_VALUE,RV-04
ALT-202608-004704,APP-202608-071006,R0247,2026-08-10T13:53:06,IDENTITY,RV-04
ALT-202608-004705,APP-202608-002017,R0129,2026-08-25T08:36:07,TRANSACTION_MONITORING,RV-05
ALT-202608-004706,APP-202608-034524,R0129,2026-08-29T18:31:46,DOCUMENT,RV-02
ALT-202608-004707,APP-202608-044133,R0261,2026-08-30T13:17:29,HIGH_VALUE,RV-02
ALT-202608-004708,APP-202608-066547,R0335,2026-08-25T12:28:12,IDENTITY,RV-02
ALT-202608-004709,APP-202608-018651,R0322,2026-08-12T13:52:50,TRANSACTION_MONITORING,RV-05
ALT-202608-004710,APP-202608-044684,R0129,2026-08-16T11:02:15,DOCUMENT,RV-03
ALT-202608-004711,APP-202608-004466,R0313,2026-08-17T10:03:50,HIGH_VALUE,RV-01
ALT-202608-004712,APP-202608-043213,R0313,2026-08-28T12:30:18,IDENTITY,RV-02
ALT-202608-004713,APP-202608-039671,R0315,2026-08-11T22:05:57,TRANSACTION_MONITORING,RV-03
ALT-202608-004714,APP-202608-048603,R0129,2026-08-05T19:17:57,DOCUMENT,RV-03
ALT-202608-004715,APP-202608-073816,R0079,2026-08-07T21:52:41,HIGH_VALUE,RV-01
ALT-202608-004716,APP-202608-042897,R0129,2026-08-16T17:56:14,IDENTITY,RV-03
ALT-202608-004717,APP-202608-038020,R0322,2026-08-20T07:03:06,TRANSACTION_MONITORING,RV-02
ALT-202608-004718,APP-202608-006241,R0250,2026-08-10T12:20:06,DOCUMENT,RV-06
ALT-202608-004719,APP-202608-053746,R0158,2026-08-01T14:11:23,HIGH_VALUE,RV-02
ALT-202608-004720,APP-202608-015779,R0109,2026-08-16T16:24:49,IDENTITY,RV-03
ALT-202608-004721,APP-202608-036048,R0261,2026-08-12T12:18:21,TRANSACTION_MONITORING,RV-01
ALT-202608-004722,APP-202608-010233,R0071,2026-08-05T07:27:14,DOCUMENT,RV-05
ALT-202608-004723,APP-202608-054798,R0079,2026-08-31T20:19:26,HIGH_VALUE,RV-04
ALT-202608-004724,APP-202608-019949,R0129,2026-08-07T15:42:49,IDENTITY,RV-03
ALT-202608-004725,APP-202608-051850,R0071,2026-08-12T18:39:38,TRANSACTION_MONITORING,RV-04
ALT-202608-004726,APP-202608-069125,R0261,2026-08-04T22:13:19,DOCUMENT,RV-02
ALT-202608-004727,APP-202608-023939,R0261,2026-08-15T09:46:57,HIGH_VALUE,RV-03
ALT-202608-004728,APP-202608-009401,R0129,2026-08-11T16:01:32,IDENTITY,RV-06
ALT-202608-004729,APP-202608-029393,R0281,2026-08-15T08:03:26,TRANSACTION_MONITORING,RV-05
ALT-202608-004730,APP-202608-015351,R0250,2026-08-29T10:39:11,DOCUMENT,RV-04
ALT-202608-004731,APP-202608-030201,R0081,2026-08-14T21:09:14,HIGH_VALUE,RV-06
ALT-202608-004732,APP-202608-001785,R0129,2026-08-09T13:09:24,IDENTITY,RV-03
ALT-202608-004733,APP-202608-024780,R0313,2026-08-06T14:39:07,TRANSACTION_MONITORING,RV-01
ALT-202608-004734,APP-202608-038546,R0076,2026-08-24T20:13:30,DOCUMENT,RV-04
ALT-202608-004735,APP-202608-026057,R0250,2026-08-31T08:24:11,HIGH_VALUE,RV-01
ALT-202608-004736,APP-202608-024623,R0322,2026-08-24T15:10:48,IDENTITY,RV-02
ALT-202608-004737,APP-202608-014982,R0129,2026-08-02T06:06:44,TRANSACTION_MONITORING,RV-05
ALT-202608-004738,APP-202608-048823,R0109,2026-08-01T11:07:59,DOCUMENT,RV-03
ALT-202608-004739,APP-202608-039417,R0261,2026-08-07T08:55:53,HIGH_VALUE,RV-03
ALT-202608-004740,APP-202608-015895,R0261,2026-08-19T07:20:23,IDENTITY,RV-06
ALT-202608-004741,APP-202608-020856,R0261,2026-08-17T11:55:06,TRANSACTION_MONITORING,RV-01
ALT-202608-004742,APP-202608-031191,R0002,2026-08-08T17:08:13,DOCUMENT,RV-05
ALT-202608-004743,APP-202608-057334,R0129,2026-08-09T10:42:24,HIGH_VALUE,RV-03
ALT-202608-004744,APP-202608-016929,R0129,2026-08-29T14:34:11,IDENTITY,RV-03
ALT-202608-004745,APP-202608-002399,R0261,2026-08-30T16:04:48,TRANSACTION_MONITORING,RV-06
ALT-202608-004746,APP-202608-074649,R0109,2026-08-02T09:26:44,DOCUMENT,RV-05
ALT-202608-004747,APP-202608-018938,R0217,2026-08-07T16:29:48,HIGH_VALUE,RV-02
ALT-202608-004748,APP-202608-055814,R0252,2026-08-06T19:04:19,IDENTITY,RV-03
ALT-202608-004749,APP-202608-055781,R0313,2026-08-31T14:52:31,TRANSACTION_MONITORING,RV-03
ALT-202608-004750,APP-202608-013677,R0129,2026-08-12T11:04:32,DOCUMENT,RV-01
ALT-202608-004751,APP-202608-029194,R0081,2026-08-29T12:32:23,HIGH_VALUE,RV-03
ALT-202608-004752,APP-202608-061885,R0322,2026-08-10T10:57:57,IDENTITY,RV-06
ALT-202608-004753,APP-202608-014996,R0247,2026-08-08T17:32:00,TRANSACTION_MONITORING,RV-04
ALT-202608-004754,APP-202608-073962,R0217,2026-08-08T21:04:29,DOCUMENT,RV-05
ALT-202608-004755,APP-202608-014527,R0217,2026-08-24T22:51:48,HIGH_VALUE,RV-04
ALT-202608-004756,APP-202608-062754,R0273,2026-08-31T15:24:48,IDENTITY,RV-06
ALT-202608-004757,APP-202608-048486,R0079,2026-08-13T12:37:45,TRANSACTION_MONITORING,RV-03
ALT-202608-004758,APP-202608-060839,R0261,2026-08-26T22:17:34,DOCUMENT,RV-06
ALT-202608-004759,APP-202608-037348,R0335,2026-08-01T10:53:25,HIGH_VALUE,RV-06
ALT-202608-004760,APP-202608-054497,R0322,2026-08-04T07:24:28,IDENTITY,RV-04
ALT-202608-004761,APP-202608-018389,R0261,2026-08-06T11:18:00,TRANSACTION_MONITORING,RV-01
ALT-202608-004762,APP-202608-050517,R0313,2026-08-16T13:53:11,DOCUMENT,RV-06
ALT-202608-004763,APP-202608-018958,R0252,2026-08-15T13:53:40,HIGH_VALUE,RV-03
ALT-202608-004764,APP-202608-050927,R0064,2026-08-07T06:49:39,IDENTITY,RV-04
ALT-202608-004765,APP-202608-027472,R0142,2026-08-25T21:37:37,TRANSACTION_MONITORING,RV-01
ALT-202608-004766,APP-202608-057458,R0081,2026-08-01T13:48:25,DOCUMENT,RV-05
ALT-202608-004767,APP-202608-069955,R0281,2026-08-30T10:43:32,HIGH_VALUE,RV-06
ALT-202608-004768,APP-202608-040707,R0129,2026-08-04T09:04:33,IDENTITY,RV-02
ALT-202608-004769,APP-202608-031599,R0310,2026-08-31T15:38:07,TRANSACTION_MONITORING,RV-04
ALT-202608-004770,APP-202608-034931,R0129,2026-08-15T13:32:03,DOCUMENT,RV-02
ALT-202608-004771,APP-202608-019814,R0142,2026-08-12T19:54:34,HIGH_VALUE,RV-04
ALT-202608-004772,APP-202608-027235,R0129,2026-08-22T21:46:19,IDENTITY,RV-06
ALT-202608-004773,APP-202608-057607,R0252,2026-08-02T21:52:45,TRANSACTION_MONITORING,RV-04
ALT-202608-004774,APP-202608-034939,R0129,2026-08-14T06:13:24,DOCUMENT,RV-05
ALT-202608-004775,APP-202608-062761,R0261,2026-08-05T07:25:55,HIGH_VALUE,RV-05
ALT-202608-004776,APP-202608-049019,R0217,2026-08-14T11:02:09,IDENTITY,RV-04
ALT-202608-004777,APP-202608-003184,R0076,2026-08-05T09:15:39,TRANSACTION_MONITORING,RV-03
ALT-202608-004778,APP-202608-004974,R0064,2026-08-30T19:23:33,DOCUMENT,RV-01
ALT-202608-004779,APP-202608-035130,R0142,2026-08-26T18:33:52,HIGH_VALUE,RV-03
ALT-202608-004780,APP-202608-038269,R0335,2026-08-12T10:18:09,IDENTITY,RV-03
ALT-202608-004781,APP-202608-064430,R0129,2026-08-23T07:32:33,TRANSACTION_MONITORING,RV-01
ALT-202608-004782,APP-202608-009085,R0079,2026-08-23T22:23:15,DOCUMENT,RV-05
ALT-202608-004783,APP-202608-046961,R0129,2026-08-01T08:52:31,HIGH_VALUE,RV-05
ALT-202608-004784,APP-202608-063778,R0129,2026-08-17T22:52:29,IDENTITY,RV-01
ALT-202608-004785,APP-202608-040210,R0129,2026-08-13T12:27:38,TRANSACTION_MONITORING,RV-03
ALT-202608-004786,APP-202608-036819,R0313,2026-08-02T22:27:25,DOCUMENT,RV-05
ALT-202608-004787,APP-202608-072149,R0038,2026-08-24T14:44:39,HIGH_VALUE,RV-05
ALT-202608-004788,APP-202608-003550,R0109,2026-08-16T11:32:45,IDENTITY,RV-06
ALT-202608-004789,APP-202608-013855,R0313,2026-08-11T16:16:13,TRANSACTION_MONITORING,RV-02
ALT-202608-004790,APP-202608-002620,R0079,2026-08-26T20:59:49,DOCUMENT,RV-01
ALT-202608-004791,APP-202608-019810,R0071,2026-08-24T10:42:28,HIGH_VALUE,RV-04
ALT-202608-004792,APP-202608-039395,R0109,2026-08-12T17:53:14,IDENTITY,RV-03
ALT-202608-004793,APP-202608-073954,R0109,2026-08-02T09:35:17,TRANSACTION_MONITORING,RV-03
ALT-202608-004794,APP-202608-047284,R0322,2026-08-08T11:49:04,DOCUMENT,RV-01
ALT-202608-004795,APP-202608-029272,R0129,2026-08-11T22:55:38,HIGH_VALUE,RV-01
ALT-202608-004796,APP-202608-011138,R0079,2026-08-13T22:54:08,IDENTITY,RV-03
ALT-202608-004797,APP-202608-055021,R0335,2026-08-15T08:04:48,TRANSACTION_MONITORING,RV-04
ALT-202608-004798,APP-202608-051800,R0335,2026-08-18T22:20:34,DOCUMENT,RV-04
ALT-202608-004799,APP-202608-057556,R0129,2026-08-11T22:30:34,HIGH_VALUE,RV-05
ALT-202608-004800,APP-202608-010331,R0045,2026-08-29T12:52:29,IDENTITY,RV-05
ALT-202608-004801,APP-202608-073498,R0261,2026-08-18T08:43:30,TRANSACTION_MONITORING,RV-03
ALT-202608-004802,APP-202608-005374,R0071,2026-08-25T18:04:34,DOCUMENT,RV-04
ALT-202608-004803,APP-202608-032997,R0142,2026-08-13T16:20:14,HIGH_VALUE,RV-03
ALT-202608-004804,APP-202608-036811,R0250,2026-08-27T13:06:02,IDENTITY,RV-06
ALT-202608-004805,APP-202608-051645,R0045,2026-08-04T12:23:26,TRANSACTION_MONITORING,RV-05
ALT-202608-004806,APP-202608-002530,R0261,2026-08-02T10:00:20,DOCUMENT,RV-04
ALT-202608-004807,APP-202608-030006,R0129,2026-08-31T07:56:50,HIGH_VALUE,RV-01
ALT-202608-004808,APP-202608-049966,R0081,2026-08-23T09:00:58,IDENTITY,RV-04
ALT-202608-004809,APP-202608-020310,R0247,2026-08-01T21:31:32,TRANSACTION_MONITORING,RV-03
ALT-202608-004810,APP-202608-003469,R0335,2026-08-11T15:56:14,DOCUMENT,RV-04
ALT-202608-004811,APP-202608-050157,R0002,2026-08-22T08:34:56,HIGH_VALUE,RV-03
ALT-202608-004812,APP-202608-072950,R0129,2026-08-12T10:58:55,IDENTITY,RV-04
ALT-202608-004813,APP-202608-045454,R0158,2026-08-15T10:47:29,TRANSACTION_MONITORING,RV-03
ALT-202608-004814,APP-202608-053520,R0079,2026-08-25T12:06:34,DOCUMENT,RV-04
ALT-202608-004815,APP-202608-008966,R0129,2026-08-31T09:38:10,HIGH_VALUE,RV-05
ALT-202608-004816,APP-202608-035711,R0261,2026-08-02T17:02:34,IDENTITY,RV-01
ALT-202608-004817,APP-202608-016824,R0217,2026-08-06T10:28:32,TRANSACTION_MONITORING,RV-05
ALT-202608-004818,APP-202608-009062,R0129,2026-08-16T12:39:01,DOCUMENT,RV-02
ALT-202608-004819,APP-202608-034961,R0322,2026-08-13T15:59:15,HIGH_VALUE,RV-01
ALT-202608-004820,APP-202608-024458,R0071,2026-08-26T15:18:08,IDENTITY,RV-02
ALT-202608-004821,APP-202608-029312,R0247,2026-08-04T06:09:35,TRANSACTION_MONITORING,RV-04
ALT-202608-004822,APP-202608-005292,R0129,2026-08-08T17:00:13,DOCUMENT,RV-04
ALT-202608-004823,APP-202608-029087,R0129,2026-08-28T16:39:31,HIGH_VALUE,RV-06
ALT-202608-004824,APP-202608-016397,R0335,2026-08-14T18:28:24,IDENTITY,RV-06
ALT-202608-004825,APP-202608-044589,R0322,2026-08-03T12:21:59,TRANSACTION_MONITORING,RV-02
ALT-202608-004826,APP-202608-060465,R0247,2026-08-21T07:27:21,DOCUMENT,RV-05
ALT-202608-004827,APP-202608-044619,R0322,2026-08-01T12:54:14,HIGH_VALUE,RV-02
ALT-202608-004828,APP-202608-029174,R0129,2026-08-26T12:05:45,IDENTITY,RV-01
ALT-202608-004829,APP-202608-032199,R0158,2026-08-28T15:22:31,TRANSACTION_MONITORING,RV-01
ALT-202608-004830,APP-202608-073713,R0142,2026-08-17T12:04:02,DOCUMENT,RV-02
ALT-202608-004831,APP-202608-036669,R0322,2026-08-24T08:57:13,HIGH_VALUE,RV-06
ALT-202608-004832,APP-202608-064651,R0322,2026-08-23T07:20:39,IDENTITY,RV-02
ALT-202608-004833,APP-202608-072902,R0129,2026-08-10T10:53:24,TRANSACTION_MONITORING,RV-01
ALT-202608-004834,APP-202608-062406,R0130,2026-08-28T20:20:54,DOCUMENT,RV-02
ALT-202608-004835,APP-202608-064446,R0302,2026-08-16T19:28:30,HIGH_VALUE,RV-01
ALT-202608-004836,APP-202608-008536,R0079,2026-08-10T20:16:55,IDENTITY,RV-02
ALT-202608-004837,APP-202608-031429,R0315,2026-08-08T13:16:40,TRANSACTION_MONITORING,RV-06
ALT-202608-004838,APP-202608-011526,R0079,2026-08-06T08:59:00,DOCUMENT,RV-05
ALT-202608-004839,APP-202608-026987,R0322,2026-08-22T14:40:54,HIGH_VALUE,RV-01
ALT-202608-004840,APP-202608-045959,R0217,2026-08-05T20:37:48,IDENTITY,RV-03
ALT-202608-004841,APP-202608-000201,R0261,2026-08-26T07:26:03,TRANSACTION_MONITORING,RV-06
ALT-202608-004842,APP-202608-070792,R0079,2026-08-14T07:22:35,DOCUMENT,RV-01
ALT-202608-004843,APP-202608-012725,R0322,2026-08-07T19:23:25,HIGH_VALUE,RV-03
ALT-202608-004844,APP-202608-008789,R0129,2026-08-13T22:43:39,IDENTITY,RV-03
ALT-202608-004845,APP-202608-011266,R0322,2026-08-06T15:17:27,TRANSACTION_MONITORING,RV-06
ALT-202608-004846,APP-202608-024958,R0079,2026-08-30T09:00:12,DOCUMENT,RV-06
ALT-202608-004847,APP-202608-019435,R0081,2026-08-01T08:25:38,HIGH_VALUE,RV-06
ALT-202608-004848,APP-202608-015088,R0261,2026-08-14T08:35:43,IDENTITY,RV-02
ALT-202608-004849,APP-202608-026982,R0252,2026-08-09T14:38:47,TRANSACTION_MONITORING,RV-04
ALT-202608-004850,APP-202608-017801,R0313,2026-08-22T16:51:32,DOCUMENT,RV-06
ALT-202608-004851,APP-202608-005982,R0079,2026-08-15T19:22:22,HIGH_VALUE,RV-02
ALT-202608-004852,APP-202608-020469,R0261,2026-08-08T09:12:29,IDENTITY,RV-05
ALT-202608-004853,APP-202608-043774,R0002,2026-08-25T20:04:45,TRANSACTION_MONITORING,RV-05
ALT-202608-004854,APP-202608-027039,R0261,2026-08-02T08:58:33,DOCUMENT,RV-04
ALT-202608-004855,APP-202608-031255,R0071,2026-08-15T21:37:02,HIGH_VALUE,RV-01
ALT-202608-004856,APP-202608-025309,R0079,2026-08-25T18:53:30,IDENTITY,RV-02
ALT-202608-004857,APP-202608-051480,R0070,2026-08-04T15:21:55,TRANSACTION_MONITORING,RV-01
ALT-202608-004858,APP-202608-022571,R0129,2026-08-18T19:01:52,DOCUMENT,RV-04
ALT-202608-004859,APP-202608-017631,R0045,2026-08-11T14:11:44,HIGH_VALUE,RV-04
ALT-202608-004860,APP-202608-016167,R0217,2026-08-18T09:01:21,IDENTITY,RV-05
ALT-202608-004861,APP-202608-043697,R0002,2026-08-24T18:13:47,TRANSACTION_MONITORING,RV-04
ALT-202608-004862,APP-202608-040684,R0129,2026-08-12T08:40:00,DOCUMENT,RV-04
ALT-202608-004863,APP-202608-016004,R0129,2026-08-20T16:25:56,HIGH_VALUE,RV-05
ALT-202608-004864,APP-202608-044437,R0322,2026-08-26T20:04:20,IDENTITY,RV-05
ALT-202608-004865,APP-202608-074203,R0261,2026-08-29T12:37:07,TRANSACTION_MONITORING,RV-01
ALT-202608-004866,APP-202608-037052,R0071,2026-08-29T16:05:03,DOCUMENT,RV-06
ALT-202608-004867,APP-202608-021451,R0281,2026-08-03T18:27:08,HIGH_VALUE,RV-04
ALT-202608-004868,APP-202608-054992,R0129,2026-08-11T16:02:44,IDENTITY,RV-02
ALT-202608-004869,APP-202608-057653,R0081,2026-08-31T10:46:56,TRANSACTION_MONITORING,RV-05
ALT-202608-004870,APP-202608-040023,R0247,2026-08-27T18:53:06,DOCUMENT,RV-02
ALT-202608-004871,APP-202608-062805,R0302,2026-08-10T06:06:33,HIGH_VALUE,RV-05
ALT-202608-004872,APP-202608-067827,R0109,2026-08-29T11:25:19,IDENTITY,RV-04
ALT-202608-004873,APP-202608-016053,R0261,2026-08-04T14:26:52,TRANSACTION_MONITORING,RV-03
ALT-202608-004874,APP-202608-000035,R0002,2026-08-07T22:41:33,DOCUMENT,RV-05
ALT-202608-004875,APP-202608-001177,R0129,2026-08-12T20:57:01,HIGH_VALUE,RV-06
ALT-202608-004876,APP-202608-023182,R0335,2026-08-29T20:11:55,IDENTITY,RV-04
ALT-202608-004877,APP-202608-021811,R0115,2026-08-08T20:16:33,TRANSACTION_MONITORING,RV-06
ALT-202608-004878,APP-202608-029320,R0261,2026-08-20T15:20:39,DOCUMENT,RV-01
ALT-202608-004879,APP-202608-030824,R0261,2026-08-16T12:49:33,HIGH_VALUE,RV-03
ALT-202608-004880,APP-202608-032197,R0261,2026-08-07T07:40:30,IDENTITY,RV-02
ALT-202608-004881,APP-202608-058477,R0129,2026-08-10T18:09:25,TRANSACTION_MONITORING,RV-01
ALT-202608-004882,APP-202608-061894,R0335,2026-08-29T14:59:28,DOCUMENT,RV-03
ALT-202608-004883,APP-202608-050822,R0313,2026-08-13T18:46:28,HIGH_VALUE,RV-05
ALT-202608-004884,APP-202608-063689,R0130,2026-08-29T13:22:40,IDENTITY,RV-05
ALT-202608-004885,APP-202608-066005,R0302,2026-08-11T14:04:11,TRANSACTION_MONITORING,RV-05
ALT-202608-004886,APP-202608-039384,R0313,2026-08-26T10:32:45,DOCUMENT,RV-06
ALT-202608-004887,APP-202608-047510,R0261,2026-08-26T09:18:35,HIGH_VALUE,RV-04
ALT-202608-004888,APP-202608-009137,R0322,2026-08-15T13:33:06,IDENTITY,RV-04
ALT-202608-004889,APP-202608-035727,R0261,2026-08-22T12:09:21,TRANSACTION_MONITORING,RV-05
ALT-202608-004890,APP-202608-012026,R0079,2026-08-20T10:48:38,DOCUMENT,RV-01
ALT-202608-004891,APP-202608-002675,R0261,2026-08-31T13:17:31,HIGH_VALUE,RV-05
ALT-202608-004892,APP-202608-023031,R0252,2026-08-01T07:44:01,IDENTITY,RV-01
ALT-202608-004893,APP-202608-056516,R0129,2026-08-29T17:36:18,TRANSACTION_MONITORING,RV-04
ALT-202608-004894,APP-202608-032002,R0158,2026-08-23T15:56:54,DOCUMENT,RV-01
ALT-202608-004895,APP-202608-014750,R0335,2026-08-19T22:56:20,HIGH_VALUE,RV-04
ALT-202608-004896,APP-202608-044619,R0109,2026-08-29T14:06:07,IDENTITY,RV-06
ALT-202608-004897,APP-202608-008112,R0071,2026-08-31T20:08:15,TRANSACTION_MONITORING,RV-01
ALT-202608-004898,APP-202608-005653,R0079,2026-08-07T19:16:44,DOCUMENT,RV-05
ALT-202608-004899,APP-202608-066537,R0130,2026-08-19T19:39:06,HIGH_VALUE,RV-05
ALT-202608-004900,APP-202608-020307,R0071,2026-08-07T20:37:39,IDENTITY,RV-02
ALT-202608-004901,APP-202608-042762,R0002,2026-08-02T16:23:01,TRANSACTION_MONITORING,RV-01
ALT-202608-004902,APP-202608-016293,R0302,2026-08-29T13:47:52,DOCUMENT,RV-02
ALT-202608-004903,APP-202608-043356,R0129,2026-08-29T07:20:28,HIGH_VALUE,RV-04
ALT-202608-004904,APP-202608-035062,R0142,2026-08-26T09:25:56,IDENTITY,RV-04
ALT-202608-004905,APP-202608-031995,R0250,2026-08-23T19:00:22,TRANSACTION_MONITORING,RV-01
ALT-202608-004906,APP-202608-073434,R0252,2026-08-19T13:34:13,DOCUMENT,RV-03
ALT-202608-004907,APP-202608-042453,R0335,2026-08-14T18:57:41,HIGH_VALUE,RV-02
ALT-202608-004908,APP-202608-026419,R0261,2026-08-16T18:02:24,IDENTITY,RV-03
ALT-202608-004909,APP-202608-014005,R0064,2026-08-21T09:34:14,TRANSACTION_MONITORING,RV-02
ALT-202608-004910,APP-202608-004455,R0002,2026-08-12T22:11:55,DOCUMENT,RV-05
ALT-202608-004911,APP-202608-048559,R0079,2026-08-02T08:38:20,HIGH_VALUE,RV-04
ALT-202608-004912,APP-202608-063819,R0129,2026-08-25T22:41:51,IDENTITY,RV-02
ALT-202608-004913,APP-202608-015355,R0129,2026-08-06T17:01:32,TRANSACTION_MONITORING,RV-01
ALT-202608-004914,APP-202608-013906,R0247,2026-08-19T17:12:00,DOCUMENT,RV-05
ALT-202608-004915,APP-202608-020639,R0002,2026-08-02T16:36:59,HIGH_VALUE,RV-05
ALT-202608-004916,APP-202608-057612,R0261,2026-08-12T19:16:12,IDENTITY,RV-03
ALT-202608-004917,APP-202608-074969,R0079,2026-08-18T10:37:45,TRANSACTION_MONITORING,RV-06
ALT-202608-004918,APP-202608-007865,R0273,2026-08-07T18:40:23,DOCUMENT,RV-01
ALT-202608-004919,APP-202608-027059,R0322,2026-08-12T16:28:21,HIGH_VALUE,RV-04
ALT-202608-004920,APP-202608-063278,R0129,2026-08-08T12:06:12,IDENTITY,RV-04
ALT-202608-004921,APP-202608-006447,R0064,2026-08-02T18:39:11,TRANSACTION_MONITORING,RV-04
ALT-202608-004922,APP-202608-056410,R0001,2026-08-09T09:05:01,DOCUMENT,RV-03
ALT-202608-004923,APP-202608-041792,R0335,2026-08-05T18:47:17,HIGH_VALUE,RV-02
ALT-202608-004924,APP-202608-030972,R0129,2026-08-17T20:53:40,IDENTITY,RV-02
ALT-202608-004925,APP-202608-063238,R0313,2026-08-22T22:23:44,TRANSACTION_MONITORING,RV-02
ALT-202608-004926,APP-202608-004614,R0261,2026-08-20T08:05:20,DOCUMENT,RV-01
ALT-202608-004927,APP-202608-003196,R0129,2026-08-30T22:37:42,HIGH_VALUE,RV-04
ALT-202608-004928,APP-202608-011706,R0322,2026-08-23T20:49:55,IDENTITY,RV-03
ALT-202608-004929,APP-202608-074106,R0261,2026-08-09T14:57:01,TRANSACTION_MONITORING,RV-06
ALT-202608-004930,APP-202608-055751,R0079,2026-08-29T15:15:43,DOCUMENT,RV-03
ALT-202608-004931,APP-202608-000848,R0261,2026-08-03T19:30:19,HIGH_VALUE,RV-05
ALT-202608-004932,APP-202608-012651,R0079,2026-08-03T11:15:43,IDENTITY,RV-01
ALT-202608-004933,APP-202608-028793,R0064,2026-08-15T20:52:56,TRANSACTION_MONITORING,RV-01
ALT-202608-004934,APP-202608-044646,R0335,2026-08-18T06:30:29,DOCUMENT,RV-03
ALT-202608-004935,APP-202608-004699,R0250,2026-08-05T09:00:15,HIGH_VALUE,RV-06
ALT-202608-004936,APP-202608-042570,R0142,2026-08-10T20:52:47,IDENTITY,RV-05
ALT-202608-004937,APP-202608-031404,R0158,2026-08-19T13:00:33,TRANSACTION_MONITORING,RV-01
ALT-202608-004938,APP-202608-021081,R0081,2026-08-08T21:49:03,DOCUMENT,RV-06
ALT-202608-004939,APP-202608-063649,R0129,2026-08-08T10:25:13,HIGH_VALUE,RV-05
ALT-202608-004940,APP-202608-049511,R0252,2026-08-30T08:07:01,IDENTITY,RV-04
ALT-202608-004941,APP-202608-064720,R0001,2026-08-19T10:13:45,TRANSACTION_MONITORING,RV-02
ALT-202608-004942,APP-202608-026047,R0142,2026-08-10T07:21:33,DOCUMENT,RV-02
ALT-202608-004943,APP-202608-027965,R0129,2026-08-02T16:51:16,HIGH_VALUE,RV-01
ALT-202608-004944,APP-202608-003472,R0079,2026-08-29T10:56:03,IDENTITY,RV-04
ALT-202608-004945,APP-202608-042540,R0079,2026-08-26T07:54:31,TRANSACTION_MONITORING,RV-03
ALT-202608-004946,APP-202608-000806,R0002,2026-08-25T09:23:46,DOCUMENT,RV-03
ALT-202608-004947,APP-202608-030144,R0142,2026-08-05T10:31:00,HIGH_VALUE,RV-02
ALT-202608-004948,APP-202608-038313,R0129,2026-08-22T14:33:20,IDENTITY,RV-02
ALT-202608-004949,APP-202608-059289,R0335,2026-08-30T20:01:04,TRANSACTION_MONITORING,RV-01
ALT-202608-004950,APP-202608-037652,R0001,2026-08-09T19:45:10,DOCUMENT,RV-02
ALT-202608-004951,APP-202608-061478,R0261,2026-08-19T09:22:09,HIGH_VALUE,RV-04
ALT-202608-004952,APP-202608-058622,R0217,2026-08-12T12:20:34,IDENTITY,RV-04
ALT-202608-004953,APP-202608-009153,R0322,2026-08-07T14:22:31,TRANSACTION_MONITORING,RV-06
ALT-202608-004954,APP-202608-071870,R0142,2026-08-30T21:27:21,DOCUMENT,RV-04
ALT-202608-004955,APP-202608-030534,R0079,2026-08-09T10:51:07,HIGH_VALUE,RV-03
ALT-202608-004956,APP-202608-021359,R0064,2026-08-06T17:40:58,IDENTITY,RV-05
ALT-202608-004957,APP-202608-025660,R0129,2026-08-04T12:30:11,TRANSACTION_MONITORING,RV-04
ALT-202608-004958,APP-202608-057746,R0315,2026-08-31T19:37:42,DOCUMENT,RV-06
ALT-202608-004959,APP-202608-066446,R0281,2026-08-28T22:02:36,HIGH_VALUE,RV-01
ALT-202608-004960,APP-202608-018279,R0142,2026-08-18T10:22:43,IDENTITY,RV-04
ALT-202608-004961,APP-202608-048345,R0002,2026-08-05T11:01:12,TRANSACTION_MONITORING,RV-01
ALT-202608-004962,APP-202608-030484,R0322,2026-08-11T16:29:16,DOCUMENT,RV-01
ALT-202608-004963,APP-202608-070339,R0076,2026-08-09T08:21:29,HIGH_VALUE,RV-04
ALT-202608-004964,APP-202608-034485,R0322,2026-08-29T17:57:08,IDENTITY,RV-02
ALT-202608-004965,APP-202608-072654,R0129,2026-08-11T06:48:02,TRANSACTION_MONITORING,RV-05
ALT-202608-004966,APP-202608-050726,R0158,2026-08-26T13:14:49,DOCUMENT,RV-03
ALT-202608-004967,APP-202608-018353,R0252,2026-08-19T06:58:42,HIGH_VALUE,RV-03
ALT-202608-004968,APP-202608-010720,R0130,2026-08-29T11:14:43,IDENTITY,RV-03
ALT-202608-004969,APP-202608-005780,R0252,2026-08-06T17:45:37,TRANSACTION_MONITORING,RV-04
ALT-202608-004970,APP-202608-002793,R0261,2026-08-06T22:28:51,DOCUMENT,RV-06
ALT-202608-004971,APP-202608-058756,R0252,2026-08-27T06:07:59,HIGH_VALUE,RV-06
ALT-202608-004972,APP-202608-016080,R0261,2026-08-26T17:18:19,IDENTITY,RV-03
ALT-202608-004973,APP-202608-052264,R0001,2026-08-25T22:33:00,TRANSACTION_MONITORING,RV-01
ALT-202608-004974,APP-202608-011318,R0261,2026-08-07T16:50:27,DOCUMENT,RV-05
ALT-202608-004975,APP-202608-016007,R0252,2026-08-19T09:56:59,HIGH_VALUE,RV-02
ALT-202608-004976,APP-202608-014387,R0129,2026-08-01T19:04:20,IDENTITY,RV-03
ALT-202608-004977,APP-202608-012036,R0335,2026-08-25T14:23:09,TRANSACTION_MONITORING,RV-05
ALT-202608-004978,APP-202608-029893,R0322,2026-08-15T18:21:56,DOCUMENT,RV-04
ALT-202608-004979,APP-202608-017423,R0250,2026-08-08T15:02:26,HIGH_VALUE,RV-01
ALT-202608-004980,APP-202608-066175,R0129,2026-08-06T08:38:52,IDENTITY,RV-04
ALT-202608-004981,APP-202608-043018,R0064,2026-08-07T12:34:34,TRANSACTION_MONITORING,RV-06
ALT-202608-004982,APP-202608-041081,R0142,2026-08-08T13:52:25,DOCUMENT,RV-06
ALT-202608-004983,APP-202608-074757,R0250,2026-08-10T07:06:40,HIGH_VALUE,RV-03
ALT-202608-004984,APP-202608-018849,R0129,2026-08-17T13:42:29,IDENTITY,RV-04
ALT-202608-004985,APP-202608-059777,R0064,2026-08-31T12:39:52,TRANSACTION_MONITORING,RV-05
ALT-202608-004986,APP-202608-029169,R0129,2026-08-17T13:03:31,DOCUMENT,RV-01
ALT-202608-004987,APP-202608-012678,R0335,2026-08-13T09:36:42,HIGH_VALUE,RV-01
ALT-202608-004988,APP-202608-054179,R0109,2026-08-11T12:15:11,IDENTITY,RV-06
ALT-202608-004989,APP-202608-022128,R0250,2026-08-23T14:18:10,TRANSACTION_MONITORING,RV-04
ALT-202608-004990,APP-202608-024742,R0129,2026-08-24T17:11:00,DOCUMENT,RV-06
ALT-202608-004991,APP-202608-000382,R0002,2026-08-03T08:09:56,HIGH_VALUE,RV-02
ALT-202608-004992,APP-202608-018476,R0129,2026-08-06T06:26:02,IDENTITY,RV-05
ALT-202608-004993,APP-202608-060412,R0261,2026-08-14T09:04:06,TRANSACTION_MONITORING,RV-06
ALT-202608-004994,APP-202608-059305,R0129,2026-08-03T19:10:28,DOCUMENT,RV-02
ALT-202608-004995,APP-202608-064145,R0335,2026-08-21T09:03:37,HIGH_VALUE,RV-01
ALT-202608-004996,APP-202608-029036,R0322,2026-08-04T07:47:34,IDENTITY,RV-01
ALT-202608-004997,APP-202608-047285,R0129,2026-08-21T09:37:26,TRANSACTION_MONITORING,RV-02
ALT-202608-004998,APP-202608-074420,R0129,2026-08-30T12:38:49,DOCUMENT,RV-03
ALT-202608-004999,APP-202608-024171,R0079,2026-08-19T06:18:46,HIGH_VALUE,RV-02
ALT-202608-005000,APP-202608-072644,R0217,2026-08-27T08:09:39,IDENTITY,RV-05
ALT-202608-005001,APP-202608-072309,R0129,2026-08-07T19:25:57,TRANSACTION_MONITORING,RV-04
ALT-202608-005002,APP-202608-061813,R0217,2026-08-30T17:33:15,DOCUMENT,RV-04
ALT-202608-005003,APP-202608-054975,R0129,2026-08-08T14:56:04,HIGH_VALUE,RV-02
ALT-202608-005004,APP-202608-062075,R0252,2026-08-22T16:26:42,IDENTITY,RV-05
ALT-202608-005005,APP-202608-019783,R0079,2026-08-10T16:40:08,TRANSACTION_MONITORING,RV-05
ALT-202608-005006,APP-202608-018178,R0002,2026-08-29T09:06:54,DOCUMENT,RV-06
ALT-202608-005007,APP-202608-072887,R0302,2026-08-30T21:38:00,HIGH_VALUE,RV-02
ALT-202608-005008,APP-202608-068271,R0129,2026-08-03T15:43:42,IDENTITY,RV-05
ALT-202608-005009,APP-202608-059639,R0250,2026-08-05T07:08:48,TRANSACTION_MONITORING,RV-03
ALT-202608-005010,APP-202608-038655,R0335,2026-08-16T13:02:39,DOCUMENT,RV-03
ALT-202608-005011,APP-202608-011069,R0335,2026-08-23T21:49:14,HIGH_VALUE,RV-01
ALT-202608-005012,APP-202608-016754,R0250,2026-08-02T06:44:39,IDENTITY,RV-06
ALT-202608-005013,APP-202608-031818,R0250,2026-08-31T14:33:33,TRANSACTION_MONITORING,RV-04
ALT-202608-005014,APP-202608-056156,R0002,2026-08-15T22:56:06,DOCUMENT,RV-04
ALT-202608-005015,APP-202608-027176,R0247,2026-08-01T10:24:49,HIGH_VALUE,RV-01
ALT-202608-005016,APP-202608-022678,R0158,2026-08-21T21:30:14,IDENTITY,RV-03
ALT-202608-005017,APP-202608-070580,R0076,2026-08-18T16:59:19,TRANSACTION_MONITORING,RV-01
ALT-202608-005018,APP-202608-019318,R0252,2026-08-16T13:19:34,DOCUMENT,RV-06
ALT-202608-005019,APP-202608-034168,R0250,2026-08-08T09:17:42,HIGH_VALUE,RV-01
ALT-202608-005020,APP-202608-052572,R0129,2026-08-24T13:35:40,IDENTITY,RV-05
ALT-202608-005021,APP-202608-005323,R0002,2026-08-13T06:44:46,TRANSACTION_MONITORING,RV-04
ALT-202608-005022,APP-202608-034318,R0130,2026-08-04T06:07:12,DOCUMENT,RV-02
ALT-202608-005023,APP-202608-054894,R0261,2026-08-27T18:54:48,HIGH_VALUE,RV-03
ALT-202608-005024,APP-202608-063748,R0064,2026-08-19T10:20:14,IDENTITY,RV-01
ALT-202608-005025,APP-202608-018685,R0261,2026-08-14T09:16:23,TRANSACTION_MONITORING,RV-05
ALT-202608-005026,APP-202608-012902,R0064,2026-08-29T19:44:51,DOCUMENT,RV-02
ALT-202608-005027,APP-202608-035773,R0064,2026-08-09T17:36:35,HIGH_VALUE,RV-01
ALT-202608-005028,APP-202608-044613,R0071,2026-08-18T06:55:06,IDENTITY,RV-04
ALT-202608-005029,APP-202608-009889,R0076,2026-08-18T06:13:43,TRANSACTION_MONITORING,RV-06
ALT-202608-005030,APP-202608-040070,R0252,2026-08-02T17:42:52,DOCUMENT,RV-06
ALT-202608-005031,APP-202608-047023,R0071,2026-08-22T15:42:33,HIGH_VALUE,RV-03
ALT-202608-005032,APP-202608-056653,R0322,2026-08-13T22:49:30,IDENTITY,RV-05
ALT-202608-005033,APP-202608-036452,R0217,2026-08-09T14:52:29,TRANSACTION_MONITORING,RV-01
ALT-202608-005034,APP-202608-065114,R0252,2026-08-03T20:47:50,DOCUMENT,RV-01
ALT-202608-005035,APP-202608-064458,R0129,2026-08-03T10:24:01,HIGH_VALUE,RV-06
ALT-202608-005036,APP-202608-073189,R0313,2026-08-12T08:30:28,IDENTITY,RV-03
ALT-202608-005037,APP-202608-058746,R0002,2026-08-15T07:23:01,TRANSACTION_MONITORING,RV-05
ALT-202608-005038,APP-202608-022469,R0129,2026-08-10T15:57:52,DOCUMENT,RV-04
ALT-202608-005039,APP-202608-031598,R0129,2026-08-20T14:47:10,HIGH_VALUE,RV-01
ALT-202608-005040,APP-202608-018167,R0313,2026-08-15T16:30:33,IDENTITY,RV-05
ALT-202608-005041,APP-202608-046736,R0071,2026-08-05T07:26:01,TRANSACTION_MONITORING,RV-01
ALT-202608-005042,APP-202608-055249,R0261,2026-08-02T13:13:42,DOCUMENT,RV-01
ALT-202608-005043,APP-202608-011130,R0071,2026-08-15T19:20:03,HIGH_VALUE,RV-03
ALT-202608-005044,APP-202608-069866,R0129,2026-08-15T12:44:34,IDENTITY,RV-04
ALT-202608-005045,APP-202608-048672,R0045,2026-08-06T07:11:32,TRANSACTION_MONITORING,RV-04
ALT-202608-005046,APP-202608-000242,R0081,2026-08-28T09:01:57,DOCUMENT,RV-05
ALT-202608-005047,APP-202608-069793,R0002,2026-08-14T11:15:04,HIGH_VALUE,RV-02
ALT-202608-005048,APP-202608-001994,R0322,2026-08-21T07:15:52,IDENTITY,RV-04
ALT-202608-005049,APP-202608-028221,R0322,2026-08-17T15:28:19,TRANSACTION_MONITORING,RV-02
ALT-202608-005050,APP-202608-005519,R0002,2026-08-09T08:49:35,DOCUMENT,RV-04
ALT-202608-005051,APP-202608-068896,R0247,2026-08-28T16:43:26,HIGH_VALUE,RV-03
ALT-202608-005052,APP-202608-064187,R0322,2026-08-27T15:25:26,IDENTITY,RV-04
ALT-202608-005053,APP-202608-058675,R0335,2026-08-08T06:09:50,TRANSACTION_MONITORING,RV-06
ALT-202608-005054,APP-202608-008314,R0252,2026-08-19T11:22:32,DOCUMENT,RV-01
ALT-202608-005055,APP-202608-044558,R0076,2026-08-16T06:31:02,HIGH_VALUE,RV-06
ALT-202608-005056,APP-202608-014260,R0315,2026-08-21T07:02:55,IDENTITY,RV-06
ALT-202608-005057,APP-202608-028807,R0261,2026-08-02T17:10:18,TRANSACTION_MONITORING,RV-01
ALT-202608-005058,APP-202608-035018,R0261,2026-08-22T12:52:00,DOCUMENT,RV-01
ALT-202608-005059,APP-202608-049337,R0001,2026-08-26T21:35:36,HIGH_VALUE,RV-05
ALT-202608-005060,APP-202608-049100,R0142,2026-08-26T22:43:52,IDENTITY,RV-02
ALT-202608-005061,APP-202608-014546,R0130,2026-08-04T18:19:55,TRANSACTION_MONITORING,RV-04
ALT-202608-005062,APP-202608-022129,R0081,2026-08-02T15:05:57,DOCUMENT,RV-01
ALT-202608-005063,APP-202608-069713,R0261,2026-08-02T20:10:25,HIGH_VALUE,RV-04
ALT-202608-005064,APP-202608-072859,R0031,2026-08-06T20:03:49,IDENTITY,RV-02
ALT-202608-005065,APP-202608-036342,R0250,2026-08-29T15:39:29,TRANSACTION_MONITORING,RV-02
ALT-202608-005066,APP-202608-066877,R0079,2026-08-28T10:44:39,DOCUMENT,RV-01
ALT-202608-005067,APP-202608-050596,R0129,2026-08-08T09:43:05,HIGH_VALUE,RV-04
ALT-202608-005068,APP-202608-067202,R0129,2026-08-27T14:22:10,IDENTITY,RV-05
ALT-202608-005069,APP-202608-003325,R0079,2026-08-29T22:41:01,TRANSACTION_MONITORING,RV-03
ALT-202608-005070,APP-202608-056361,R0079,2026-08-27T10:43:48,DOCUMENT,RV-01
ALT-202608-005071,APP-202608-038819,R0247,2026-08-19T12:57:56,HIGH_VALUE,RV-01
ALT-202608-005072,APP-202608-046076,R0335,2026-08-30T22:47:02,IDENTITY,RV-01
ALT-202608-005073,APP-202608-026049,R0064,2026-08-05T13:00:32,TRANSACTION_MONITORING,RV-04
ALT-202608-005074,APP-202608-026062,R0322,2026-08-24T18:26:20,DOCUMENT,RV-01
ALT-202608-005075,APP-202608-060875,R0261,2026-08-18T08:20:26,HIGH_VALUE,RV-06
ALT-202608-005076,APP-202608-011541,R0217,2026-08-30T12:38:48,IDENTITY,RV-06
ALT-202608-005077,APP-202608-046648,R0079,2026-08-02T21:00:02,TRANSACTION_MONITORING,RV-02
ALT-202608-005078,APP-202608-052324,R0071,2026-08-02T13:43:58,DOCUMENT,RV-01
ALT-202608-005079,APP-202608-025643,R0250,2026-08-16T21:43:52,HIGH_VALUE,RV-02
ALT-202608-005080,APP-202608-053707,R0109,2026-08-21T17:19:07,IDENTITY,RV-03
ALT-202608-005081,APP-202608-060268,R0076,2026-08-03T11:41:48,TRANSACTION_MONITORING,RV-04
ALT-202608-005082,APP-202608-061028,R0261,2026-08-06T15:13:51,DOCUMENT,RV-04
ALT-202608-005083,APP-202608-016799,R0076,2026-08-04T16:05:44,HIGH_VALUE,RV-01
ALT-202608-005084,APP-202608-065964,R0129,2026-08-17T20:15:16,IDENTITY,RV-04
ALT-202608-005085,APP-202608-071348,R0315,2026-08-14T20:07:39,TRANSACTION_MONITORING,RV-01
ALT-202608-005086,APP-202608-045272,R0002,2026-08-27T19:49:18,DOCUMENT,RV-02
ALT-202608-005087,APP-202608-001605,R0335,2026-08-10T11:38:39,HIGH_VALUE,RV-03
ALT-202608-005088,APP-202608-074679,R0130,2026-08-27T22:58:11,IDENTITY,RV-01
ALT-202608-005089,APP-202608-040153,R0335,2026-08-08T06:07:07,TRANSACTION_MONITORING,RV-03
ALT-202608-005090,APP-202608-004593,R0081,2026-08-03T14:50:24,DOCUMENT,RV-03
ALT-202608-005091,APP-202608-036657,R0129,2026-08-03T18:31:25,HIGH_VALUE,RV-06
ALT-202608-005092,APP-202608-010810,R0261,2026-08-30T14:19:55,IDENTITY,RV-06
ALT-202608-005093,APP-202608-061758,R0261,2026-08-19T12:36:50,TRANSACTION_MONITORING,RV-01
ALT-202608-005094,APP-202608-027189,R0322,2026-08-12T17:19:51,DOCUMENT,RV-06
ALT-202608-005095,APP-202608-012276,R0322,2026-08-09T13:46:50,HIGH_VALUE,RV-05
ALT-202608-005096,APP-202608-037074,R0081,2026-08-09T08:06:39,IDENTITY,RV-03
ALT-202608-005097,APP-202608-028268,R0315,2026-08-10T06:36:29,TRANSACTION_MONITORING,RV-04
ALT-202608-005098,APP-202608-025572,R0158,2026-08-08T15:06:11,DOCUMENT,RV-04
ALT-202608-005099,APP-202608-031456,R0335,2026-08-24T16:47:39,HIGH_VALUE,RV-04
ALT-202608-005100,APP-202608-063735,R0335,2026-08-21T12:19:15,IDENTITY,RV-02
ALT-202608-005101,APP-202608-053602,R0031,2026-08-16T19:31:27,TRANSACTION_MONITORING,RV-03
ALT-202608-005102,APP-202608-069773,R0322,2026-08-22T12:13:59,DOCUMENT,RV-02
ALT-202608-005103,APP-202608-015951,R0140,2026-08-29T13:34:22,HIGH_VALUE,RV-01
ALT-202608-005104,APP-202608-037845,R0322,2026-08-30T14:18:11,IDENTITY,RV-05
ALT-202608-005105,APP-202608-034998,R0096,2026-08-10T20:52:16,TRANSACTION_MONITORING,RV-01
ALT-202608-005106,APP-202608-059876,R0079,2026-08-06T08:28:25,DOCUMENT,RV-05
ALT-202608-005107,APP-202608-039807,R0076,2026-08-05T12:21:03,HIGH_VALUE,RV-04
ALT-202608-005108,APP-202608-060420,R0076,2026-08-18T06:30:29,IDENTITY,RV-05
ALT-202608-005109,APP-202608-016854,R0130,2026-08-12T21:30:48,TRANSACTION_MONITORING,RV-02
ALT-202608-005110,APP-202608-041762,R0313,2026-08-09T06:33:46,DOCUMENT,RV-02
ALT-202608-005111,APP-202608-004454,R0247,2026-08-05T07:02:36,HIGH_VALUE,RV-04
ALT-202608-005112,APP-202608-074711,R0252,2026-08-01T08:21:51,IDENTITY,RV-01
ALT-202608-005113,APP-202608-069708,R0002,2026-08-06T09:56:03,TRANSACTION_MONITORING,RV-01
ALT-202608-005114,APP-202608-073894,R0252,2026-08-25T22:30:43,DOCUMENT,RV-03
ALT-202608-005115,APP-202608-061330,R0261,2026-08-25T12:56:34,HIGH_VALUE,RV-04
ALT-202608-005116,APP-202608-013362,R0045,2026-08-18T06:20:11,IDENTITY,RV-05
ALT-202608-005117,APP-202608-034472,R0252,2026-08-22T21:13:23,TRANSACTION_MONITORING,RV-01
ALT-202608-005118,APP-202608-028058,R0115,2026-08-28T20:23:45,DOCUMENT,RV-06
ALT-202608-005119,APP-202608-059638,R0281,2026-08-31T10:58:46,HIGH_VALUE,RV-02
ALT-202608-005120,APP-202608-004395,R0071,2026-08-06T07:53:15,IDENTITY,RV-06
ALT-202608-005121,APP-202608-046773,R0322,2026-08-24T06:51:20,TRANSACTION_MONITORING,RV-02
ALT-202608-005122,APP-202608-010956,R0142,2026-08-11T22:31:57,DOCUMENT,RV-06
ALT-202608-005123,APP-202608-069752,R0335,2026-08-12T21:47:08,HIGH_VALUE,RV-04
ALT-202608-005124,APP-202608-005167,R0322,2026-08-07T08:52:17,IDENTITY,RV-01
ALT-202608-005125,APP-202608-025573,R0081,2026-08-04T11:02:51,TRANSACTION_MONITORING,RV-06
ALT-202608-005126,APP-202608-055531,R0247,2026-08-05T11:56:33,DOCUMENT,RV-01
ALT-202608-005127,APP-202608-070304,R0261,2026-08-05T09:53:55,HIGH_VALUE,RV-06
ALT-202608-005128,APP-202608-070971,R0070,2026-08-11T09:59:30,IDENTITY,RV-05
ALT-202608-005129,APP-202608-037458,R0261,2026-08-22T13:30:50,TRANSACTION_MONITORING,RV-03
ALT-202608-005130,APP-202608-074842,R0002,2026-08-19T09:59:56,DOCUMENT,RV-01
ALT-202608-005131,APP-202608-064334,R0076,2026-08-23T17:48:50,HIGH_VALUE,RV-06
ALT-202608-005132,APP-202608-030459,R0261,2026-08-22T14:20:22,IDENTITY,RV-02
ALT-202608-005133,APP-202608-035162,R0002,2026-08-07T21:33:42,TRANSACTION_MONITORING,RV-01
ALT-202608-005134,APP-202608-045008,R0252,2026-08-28T08:32:08,DOCUMENT,RV-03
ALT-202608-005135,APP-202608-041111,R0129,2026-08-11T17:21:59,HIGH_VALUE,RV-04
ALT-202608-005136,APP-202608-017218,R0130,2026-08-02T17:13:34,IDENTITY,RV-05
ALT-202608-005137,APP-202608-029794,R0129,2026-08-18T07:25:52,TRANSACTION_MONITORING,RV-04
ALT-202608-005138,APP-202608-067122,R0031,2026-08-20T19:10:29,DOCUMENT,RV-02
ALT-202608-005139,APP-202608-016667,R0002,2026-08-28T07:31:45,HIGH_VALUE,RV-01
ALT-202608-005140,APP-202608-014917,R0158,2026-08-26T09:09:53,IDENTITY,RV-04
ALT-202608-005141,APP-202608-033727,R0335,2026-08-13T22:10:53,TRANSACTION_MONITORING,RV-02
ALT-202608-005142,APP-202608-029985,R0079,2026-08-22T13:49:04,DOCUMENT,RV-05
ALT-202608-005143,APP-202608-030750,R0129,2026-08-31T06:04:20,HIGH_VALUE,RV-06
ALT-202608-005144,APP-202608-067017,R0045,2026-08-22T10:36:15,IDENTITY,RV-01
ALT-202608-005145,APP-202608-037882,R0129,2026-08-18T21:57:51,TRANSACTION_MONITORING,RV-01
ALT-202608-005146,APP-202608-069203,R0064,2026-08-01T16:57:21,DOCUMENT,RV-02
ALT-202608-005147,APP-202608-061250,R0129,2026-08-28T14:48:07,HIGH_VALUE,RV-06
ALT-202608-005148,APP-202608-050881,R0250,2026-08-07T21:43:32,IDENTITY,RV-01
ALT-202608-005149,APP-202608-026511,R0002,2026-08-25T19:55:42,TRANSACTION_MONITORING,RV-06
ALT-202608-005150,APP-202608-007291,R0217,2026-08-20T13:16:54,DOCUMENT,RV-04
ALT-202608-005151,APP-202608-063196,R0261,2026-08-29T21:31:22,HIGH_VALUE,RV-02
ALT-202608-005152,APP-202608-074377,R0250,2026-08-07T22:19:32,IDENTITY,RV-06
ALT-202608-005153,APP-202608-056485,R0335,2026-08-05T18:56:01,TRANSACTION_MONITORING,RV-06
ALT-202608-005154,APP-202608-041852,R0250,2026-08-19T06:17:24,DOCUMENT,RV-06
ALT-202608-005155,APP-202608-063165,R0281,2026-08-19T17:22:05,HIGH_VALUE,RV-03
ALT-202608-005156,APP-202608-010166,R0129,2026-08-20T17:02:37,IDENTITY,RV-05
ALT-202608-005157,APP-202608-051993,R0322,2026-08-28T15:00:21,TRANSACTION_MONITORING,RV-03
ALT-202608-005158,APP-202608-015630,R0322,2026-08-23T15:26:41,DOCUMENT,RV-06
ALT-202608-005159,APP-202608-014538,R0261,2026-08-27T16:51:45,HIGH_VALUE,RV-06
ALT-202608-005160,APP-202608-060060,R0322,2026-08-20T08:29:30,IDENTITY,RV-06
ALT-202608-005161,APP-202608-031520,R0002,2026-08-20T21:04:00,TRANSACTION_MONITORING,RV-03
ALT-202608-005162,APP-202608-065269,R0081,2026-08-18T16:34:09,DOCUMENT,RV-04
ALT-202608-005163,APP-202608-037747,R0079,2026-08-13T22:05:58,HIGH_VALUE,RV-04
ALT-202608-005164,APP-202608-066975,R0335,2026-08-19T13:30:20,IDENTITY,RV-05
ALT-202608-005165,APP-202608-052395,R0250,2026-08-24T20:49:49,TRANSACTION_MONITORING,RV-03
ALT-202608-005166,APP-202608-069508,R0250,2026-08-30T18:39:45,DOCUMENT,RV-05
ALT-202608-005167,APP-202608-016371,R0130,2026-08-06T18:09:43,HIGH_VALUE,RV-01
ALT-202608-005168,APP-202608-045158,R0129,2026-08-31T19:26:44,IDENTITY,RV-02
ALT-202608-005169,APP-202608-018789,R0252,2026-08-08T08:14:27,TRANSACTION_MONITORING,RV-06
ALT-202608-005170,APP-202608-003632,R0130,2026-08-23T22:51:19,DOCUMENT,RV-06
ALT-202608-005171,APP-202608-055109,R0045,2026-08-05T21:53:58,HIGH_VALUE,RV-04
ALT-202608-005172,APP-202608-056480,R0217,2026-08-27T20:51:32,IDENTITY,RV-06
ALT-202608-005173,APP-202608-069115,R0115,2026-08-17T11:12:56,TRANSACTION_MONITORING,RV-03
ALT-202608-005174,APP-202608-028079,R0076,2026-08-16T14:23:13,DOCUMENT,RV-05
ALT-202608-005175,APP-202608-055432,R0335,2026-08-19T14:17:39,HIGH_VALUE,RV-05
ALT-202608-005176,APP-202608-037779,R0079,2026-08-19T12:57:36,IDENTITY,RV-06
ALT-202608-005177,APP-202608-006716,R0001,2026-08-24T10:31:16,TRANSACTION_MONITORING,RV-03
ALT-202608-005178,APP-202608-031287,R0158,2026-08-13T09:41:12,DOCUMENT,RV-05
ALT-202608-005179,APP-202608-073686,R0335,2026-08-14T06:19:14,HIGH_VALUE,RV-02
ALT-202608-005180,APP-202608-017516,R0129,2026-08-13T10:16:23,IDENTITY,RV-03
ALT-202608-005181,APP-202608-031579,R0130,2026-08-20T21:04:52,TRANSACTION_MONITORING,RV-01
ALT-202608-005182,APP-202608-005978,R0079,2026-08-26T10:37:08,DOCUMENT,RV-02
ALT-202608-005183,APP-202608-005326,R0079,2026-08-22T14:22:15,HIGH_VALUE,RV-04
ALT-202608-005184,APP-202608-047625,R0217,2026-08-29T18:04:06,IDENTITY,RV-02
ALT-202608-005185,APP-202608-001162,R0129,2026-08-21T11:28:20,TRANSACTION_MONITORING,RV-02
ALT-202608-005186,APP-202608-048864,R0045,2026-08-25T21:38:13,DOCUMENT,RV-03
ALT-202608-005187,APP-202608-012328,R0130,2026-08-18T10:37:13,HIGH_VALUE,RV-02
ALT-202608-005188,APP-202608-067234,R0071,2026-08-24T16:40:04,IDENTITY,RV-02
ALT-202608-005189,APP-202608-071811,R0076,2026-08-05T14:46:48,TRANSACTION_MONITORING,RV-01
ALT-202608-005190,APP-202608-022597,R0261,2026-08-29T14:54:16,DOCUMENT,RV-03
ALT-202608-005191,APP-202608-059739,R0335,2026-08-24T15:40:33,HIGH_VALUE,RV-02
ALT-202608-005192,APP-202608-034677,R0129,2026-08-29T09:16:59,IDENTITY,RV-04
ALT-202608-005193,APP-202608-039433,R0250,2026-08-28T16:10:30,TRANSACTION_MONITORING,RV-03
ALT-202608-005194,APP-202608-051352,R0252,2026-08-19T15:22:21,DOCUMENT,RV-06
ALT-202608-005195,APP-202608-066252,R0335,2026-08-18T07:50:56,HIGH_VALUE,RV-06
ALT-202608-005196,APP-202608-027771,R0001,2026-08-25T20:39:01,IDENTITY,RV-06
ALT-202608-005197,APP-202608-022284,R0252,2026-08-22T06:53:05,TRANSACTION_MONITORING,RV-01
ALT-202608-005198,APP-202608-020810,R0247,2026-08-18T14:09:46,DOCUMENT,RV-06
ALT-202608-005199,APP-202608-046461,R0142,2026-08-17T13:00:26,HIGH_VALUE,RV-02
ALT-202608-005200,APP-202608-055514,R0064,2026-08-28T07:46:17,IDENTITY,RV-06
ALT-202608-005201,APP-202608-072848,R0247,2026-08-09T13:31:00,TRANSACTION_MONITORING,RV-01
ALT-202608-005202,APP-202608-069565,R0261,2026-08-09T11:37:59,DOCUMENT,RV-04
ALT-202608-005203,APP-202608-022672,R0313,2026-08-24T20:34:25,HIGH_VALUE,RV-06
ALT-202608-005204,APP-202608-061665,R0252,2026-08-31T11:17:57,IDENTITY,RV-02
ALT-202608-005205,APP-202608-050978,R0071,2026-08-01T10:15:54,TRANSACTION_MONITORING,RV-05
ALT-202608-005206,APP-202608-069539,R0079,2026-08-08T11:53:59,DOCUMENT,RV-04
ALT-202608-005207,APP-202608-016293,R0335,2026-08-23T13:52:49,HIGH_VALUE,RV-04
ALT-202608-005208,APP-202608-031981,R0129,2026-08-21T16:16:06,IDENTITY,RV-03
ALT-202608-005209,APP-202608-004062,R0129,2026-08-18T08:12:18,TRANSACTION_MONITORING,RV-03
ALT-202608-005210,APP-202608-044912,R0252,2026-08-15T12:17:21,DOCUMENT,RV-06
ALT-202608-005211,APP-202608-037526,R0129,2026-08-15T10:00:10,HIGH_VALUE,RV-03
ALT-202608-005212,APP-202608-059520,R0335,2026-08-01T21:57:13,IDENTITY,RV-05
ALT-202608-005213,APP-202608-034429,R0081,2026-08-28T10:45:06,TRANSACTION_MONITORING,RV-06
ALT-202608-005214,APP-202608-056751,R0129,2026-08-31T21:05:23,DOCUMENT,RV-03
ALT-202608-005215,APP-202608-072736,R0129,2026-08-18T15:12:04,HIGH_VALUE,RV-05
ALT-202608-005216,APP-202608-000808,R0071,2026-08-17T16:07:07,IDENTITY,RV-03
ALT-202608-005217,APP-202608-036847,R0261,2026-08-05T06:39:32,TRANSACTION_MONITORING,RV-02
ALT-202608-005218,APP-202608-019452,R0081,2026-08-29T18:42:20,DOCUMENT,RV-02
ALT-202608-005219,APP-202608-043252,R0158,2026-08-11T13:29:44,HIGH_VALUE,RV-05
ALT-202608-005220,APP-202608-067979,R0247,2026-08-12T06:33:23,IDENTITY,RV-05
ALT-202608-005221,APP-202608-014669,R0129,2026-08-20T18:43:21,TRANSACTION_MONITORING,RV-05
ALT-202608-005222,APP-202608-012664,R0079,2026-08-09T19:25:23,DOCUMENT,RV-05
ALT-202608-005223,APP-202608-048011,R0247,2026-08-12T08:57:25,HIGH_VALUE,RV-06
ALT-202608-005224,APP-202608-056792,R0217,2026-08-12T12:36:37,IDENTITY,RV-02
ALT-202608-005225,APP-202608-010026,R0081,2026-08-13T07:01:28,TRANSACTION_MONITORING,RV-06
ALT-202608-005226,APP-202608-032980,R0064,2026-08-10T14:53:59,DOCUMENT,RV-03
ALT-202608-005227,APP-202608-016919,R0313,2026-08-26T17:05:46,HIGH_VALUE,RV-01
ALT-202608-005228,APP-202608-010480,R0071,2026-08-23T19:42:07,IDENTITY,RV-05
ALT-202608-005229,APP-202608-050868,R0076,2026-08-31T19:23:55,TRANSACTION_MONITORING,RV-03
ALT-202608-005230,APP-202608-074553,R0281,2026-08-27T17:07:13,DOCUMENT,RV-03
ALT-202608-005231,APP-202608-056484,R0129,2026-08-13T22:18:57,HIGH_VALUE,RV-05
ALT-202608-005232,APP-202608-032053,R0129,2026-08-03T07:07:06,IDENTITY,RV-01
ALT-202608-005233,APP-202608-051153,R0158,2026-08-16T09:06:47,TRANSACTION_MONITORING,RV-03
ALT-202608-005234,APP-202608-070805,R0129,2026-08-29T22:29:12,DOCUMENT,RV-06
ALT-202608-005235,APP-202608-003099,R0335,2026-08-13T08:51:49,HIGH_VALUE,RV-03
ALT-202608-005236,APP-202608-033635,R0217,2026-08-14T18:54:03,IDENTITY,RV-04
ALT-202608-005237,APP-202608-051469,R0129,2026-08-16T16:28:03,TRANSACTION_MONITORING,RV-06
ALT-202608-005238,APP-202608-058017,R0142,2026-08-21T06:55:00,DOCUMENT,RV-04
ALT-202608-005239,APP-202608-011470,R0217,2026-08-18T19:59:08,HIGH_VALUE,RV-05
ALT-202608-005240,APP-202608-040259,R0247,2026-08-19T16:57:58,IDENTITY,RV-04
ALT-202608-005241,APP-202608-016314,R0129,2026-08-31T16:24:20,TRANSACTION_MONITORING,RV-06
ALT-202608-005242,APP-202608-014986,R0261,2026-08-03T16:03:22,DOCUMENT,RV-06
ALT-202608-005243,APP-202608-013130,R0071,2026-08-20T14:04:55,HIGH_VALUE,RV-01
ALT-202608-005244,APP-202608-054135,R0036,2026-08-14T22:21:04,IDENTITY,RV-05
ALT-202608-005245,APP-202608-062187,R0079,2026-08-07T15:42:04,TRANSACTION_MONITORING,RV-02
ALT-202608-005246,APP-202608-032852,R0261,2026-08-31T11:50:51,DOCUMENT,RV-03
ALT-202608-005247,APP-202608-046449,R0302,2026-08-05T12:47:38,HIGH_VALUE,RV-06
ALT-202608-005248,APP-202608-011932,R0315,2026-08-16T07:54:48,IDENTITY,RV-02
ALT-202608-005249,APP-202608-019542,R0261,2026-08-22T14:51:28,TRANSACTION_MONITORING,RV-05
ALT-202608-005250,APP-202608-024045,R0313,2026-08-06T08:12:54,DOCUMENT,RV-04
ALT-202608-005251,APP-202608-048494,R0335,2026-08-04T12:19:42,HIGH_VALUE,RV-03
ALT-202608-005252,APP-202608-069439,R0261,2026-08-01T22:55:04,IDENTITY,RV-06
ALT-202608-005253,APP-202608-050151,R0129,2026-08-18T13:11:33,TRANSACTION_MONITORING,RV-01
ALT-202608-005254,APP-202608-045884,R0261,2026-08-15T22:34:27,DOCUMENT,RV-01
ALT-202608-005255,APP-202608-031177,R0217,2026-08-07T16:07:05,HIGH_VALUE,RV-06
ALT-202608-005256,APP-202608-007061,R0079,2026-08-28T06:53:12,IDENTITY,RV-05
ALT-202608-005257,APP-202608-060980,R0261,2026-08-27T07:08:27,TRANSACTION_MONITORING,RV-02
ALT-202608-005258,APP-202608-034515,R0252,2026-08-04T19:58:02,DOCUMENT,RV-06
ALT-202608-005259,APP-202608-009541,R0115,2026-08-18T07:48:19,HIGH_VALUE,RV-06
ALT-202608-005260,APP-202608-052930,R0129,2026-08-30T17:00:36,IDENTITY,RV-03
ALT-202608-005261,APP-202608-071914,R0313,2026-08-01T19:17:48,TRANSACTION_MONITORING,RV-02
ALT-202608-005262,APP-202608-066868,R0322,2026-08-02T21:43:57,DOCUMENT,RV-04
ALT-202608-005263,APP-202608-064521,R0130,2026-08-19T14:07:08,HIGH_VALUE,RV-04
ALT-202608-005264,APP-202608-059322,R0129,2026-08-23T16:12:27,IDENTITY,RV-06
ALT-202608-005265,APP-202608-029388,R0129,2026-08-29T16:03:57,TRANSACTION_MONITORING,RV-02
ALT-202608-005266,APP-202608-044280,R0129,2026-08-21T20:49:06,DOCUMENT,RV-05
ALT-202608-005267,APP-202608-026077,R0322,2026-08-15T16:23:11,HIGH_VALUE,RV-01
ALT-202608-005268,APP-202608-035978,R0335,2026-08-09T06:13:07,IDENTITY,RV-03
ALT-202608-005269,APP-202608-020284,R0158,2026-08-11T09:47:41,TRANSACTION_MONITORING,RV-04
ALT-202608-005270,APP-202608-055246,R0335,2026-08-24T18:57:26,DOCUMENT,RV-04
ALT-202608-005271,APP-202608-021619,R0001,2026-08-27T15:20:38,HIGH_VALUE,RV-04
ALT-202608-005272,APP-202608-045819,R0247,2026-08-02T21:45:27,IDENTITY,RV-06
ALT-202608-005273,APP-202608-021959,R0158,2026-08-17T09:12:21,TRANSACTION_MONITORING,RV-06
ALT-202608-005274,APP-202608-005895,R0129,2026-08-10T08:44:14,DOCUMENT,RV-05
ALT-202608-005275,APP-202608-021083,R0322,2026-08-01T13:58:12,HIGH_VALUE,RV-03
ALT-202608-005276,APP-202608-065526,R0079,2026-08-05T18:49:34,IDENTITY,RV-03
ALT-202608-005277,APP-202608-031074,R0129,2026-08-08T20:10:51,TRANSACTION_MONITORING,RV-06
ALT-202608-005278,APP-202608-026938,R0071,2026-08-12T14:35:32,DOCUMENT,RV-05
ALT-202608-005279,APP-202608-013284,R0071,2026-08-20T10:07:54,HIGH_VALUE,RV-05
ALT-202608-005280,APP-202608-034719,R0142,2026-08-30T08:22:07,IDENTITY,RV-06
ALT-202608-005281,APP-202608-006838,R0158,2026-08-27T14:05:37,TRANSACTION_MONITORING,RV-01
ALT-202608-005282,APP-202608-040229,R0261,2026-08-03T20:55:01,DOCUMENT,RV-02
ALT-202608-005283,APP-202608-057083,R0322,2026-08-18T20:27:25,HIGH_VALUE,RV-02
ALT-202608-005284,APP-202608-013300,R0079,2026-08-22T10:39:48,IDENTITY,RV-02
ALT-202608-005285,APP-202608-052444,R0315,2026-08-13T16:20:32,TRANSACTION_MONITORING,RV-02
ALT-202608-005286,APP-202608-025961,R0322,2026-08-19T20:11:33,DOCUMENT,RV-02
ALT-202608-005287,APP-202608-053435,R0031,2026-08-15T14:31:20,HIGH_VALUE,RV-06
ALT-202608-005288,APP-202608-040670,R0335,2026-08-14T16:59:55,IDENTITY,RV-02
ALT-202608-005289,APP-202608-055520,R0081,2026-08-26T09:44:59,TRANSACTION_MONITORING,RV-04
ALT-202608-005290,APP-202608-004192,R0081,2026-08-15T07:55:01,DOCUMENT,RV-04
ALT-202608-005291,APP-202608-062442,R0247,2026-08-18T06:35:50,HIGH_VALUE,RV-02
ALT-202608-005292,APP-202608-060558,R0081,2026-08-27T08:25:46,IDENTITY,RV-03
ALT-202608-005293,APP-202608-046704,R0081,2026-08-23T10:40:27,TRANSACTION_MONITORING,RV-04
ALT-202608-005294,APP-202608-025251,R0322,2026-08-27T19:50:00,DOCUMENT,RV-04
ALT-202608-005295,APP-202608-052216,R0002,2026-08-23T14:20:28,HIGH_VALUE,RV-02
ALT-202608-005296,APP-202608-016276,R0322,2026-08-30T09:27:53,IDENTITY,RV-04
ALT-202608-005297,APP-202608-020131,R0322,2026-08-08T17:52:32,TRANSACTION_MONITORING,RV-03
ALT-202608-005298,APP-202608-056591,R0158,2026-08-06T10:36:02,DOCUMENT,RV-06
ALT-202608-005299,APP-202608-014563,R0261,2026-08-04T19:29:16,HIGH_VALUE,RV-02
ALT-202608-005300,APP-202608-038845,R0281,2026-08-07T12:21:18,IDENTITY,RV-01
ALT-202608-005301,APP-202608-030092,R0335,2026-08-22T16:37:50,TRANSACTION_MONITORING,RV-04
ALT-202608-005302,APP-202608-008715,R0002,2026-08-22T07:33:57,DOCUMENT,RV-05
ALT-202608-005303,APP-202608-013572,R0109,2026-08-17T12:25:32,HIGH_VALUE,RV-05
ALT-202608-005304,APP-202608-024057,R0129,2026-08-02T19:08:48,IDENTITY,RV-01
ALT-202608-005305,APP-202608-069518,R0315,2026-08-01T22:57:13,TRANSACTION_MONITORING,RV-01
ALT-202608-005306,APP-202608-038187,R0079,2026-08-27T08:27:33,DOCUMENT,RV-04
ALT-202608-005307,APP-202608-040608,R0081,2026-08-10T11:29:42,HIGH_VALUE,RV-01
ALT-202608-005308,APP-202608-015688,R0217,2026-08-25T15:31:46,IDENTITY,RV-06
ALT-202608-005309,APP-202608-045192,R0247,2026-08-31T12:56:17,TRANSACTION_MONITORING,RV-05
ALT-202608-005310,APP-202608-072509,R0142,2026-08-27T08:47:07,DOCUMENT,RV-01
ALT-202608-005311,APP-202608-069544,R0079,2026-08-30T11:34:17,HIGH_VALUE,RV-02
ALT-202608-005312,APP-202608-005271,R0129,2026-08-25T14:49:30,IDENTITY,RV-01
ALT-202608-005313,APP-202608-001640,R0261,2026-08-16T19:46:49,TRANSACTION_MONITORING,RV-04
ALT-202608-005314,APP-202608-055521,R0281,2026-08-07T17:37:24,DOCUMENT,RV-06
ALT-202608-005315,APP-202608-066526,R0064,2026-08-06T08:29:40,HIGH_VALUE,RV-06
ALT-202608-005316,APP-202608-015783,R0261,2026-08-05T21:04:47,IDENTITY,RV-06
ALT-202608-005317,APP-202608-028052,R0109,2026-08-09T19:23:28,TRANSACTION_MONITORING,RV-03
ALT-202608-005318,APP-202608-003601,R0322,2026-08-07T09:17:43,DOCUMENT,RV-01
ALT-202608-005319,APP-202608-017417,R0322,2026-08-29T16:27:17,HIGH_VALUE,RV-04
ALT-202608-005320,APP-202608-032974,R0217,2026-08-11T12:06:53,IDENTITY,RV-03
ALT-202608-005321,APP-202608-069038,R0247,2026-08-19T12:47:35,TRANSACTION_MONITORING,RV-05
ALT-202608-005322,APP-202608-054491,R0076,2026-08-13T07:43:46,DOCUMENT,RV-05
ALT-202608-005323,APP-202608-068918,R0064,2026-08-02T15:11:17,HIGH_VALUE,RV-01
ALT-202608-005324,APP-202608-023514,R0129,2026-08-01T07:54:35,IDENTITY,RV-02
ALT-202608-005325,APP-202608-026708,R0129,2026-08-20T19:49:25,TRANSACTION_MONITORING,RV-05
ALT-202608-005326,APP-202608-006202,R0129,2026-08-11T13:12:53,DOCUMENT,RV-02
ALT-202608-005327,APP-202608-036389,R0129,2026-08-21T14:57:23,HIGH_VALUE,RV-05
ALT-202608-005328,APP-202608-060174,R0079,2026-08-29T15:53:34,IDENTITY,RV-03
ALT-202608-005329,APP-202608-043215,R0130,2026-08-10T14:26:55,TRANSACTION_MONITORING,RV-02
ALT-202608-005330,APP-202608-038343,R0081,2026-08-13T09:57:29,DOCUMENT,RV-04
ALT-202608-005331,APP-202608-020924,R0129,2026-08-08T21:05:40,HIGH_VALUE,RV-06
ALT-202608-005332,APP-202608-031985,R0335,2026-08-25T10:00:37,IDENTITY,RV-06
ALT-202608-005333,APP-202608-054282,R0310,2026-08-02T15:28:40,TRANSACTION_MONITORING,RV-06
ALT-202608-005334,APP-202608-000840,R0335,2026-08-18T15:38:26,DOCUMENT,RV-02
ALT-202608-005335,APP-202608-009713,R0002,2026-08-22T09:01:55,HIGH_VALUE,RV-02
ALT-202608-005336,APP-202608-046578,R0335,2026-08-15T11:05:58,IDENTITY,RV-06
ALT-202608-005337,APP-202608-051680,R0076,2026-08-20T15:40:44,TRANSACTION_MONITORING,RV-02
ALT-202608-005338,APP-202608-032466,R0071,2026-08-22T20:12:04,DOCUMENT,RV-03
ALT-202608-005339,APP-202608-000120,R0261,2026-08-06T14:21:31,HIGH_VALUE,RV-04
ALT-202608-005340,APP-202608-068107,R0109,2026-08-31T15:21:33,IDENTITY,RV-03
ALT-202608-005341,APP-202608-053556,R0158,2026-08-14T13:52:05,TRANSACTION_MONITORING,RV-03
ALT-202608-005342,APP-202608-006994,R0335,2026-08-23T07:36:07,DOCUMENT,RV-05
ALT-202608-005343,APP-202608-035252,R0261,2026-08-30T17:21:29,HIGH_VALUE,RV-04
ALT-202608-005344,APP-202608-029878,R0281,2026-08-21T08:37:22,IDENTITY,RV-03
ALT-202608-005345,APP-202608-016671,R0071,2026-08-09T20:10:48,TRANSACTION_MONITORING,RV-06
ALT-202608-005346,APP-202608-028907,R0261,2026-08-05T21:46:24,DOCUMENT,RV-04
ALT-202608-005347,APP-202608-007650,R0261,2026-08-22T12:06:23,HIGH_VALUE,RV-06
ALT-202608-005348,APP-202608-041582,R0045,2026-08-27T18:21:15,IDENTITY,RV-02
ALT-202608-005349,APP-202608-055021,R0079,2026-08-28T09:44:14,TRANSACTION_MONITORING,RV-03
ALT-202608-005350,APP-202608-062540,R0250,2026-08-04T16:59:38,DOCUMENT,RV-06
ALT-202608-005351,APP-202608-014065,R0250,2026-08-09T16:37:37,HIGH_VALUE,RV-05
ALT-202608-005352,APP-202608-047649,R0129,2026-08-08T17:24:46,IDENTITY,RV-03
ALT-202608-005353,APP-202608-020427,R0335,2026-08-14T22:20:03,TRANSACTION_MONITORING,RV-02
ALT-202608-005354,APP-202608-051359,R0130,2026-08-29T11:01:36,DOCUMENT,RV-05
ALT-202608-005355,APP-202608-013122,R0071,2026-08-07T12:31:41,HIGH_VALUE,RV-06
ALT-202608-005356,APP-202608-015894,R0071,2026-08-11T12:37:47,IDENTITY,RV-03
ALT-202608-005357,APP-202608-060134,R0130,2026-08-02T10:19:16,TRANSACTION_MONITORING,RV-06
ALT-202608-005358,APP-202608-047415,R0252,2026-08-22T12:54:51,DOCUMENT,RV-06
ALT-202608-005359,APP-202608-028469,R0158,2026-08-30T11:37:08,HIGH_VALUE,RV-01
ALT-202608-005360,APP-202608-021760,R0071,2026-08-04T06:28:39,IDENTITY,RV-03
ALT-202608-005361,APP-202608-038233,R0247,2026-08-21T11:14:43,TRANSACTION_MONITORING,RV-05
ALT-202608-005362,APP-202608-038939,R0335,2026-08-25T06:28:14,DOCUMENT,RV-04
ALT-202608-005363,APP-202608-034527,R0001,2026-08-09T10:56:57,HIGH_VALUE,RV-04
ALT-202608-005364,APP-202608-028298,R0140,2026-08-30T15:41:10,IDENTITY,RV-02
ALT-202608-005365,APP-202608-070258,R0315,2026-08-04T07:06:28,TRANSACTION_MONITORING,RV-05
ALT-202608-005366,APP-202608-045798,R0252,2026-08-15T14:59:03,DOCUMENT,RV-04
ALT-202608-005367,APP-202608-045316,R0076,2026-08-23T15:28:33,HIGH_VALUE,RV-03
ALT-202608-005368,APP-202608-066193,R0252,2026-08-15T12:22:45,IDENTITY,RV-04
ALT-202608-005369,APP-202608-014037,R0252,2026-08-16T20:38:08,TRANSACTION_MONITORING,RV-02
ALT-202608-005370,APP-202608-060281,R0335,2026-08-28T14:05:40,DOCUMENT,RV-06
ALT-202608-005371,APP-202608-006120,R0247,2026-08-08T20:55:58,HIGH_VALUE,RV-04
ALT-202608-005372,APP-202608-045780,R0335,2026-08-11T15:26:23,IDENTITY,RV-05
ALT-202608-005373,APP-202608-059106,R0001,2026-08-18T17:25:54,TRANSACTION_MONITORING,RV-06
ALT-202608-005374,APP-202608-044959,R0109,2026-08-30T08:49:09,DOCUMENT,RV-04
ALT-202608-005375,APP-202608-005476,R0335,2026-08-01T17:39:34,HIGH_VALUE,RV-01
ALT-202608-005376,APP-202608-070011,R0129,2026-08-17T14:47:08,IDENTITY,RV-03
ALT-202608-005377,APP-202608-074884,R0302,2026-08-25T10:03:18,TRANSACTION_MONITORING,RV-06
ALT-202608-005378,APP-202608-069831,R0064,2026-08-18T22:26:10,DOCUMENT,RV-02
ALT-202608-005379,APP-202608-016884,R0064,2026-08-01T17:42:23,HIGH_VALUE,RV-05
ALT-202608-005380,APP-202608-049074,R0115,2026-08-14T18:03:38,IDENTITY,RV-01
ALT-202608-005381,APP-202608-017358,R0081,2026-08-29T07:53:40,TRANSACTION_MONITORING,RV-04
ALT-202608-005382,APP-202608-058603,R0252,2026-08-22T15:03:50,DOCUMENT,RV-06
ALT-202608-005383,APP-202608-070273,R0322,2026-08-01T22:34:58,HIGH_VALUE,RV-05
ALT-202608-005384,APP-202608-046501,R0261,2026-08-11T07:01:53,IDENTITY,RV-04
ALT-202608-005385,APP-202608-063828,R0079,2026-08-31T17:52:08,TRANSACTION_MONITORING,RV-05
ALT-202608-005386,APP-202608-031297,R0252,2026-08-16T18:04:31,DOCUMENT,RV-06
ALT-202608-005387,APP-202608-025329,R0109,2026-08-13T10:17:29,HIGH_VALUE,RV-04
ALT-202608-005388,APP-202608-024715,R0079,2026-08-15T08:19:42,IDENTITY,RV-02
ALT-202608-005389,APP-202608-046404,R0313,2026-08-30T08:19:33,TRANSACTION_MONITORING,RV-04
ALT-202608-005390,APP-202608-037462,R0250,2026-08-02T18:14:21,DOCUMENT,RV-06
ALT-202608-005391,APP-202608-011515,R0038,2026-08-11T15:52:23,HIGH_VALUE,RV-06
ALT-202608-005392,APP-202608-047683,R0335,2026-08-24T09:31:00,IDENTITY,RV-05
ALT-202608-005393,APP-202608-060481,R0250,2026-08-15T16:38:24,TRANSACTION_MONITORING,RV-04
ALT-202608-005394,APP-202608-019625,R0129,2026-08-22T08:18:14,DOCUMENT,RV-05
ALT-202608-005395,APP-202608-064943,R0158,2026-08-01T13:13:59,HIGH_VALUE,RV-04
ALT-202608-005396,APP-202608-001601,R0129,2026-08-12T11:57:50,IDENTITY,RV-04
ALT-202608-005397,APP-202608-005971,R0261,2026-08-29T11:42:43,TRANSACTION_MONITORING,RV-01
ALT-202608-005398,APP-202608-050890,R0130,2026-08-27T07:17:18,DOCUMENT,RV-03
ALT-202608-005399,APP-202608-020842,R0071,2026-08-27T21:34:25,HIGH_VALUE,RV-04
ALT-202608-005400,APP-202608-008354,R0313,2026-08-26T13:41:24,IDENTITY,RV-05
ALT-202608-005401,APP-202608-025178,R0071,2026-08-02T10:56:58,TRANSACTION_MONITORING,RV-04
ALT-202608-005402,APP-202608-063861,R0076,2026-08-06T20:45:18,DOCUMENT,RV-02
ALT-202608-005403,APP-202608-062496,R0250,2026-08-05T12:43:29,HIGH_VALUE,RV-02
ALT-202608-005404,APP-202608-036538,R0031,2026-08-16T22:23:14,IDENTITY,RV-01
ALT-202608-005405,APP-202608-055610,R0217,2026-08-13T13:25:54,TRANSACTION_MONITORING,RV-03
ALT-202608-005406,APP-202608-008095,R0079,2026-08-10T13:30:31,DOCUMENT,RV-05
ALT-202608-005407,APP-202608-032993,R0335,2026-08-25T09:33:01,HIGH_VALUE,RV-05
ALT-202608-005408,APP-202608-046939,R0079,2026-08-11T06:34:42,IDENTITY,RV-05
ALT-202608-005409,APP-202608-045585,R0096,2026-08-18T09:18:36,TRANSACTION_MONITORING,RV-04
ALT-202608-005410,APP-202608-065192,R0070,2026-08-25T10:59:02,DOCUMENT,RV-06
ALT-202608-005411,APP-202608-058846,R0129,2026-08-14T06:30:09,HIGH_VALUE,RV-01
ALT-202608-005412,APP-202608-036628,R0281,2026-08-09T16:15:37,IDENTITY,RV-01
ALT-202608-005413,APP-202608-036137,R0071,2026-08-23T11:21:44,TRANSACTION_MONITORING,RV-05
ALT-202608-005414,APP-202608-067697,R0129,2026-08-24T18:43:26,DOCUMENT,RV-06
ALT-202608-005415,APP-202608-069702,R0079,2026-08-20T20:20:41,HIGH_VALUE,RV-06
ALT-202608-005416,APP-202608-024443,R0247,2026-08-19T08:05:40,IDENTITY,RV-04
ALT-202608-005417,APP-202608-002127,R0079,2026-08-15T11:55:03,TRANSACTION_MONITORING,RV-01
ALT-202608-005418,APP-202608-071642,R0129,2026-08-03T09:13:54,DOCUMENT,RV-02
ALT-202608-005419,APP-202608-044766,R0261,2026-08-18T16:52:44,HIGH_VALUE,RV-01
ALT-202608-005420,APP-202608-070980,R0247,2026-08-24T08:03:18,IDENTITY,RV-04
ALT-202608-005421,APP-202608-026344,R0129,2026-08-06T14:07:04,TRANSACTION_MONITORING,RV-04
ALT-202608-005422,APP-202608-016329,R0252,2026-08-19T20:59:13,DOCUMENT,RV-04
ALT-202608-005423,APP-202608-030100,R0045,2026-08-17T18:43:17,HIGH_VALUE,RV-03
ALT-202608-005424,APP-202608-025581,R0281,2026-08-18T16:36:16,IDENTITY,RV-05
ALT-202608-005425,APP-202608-043747,R0158,2026-08-25T11:09:58,TRANSACTION_MONITORING,RV-03
ALT-202608-005426,APP-202608-035640,R0261,2026-08-19T16:33:51,DOCUMENT,RV-05
ALT-202608-005427,APP-202608-053430,R0217,2026-08-20T08:10:24,HIGH_VALUE,RV-02
ALT-202608-005428,APP-202608-036446,R0261,2026-08-28T22:55:44,IDENTITY,RV-02
ALT-202608-005429,APP-202608-072844,R0158,2026-08-25T10:27:37,TRANSACTION_MONITORING,RV-04
ALT-202608-005430,APP-202608-023867,R0129,2026-08-07T14:04:17,DOCUMENT,RV-02
ALT-202608-005431,APP-202608-004158,R0079,2026-08-03T07:07:19,HIGH_VALUE,RV-06
ALT-202608-005432,APP-202608-017280,R0302,2026-08-03T11:08:09,IDENTITY,RV-04
ALT-202608-005433,APP-202608-038612,R0115,2026-08-02T12:33:39,TRANSACTION_MONITORING,RV-04
ALT-202608-005434,APP-202608-039569,R0115,2026-08-09T09:33:50,DOCUMENT,RV-04
ALT-202608-005435,APP-202608-064042,R0322,2026-08-05T10:37:34,HIGH_VALUE,RV-05
ALT-202608-005436,APP-202608-039423,R0079,2026-08-09T17:06:30,IDENTITY,RV-03
ALT-202608-005437,APP-202608-062282,R0313,2026-08-08T12:05:44,TRANSACTION_MONITORING,RV-03
ALT-202608-005438,APP-202608-036622,R0252,2026-08-07T13:39:40,DOCUMENT,RV-05
ALT-202608-005439,APP-202608-022632,R0079,2026-08-11T07:40:00,HIGH_VALUE,RV-01
ALT-202608-005440,APP-202608-021055,R0129,2026-08-21T06:07:44,IDENTITY,RV-05
ALT-202608-005441,APP-202608-058843,R0335,2026-08-19T11:57:14,TRANSACTION_MONITORING,RV-05
ALT-202608-005442,APP-202608-072399,R0142,2026-08-17T08:02:10,DOCUMENT,RV-02
ALT-202608-005443,APP-202608-021572,R0261,2026-08-20T19:03:27,HIGH_VALUE,RV-05
ALT-202608-005444,APP-202608-041987,R0002,2026-08-24T22:09:07,IDENTITY,RV-04
ALT-202608-005445,APP-202608-017107,R0109,2026-08-21T08:46:11,TRANSACTION_MONITORING,RV-02
ALT-202608-005446,APP-202608-003564,R0129,2026-08-21T12:21:54,DOCUMENT,RV-02
ALT-202608-005447,APP-202608-009275,R0130,2026-08-09T12:17:41,HIGH_VALUE,RV-05
ALT-202608-005448,APP-202608-072398,R0335,2026-08-17T11:47:15,IDENTITY,RV-03
ALT-202608-005449,APP-202608-033482,R0250,2026-08-13T17:40:26,TRANSACTION_MONITORING,RV-01
ALT-202608-005450,APP-202608-054048,R0070,2026-08-12T08:20:00,DOCUMENT,RV-04
ALT-202608-005451,APP-202608-072161,R0261,2026-08-21T10:54:26,HIGH_VALUE,RV-01
ALT-202608-005452,APP-202608-005408,R0001,2026-08-09T17:05:54,IDENTITY,RV-06
ALT-202608-005453,APP-202608-019979,R0142,2026-08-10T08:14:34,TRANSACTION_MONITORING,RV-03
ALT-202608-005454,APP-202608-069133,R0313,2026-08-19T06:17:55,DOCUMENT,RV-03
ALT-202608-005455,APP-202608-025350,R0130,2026-08-12T06:46:42,HIGH_VALUE,RV-01
ALT-202608-005456,APP-202608-067229,R0129,2026-08-27T09:39:35,IDENTITY,RV-01
ALT-202608-005457,APP-202608-047171,R0064,2026-08-27T15:30:03,TRANSACTION_MONITORING,RV-01
ALT-202608-005458,APP-202608-073493,R0322,2026-08-31T09:06:01,DOCUMENT,RV-03
ALT-202608-005459,APP-202608-057617,R0109,2026-08-10T15:26:19,HIGH_VALUE,RV-06
ALT-202608-005460,APP-202608-015725,R0031,2026-08-10T12:42:55,IDENTITY,RV-06
ALT-202608-005461,APP-202608-062219,R0071,2026-08-20T15:23:36,TRANSACTION_MONITORING,RV-06
ALT-202608-005462,APP-202608-020280,R0129,2026-08-03T22:17:41,DOCUMENT,RV-01
ALT-202608-005463,APP-202608-015814,R0129,2026-08-02T06:01:32,HIGH_VALUE,RV-01
ALT-202608-005464,APP-202608-034875,R0217,2026-08-14T12:03:44,IDENTITY,RV-02
ALT-202608-005465,APP-202608-064434,R0322,2026-08-26T09:05:15,TRANSACTION_MONITORING,RV-04
ALT-202608-005466,APP-202608-053663,R0217,2026-08-28T15:14:46,DOCUMENT,RV-04
ALT-202608-005467,APP-202608-020011,R0031,2026-08-14T17:31:26,HIGH_VALUE,RV-03
ALT-202608-005468,APP-202608-001471,R0076,2026-08-08T06:47:35,IDENTITY,RV-02
ALT-202608-005469,APP-202608-034310,R0129,2026-08-13T10:32:37,TRANSACTION_MONITORING,RV-02
ALT-202608-005470,APP-202608-017603,R0250,2026-08-29T18:43:34,DOCUMENT,RV-04
ALT-202608-005471,APP-202608-064233,R0252,2026-08-25T10:08:39,HIGH_VALUE,RV-01
ALT-202608-005472,APP-202608-009131,R0115,2026-08-19T09:45:32,IDENTITY,RV-03
ALT-202608-005473,APP-202608-047305,R0261,2026-08-20T13:59:04,TRANSACTION_MONITORING,RV-01
ALT-202608-005474,APP-202608-056892,R0129,2026-08-06T20:20:31,DOCUMENT,RV-02
ALT-202608-005475,APP-202608-042431,R0252,2026-08-06T17:49:42,HIGH_VALUE,RV-02
ALT-202608-005476,APP-202608-030624,R0081,2026-08-21T08:06:43,IDENTITY,RV-01
ALT-202608-005477,APP-202608-011579,R0109,2026-08-11T16:35:36,TRANSACTION_MONITORING,RV-05
ALT-202608-005478,APP-202608-026692,R0315,2026-08-02T21:27:30,DOCUMENT,RV-02
ALT-202608-005479,APP-202608-032642,R0335,2026-08-24T16:30:09,HIGH_VALUE,RV-04
ALT-202608-005480,APP-202608-019127,R0129,2026-08-02T15:05:07,IDENTITY,RV-01
ALT-202608-005481,APP-202608-000793,R0130,2026-08-07T14:26:12,TRANSACTION_MONITORING,RV-06
ALT-202608-005482,APP-202608-044341,R0129,2026-08-28T11:33:38,DOCUMENT,RV-04
ALT-202608-005483,APP-UNKNOWN-000001,R0999,2026-08-31T07:29:31,IDENTITY,RV-01
