alert_id,application_id,rule_id,created_at,queue,assigned_reviewer_id
ALT-202605-000001,APP-202605-061348,R0109,2026-05-22T16:54:35,TRANSACTION_MONITORING,RV-01
ALT-202605-000002,APP-202605-071835,R0064,2026-05-29T06:37:28,DOCUMENT,RV-03
ALT-202605-000003,APP-202605-007515,R0247,2026-05-31T11:23:17,HIGH_VALUE,RV-06
ALT-202605-000004,APP-202605-066590,R0129,2026-05-27T10:20:53,IDENTITY,RV-06
ALT-202605-000005,APP-202605-040366,R0070,2026-05-03T17:02:44,TRANSACTION_MONITORING,RV-04
ALT-202605-000006,APP-202605-051062,R0076,2026-05-19T21:29:51,DOCUMENT,RV-06
ALT-202605-000007,APP-202605-018737,R0252,2026-05-31T17:20:19,HIGH_VALUE,RV-04
ALT-202605-000008,APP-202605-019384,R0079,2026-05-14T14:51:09,IDENTITY,RV-01
ALT-202605-000009,APP-202605-006041,R0079,2026-05-16T14:08:02,TRANSACTION_MONITORING,RV-01
ALT-202605-000010,APP-202605-063888,R0310,2026-05-23T11:19:02,DOCUMENT,RV-03
ALT-202605-000011,APP-202605-038442,R0001,2026-05-15T18:19:08,HIGH_VALUE,RV-06
ALT-202605-000012,APP-202605-066557,R0129,2026-05-04T18:39:46,IDENTITY,RV-05
ALT-202605-000013,APP-202605-040570,R0071,2026-05-03T20:51:20,TRANSACTION_MONITORING,RV-04
ALT-202605-000014,APP-202605-029938,R0076,2026-05-06T19:25:06,DOCUMENT,RV-01
ALT-202605-000015,APP-202605-069249,R0079,2026-05-29T13:47:46,HIGH_VALUE,RV-01
ALT-202605-000016,APP-202605-045425,R0252,2026-05-22T11:55:56,IDENTITY,RV-04
ALT-202605-000017,APP-202605-004700,R0261,2026-05-03T21:05:13,TRANSACTION_MONITORING,RV-03
ALT-202605-000018,APP-202605-066205,R0129,2026-05-13T14:09:15,DOCUMENT,RV-01
ALT-202605-000019,APP-202605-023794,R0129,2026-05-15T14:39:55,HIGH_VALUE,RV-02
ALT-202605-000020,APP-202605-037589,R0335,2026-05-12T22:03:58,IDENTITY,RV-01
ALT-202605-000021,APP-202605-008087,R0070,2026-05-20T14:57:41,TRANSACTION_MONITORING,RV-04
ALT-202605-000022,APP-202605-059587,R0045,2026-05-08T19:36:39,DOCUMENT,RV-03
ALT-202605-000023,APP-202605-058421,R0247,2026-05-15T12:46:33,HIGH_VALUE,RV-03
ALT-202605-000024,APP-202605-020794,R0129,2026-05-15T21:38:32,IDENTITY,RV-03
ALT-202605-000025,APP-202605-042091,R0322,2026-05-24T22:39:55,TRANSACTION_MONITORING,RV-04
ALT-202605-000026,APP-202605-051783,R0250,2026-05-22T15:53:25,DOCUMENT,RV-05
ALT-202605-000027,APP-202605-014272,R0045,2026-05-25T20:18:37,HIGH_VALUE,RV-01
ALT-202605-000028,APP-202605-021954,R0081,2026-05-21T10:45:43,IDENTITY,RV-03
ALT-202605-000029,APP-202605-052689,R0129,2026-05-27T10:58:10,TRANSACTION_MONITORING,RV-06
ALT-202605-000030,APP-202605-053649,R0261,2026-05-23T12:37:43,DOCUMENT,RV-05
ALT-202605-000031,APP-202605-024412,R0335,2026-05-24T10:09:34,HIGH_VALUE,RV-03
ALT-202605-000032,APP-202605-073396,R0076,2026-05-28T12:22:13,IDENTITY,RV-06
ALT-202605-000033,APP-202605-009113,R0129,2026-05-14T17:09:36,TRANSACTION_MONITORING,RV-06
ALT-202605-000034,APP-202605-029016,R0247,2026-05-20T13:49:04,DOCUMENT,RV-04
ALT-202605-000035,APP-202605-052267,R0076,2026-05-18T07:59:21,HIGH_VALUE,RV-03
ALT-202605-000036,APP-202605-048072,R0247,2026-05-04T14:56:43,IDENTITY,RV-05
ALT-202605-000037,APP-202605-006115,R0310,2026-05-16T17:27:29,TRANSACTION_MONITORING,RV-01
ALT-202605-000038,APP-202605-003529,R0158,2026-05-18T11:26:54,DOCUMENT,RV-05
ALT-202605-000039,APP-202605-055451,R0129,2026-05-22T17:08:09,HIGH_VALUE,RV-01
ALT-202605-000040,APP-202605-046916,R0261,2026-05-12T16:49:01,IDENTITY,RV-02
ALT-202605-000041,APP-202605-016377,R0002,2026-05-14T12:00:37,TRANSACTION_MONITORING,RV-02
ALT-202605-000042,APP-202605-054630,R0252,2026-05-31T14:17:28,DOCUMENT,RV-01
ALT-202605-000043,APP-202605-028666,R0322,2026-05-23T10:29:58,HIGH_VALUE,RV-05
ALT-202605-000044,APP-202605-022129,R0081,2026-05-19T21:13:45,IDENTITY,RV-04
ALT-202605-000045,APP-202605-058359,R0158,2026-05-17T20:52:45,TRANSACTION_MONITORING,RV-03
ALT-202605-000046,APP-202605-026686,R0335,2026-05-29T19:53:48,DOCUMENT,RV-01
ALT-202605-000047,APP-202605-005945,R0079,2026-05-14T09:27:26,HIGH_VALUE,RV-06
ALT-202605-000048,APP-202605-064976,R0158,2026-05-19T08:53:57,IDENTITY,RV-01
ALT-202605-000049,APP-202605-006931,R0129,2026-05-11T13:23:35,TRANSACTION_MONITORING,RV-03
ALT-202605-000050,APP-202605-049433,R0076,2026-05-17T12:04:38,DOCUMENT,RV-03
ALT-202605-000051,APP-202605-074936,R0217,2026-05-22T12:36:56,HIGH_VALUE,RV-03
ALT-202605-000052,APP-202605-007636,R0335,2026-05-31T16:16:12,IDENTITY,RV-04
ALT-202605-000053,APP-202605-015225,R0322,2026-05-19T08:31:49,TRANSACTION_MONITORING,RV-05
ALT-202605-000054,APP-202605-004099,R0109,2026-05-09T12:45:37,DOCUMENT,RV-03
ALT-202605-000055,APP-202605-022680,R0076,2026-05-10T12:37:21,HIGH_VALUE,RV-03
ALT-202605-000056,APP-202605-005420,R0129,2026-05-20T07:06:59,IDENTITY,RV-06
ALT-202605-000057,APP-202605-021307,R0129,2026-05-03T06:30:30,TRANSACTION_MONITORING,RV-01
ALT-202605-000058,APP-202605-000041,R0064,2026-05-04T07:20:16,DOCUMENT,RV-02
ALT-202605-000059,APP-202605-023645,R0322,2026-05-24T13:08:58,HIGH_VALUE,RV-02
ALT-202605-000060,APP-202605-048813,R0261,2026-05-19T06:46:13,IDENTITY,RV-03
ALT-202605-000061,APP-202605-063105,R0247,2026-05-29T07:11:52,TRANSACTION_MONITORING,RV-04
ALT-202605-000062,APP-202605-022015,R0071,2026-05-05T15:47:25,DOCUMENT,RV-06
ALT-202605-000063,APP-202605-041712,R0045,2026-05-11T07:26:06,HIGH_VALUE,RV-01
ALT-202605-000064,APP-202605-016219,R0109,2026-05-17T12:31:10,IDENTITY,RV-05
ALT-202605-000065,APP-202605-062268,R0071,2026-05-18T09:07:16,TRANSACTION_MONITORING,RV-06
ALT-202605-000066,APP-202605-020231,R0313,2026-05-31T20:44:00,DOCUMENT,RV-06
ALT-202605-000067,APP-202605-040866,R0335,2026-05-25T12:00:18,HIGH_VALUE,RV-01
ALT-202605-000068,APP-202605-029049,R0079,2026-05-18T13:26:27,IDENTITY,RV-05
ALT-202605-000069,APP-202605-026330,R0002,2026-05-23T06:39:26,TRANSACTION_MONITORING,RV-03
ALT-202605-000070,APP-202605-058084,R0322,2026-05-25T06:04:17,DOCUMENT,RV-01
ALT-202605-000071,APP-202605-037416,R0081,2026-05-14T12:16:07,HIGH_VALUE,RV-03
ALT-202605-000072,APP-202605-034353,R0261,2026-05-26T20:02:37,IDENTITY,RV-05
ALT-202605-000073,APP-202605-040295,R0252,2026-05-02T14:03:26,TRANSACTION_MONITORING,RV-02
ALT-202605-000074,APP-202605-005756,R0250,2026-05-10T18:37:54,DOCUMENT,RV-05
ALT-202605-000075,APP-202605-072484,R0261,2026-05-20T13:38:26,HIGH_VALUE,RV-03
ALT-202605-000076,APP-202605-021291,R0142,2026-05-24T14:19:35,IDENTITY,RV-01
ALT-202605-000077,APP-202605-005577,R0064,2026-05-19T14:54:28,TRANSACTION_MONITORING,RV-01
ALT-202605-000078,APP-202605-055579,R0261,2026-05-07T13:25:36,DOCUMENT,RV-02
ALT-202605-000079,APP-202605-069315,R0315,2026-05-20T11:30:40,HIGH_VALUE,RV-04
ALT-202605-000080,APP-202605-054557,R0158,2026-05-21T20:46:20,IDENTITY,RV-04
ALT-202605-000081,APP-202605-065894,R0129,2026-05-11T09:16:29,TRANSACTION_MONITORING,RV-04
ALT-202605-000082,APP-202605-052635,R0217,2026-05-18T20:49:21,DOCUMENT,RV-01
ALT-202605-000083,APP-202605-004363,R0129,2026-05-06T11:45:25,HIGH_VALUE,RV-05
ALT-202605-000084,APP-202605-019006,R0322,2026-05-17T06:41:06,IDENTITY,RV-01
ALT-202605-000085,APP-202605-033104,R0129,2026-05-21T18:26:49,TRANSACTION_MONITORING,RV-06
ALT-202605-000086,APP-202605-022113,R0076,2026-05-12T18:28:38,DOCUMENT,RV-05
ALT-202605-000087,APP-202605-014782,R0247,2026-05-11T12:34:32,HIGH_VALUE,RV-01
ALT-202605-000088,APP-202605-052386,R0261,2026-05-27T17:37:44,IDENTITY,RV-02
ALT-202605-000089,APP-202605-052221,R0081,2026-05-28T21:31:01,TRANSACTION_MONITORING,RV-05
ALT-202605-000090,APP-202605-013821,R0250,2026-05-25T19:43:06,DOCUMENT,RV-02
ALT-202605-000091,APP-202605-074644,R0129,2026-05-07T13:26:02,HIGH_VALUE,RV-01
ALT-202605-000092,APP-202605-027656,R0071,2026-05-18T11:29:46,IDENTITY,RV-02
ALT-202605-000093,APP-202605-064843,R0252,2026-05-23T10:09:50,TRANSACTION_MONITORING,RV-06
ALT-202605-000094,APP-202605-053339,R0079,2026-05-05T22:39:39,DOCUMENT,RV-01
ALT-202605-000095,APP-202605-033923,R0081,2026-05-07T16:29:45,HIGH_VALUE,RV-04
ALT-202605-000096,APP-202605-018118,R0129,2026-05-16T20:04:05,IDENTITY,RV-03
ALT-202605-000097,APP-202605-015671,R0322,2026-05-25T07:00:44,TRANSACTION_MONITORING,RV-02
ALT-202605-000098,APP-202605-031235,R0130,2026-05-16T21:40:11,DOCUMENT,RV-06
ALT-202605-000099,APP-202605-033829,R0081,2026-05-19T07:23:58,HIGH_VALUE,RV-01
ALT-202605-000100,APP-202605-016551,R0142,2026-05-01T09:26:29,IDENTITY,RV-02
ALT-202605-000101,APP-202605-029441,R0076,2026-05-17T06:13:43,TRANSACTION_MONITORING,RV-06
ALT-202605-000102,APP-202605-022440,R0071,2026-05-19T13:22:15,DOCUMENT,RV-02
ALT-202605-000103,APP-202605-006557,R0079,2026-05-01T16:23:26,HIGH_VALUE,RV-01
ALT-202605-000104,APP-202605-067438,R0142,2026-05-09T14:30:22,IDENTITY,RV-04
ALT-202605-000105,APP-202605-056833,R0261,2026-05-02T15:42:55,TRANSACTION_MONITORING,RV-03
ALT-202605-000106,APP-202605-053396,R0261,2026-05-01T15:02:43,DOCUMENT,RV-05
ALT-202605-000107,APP-202605-018744,R0079,2026-05-19T14:57:20,HIGH_VALUE,RV-03
ALT-202605-000108,APP-202605-059061,R0335,2026-05-30T11:09:54,IDENTITY,RV-01
ALT-202605-000109,APP-202605-041606,R0252,2026-05-11T20:12:02,TRANSACTION_MONITORING,RV-01
ALT-202605-000110,APP-202605-054225,R0335,2026-05-21T13:05:04,DOCUMENT,RV-03
ALT-202605-000111,APP-202605-064495,R0247,2026-05-24T16:03:10,HIGH_VALUE,RV-03
ALT-202605-000112,APP-202605-024654,R0071,2026-05-13T18:02:33,IDENTITY,RV-03
ALT-202605-000113,APP-202605-034381,R0071,2026-05-05T09:54:26,TRANSACTION_MONITORING,RV-03
ALT-202605-000114,APP-202605-055361,R0002,2026-05-18T16:22:29,DOCUMENT,RV-04
ALT-202605-000115,APP-202605-004991,R0247,2026-05-14T18:04:55,HIGH_VALUE,RV-06
ALT-202605-000116,APP-202605-013231,R0247,2026-05-27T12:42:30,IDENTITY,RV-05
ALT-202605-000117,APP-202605-002489,R0335,2026-05-19T20:45:33,TRANSACTION_MONITORING,RV-01
ALT-202605-000118,APP-202605-035602,R0335,2026-05-30T11:39:38,DOCUMENT,RV-01
ALT-202605-000119,APP-202605-021348,R0335,2026-05-28T19:21:35,HIGH_VALUE,RV-06
ALT-202605-000120,APP-202605-039891,R0081,2026-05-04T09:43:18,IDENTITY,RV-06
ALT-202605-000121,APP-202605-062664,R0002,2026-05-07T21:41:37,TRANSACTION_MONITORING,RV-06
ALT-202605-000122,APP-202605-042236,R0302,2026-05-05T10:23:45,DOCUMENT,RV-03
ALT-202605-000123,APP-202605-072307,R0252,2026-05-19T21:19:11,HIGH_VALUE,RV-03
ALT-202605-000124,APP-202605-041595,R0335,2026-05-20T21:40:50,IDENTITY,RV-04
ALT-202605-000125,APP-202605-073972,R0158,2026-05-20T11:51:41,TRANSACTION_MONITORING,RV-04
ALT-202605-000126,APP-202605-060964,R0071,2026-05-24T11:35:57,DOCUMENT,RV-03
ALT-202605-000127,APP-202605-062335,R0252,2026-05-10T08:00:05,HIGH_VALUE,RV-03
ALT-202605-000128,APP-202605-018462,R0313,2026-05-06T10:13:18,IDENTITY,RV-01
ALT-202605-000129,APP-202605-030808,R0129,2026-05-09T13:58:08,TRANSACTION_MONITORING,RV-02
ALT-202605-000130,APP-202605-018396,R0217,2026-05-06T19:09:57,DOCUMENT,RV-04
ALT-202605-000131,APP-202605-042812,R0250,2026-05-15T18:15:14,HIGH_VALUE,RV-05
ALT-202605-000132,APP-202605-007483,R0071,2026-05-21T21:16:10,IDENTITY,RV-03
ALT-202605-000133,APP-202605-018656,R0079,2026-05-03T21:01:00,TRANSACTION_MONITORING,RV-02
ALT-202605-000134,APP-202605-070329,R0130,2026-05-03T19:13:34,DOCUMENT,RV-01
ALT-202605-000135,APP-202605-028189,R0250,2026-05-22T21:16:23,HIGH_VALUE,RV-02
ALT-202605-000136,APP-202605-014304,R0261,2026-05-24T11:23:52,IDENTITY,RV-01
ALT-202605-000137,APP-202605-011222,R0071,2026-05-17T08:34:39,TRANSACTION_MONITORING,RV-02
ALT-202605-000138,APP-202605-039718,R0335,2026-05-04T17:06:16,DOCUMENT,RV-03
ALT-202605-000139,APP-202605-008763,R0129,2026-05-28T07:25:25,HIGH_VALUE,RV-04
ALT-202605-000140,APP-202605-034552,R0247,2026-05-25T09:20:08,IDENTITY,RV-05
ALT-202605-000141,APP-202605-050682,R0252,2026-05-25T11:51:53,TRANSACTION_MONITORING,RV-06
ALT-202605-000142,APP-202605-061412,R0129,2026-05-24T16:32:52,DOCUMENT,RV-02
ALT-202605-000143,APP-202605-060649,R0129,2026-05-26T19:41:56,HIGH_VALUE,RV-01
ALT-202605-000144,APP-202605-039441,R0335,2026-05-08T10:38:23,IDENTITY,RV-01
ALT-202605-000145,APP-202605-052321,R0076,2026-05-22T18:16:07,TRANSACTION_MONITORING,RV-04
ALT-202605-000146,APP-202605-037675,R0076,2026-05-24T10:31:03,DOCUMENT,RV-06
ALT-202605-000147,APP-202605-061541,R0071,2026-05-05T10:11:51,HIGH_VALUE,RV-04
ALT-202605-000148,APP-202605-024927,R0142,2026-05-07T18:22:06,IDENTITY,RV-02
ALT-202605-000149,APP-202605-001912,R0129,2026-05-14T12:39:07,TRANSACTION_MONITORING,RV-05
ALT-202605-000150,APP-202605-058007,R0064,2026-05-11T08:43:38,DOCUMENT,RV-01
ALT-202605-000151,APP-202605-048105,R0335,2026-05-18T10:07:46,HIGH_VALUE,RV-03
ALT-202605-000152,APP-202605-059005,R0076,2026-05-05T13:16:22,IDENTITY,RV-04
ALT-202605-000153,APP-202605-071211,R0313,2026-05-13T08:09:54,TRANSACTION_MONITORING,RV-01
ALT-202605-000154,APP-202605-073713,R0335,2026-05-25T08:34:52,DOCUMENT,RV-05
ALT-202605-000155,APP-202605-041052,R0250,2026-05-16T13:52:25,HIGH_VALUE,RV-01
ALT-202605-000156,APP-202605-058183,R0247,2026-05-11T20:45:37,IDENTITY,RV-03
ALT-202605-000157,APP-202605-013751,R0335,2026-05-09T22:20:54,TRANSACTION_MONITORING,RV-06
ALT-202605-000158,APP-202605-011680,R0130,2026-05-13T22:28:43,DOCUMENT,RV-01
ALT-202605-000159,APP-202605-036923,R0335,2026-05-19T09:39:19,HIGH_VALUE,RV-06
ALT-202605-000160,APP-202605-009901,R0313,2026-05-16T06:53:08,IDENTITY,RV-01
ALT-202605-000161,APP-202605-074984,R0109,2026-05-02T11:02:34,TRANSACTION_MONITORING,RV-03
ALT-202605-000162,APP-202605-030498,R0217,2026-05-16T13:56:33,DOCUMENT,RV-05
ALT-202605-000163,APP-202605-040000,R0261,2026-05-07T12:28:03,HIGH_VALUE,RV-04
ALT-202605-000164,APP-202605-031375,R0129,2026-05-17T11:39:50,IDENTITY,RV-01
ALT-202605-000165,APP-202605-012588,R0070,2026-05-04T08:34:11,TRANSACTION_MONITORING,RV-03
ALT-202605-000166,APP-202605-039895,R0064,2026-05-20T17:25:02,DOCUMENT,RV-03
ALT-202605-000167,APP-202605-067223,R0261,2026-05-01T21:39:34,HIGH_VALUE,RV-05
ALT-202605-000168,APP-202605-002826,R0079,2026-05-04T07:42:34,IDENTITY,RV-06
ALT-202605-000169,APP-202605-045349,R0115,2026-05-31T15:03:39,TRANSACTION_MONITORING,RV-06
ALT-202605-000170,APP-202605-053648,R0064,2026-05-19T12:05:51,DOCUMENT,RV-03
ALT-202605-000171,APP-202605-034875,R0261,2026-05-19T20:20:12,HIGH_VALUE,RV-03
ALT-202605-000172,APP-202605-064867,R0247,2026-05-02T07:56:37,IDENTITY,RV-05
ALT-202605-000173,APP-202605-066765,R0002,2026-05-31T18:25:56,TRANSACTION_MONITORING,RV-06
ALT-202605-000174,APP-202605-061778,R0002,2026-05-04T11:21:29,DOCUMENT,RV-05
ALT-202605-000175,APP-202605-009803,R0002,2026-05-15T07:59:48,HIGH_VALUE,RV-06
ALT-202605-000176,APP-202605-030553,R0250,2026-05-03T14:05:23,IDENTITY,RV-04
ALT-202605-000177,APP-202605-007137,R0247,2026-05-05T12:04:35,TRANSACTION_MONITORING,RV-05
ALT-202605-000178,APP-202605-036484,R0261,2026-05-09T06:44:34,DOCUMENT,RV-04
ALT-202605-000179,APP-202605-009667,R0079,2026-05-07T09:04:38,HIGH_VALUE,RV-03
ALT-202605-000180,APP-202605-061963,R0335,2026-05-29T22:48:28,IDENTITY,RV-01
ALT-202605-000181,APP-202605-072404,R0310,2026-05-14T13:33:33,TRANSACTION_MONITORING,RV-06
ALT-202605-000182,APP-202605-019507,R0081,2026-05-20T08:43:47,DOCUMENT,RV-05
ALT-202605-000183,APP-202605-005459,R0250,2026-05-22T15:26:36,HIGH_VALUE,RV-03
ALT-202605-000184,APP-202605-044352,R0064,2026-05-21T07:53:33,IDENTITY,RV-02
ALT-202605-000185,APP-202605-028141,R0261,2026-05-11T08:56:35,TRANSACTION_MONITORING,RV-01
ALT-202605-000186,APP-202605-008473,R0129,2026-05-06T06:01:51,DOCUMENT,RV-05
ALT-202605-000187,APP-202605-042793,R0315,2026-05-25T20:56:08,HIGH_VALUE,RV-05
ALT-202605-000188,APP-202605-031880,R0076,2026-05-14T17:34:06,IDENTITY,RV-03
ALT-202605-000189,APP-202605-019073,R0315,2026-05-10T22:18:26,TRANSACTION_MONITORING,RV-04
ALT-202605-000190,APP-202605-057470,R0115,2026-05-26T12:06:48,DOCUMENT,RV-06
ALT-202605-000191,APP-202605-004757,R0158,2026-05-20T10:56:38,HIGH_VALUE,RV-06
ALT-202605-000192,APP-202605-031291,R0322,2026-05-26T22:27:10,IDENTITY,RV-04
ALT-202605-000193,APP-202605-069886,R0247,2026-05-04T06:15:20,TRANSACTION_MONITORING,RV-03
ALT-202605-000194,APP-202605-003376,R0322,2026-05-07T08:30:19,DOCUMENT,RV-05
ALT-202605-000195,APP-202605-059268,R0302,2026-05-23T17:44:46,HIGH_VALUE,RV-03
ALT-202605-000196,APP-202605-041103,R0158,2026-05-25T09:54:24,IDENTITY,RV-05
ALT-202605-000197,APP-202605-022410,R0079,2026-05-04T07:15:53,TRANSACTION_MONITORING,RV-02
ALT-202605-000198,APP-202605-050258,R0130,2026-05-01T12:50:38,DOCUMENT,RV-05
ALT-202605-000199,APP-202605-067129,R0261,2026-05-07T09:49:00,HIGH_VALUE,RV-04
ALT-202605-000200,APP-202605-023035,R0076,2026-05-08T12:05:12,IDENTITY,RV-06
ALT-202605-000201,APP-202605-039458,R0076,2026-05-28T21:39:30,TRANSACTION_MONITORING,RV-01
ALT-202605-000202,APP-202605-024607,R0142,2026-05-17T12:51:12,DOCUMENT,RV-06
ALT-202605-000203,APP-202605-040076,R0045,2026-05-05T16:42:54,HIGH_VALUE,RV-02
ALT-202605-000204,APP-202605-045218,R0129,2026-05-24T10:59:31,IDENTITY,RV-02
ALT-202605-000205,APP-202605-045519,R0158,2026-05-20T16:45:53,TRANSACTION_MONITORING,RV-06
ALT-202605-000206,APP-202605-041344,R0335,2026-05-03T20:45:01,DOCUMENT,RV-02
ALT-202605-000207,APP-202605-034194,R0079,2026-05-20T10:22:53,HIGH_VALUE,RV-03
ALT-202605-000208,APP-202605-027966,R0261,2026-05-25T10:55:51,IDENTITY,RV-02
ALT-202605-000209,APP-202605-061207,R0261,2026-05-30T19:55:25,TRANSACTION_MONITORING,RV-02
ALT-202605-000210,APP-202605-038545,R0130,2026-05-01T16:54:32,DOCUMENT,RV-01
ALT-202605-000211,APP-202605-071543,R0079,2026-05-25T07:02:10,HIGH_VALUE,RV-06
ALT-202605-000212,APP-202605-002061,R0079,2026-05-02T18:17:50,IDENTITY,RV-02
ALT-202605-000213,APP-202605-034256,R0002,2026-05-19T11:11:51,TRANSACTION_MONITORING,RV-01
ALT-202605-000214,APP-202605-047201,R0158,2026-05-17T13:53:15,DOCUMENT,RV-05
ALT-202605-000215,APP-202605-072066,R0261,2026-05-14T06:52:39,HIGH_VALUE,RV-05
ALT-202605-000216,APP-202605-047339,R0247,2026-05-29T06:34:38,IDENTITY,RV-03
ALT-202605-000217,APP-202605-055261,R0109,2026-05-24T19:44:43,TRANSACTION_MONITORING,RV-02
ALT-202605-000218,APP-202605-060509,R0217,2026-05-06T12:50:19,DOCUMENT,RV-03
ALT-202605-000219,APP-202605-002995,R0261,2026-05-06T19:05:36,HIGH_VALUE,RV-02
ALT-202605-000220,APP-202605-010026,R0115,2026-05-22T12:32:45,IDENTITY,RV-05
ALT-202605-000221,APP-202605-045047,R0335,2026-05-31T22:12:32,TRANSACTION_MONITORING,RV-01
ALT-202605-000222,APP-202605-017064,R0070,2026-05-05T06:51:12,DOCUMENT,RV-02
ALT-202605-000223,APP-202605-013094,R0129,2026-05-12T11:54:45,HIGH_VALUE,RV-05
ALT-202605-000224,APP-202605-065357,R0064,2026-05-10T08:03:08,IDENTITY,RV-01
ALT-202605-000225,APP-202605-028655,R0064,2026-05-21T09:45:54,TRANSACTION_MONITORING,RV-05
ALT-202605-000226,APP-202605-019501,R0002,2026-05-02T22:47:03,DOCUMENT,RV-02
ALT-202605-000227,APP-202605-031619,R0261,2026-05-13T18:53:51,HIGH_VALUE,RV-04
ALT-202605-000228,APP-202605-068840,R0038,2026-05-20T19:58:06,IDENTITY,RV-03
ALT-202605-000229,APP-202605-016668,R0079,2026-05-30T14:58:51,TRANSACTION_MONITORING,RV-03
ALT-202605-000230,APP-202605-049481,R0261,2026-05-05T14:08:32,DOCUMENT,RV-04
ALT-202605-000231,APP-202605-063739,R0250,2026-05-29T19:21:40,HIGH_VALUE,RV-03
ALT-202605-000232,APP-202605-045741,R0115,2026-05-22T18:01:27,IDENTITY,RV-02
ALT-202605-000233,APP-202605-039439,R0081,2026-05-21T16:30:13,TRANSACTION_MONITORING,RV-02
ALT-202605-000234,APP-202605-018091,R0071,2026-05-29T06:34:20,DOCUMENT,RV-04
ALT-202605-000235,APP-202605-033812,R0002,2026-05-13T12:42:16,HIGH_VALUE,RV-06
ALT-202605-000236,APP-202605-071867,R0281,2026-05-23T10:51:57,IDENTITY,RV-02
ALT-202605-000237,APP-202605-012462,R0129,2026-05-11T14:37:29,TRANSACTION_MONITORING,RV-02
ALT-202605-000238,APP-202605-054287,R0129,2026-05-27T22:02:05,DOCUMENT,RV-06
ALT-202605-000239,APP-202605-068481,R0071,2026-05-02T20:01:16,HIGH_VALUE,RV-02
ALT-202605-000240,APP-202605-017729,R0079,2026-05-17T18:45:38,IDENTITY,RV-03
ALT-202605-000241,APP-202605-070651,R0129,2026-05-20T21:26:05,TRANSACTION_MONITORING,RV-04
ALT-202605-000242,APP-202605-063551,R0002,2026-05-05T16:44:58,DOCUMENT,RV-06
ALT-202605-000243,APP-202605-005929,R0261,2026-05-03T17:27:25,HIGH_VALUE,RV-05
ALT-202605-000244,APP-202605-061869,R0076,2026-05-17T20:45:54,IDENTITY,RV-05
ALT-202605-000245,APP-202605-045560,R0079,2026-05-07T15:49:42,TRANSACTION_MONITORING,RV-06
ALT-202605-000246,APP-202605-045770,R0261,2026-05-04T07:09:35,DOCUMENT,RV-02
ALT-202605-000247,APP-202605-060586,R0076,2026-05-07T16:58:58,HIGH_VALUE,RV-03
ALT-202605-000248,APP-202605-000968,R0310,2026-05-20T15:56:29,IDENTITY,RV-01
ALT-202605-000249,APP-202605-013278,R0273,2026-05-09T18:56:20,TRANSACTION_MONITORING,RV-02
ALT-202605-000250,APP-202605-043490,R0071,2026-05-27T12:55:49,DOCUMENT,RV-05
ALT-202605-000251,APP-202605-040338,R0076,2026-05-14T15:05:56,HIGH_VALUE,RV-01
ALT-202605-000252,APP-202605-040772,R0322,2026-05-22T09:52:32,IDENTITY,RV-06
ALT-202605-000253,APP-202605-010742,R0158,2026-05-21T15:08:32,TRANSACTION_MONITORING,RV-03
ALT-202605-000254,APP-202605-027268,R0081,2026-05-29T22:03:27,DOCUMENT,RV-05
ALT-202605-000255,APP-202605-004519,R0261,2026-05-14T16:36:49,HIGH_VALUE,RV-04
ALT-202605-000256,APP-202605-065606,R0079,2026-05-04T09:30:05,IDENTITY,RV-04
ALT-202605-000257,APP-202605-064247,R0129,2026-05-29T09:51:28,TRANSACTION_MONITORING,RV-06
ALT-202605-000258,APP-202605-005774,R0322,2026-05-28T10:07:04,DOCUMENT,RV-01
ALT-202605-000259,APP-202605-067935,R0081,2026-05-08T18:05:06,HIGH_VALUE,RV-02
ALT-202605-000260,APP-202605-017857,R0322,2026-05-08T07:29:26,IDENTITY,RV-02
ALT-202605-000261,APP-202605-071554,R0079,2026-05-26T17:47:52,TRANSACTION_MONITORING,RV-04
ALT-202605-000262,APP-202605-011953,R0261,2026-05-18T20:21:16,DOCUMENT,RV-06
ALT-202605-000263,APP-202605-010267,R0261,2026-05-30T06:59:02,HIGH_VALUE,RV-02
ALT-202605-000264,APP-202605-010143,R0313,2026-05-02T08:30:34,IDENTITY,RV-01
ALT-202605-000265,APP-202605-028014,R0247,2026-05-14T16:28:36,TRANSACTION_MONITORING,RV-06
ALT-202605-000266,APP-202605-052392,R0129,2026-05-06T16:04:44,DOCUMENT,RV-05
ALT-202605-000267,APP-202605-068676,R0002,2026-05-23T08:05:44,HIGH_VALUE,RV-01
ALT-202605-000268,APP-202605-020483,R0129,2026-05-21T13:16:27,IDENTITY,RV-05
ALT-202605-000269,APP-202605-058506,R0045,2026-05-09T15:20:56,TRANSACTION_MONITORING,RV-05
ALT-202605-000270,APP-202605-065240,R0129,2026-05-13T17:30:39,DOCUMENT,RV-06
ALT-202605-000271,APP-202605-044072,R0261,2026-05-03T10:45:51,HIGH_VALUE,RV-03
ALT-202605-000272,APP-202605-073894,R0130,2026-05-19T15:42:38,IDENTITY,RV-01
ALT-202605-000273,APP-202605-034351,R0129,2026-05-12T19:26:43,TRANSACTION_MONITORING,RV-05
ALT-202605-000274,APP-202605-018108,R0129,2026-05-22T11:26:07,DOCUMENT,RV-02
ALT-202605-000275,APP-202605-035859,R0217,2026-05-16T20:59:24,HIGH_VALUE,RV-05
ALT-202605-000276,APP-202605-069905,R0250,2026-05-24T13:13:37,IDENTITY,RV-01
ALT-202605-000277,APP-202605-025071,R0261,2026-05-07T07:44:39,TRANSACTION_MONITORING,RV-04
ALT-202605-000278,APP-202605-017723,R0079,2026-05-30T11:44:00,DOCUMENT,RV-03
ALT-202605-000279,APP-202605-069737,R0335,2026-05-27T09:15:59,HIGH_VALUE,RV-05
ALT-202605-000280,APP-202605-009337,R0076,2026-05-25T22:23:16,IDENTITY,RV-04
ALT-202605-000281,APP-202605-072885,R0079,2026-05-07T08:58:41,TRANSACTION_MONITORING,RV-05
ALT-202605-000282,APP-202605-068780,R0064,2026-05-25T12:31:48,DOCUMENT,RV-02
ALT-202605-000283,APP-202605-039565,R0076,2026-05-21T16:52:06,HIGH_VALUE,RV-04
ALT-202605-000284,APP-202605-033877,R0079,2026-05-27T21:02:33,IDENTITY,RV-01
ALT-202605-000285,APP-202605-051960,R0081,2026-05-28T11:14:04,TRANSACTION_MONITORING,RV-06
ALT-202605-000286,APP-202605-066445,R0313,2026-05-06T11:26:28,DOCUMENT,RV-05
ALT-202605-000287,APP-202605-057372,R0130,2026-05-27T20:43:30,HIGH_VALUE,RV-06
ALT-202605-000288,APP-202605-053400,R0322,2026-05-29T14:29:38,IDENTITY,RV-06
ALT-202605-000289,APP-202605-034408,R0129,2026-05-09T18:03:08,TRANSACTION_MONITORING,RV-03
ALT-202605-000290,APP-202605-072305,R0335,2026-05-25T18:31:30,DOCUMENT,RV-02
ALT-202605-000291,APP-202605-002264,R0217,2026-05-06T11:44:01,HIGH_VALUE,RV-03
ALT-202605-000292,APP-202605-020396,R0081,2026-05-25T07:48:14,IDENTITY,RV-06
ALT-202605-000293,APP-202605-073594,R0071,2026-05-30T21:07:52,TRANSACTION_MONITORING,RV-03
ALT-202605-000294,APP-202605-058146,R0310,2026-05-31T08:25:20,DOCUMENT,RV-03
ALT-202605-000295,APP-202605-016655,R0129,2026-05-09T11:16:01,HIGH_VALUE,RV-04
ALT-202605-000296,APP-202605-020908,R0076,2026-05-10T15:36:04,IDENTITY,RV-02
ALT-202605-000297,APP-202605-032675,R0261,2026-05-29T19:31:25,TRANSACTION_MONITORING,RV-01
ALT-202605-000298,APP-202605-047358,R0079,2026-05-26T18:53:39,DOCUMENT,RV-04
ALT-202605-000299,APP-202605-008606,R0261,2026-05-13T12:44:57,HIGH_VALUE,RV-04
ALT-202605-000300,APP-202605-069552,R0322,2026-05-30T17:44:49,IDENTITY,RV-04
ALT-202605-000301,APP-202605-051480,R0109,2026-05-26T19:34:49,TRANSACTION_MONITORING,RV-04
ALT-202605-000302,APP-202605-074221,R0142,2026-05-07T06:39:21,DOCUMENT,RV-01
ALT-202605-000303,APP-202605-021608,R0322,2026-05-28T14:49:08,HIGH_VALUE,RV-05
ALT-202605-000304,APP-202605-074866,R0217,2026-05-22T11:35:39,IDENTITY,RV-04
ALT-202605-000305,APP-202605-072711,R0130,2026-05-13T08:49:35,TRANSACTION_MONITORING,RV-06
ALT-202605-000306,APP-202605-068012,R0064,2026-05-22T18:25:56,DOCUMENT,RV-04
ALT-202605-000307,APP-202605-005054,R0076,2026-05-03T12:30:29,HIGH_VALUE,RV-01
ALT-202605-000308,APP-202605-057880,R0064,2026-05-17T17:52:09,IDENTITY,RV-01
ALT-202605-000309,APP-202605-057336,R0261,2026-05-07T18:54:01,TRANSACTION_MONITORING,RV-06
ALT-202605-000310,APP-202605-014299,R0001,2026-05-12T13:49:54,DOCUMENT,RV-04
ALT-202605-000311,APP-202605-017474,R0079,2026-05-08T13:27:27,HIGH_VALUE,RV-01
ALT-202605-000312,APP-202605-022511,R0109,2026-05-27T06:20:15,IDENTITY,RV-02
ALT-202605-000313,APP-202605-042393,R0252,2026-05-17T08:15:34,TRANSACTION_MONITORING,RV-02
ALT-202605-000314,APP-202605-005476,R0158,2026-05-07T15:26:10,DOCUMENT,RV-05
ALT-202605-000315,APP-202605-038625,R0142,2026-05-18T20:19:02,HIGH_VALUE,RV-03
ALT-202605-000316,APP-202605-018050,R0038,2026-05-23T20:33:14,IDENTITY,RV-05
ALT-202605-000317,APP-202605-008075,R0261,2026-05-16T07:09:42,TRANSACTION_MONITORING,RV-06
ALT-202605-000318,APP-202605-065692,R0335,2026-05-27T22:42:51,DOCUMENT,RV-03
ALT-202605-000319,APP-202605-041105,R0064,2026-05-09T13:43:30,HIGH_VALUE,RV-02
ALT-202605-000320,APP-202605-020021,R0129,2026-05-05T14:28:06,IDENTITY,RV-06
ALT-202605-000321,APP-202605-002221,R0096,2026-05-04T08:08:05,TRANSACTION_MONITORING,RV-06
ALT-202605-000322,APP-202605-002693,R0109,2026-05-01T07:14:32,DOCUMENT,RV-03
ALT-202605-000323,APP-202605-045285,R0079,2026-05-18T09:30:56,HIGH_VALUE,RV-01
ALT-202605-000324,APP-202605-004699,R0252,2026-05-16T12:32:49,IDENTITY,RV-02
ALT-202605-000325,APP-202605-039711,R0261,2026-05-25T16:18:23,TRANSACTION_MONITORING,RV-02
ALT-202605-000326,APP-202605-048667,R0261,2026-05-31T18:13:53,DOCUMENT,RV-06
ALT-202605-000327,APP-202605-034675,R0142,2026-05-30T13:22:55,HIGH_VALUE,RV-05
ALT-202605-000328,APP-202605-041207,R0247,2026-05-09T10:23:27,IDENTITY,RV-02
ALT-202605-000329,APP-202605-022489,R0261,2026-05-05T17:34:50,TRANSACTION_MONITORING,RV-03
ALT-202605-000330,APP-202605-056050,R0064,2026-05-09T16:28:43,DOCUMENT,RV-03
ALT-202605-000331,APP-202605-018720,R0217,2026-05-19T22:03:56,HIGH_VALUE,RV-03
ALT-202605-000332,APP-202605-067089,R0252,2026-05-28T19:47:38,IDENTITY,RV-03
ALT-202605-000333,APP-202605-071347,R0002,2026-05-23T17:26:54,TRANSACTION_MONITORING,RV-05
ALT-202605-000334,APP-202605-071462,R0129,2026-05-13T19:00:37,DOCUMENT,RV-03
ALT-202605-000335,APP-202605-017083,R0079,2026-05-17T09:04:40,HIGH_VALUE,RV-02
ALT-202605-000336,APP-202605-056967,R0217,2026-05-13T17:46:23,IDENTITY,RV-06
ALT-202605-000337,APP-202605-022341,R0315,2026-05-12T18:52:46,TRANSACTION_MONITORING,RV-06
ALT-202605-000338,APP-202605-015165,R0076,2026-05-29T09:53:51,DOCUMENT,RV-04
ALT-202605-000339,APP-202605-053422,R0247,2026-05-29T17:11:23,HIGH_VALUE,RV-06
ALT-202605-000340,APP-202605-061689,R0129,2026-05-20T18:40:58,IDENTITY,RV-06
ALT-202605-000341,APP-202605-054963,R0064,2026-05-14T22:39:23,TRANSACTION_MONITORING,RV-06
ALT-202605-000342,APP-202605-032146,R0129,2026-05-04T15:42:57,DOCUMENT,RV-04
ALT-202605-000343,APP-202605-022085,R0261,2026-05-17T15:46:16,HIGH_VALUE,RV-01
ALT-202605-000344,APP-202605-007882,R0261,2026-05-09T13:40:46,IDENTITY,RV-04
ALT-202605-000345,APP-202605-030079,R0322,2026-05-11T16:48:26,TRANSACTION_MONITORING,RV-06
ALT-202605-000346,APP-202605-005379,R0079,2026-05-13T06:55:26,DOCUMENT,RV-06
ALT-202605-000347,APP-202605-018293,R0250,2026-05-10T09:10:49,HIGH_VALUE,RV-03
ALT-202605-000348,APP-202605-050532,R0079,2026-05-01T10:46:50,IDENTITY,RV-05
ALT-202605-000349,APP-202605-032870,R0129,2026-05-31T11:43:52,TRANSACTION_MONITORING,RV-03
ALT-202605-000350,APP-202605-052532,R0322,2026-05-07T19:54:45,DOCUMENT,RV-02
ALT-202605-000351,APP-202605-008543,R0250,2026-05-07T06:49:44,HIGH_VALUE,RV-06
ALT-202605-000352,APP-202605-048280,R0064,2026-05-11T10:38:16,IDENTITY,RV-02
ALT-202605-000353,APP-202605-013091,R0247,2026-05-11T16:47:00,TRANSACTION_MONITORING,RV-04
ALT-202605-000354,APP-202605-002062,R0109,2026-05-11T18:33:15,DOCUMENT,RV-04
ALT-202605-000355,APP-202605-045777,R0335,2026-05-24T20:56:46,HIGH_VALUE,RV-01
ALT-202605-000356,APP-202605-001684,R0129,2026-05-23T22:35:33,IDENTITY,RV-06
ALT-202605-000357,APP-202605-064621,R0129,2026-05-06T08:43:14,TRANSACTION_MONITORING,RV-04
ALT-202605-000358,APP-202605-065022,R0079,2026-05-23T19:17:21,DOCUMENT,RV-01
ALT-202605-000359,APP-202605-057106,R0071,2026-05-08T10:56:00,HIGH_VALUE,RV-02
ALT-202605-000360,APP-202605-074290,R0001,2026-05-15T09:08:46,IDENTITY,RV-05
ALT-202605-000361,APP-202605-020633,R0002,2026-05-09T22:20:34,TRANSACTION_MONITORING,RV-03
ALT-202605-000362,APP-202605-006696,R0045,2026-05-13T08:16:40,DOCUMENT,RV-02
ALT-202605-000363,APP-202605-045883,R0261,2026-05-05T10:26:46,HIGH_VALUE,RV-02
ALT-202605-000364,APP-202605-001403,R0335,2026-05-03T16:35:15,IDENTITY,RV-01
ALT-202605-000365,APP-202605-015412,R0335,2026-05-07T16:30:32,TRANSACTION_MONITORING,RV-03
ALT-202605-000366,APP-202605-035836,R0322,2026-05-07T11:15:06,DOCUMENT,RV-05
ALT-202605-000367,APP-202605-038047,R0315,2026-05-09T20:40:51,HIGH_VALUE,RV-06
ALT-202605-000368,APP-202605-065773,R0322,2026-05-19T16:49:51,IDENTITY,RV-06
ALT-202605-000369,APP-202605-062906,R0322,2026-05-12T20:04:09,TRANSACTION_MONITORING,RV-02
ALT-202605-000370,APP-202605-028796,R0335,2026-05-11T22:37:22,DOCUMENT,RV-04
ALT-202605-000371,APP-202605-027733,R0281,2026-05-14T16:43:53,HIGH_VALUE,RV-02
ALT-202605-000372,APP-202605-047576,R0129,2026-05-25T13:05:39,IDENTITY,RV-06
ALT-202605-000373,APP-202605-049467,R0079,2026-05-11T18:10:52,TRANSACTION_MONITORING,RV-06
ALT-202605-000374,APP-202605-073698,R0315,2026-05-09T19:21:37,DOCUMENT,RV-06
ALT-202605-000375,APP-202605-001164,R0322,2026-05-09T07:32:47,HIGH_VALUE,RV-04
ALT-202605-000376,APP-202605-064612,R0002,2026-05-03T13:37:09,IDENTITY,RV-06
ALT-202605-000377,APP-202605-008615,R0147,2026-05-18T07:04:38,TRANSACTION_MONITORING,RV-04
ALT-202605-000378,APP-202605-072041,R0081,2026-05-10T14:52:08,DOCUMENT,RV-03
ALT-202605-000379,APP-202605-032346,R0335,2026-05-15T16:44:47,HIGH_VALUE,RV-02
ALT-202605-000380,APP-202605-064975,R0002,2026-05-28T10:03:27,IDENTITY,RV-06
ALT-202605-000381,APP-202605-044921,R0081,2026-05-06T17:05:56,TRANSACTION_MONITORING,RV-06
ALT-202605-000382,APP-202605-020459,R0081,2026-05-16T10:31:26,DOCUMENT,RV-03
ALT-202605-000383,APP-202605-012492,R0252,2026-05-28T07:36:15,HIGH_VALUE,RV-01
ALT-202605-000384,APP-202605-014209,R0315,2026-05-13T17:54:10,IDENTITY,RV-01
ALT-202605-000385,APP-202605-072114,R0335,2026-05-28T10:13:16,TRANSACTION_MONITORING,RV-03
ALT-202605-000386,APP-202605-022763,R0247,2026-05-04T07:00:19,DOCUMENT,RV-06
ALT-202605-000387,APP-202605-011519,R0071,2026-05-15T07:46:54,HIGH_VALUE,RV-06
ALT-202605-000388,APP-202605-016239,R0001,2026-05-29T20:55:29,IDENTITY,RV-02
ALT-202605-000389,APP-202605-066720,R0250,2026-05-09T09:34:28,TRANSACTION_MONITORING,RV-01
ALT-202605-000390,APP-202605-000372,R0109,2026-05-20T17:48:30,DOCUMENT,RV-05
ALT-202605-000391,APP-202605-059523,R0261,2026-05-18T10:55:56,HIGH_VALUE,RV-03
ALT-202605-000392,APP-202605-024173,R0158,2026-05-18T15:30:51,IDENTITY,RV-06
ALT-202605-000393,APP-202605-042749,R0281,2026-05-13T09:10:59,TRANSACTION_MONITORING,RV-06
ALT-202605-000394,APP-202605-058250,R0076,2026-05-30T22:26:00,DOCUMENT,RV-06
ALT-202605-000395,APP-202605-029150,R0076,2026-05-30T14:52:58,HIGH_VALUE,RV-04
ALT-202605-000396,APP-202605-068452,R0261,2026-05-12T22:51:29,IDENTITY,RV-05
ALT-202605-000397,APP-202605-017937,R0130,2026-05-23T19:03:51,TRANSACTION_MONITORING,RV-04
ALT-202605-000398,APP-202605-022117,R0064,2026-05-21T08:49:22,DOCUMENT,RV-06
ALT-202605-000399,APP-202605-056024,R0079,2026-05-10T13:02:09,HIGH_VALUE,RV-03
ALT-202605-000400,APP-202605-032462,R0261,2026-05-10T15:52:24,IDENTITY,RV-04
ALT-202605-000401,APP-202605-054028,R0064,2026-05-19T09:53:57,TRANSACTION_MONITORING,RV-03
ALT-202605-000402,APP-202605-000776,R0322,2026-05-16T16:46:20,DOCUMENT,RV-05
ALT-202605-000403,APP-202605-046200,R0130,2026-05-19T11:52:33,HIGH_VALUE,RV-01
ALT-202605-000404,APP-202605-024064,R0071,2026-05-28T09:46:25,IDENTITY,RV-03
ALT-202605-000405,APP-202605-038129,R0261,2026-05-24T15:38:11,TRANSACTION_MONITORING,RV-03
ALT-202605-000406,APP-202605-040794,R0076,2026-05-13T13:20:53,DOCUMENT,RV-05
ALT-202605-000407,APP-202605-054485,R0081,2026-05-23T07:23:25,HIGH_VALUE,RV-04
ALT-202605-000408,APP-202605-054534,R0076,2026-05-20T11:56:02,IDENTITY,RV-03
ALT-202605-000409,APP-202605-042421,R0322,2026-05-02T14:28:40,TRANSACTION_MONITORING,RV-02
ALT-202605-000410,APP-202605-046679,R0315,2026-05-19T10:44:59,DOCUMENT,RV-05
ALT-202605-000411,APP-202605-031438,R0335,2026-05-02T16:22:22,HIGH_VALUE,RV-05
ALT-202605-000412,APP-202605-049328,R0002,2026-05-03T12:42:44,IDENTITY,RV-05
ALT-202605-000413,APP-202605-038245,R0129,2026-05-13T19:16:19,TRANSACTION_MONITORING,RV-03
ALT-202605-000414,APP-202605-065774,R0081,2026-05-04T07:06:06,DOCUMENT,RV-02
ALT-202605-000415,APP-202605-064710,R0002,2026-05-19T17:33:24,HIGH_VALUE,RV-03
ALT-202605-000416,APP-202605-062596,R0158,2026-05-23T18:31:01,IDENTITY,RV-06
ALT-202605-000417,APP-202605-043019,R0002,2026-05-05T06:04:26,TRANSACTION_MONITORING,RV-06
ALT-202605-000418,APP-202605-035419,R0142,2026-05-31T11:30:54,DOCUMENT,RV-05
ALT-202605-000419,APP-202605-053793,R0079,2026-05-15T07:34:03,HIGH_VALUE,RV-03
ALT-202605-000420,APP-202605-017844,R0002,2026-05-16T15:59:03,IDENTITY,RV-02
ALT-202605-000421,APP-202605-055299,R0079,2026-05-15T08:07:41,TRANSACTION_MONITORING,RV-01
ALT-202605-000422,APP-202605-036312,R0335,2026-05-25T10:02:50,DOCUMENT,RV-01
ALT-202605-000423,APP-202605-020094,R0147,2026-05-05T20:16:27,HIGH_VALUE,RV-06
ALT-202605-000424,APP-202605-018757,R0261,2026-05-17T13:18:10,IDENTITY,RV-06
ALT-202605-000425,APP-202605-069155,R0129,2026-05-21T21:10:58,TRANSACTION_MONITORING,RV-01
ALT-202605-000426,APP-202605-054458,R0076,2026-05-28T12:18:49,DOCUMENT,RV-01
ALT-202605-000427,APP-202605-036852,R0142,2026-05-23T11:56:19,HIGH_VALUE,RV-02
ALT-202605-000428,APP-202605-050998,R0261,2026-05-12T10:21:32,IDENTITY,RV-02
ALT-202605-000429,APP-202605-007475,R0130,2026-05-11T20:31:48,TRANSACTION_MONITORING,RV-05
ALT-202605-000430,APP-202605-013528,R0261,2026-05-05T21:17:47,DOCUMENT,RV-03
ALT-202605-000431,APP-202605-057485,R0335,2026-05-01T19:42:47,HIGH_VALUE,RV-04
ALT-202605-000432,APP-202605-024059,R0129,2026-05-11T08:50:45,IDENTITY,RV-04
ALT-202605-000433,APP-202605-055421,R0002,2026-05-14T06:22:12,TRANSACTION_MONITORING,RV-04
ALT-202605-000434,APP-202605-031665,R0129,2026-05-26T12:16:21,DOCUMENT,RV-01
ALT-202605-000435,APP-202605-026530,R0129,2026-05-10T22:28:52,HIGH_VALUE,RV-06
ALT-202605-000436,APP-202605-010836,R0071,2026-05-09T21:47:32,IDENTITY,RV-01
ALT-202605-000437,APP-202605-033085,R0129,2026-05-26T13:06:29,TRANSACTION_MONITORING,RV-01
ALT-202605-000438,APP-202605-028261,R0129,2026-05-30T07:45:52,DOCUMENT,RV-01
ALT-202605-000439,APP-202605-016884,R0217,2026-05-15T12:12:13,HIGH_VALUE,RV-05
ALT-202605-000440,APP-202605-008849,R0129,2026-05-21T12:28:47,IDENTITY,RV-06
ALT-202605-000441,APP-202605-030628,R0315,2026-05-09T12:49:38,TRANSACTION_MONITORING,RV-01
ALT-202605-000442,APP-202605-004539,R0115,2026-05-02T10:51:08,DOCUMENT,RV-03
ALT-202605-000443,APP-202605-066929,R0322,2026-05-25T20:07:56,HIGH_VALUE,RV-06
ALT-202605-000444,APP-202605-001418,R0129,2026-05-02T11:32:46,IDENTITY,RV-05
ALT-202605-000445,APP-202605-064018,R0261,2026-05-10T19:37:01,TRANSACTION_MONITORING,RV-05
ALT-202605-000446,APP-202605-009386,R0002,2026-05-02T11:39:57,DOCUMENT,RV-01
ALT-202605-000447,APP-202605-041581,R0096,2026-05-30T14:39:41,HIGH_VALUE,RV-05
ALT-202605-000448,APP-202605-039422,R0322,2026-05-17T08:12:57,IDENTITY,RV-03
ALT-202605-000449,APP-202605-047595,R0247,2026-05-22T15:58:26,TRANSACTION_MONITORING,RV-01
ALT-202605-000450,APP-202605-046529,R0109,2026-05-29T06:09:28,DOCUMENT,RV-06
ALT-202605-000451,APP-202605-009771,R0002,2026-05-01T10:53:15,HIGH_VALUE,RV-04
ALT-202605-000452,APP-202605-054776,R0064,2026-05-10T15:33:04,IDENTITY,RV-05
ALT-202605-000453,APP-202605-073966,R0071,2026-05-24T08:41:54,TRANSACTION_MONITORING,RV-03
ALT-202605-000454,APP-202605-034386,R0322,2026-05-23T16:02:51,DOCUMENT,RV-05
ALT-202605-000455,APP-202605-024604,R0096,2026-05-08T11:37:32,HIGH_VALUE,RV-03
ALT-202605-000456,APP-202605-013482,R0071,2026-05-07T16:06:01,IDENTITY,RV-03
ALT-202605-000457,APP-202605-043855,R0281,2026-05-29T16:59:05,TRANSACTION_MONITORING,RV-01
ALT-202605-000458,APP-202605-073182,R0247,2026-05-19T22:10:49,DOCUMENT,RV-03
ALT-202605-000459,APP-202605-026032,R0129,2026-05-31T18:59:28,HIGH_VALUE,RV-06
ALT-202605-000460,APP-202605-060996,R0247,2026-05-14T14:35:29,IDENTITY,RV-05
ALT-202605-000461,APP-202605-072395,R0079,2026-05-27T15:16:09,TRANSACTION_MONITORING,RV-02
ALT-202605-000462,APP-202605-033929,R0129,2026-05-22T17:56:30,DOCUMENT,RV-02
ALT-202605-000463,APP-202605-052816,R0315,2026-05-14T18:34:16,HIGH_VALUE,RV-03
ALT-202605-000464,APP-202605-041393,R0002,2026-05-14T08:12:50,IDENTITY,RV-02
ALT-202605-000465,APP-202605-048279,R0261,2026-05-31T16:09:52,TRANSACTION_MONITORING,RV-01
ALT-202605-000466,APP-202605-069498,R0252,2026-05-25T19:07:59,DOCUMENT,RV-04
ALT-202605-000467,APP-202605-046855,R0076,2026-05-13T21:20:35,HIGH_VALUE,RV-06
ALT-202605-000468,APP-202605-069395,R0081,2026-05-16T19:47:19,IDENTITY,RV-06
ALT-202605-000469,APP-202605-014216,R0261,2026-05-27T07:06:38,TRANSACTION_MONITORING,RV-01
ALT-202605-000470,APP-202605-023177,R0322,2026-05-27T22:47:14,DOCUMENT,RV-04
ALT-202605-000471,APP-202605-050433,R0335,2026-05-12T12:12:15,HIGH_VALUE,RV-03
ALT-202605-000472,APP-202605-029146,R0076,2026-05-17T09:05:24,IDENTITY,RV-02
ALT-202605-000473,APP-202605-026390,R0335,2026-05-22T21:19:22,TRANSACTION_MONITORING,RV-05
ALT-202605-000474,APP-202605-047390,R0252,2026-05-23T13:26:09,DOCUMENT,RV-03
ALT-202605-000475,APP-202605-010279,R0079,2026-05-31T09:31:26,HIGH_VALUE,RV-01
ALT-202605-000476,APP-202605-016934,R0079,2026-05-02T20:34:17,IDENTITY,RV-03
ALT-202605-000477,APP-202605-061903,R0096,2026-05-03T13:50:18,TRANSACTION_MONITORING,RV-03
ALT-202605-000478,APP-202605-008139,R0335,2026-05-07T16:13:54,DOCUMENT,RV-03
ALT-202605-000479,APP-202605-019155,R0129,2026-05-01T08:43:37,HIGH_VALUE,RV-01
ALT-202605-000480,APP-202605-038650,R0115,2026-05-04T18:44:09,IDENTITY,RV-05
ALT-202605-000481,APP-202605-029943,R0313,2026-05-04T13:01:51,TRANSACTION_MONITORING,RV-02
ALT-202605-000482,APP-202605-035657,R0252,2026-05-24T15:34:11,DOCUMENT,RV-02
ALT-202605-000483,APP-202605-004683,R0064,2026-05-27T20:33:12,HIGH_VALUE,RV-02
ALT-202605-000484,APP-202605-004553,R0129,2026-05-13T12:03:11,IDENTITY,RV-04
ALT-202605-000485,APP-202605-010877,R0129,2026-05-04T07:58:57,TRANSACTION_MONITORING,RV-04
ALT-202605-000486,APP-202605-065831,R0313,2026-05-13T19:39:51,DOCUMENT,RV-04
ALT-202605-000487,APP-202605-009551,R0109,2026-05-18T06:27:29,HIGH_VALUE,RV-03
ALT-202605-000488,APP-202605-058290,R0217,2026-05-30T18:39:41,IDENTITY,RV-05
ALT-202605-000489,APP-202605-021657,R0130,2026-05-06T09:19:23,TRANSACTION_MONITORING,RV-02
ALT-202605-000490,APP-202605-022784,R0315,2026-05-22T16:32:37,DOCUMENT,RV-01
ALT-202605-000491,APP-202605-058611,R0115,2026-05-17T15:35:46,HIGH_VALUE,RV-03
ALT-202605-000492,APP-202605-064934,R0079,2026-05-06T20:45:18,IDENTITY,RV-06
ALT-202605-000493,APP-202605-071985,R0129,2026-05-14T22:02:08,TRANSACTION_MONITORING,RV-02
ALT-202605-000494,APP-202605-039369,R0129,2026-05-23T13:50:32,DOCUMENT,RV-03
ALT-202605-000495,APP-202605-055863,R0079,2026-05-06T06:36:12,HIGH_VALUE,RV-04
ALT-202605-000496,APP-202605-071588,R0002,2026-05-23T07:08:52,IDENTITY,RV-04
ALT-202605-000497,APP-202605-049972,R0002,2026-05-08T22:27:44,TRANSACTION_MONITORING,RV-03
ALT-202605-000498,APP-202605-028629,R0302,2026-05-25T06:18:03,DOCUMENT,RV-03
ALT-202605-000499,APP-202605-074630,R0130,2026-05-27T22:58:11,HIGH_VALUE,RV-06
ALT-202605-000500,APP-202605-008003,R0250,2026-05-18T17:06:55,IDENTITY,RV-06
ALT-202605-000501,APP-202605-038977,R0070,2026-05-27T12:00:30,TRANSACTION_MONITORING,RV-05
ALT-202605-000502,APP-202605-001906,R0096,2026-05-06T18:41:40,DOCUMENT,RV-05
ALT-202605-000503,APP-202605-037965,R0261,2026-05-11T13:00:43,HIGH_VALUE,RV-03
ALT-202605-000504,APP-202605-060705,R0076,2026-05-27T16:39:11,IDENTITY,RV-06
ALT-202605-000505,APP-202605-009881,R0079,2026-05-31T17:27:21,TRANSACTION_MONITORING,RV-03
ALT-202605-000506,APP-202605-035283,R0322,2026-05-24T13:54:46,DOCUMENT,RV-06
ALT-202605-000507,APP-202605-066904,R0261,2026-05-14T17:06:31,HIGH_VALUE,RV-03
ALT-202605-000508,APP-202605-064124,R0109,2026-05-02T13:45:22,IDENTITY,RV-01
ALT-202605-000509,APP-202605-063991,R0130,2026-05-08T09:10:29,TRANSACTION_MONITORING,RV-06
ALT-202605-000510,APP-202605-000377,R0252,2026-05-18T20:39:19,DOCUMENT,RV-02
ALT-202605-000511,APP-202605-067666,R0322,2026-05-30T14:15:53,HIGH_VALUE,RV-03
ALT-202605-000512,APP-202605-008088,R0079,2026-05-10T18:24:19,IDENTITY,RV-05
ALT-202605-000513,APP-202605-048928,R0250,2026-05-02T16:11:46,TRANSACTION_MONITORING,RV-02
ALT-202605-000514,APP-202605-072472,R0001,2026-05-29T21:42:51,DOCUMENT,RV-03
ALT-202605-000515,APP-202605-012088,R0261,2026-05-22T09:02:14,HIGH_VALUE,RV-01
ALT-202605-000516,APP-202605-069318,R0217,2026-05-21T09:55:10,IDENTITY,RV-01
ALT-202605-000517,APP-202605-067934,R0261,2026-05-13T20:51:53,TRANSACTION_MONITORING,RV-06
ALT-202605-000518,APP-202605-009183,R0129,2026-05-13T17:20:22,DOCUMENT,RV-02
ALT-202605-000519,APP-202605-038627,R0322,2026-05-30T20:52:26,HIGH_VALUE,RV-02
ALT-202605-000520,APP-202605-069677,R0313,2026-05-12T20:19:30,IDENTITY,RV-04
ALT-202605-000521,APP-202605-007944,R0322,2026-05-21T09:36:07,TRANSACTION_MONITORING,RV-01
ALT-202605-000522,APP-202605-044654,R0129,2026-05-01T09:50:27,DOCUMENT,RV-03
ALT-202605-000523,APP-202605-074420,R0322,2026-05-23T22:32:00,HIGH_VALUE,RV-06
ALT-202605-000524,APP-202605-001759,R0247,2026-05-29T14:52:03,IDENTITY,RV-06
ALT-202605-000525,APP-202605-061804,R0064,2026-05-20T21:53:52,TRANSACTION_MONITORING,RV-05
ALT-202605-000526,APP-202605-048149,R0002,2026-05-13T09:36:41,DOCUMENT,RV-01
ALT-202605-000527,APP-202605-038832,R0217,2026-05-30T09:26:31,HIGH_VALUE,RV-03
ALT-202605-000528,APP-202605-019827,R0313,2026-05-29T19:43:27,IDENTITY,RV-04
ALT-202605-000529,APP-202605-064187,R0335,2026-05-25T06:34:29,TRANSACTION_MONITORING,RV-04
ALT-202605-000530,APP-202605-020061,R0129,2026-05-22T06:22:18,DOCUMENT,RV-05
ALT-202605-000531,APP-202605-050587,R0158,2026-05-10T06:40:58,HIGH_VALUE,RV-03
ALT-202605-000532,APP-202605-051801,R0079,2026-05-28T19:01:00,IDENTITY,RV-02
ALT-202605-000533,APP-202605-011322,R0252,2026-05-21T13:46:22,TRANSACTION_MONITORING,RV-06
ALT-202605-000534,APP-202605-039260,R0261,2026-05-18T18:00:45,DOCUMENT,RV-06
ALT-202605-000535,APP-202605-038945,R0109,2026-05-16T20:54:23,HIGH_VALUE,RV-06
ALT-202605-000536,APP-202605-052385,R0142,2026-05-23T07:55:39,IDENTITY,RV-03
ALT-202605-000537,APP-202605-017229,R0079,2026-05-23T06:35:22,TRANSACTION_MONITORING,RV-03
ALT-202605-000538,APP-202605-052076,R0252,2026-05-22T21:11:25,DOCUMENT,RV-06
ALT-202605-000539,APP-202605-044325,R0313,2026-05-31T21:33:26,HIGH_VALUE,RV-02
ALT-202605-000540,APP-202605-036238,R0109,2026-05-01T16:47:11,IDENTITY,RV-03
ALT-202605-000541,APP-202605-022482,R0071,2026-05-06T13:53:25,TRANSACTION_MONITORING,RV-04
ALT-202605-000542,APP-202605-017225,R0261,2026-05-24T21:10:11,DOCUMENT,RV-01
ALT-202605-000543,APP-202605-011717,R0076,2026-05-25T14:48:22,HIGH_VALUE,RV-05
ALT-202605-000544,APP-202605-045534,R0130,2026-05-13T16:02:34,IDENTITY,RV-05
ALT-202605-000545,APP-202605-048538,R0158,2026-05-19T22:05:17,TRANSACTION_MONITORING,RV-02
ALT-202605-000546,APP-202605-038407,R0261,2026-05-17T06:38:08,DOCUMENT,RV-01
ALT-202605-000547,APP-202605-064940,R0315,2026-05-25T08:39:01,HIGH_VALUE,RV-06
ALT-202605-000548,APP-202605-068855,R0250,2026-05-20T21:19:40,IDENTITY,RV-04
ALT-202605-000549,APP-202605-051333,R0250,2026-05-26T21:52:53,TRANSACTION_MONITORING,RV-02
ALT-202605-000550,APP-202605-027881,R0281,2026-05-16T06:44:43,DOCUMENT,RV-06
ALT-202605-000551,APP-202605-027049,R0261,2026-05-23T13:37:15,HIGH_VALUE,RV-03
ALT-202605-000552,APP-202605-009068,R0079,2026-05-03T18:03:23,IDENTITY,RV-02
ALT-202605-000553,APP-202605-062122,R0261,2026-05-20T19:50:24,TRANSACTION_MONITORING,RV-03
ALT-202605-000554,APP-202605-069493,R0281,2026-05-20T19:18:48,DOCUMENT,RV-02
ALT-202605-000555,APP-202605-029621,R0081,2026-05-15T19:45:22,HIGH_VALUE,RV-03
ALT-202605-000556,APP-202605-052924,R0129,2026-05-04T10:59:41,IDENTITY,RV-03
ALT-202605-000557,APP-202605-030837,R0129,2026-05-08T09:05:06,TRANSACTION_MONITORING,RV-04
ALT-202605-000558,APP-202605-053418,R0109,2026-05-17T21:16:09,DOCUMENT,RV-03
ALT-202605-000559,APP-202605-025526,R0071,2026-05-24T20:39:50,HIGH_VALUE,RV-05
ALT-202605-000560,APP-202605-068756,R0129,2026-05-25T13:36:05,IDENTITY,RV-06
ALT-202605-000561,APP-202605-044613,R0079,2026-05-01T20:52:41,TRANSACTION_MONITORING,RV-03
ALT-202605-000562,APP-202605-061591,R0261,2026-05-16T22:45:06,DOCUMENT,RV-04
ALT-202605-000563,APP-202605-060687,R0002,2026-05-26T15:51:12,HIGH_VALUE,RV-03
ALT-202605-000564,APP-202605-055988,R0071,2026-05-02T22:22:54,IDENTITY,RV-06
ALT-202605-000565,APP-202605-027742,R0081,2026-05-24T10:57:30,TRANSACTION_MONITORING,RV-03
ALT-202605-000566,APP-202605-012969,R0313,2026-05-09T19:15:25,DOCUMENT,RV-02
ALT-202605-000567,APP-202605-019558,R0129,2026-05-03T08:21:08,HIGH_VALUE,RV-05
ALT-202605-000568,APP-202605-054509,R0071,2026-05-12T18:53:25,IDENTITY,RV-06
ALT-202605-000569,APP-202605-017508,R0252,2026-05-11T16:03:24,TRANSACTION_MONITORING,RV-06
ALT-202605-000570,APP-202605-013492,R0079,2026-05-27T16:12:52,DOCUMENT,RV-06
ALT-202605-000571,APP-202605-067680,R0081,2026-05-22T21:54:54,HIGH_VALUE,RV-06
ALT-202605-000572,APP-202605-001581,R0115,2026-05-30T07:31:42,IDENTITY,RV-01
ALT-202605-000573,APP-202605-024393,R0129,2026-05-05T19:23:24,TRANSACTION_MONITORING,RV-03
ALT-202605-000574,APP-202605-067354,R0129,2026-05-23T15:38:09,DOCUMENT,RV-05
ALT-202605-000575,APP-202605-030143,R0129,2026-05-07T18:44:45,HIGH_VALUE,RV-01
ALT-202605-000576,APP-202605-030115,R0079,2026-05-18T17:47:48,IDENTITY,RV-04
ALT-202605-000577,APP-202605-019367,R0109,2026-05-23T13:23:58,TRANSACTION_MONITORING,RV-05
ALT-202605-000578,APP-202605-032956,R0261,2026-05-05T21:22:50,DOCUMENT,RV-03
ALT-202605-000579,APP-202605-066201,R0247,2026-05-11T20:40:21,HIGH_VALUE,RV-03
ALT-202605-000580,APP-202605-070136,R0002,2026-05-17T19:03:37,IDENTITY,RV-03
ALT-202605-000581,APP-202605-010056,R0247,2026-05-31T09:51:09,TRANSACTION_MONITORING,RV-03
ALT-202605-000582,APP-202605-064128,R0130,2026-05-27T20:45:36,DOCUMENT,RV-06
ALT-202605-000583,APP-202605-055803,R0129,2026-05-21T16:37:02,HIGH_VALUE,RV-02
ALT-202605-000584,APP-202605-069370,R0310,2026-05-20T14:04:53,IDENTITY,RV-03
ALT-202605-000585,APP-202605-055682,R0335,2026-05-02T06:17:12,TRANSACTION_MONITORING,RV-05
ALT-202605-000586,APP-202605-050634,R0252,2026-05-22T07:09:32,DOCUMENT,RV-01
ALT-202605-000587,APP-202605-066886,R0261,2026-05-25T20:45:24,HIGH_VALUE,RV-01
ALT-202605-000588,APP-202605-025197,R0129,2026-05-23T16:57:06,IDENTITY,RV-02
ALT-202605-000589,APP-202605-058401,R0261,2026-05-01T14:46:26,TRANSACTION_MONITORING,RV-02
ALT-202605-000590,APP-202605-007186,R0158,2026-05-15T10:15:58,DOCUMENT,RV-05
ALT-202605-000591,APP-202605-069791,R0002,2026-05-18T16:32:05,HIGH_VALUE,RV-01
ALT-202605-000592,APP-202605-057224,R0322,2026-05-12T20:12:25,IDENTITY,RV-01
ALT-202605-000593,APP-202605-005967,R0261,2026-05-21T09:49:50,TRANSACTION_MONITORING,RV-03
ALT-202605-000594,APP-202605-038216,R0045,2026-05-30T16:07:57,DOCUMENT,RV-05
ALT-202605-000595,APP-202605-028865,R0335,2026-05-16T16:01:31,HIGH_VALUE,RV-05
ALT-202605-000596,APP-202605-074920,R0002,2026-05-18T12:41:48,IDENTITY,RV-02
ALT-202605-000597,APP-202605-045012,R0064,2026-05-23T21:41:29,TRANSACTION_MONITORING,RV-05
ALT-202605-000598,APP-202605-042292,R0261,2026-05-24T21:11:34,DOCUMENT,RV-03
ALT-202605-000599,APP-202605-027850,R0109,2026-05-01T15:28:08,HIGH_VALUE,RV-06
ALT-202605-000600,APP-202605-000060,R0001,2026-05-27T19:14:40,IDENTITY,RV-06
ALT-202605-000601,APP-202605-068733,R0335,2026-05-13T07:04:10,TRANSACTION_MONITORING,RV-01
ALT-202605-000602,APP-202605-052308,R0129,2026-05-30T22:07:56,DOCUMENT,RV-05
ALT-202605-000603,APP-202605-018430,R0081,2026-05-17T14:45:42,HIGH_VALUE,RV-06
ALT-202605-000604,APP-202605-035297,R0129,2026-05-31T07:23:47,IDENTITY,RV-03
ALT-202605-000605,APP-202605-056365,R0064,2026-05-31T15:33:33,TRANSACTION_MONITORING,RV-01
ALT-202605-000606,APP-202605-061923,R0081,2026-05-06T06:51:17,DOCUMENT,RV-05
ALT-202605-000607,APP-202605-010953,R0335,2026-05-23T10:47:39,HIGH_VALUE,RV-01
ALT-202605-000608,APP-202605-066473,R0158,2026-05-06T13:55:02,IDENTITY,RV-05
ALT-202605-000609,APP-202605-004904,R0252,2026-05-03T16:40:00,TRANSACTION_MONITORING,RV-01
ALT-202605-000610,APP-202605-003489,R0064,2026-05-17T19:10:45,DOCUMENT,RV-01
ALT-202605-000611,APP-202605-070493,R0115,2026-05-29T21:02:25,HIGH_VALUE,RV-01
ALT-202605-000612,APP-202605-055926,R0079,2026-05-13T09:06:41,IDENTITY,RV-06
ALT-202605-000613,APP-202605-015928,R0217,2026-05-13T19:51:34,TRANSACTION_MONITORING,RV-01
ALT-202605-000614,APP-202605-061273,R0261,2026-05-29T07:21:21,DOCUMENT,RV-05
ALT-202605-000615,APP-202605-001502,R0250,2026-05-16T22:58:31,HIGH_VALUE,RV-04
ALT-202605-000616,APP-202605-008687,R0250,2026-05-04T20:12:17,IDENTITY,RV-02
ALT-202605-000617,APP-202605-066914,R0002,2026-05-25T22:19:23,TRANSACTION_MONITORING,RV-03
ALT-202605-000618,APP-202605-011943,R0081,2026-05-20T06:34:47,DOCUMENT,RV-04
ALT-202605-000619,APP-202605-031466,R0322,2026-05-06T21:42:59,HIGH_VALUE,RV-02
ALT-202605-000620,APP-202605-057355,R0250,2026-05-24T19:36:24,IDENTITY,RV-01
ALT-202605-000621,APP-202605-019578,R0322,2026-05-05T07:45:00,TRANSACTION_MONITORING,RV-03
ALT-202605-000622,APP-202605-057590,R0250,2026-05-07T19:29:42,DOCUMENT,RV-03
ALT-202605-000623,APP-202605-032837,R0064,2026-05-12T21:16:49,HIGH_VALUE,RV-02
ALT-202605-000624,APP-202605-039747,R0081,2026-05-17T12:51:12,IDENTITY,RV-02
ALT-202605-000625,APP-202605-026588,R0322,2026-05-30T08:21:49,TRANSACTION_MONITORING,RV-05
ALT-202605-000626,APP-202605-025698,R0129,2026-05-06T19:26:57,DOCUMENT,RV-03
ALT-202605-000627,APP-202605-061042,R0002,2026-05-26T21:31:43,HIGH_VALUE,RV-01
ALT-202605-000628,APP-202605-022118,R0129,2026-05-20T10:12:58,IDENTITY,RV-02
ALT-202605-000629,APP-202605-019781,R0129,2026-05-03T08:13:25,TRANSACTION_MONITORING,RV-02
ALT-202605-000630,APP-202605-018557,R0261,2026-05-05T21:12:03,DOCUMENT,RV-04
ALT-202605-000631,APP-202605-054154,R0247,2026-05-26T06:19:38,HIGH_VALUE,RV-03
ALT-202605-000632,APP-202605-071309,R0322,2026-05-30T16:54:50,IDENTITY,RV-02
ALT-202605-000633,APP-202605-026766,R0302,2026-05-30T09:14:16,TRANSACTION_MONITORING,RV-01
ALT-202605-000634,APP-202605-024642,R0322,2026-05-24T07:16:41,DOCUMENT,RV-01
ALT-202605-000635,APP-202605-024501,R0261,2026-05-31T15:19:09,HIGH_VALUE,RV-02
ALT-202605-000636,APP-202605-006219,R0261,2026-05-01T19:22:30,IDENTITY,RV-05
ALT-202605-000637,APP-202605-032656,R0129,2026-05-30T09:14:14,TRANSACTION_MONITORING,RV-03
ALT-202605-000638,APP-202605-026926,R0250,2026-05-23T11:14:06,DOCUMENT,RV-05
ALT-202605-000639,APP-202605-064668,R0096,2026-05-05T08:45:14,HIGH_VALUE,RV-03
ALT-202605-000640,APP-202605-025879,R0079,2026-05-29T16:44:14,IDENTITY,RV-02
ALT-202605-000641,APP-202605-067087,R0250,2026-05-30T18:35:27,TRANSACTION_MONITORING,RV-01
ALT-202605-000642,APP-202605-013615,R0079,2026-05-20T09:23:35,DOCUMENT,RV-03
ALT-202605-000643,APP-202605-070929,R0115,2026-05-31T12:08:58,HIGH_VALUE,RV-03
ALT-202605-000644,APP-202605-046199,R0002,2026-05-05T15:41:16,IDENTITY,RV-04
ALT-202605-000645,APP-202605-064339,R0129,2026-05-04T13:05:39,TRANSACTION_MONITORING,RV-03
ALT-202605-000646,APP-202605-017156,R0064,2026-05-01T11:37:56,DOCUMENT,RV-02
ALT-202605-000647,APP-202605-064219,R0217,2026-05-23T09:06:04,HIGH_VALUE,RV-03
ALT-202605-000648,APP-202605-035817,R0322,2026-05-04T09:44:46,IDENTITY,RV-04
ALT-202605-000649,APP-202605-052511,R0217,2026-05-05T21:27:34,TRANSACTION_MONITORING,RV-02
ALT-202605-000650,APP-202605-058145,R0261,2026-05-10T22:12:33,DOCUMENT,RV-03
ALT-202605-000651,APP-202605-018788,R0142,2026-05-11T19:31:41,HIGH_VALUE,RV-05
ALT-202605-000652,APP-202605-050079,R0079,2026-05-26T18:10:15,IDENTITY,RV-04
ALT-202605-000653,APP-202605-014707,R0129,2026-05-28T13:37:55,TRANSACTION_MONITORING,RV-03
ALT-202605-000654,APP-202605-032747,R0322,2026-05-18T13:46:14,DOCUMENT,RV-05
ALT-202605-000655,APP-202605-002933,R0261,2026-05-06T10:30:47,HIGH_VALUE,RV-05
ALT-202605-000656,APP-202605-029518,R0129,2026-05-08T10:24:39,IDENTITY,RV-02
ALT-202605-000657,APP-202605-006874,R0109,2026-05-05T10:35:33,TRANSACTION_MONITORING,RV-04
ALT-202605-000658,APP-202605-007047,R0313,2026-05-01T10:17:21,DOCUMENT,RV-05
ALT-202605-000659,APP-202605-062290,R0071,2026-05-15T11:40:29,HIGH_VALUE,RV-05
ALT-202605-000660,APP-202605-061571,R0158,2026-05-05T14:35:49,IDENTITY,RV-01
ALT-202605-000661,APP-202605-049210,R0322,2026-05-15T20:15:53,TRANSACTION_MONITORING,RV-05
ALT-202605-000662,APP-202605-071736,R0250,2026-05-23T13:08:06,DOCUMENT,RV-04
ALT-202605-000663,APP-202605-029761,R0261,2026-05-21T10:27:05,HIGH_VALUE,RV-03
ALT-202605-000664,APP-202605-045105,R0036,2026-05-10T09:14:18,IDENTITY,RV-01
ALT-202605-000665,APP-202605-017228,R0079,2026-05-06T15:00:35,TRANSACTION_MONITORING,RV-05
ALT-202605-000666,APP-202605-007325,R0315,2026-05-09T09:00:07,DOCUMENT,RV-05
ALT-202605-000667,APP-202605-005425,R0322,2026-05-21T20:45:04,HIGH_VALUE,RV-04
ALT-202605-000668,APP-202605-058107,R0109,2026-05-09T21:40:00,IDENTITY,RV-03
ALT-202605-000669,APP-202605-060713,R0261,2026-05-24T21:41:15,TRANSACTION_MONITORING,RV-03
ALT-202605-000670,APP-202605-051304,R0335,2026-05-04T16:48:06,DOCUMENT,RV-03
ALT-202605-000671,APP-202605-001509,R0076,2026-05-18T13:33:06,HIGH_VALUE,RV-05
ALT-202605-000672,APP-202605-009636,R0310,2026-05-28T06:35:54,IDENTITY,RV-04
ALT-202605-000673,APP-202605-044100,R0335,2026-05-19T19:36:09,TRANSACTION_MONITORING,RV-05
ALT-202605-000674,APP-202605-072932,R0261,2026-05-08T22:37:26,DOCUMENT,RV-06
ALT-202605-000675,APP-202605-020231,R0129,2026-05-28T15:31:40,HIGH_VALUE,RV-02
ALT-202605-000676,APP-202605-001842,R0335,2026-05-21T17:20:08,IDENTITY,RV-05
ALT-202605-000677,APP-202605-038529,R0129,2026-05-17T19:11:22,TRANSACTION_MONITORING,RV-02
ALT-202605-000678,APP-202605-035850,R0079,2026-05-14T06:28:13,DOCUMENT,RV-03
ALT-202605-000679,APP-202605-004409,R0002,2026-05-05T17:59:04,HIGH_VALUE,RV-05
ALT-202605-000680,APP-202605-066086,R0001,2026-05-25T19:14:17,IDENTITY,RV-02
ALT-202605-000681,APP-202605-003232,R0315,2026-05-20T15:18:27,TRANSACTION_MONITORING,RV-01
ALT-202605-000682,APP-202605-038578,R0281,2026-05-24T10:19:19,DOCUMENT,RV-02
ALT-202605-000683,APP-202605-044414,R0142,2026-05-06T09:01:14,HIGH_VALUE,RV-04
ALT-202605-000684,APP-202605-074081,R0064,2026-05-18T07:41:53,IDENTITY,RV-01
ALT-202605-000685,APP-202605-050748,R0130,2026-05-16T16:12:12,TRANSACTION_MONITORING,RV-06
ALT-202605-000686,APP-202605-048197,R0158,2026-05-23T20:26:11,DOCUMENT,RV-02
ALT-202605-000687,APP-202605-018471,R0079,2026-05-09T21:10:30,HIGH_VALUE,RV-06
ALT-202605-000688,APP-202605-031667,R0036,2026-05-29T10:33:05,IDENTITY,RV-04
ALT-202605-000689,APP-202605-053675,R0079,2026-05-28T21:30:48,TRANSACTION_MONITORING,RV-03
ALT-202605-000690,APP-202605-035426,R0130,2026-05-24T14:21:14,DOCUMENT,RV-02
ALT-202605-000691,APP-202605-058586,R0252,2026-05-25T15:49:19,HIGH_VALUE,RV-06
ALT-202605-000692,APP-202605-036999,R0247,2026-05-05T16:27:20,IDENTITY,RV-03
ALT-202605-000693,APP-202605-002583,R0313,2026-05-30T11:37:23,TRANSACTION_MONITORING,RV-02
ALT-202605-000694,APP-202605-033733,R0247,2026-05-22T08:19:25,DOCUMENT,RV-01
ALT-202605-000695,APP-202605-023410,R0322,2026-05-12T12:03:48,HIGH_VALUE,RV-03
ALT-202605-000696,APP-202605-044239,R0217,2026-05-22T19:22:34,IDENTITY,RV-01
ALT-202605-000697,APP-202605-072368,R0079,2026-05-03T07:37:29,TRANSACTION_MONITORING,RV-04
ALT-202605-000698,APP-202605-031297,R0129,2026-05-01T16:37:42,DOCUMENT,RV-06
ALT-202605-000699,APP-202605-052279,R0217,2026-05-24T14:59:45,HIGH_VALUE,RV-02
ALT-202605-000700,APP-202605-017960,R0281,2026-05-15T14:17:11,IDENTITY,RV-05
ALT-202605-000701,APP-202605-021778,R0081,2026-05-01T10:42:33,TRANSACTION_MONITORING,RV-02
ALT-202605-000702,APP-202605-058364,R0071,2026-05-23T06:46:05,DOCUMENT,RV-03
ALT-202605-000703,APP-202605-050787,R0261,2026-05-06T18:28:32,HIGH_VALUE,RV-02
ALT-202605-000704,APP-202605-008780,R0322,2026-05-20T13:14:57,IDENTITY,RV-02
ALT-202605-000705,APP-202605-028118,R0217,2026-05-21T15:58:07,TRANSACTION_MONITORING,RV-02
ALT-202605-000706,APP-202605-056336,R0064,2026-05-15T15:59:53,DOCUMENT,RV-02
ALT-202605-000707,APP-202605-045627,R0002,2026-05-12T20:18:31,HIGH_VALUE,RV-04
ALT-202605-000708,APP-202605-029085,R0217,2026-05-24T17:18:22,IDENTITY,RV-06
ALT-202605-000709,APP-202605-065391,R0129,2026-05-08T22:08:55,TRANSACTION_MONITORING,RV-03
ALT-202605-000710,APP-202605-025568,R0250,2026-05-12T07:09:01,DOCUMENT,RV-04
ALT-202605-000711,APP-202605-074712,R0247,2026-05-17T11:33:06,HIGH_VALUE,RV-05
ALT-202605-000712,APP-202605-068398,R0322,2026-05-24T19:29:36,IDENTITY,RV-05
ALT-202605-000713,APP-202605-057209,R0247,2026-05-13T19:33:31,TRANSACTION_MONITORING,RV-03
ALT-202605-000714,APP-202605-064897,R0115,2026-05-04T14:43:32,DOCUMENT,RV-03
ALT-202605-000715,APP-202605-019910,R0281,2026-05-22T19:17:32,HIGH_VALUE,RV-01
ALT-202605-000716,APP-202605-014067,R0081,2026-05-29T21:21:04,IDENTITY,RV-01
ALT-202605-000717,APP-202605-003765,R0250,2026-05-17T09:17:38,TRANSACTION_MONITORING,RV-01
ALT-202605-000718,APP-202605-022273,R0335,2026-05-12T09:24:39,DOCUMENT,RV-06
ALT-202605-000719,APP-202605-018659,R0129,2026-05-01T09:17:39,HIGH_VALUE,RV-03
ALT-202605-000720,APP-202605-073875,R0315,2026-05-14T07:45:15,IDENTITY,RV-02
ALT-202605-000721,APP-202605-045326,R0261,2026-05-27T09:44:06,TRANSACTION_MONITORING,RV-03
ALT-202605-000722,APP-202605-032586,R0142,2026-05-23T15:18:30,DOCUMENT,RV-01
ALT-202605-000723,APP-202605-058657,R0002,2026-05-19T19:25:26,HIGH_VALUE,RV-04
ALT-202605-000724,APP-202605-014309,R0261,2026-05-09T17:00:04,IDENTITY,RV-06
ALT-202605-000725,APP-202605-030054,R0129,2026-05-29T20:56:26,TRANSACTION_MONITORING,RV-05
ALT-202605-000726,APP-202605-064880,R0261,2026-05-06T15:36:57,DOCUMENT,RV-05
ALT-202605-000727,APP-202605-018031,R0252,2026-05-30T20:24:04,HIGH_VALUE,RV-05
ALT-202605-000728,APP-202605-018995,R0081,2026-05-06T07:46:27,IDENTITY,RV-02
ALT-202605-000729,APP-202605-024196,R0081,2026-05-03T12:32:26,TRANSACTION_MONITORING,RV-02
ALT-202605-000730,APP-202605-007115,R0247,2026-05-02T07:52:53,DOCUMENT,RV-01
ALT-202605-000731,APP-202605-039494,R0076,2026-05-04T16:56:47,HIGH_VALUE,RV-06
ALT-202605-000732,APP-202605-007415,R0247,2026-05-07T11:13:37,IDENTITY,RV-06
ALT-202605-000733,APP-202605-061334,R0261,2026-05-14T20:29:06,TRANSACTION_MONITORING,RV-02
ALT-202605-000734,APP-202605-038724,R0071,2026-05-01T13:44:20,DOCUMENT,RV-03
ALT-202605-000735,APP-202605-023050,R0002,2026-05-08T06:40:45,HIGH_VALUE,RV-01
ALT-202605-000736,APP-202605-001957,R0335,2026-05-03T07:08:09,IDENTITY,RV-02
ALT-202605-000737,APP-202605-019355,R0079,2026-05-25T15:52:55,TRANSACTION_MONITORING,RV-02
ALT-202605-000738,APP-202605-019081,R0002,2026-05-19T21:57:19,DOCUMENT,RV-05
ALT-202605-000739,APP-202605-053507,R0115,2026-05-13T17:18:05,HIGH_VALUE,RV-01
ALT-202605-000740,APP-202605-032517,R0250,2026-05-15T10:16:21,IDENTITY,RV-05
ALT-202605-000741,APP-202605-041690,R0247,2026-05-22T13:21:24,TRANSACTION_MONITORING,RV-05
ALT-202605-000742,APP-202605-004696,R0129,2026-05-23T08:26:05,DOCUMENT,RV-02
ALT-202605-000743,APP-202605-064576,R0081,2026-05-08T11:03:05,HIGH_VALUE,RV-01
ALT-202605-000744,APP-202605-011722,R0250,2026-05-31T07:08:58,IDENTITY,RV-02
ALT-202605-000745,APP-202605-017452,R0064,2026-05-14T17:14:56,TRANSACTION_MONITORING,RV-03
ALT-202605-000746,APP-202605-017962,R0261,2026-05-30T17:11:38,DOCUMENT,RV-01
ALT-202605-000747,APP-202605-062659,R0079,2026-05-22T16:54:44,HIGH_VALUE,RV-01
ALT-202605-000748,APP-202605-065413,R0313,2026-05-31T09:42:37,IDENTITY,RV-02
ALT-202605-000749,APP-202605-018030,R0129,2026-05-21T07:10:28,TRANSACTION_MONITORING,RV-04
ALT-202605-000750,APP-202605-042323,R0252,2026-05-06T13:41:08,DOCUMENT,RV-03
ALT-202605-000751,APP-202605-062450,R0079,2026-05-23T18:19:51,HIGH_VALUE,RV-06
ALT-202605-000752,APP-202605-017763,R0250,2026-05-28T07:38:16,IDENTITY,RV-02
ALT-202605-000753,APP-202605-070949,R0129,2026-05-18T18:20:19,TRANSACTION_MONITORING,RV-03
ALT-202605-000754,APP-202605-027314,R0129,2026-05-22T12:24:43,DOCUMENT,RV-04
ALT-202605-000755,APP-202605-021053,R0064,2026-05-31T09:50:58,HIGH_VALUE,RV-05
ALT-202605-000756,APP-202605-013504,R0315,2026-05-04T15:58:51,IDENTITY,RV-02
ALT-202605-000757,APP-202605-018632,R0115,2026-05-27T17:44:20,TRANSACTION_MONITORING,RV-04
ALT-202605-000758,APP-202605-027067,R0071,2026-05-02T22:55:42,DOCUMENT,RV-04
ALT-202605-000759,APP-202605-034204,R0129,2026-05-14T21:00:17,HIGH_VALUE,RV-05
ALT-202605-000760,APP-202605-050000,R0335,2026-05-08T21:42:28,IDENTITY,RV-03
ALT-202605-000761,APP-202605-023720,R0076,2026-05-27T11:56:11,TRANSACTION_MONITORING,RV-06
ALT-202605-000762,APP-202605-021336,R0250,2026-05-27T21:17:17,DOCUMENT,RV-01
ALT-202605-000763,APP-202605-069695,R0129,2026-05-17T06:08:43,HIGH_VALUE,RV-05
ALT-202605-000764,APP-202605-061050,R0129,2026-05-21T22:38:53,IDENTITY,RV-05
ALT-202605-000765,APP-202605-005142,R0064,2026-05-26T16:50:56,TRANSACTION_MONITORING,RV-05
ALT-202605-000766,APP-202605-043322,R0129,2026-05-31T10:40:59,DOCUMENT,RV-02
ALT-202605-000767,APP-202605-057660,R0129,2026-05-25T15:24:31,HIGH_VALUE,RV-03
ALT-202605-000768,APP-202605-042674,R0064,2026-05-26T13:03:51,IDENTITY,RV-03
ALT-202605-000769,APP-202605-071527,R0302,2026-05-22T14:17:58,TRANSACTION_MONITORING,RV-05
ALT-202605-000770,APP-202605-012767,R0109,2026-05-25T21:40:07,DOCUMENT,RV-01
ALT-202605-000771,APP-202605-048759,R0335,2026-05-26T09:10:11,HIGH_VALUE,RV-06
ALT-202605-000772,APP-202605-009857,R0252,2026-05-01T22:08:24,IDENTITY,RV-03
ALT-202605-000773,APP-202605-016137,R0261,2026-05-25T19:53:10,TRANSACTION_MONITORING,RV-06
ALT-202605-000774,APP-202605-019138,R0070,2026-05-27T15:35:11,DOCUMENT,RV-02
ALT-202605-000775,APP-202605-027620,R0064,2026-05-31T19:16:12,HIGH_VALUE,RV-01
ALT-202605-000776,APP-202605-036701,R0064,2026-05-25T22:54:38,IDENTITY,RV-02
ALT-202605-000777,APP-202605-016617,R0250,2026-05-06T08:16:56,TRANSACTION_MONITORING,RV-02
ALT-202605-000778,APP-202605-029704,R0038,2026-05-14T06:17:17,DOCUMENT,RV-01
ALT-202605-000779,APP-202605-066739,R0079,2026-05-31T19:12:45,HIGH_VALUE,RV-01
ALT-202605-000780,APP-202605-067710,R0129,2026-05-29T20:33:33,IDENTITY,RV-03
ALT-202605-000781,APP-202605-004383,R0247,2026-05-08T22:54:52,TRANSACTION_MONITORING,RV-03
ALT-202605-000782,APP-202605-062870,R0115,2026-05-26T08:45:41,DOCUMENT,RV-05
ALT-202605-000783,APP-202605-004897,R0129,2026-05-13T17:16:40,HIGH_VALUE,RV-03
ALT-202605-000784,APP-202605-071124,R0322,2026-05-30T20:56:28,IDENTITY,RV-03
ALT-202605-000785,APP-202605-030259,R0273,2026-05-05T13:09:38,TRANSACTION_MONITORING,RV-03
ALT-202605-000786,APP-202605-004559,R0261,2026-05-16T22:43:59,DOCUMENT,RV-05
ALT-202605-000787,APP-202605-044319,R0002,2026-05-03T13:28:09,HIGH_VALUE,RV-03
ALT-202605-000788,APP-202605-073756,R0261,2026-05-03T15:07:51,IDENTITY,RV-06
ALT-202605-000789,APP-202605-047610,R0129,2026-05-20T16:05:38,TRANSACTION_MONITORING,RV-05
ALT-202605-000790,APP-202605-045251,R0130,2026-05-14T09:52:23,DOCUMENT,RV-04
ALT-202605-000791,APP-202605-027835,R0129,2026-05-01T22:10:43,HIGH_VALUE,RV-01
ALT-202605-000792,APP-202605-012386,R0002,2026-05-05T18:50:38,IDENTITY,RV-01
ALT-202605-000793,APP-202605-023650,R0281,2026-05-24T09:12:26,TRANSACTION_MONITORING,RV-05
ALT-202605-000794,APP-202605-039872,R0064,2026-05-21T16:36:06,DOCUMENT,RV-02
ALT-202605-000795,APP-202605-037776,R0335,2026-05-11T11:12:51,HIGH_VALUE,RV-02
ALT-202605-000796,APP-202605-004681,R0313,2026-05-12T21:01:27,IDENTITY,RV-02
ALT-202605-000797,APP-202605-066956,R0038,2026-05-04T15:36:28,TRANSACTION_MONITORING,RV-05
ALT-202605-000798,APP-202605-067791,R0217,2026-05-09T20:32:42,DOCUMENT,RV-03
ALT-202605-000799,APP-202605-029689,R0064,2026-05-03T12:20:27,HIGH_VALUE,RV-05
ALT-202605-000800,APP-202605-009658,R0261,2026-05-25T19:27:57,IDENTITY,RV-05
ALT-202605-000801,APP-202605-011059,R0322,2026-05-19T11:21:28,TRANSACTION_MONITORING,RV-05
ALT-202605-000802,APP-202605-042181,R0129,2026-05-27T20:25:22,DOCUMENT,RV-02
ALT-202605-000803,APP-202605-011996,R0247,2026-05-19T21:41:15,HIGH_VALUE,RV-02
ALT-202605-000804,APP-202605-024181,R0129,2026-05-06T21:08:51,IDENTITY,RV-03
ALT-202605-000805,APP-202605-047537,R0129,2026-05-05T16:56:30,TRANSACTION_MONITORING,RV-02
ALT-202605-000806,APP-202605-028048,R0322,2026-05-20T09:45:03,DOCUMENT,RV-06
ALT-202605-000807,APP-202605-040261,R0217,2026-05-03T21:48:44,HIGH_VALUE,RV-01
ALT-202605-000808,APP-202605-017254,R0313,2026-05-05T15:14:55,IDENTITY,RV-04
ALT-202605-000809,APP-202605-059025,R0081,2026-05-13T22:09:57,TRANSACTION_MONITORING,RV-04
ALT-202605-000810,APP-202605-003656,R0071,2026-05-06T08:29:50,DOCUMENT,RV-06
ALT-202605-000811,APP-202605-023310,R0079,2026-05-25T09:44:19,HIGH_VALUE,RV-02
ALT-202605-000812,APP-202605-052230,R0081,2026-05-31T19:22:49,IDENTITY,RV-04
ALT-202605-000813,APP-202605-038343,R0079,2026-05-01T06:08:55,TRANSACTION_MONITORING,RV-06
ALT-202605-000814,APP-202605-025717,R0261,2026-05-22T20:41:39,DOCUMENT,RV-03
ALT-202605-000815,APP-202605-071639,R0261,2026-05-25T17:24:45,HIGH_VALUE,RV-01
ALT-202605-000816,APP-202605-022126,R0001,2026-05-29T19:34:46,IDENTITY,RV-04
ALT-202605-000817,APP-202605-011479,R0247,2026-05-21T08:25:51,TRANSACTION_MONITORING,RV-02
ALT-202605-000818,APP-202605-074216,R0064,2026-05-23T19:50:57,DOCUMENT,RV-03
ALT-202605-000819,APP-202605-050339,R0129,2026-05-31T21:09:35,HIGH_VALUE,RV-01
ALT-202605-000820,APP-202605-046333,R0335,2026-05-24T15:50:13,IDENTITY,RV-03
ALT-202605-000821,APP-202605-057515,R0261,2026-05-30T12:31:37,TRANSACTION_MONITORING,RV-03
ALT-202605-000822,APP-202605-000507,R0158,2026-05-26T20:26:25,DOCUMENT,RV-05
ALT-202605-000823,APP-202605-052845,R0281,2026-05-26T20:45:16,HIGH_VALUE,RV-04
ALT-202605-000824,APP-202605-012398,R0247,2026-05-11T17:49:16,IDENTITY,RV-02
ALT-202605-000825,APP-202605-023391,R0129,2026-05-07T21:40:09,TRANSACTION_MONITORING,RV-01
ALT-202605-000826,APP-202605-002349,R0129,2026-05-25T07:45:50,DOCUMENT,RV-06
ALT-202605-000827,APP-202605-048419,R0129,2026-05-04T17:38:41,HIGH_VALUE,RV-05
ALT-202605-000828,APP-202605-069545,R0302,2026-05-24T07:10:12,IDENTITY,RV-06
ALT-202605-000829,APP-202605-012562,R0081,2026-05-02T06:10:28,TRANSACTION_MONITORING,RV-04
ALT-202605-000830,APP-202605-066702,R0261,2026-05-07T16:29:25,DOCUMENT,RV-05
ALT-202605-000831,APP-202605-008212,R0250,2026-05-05T17:25:51,HIGH_VALUE,RV-06
ALT-202605-000832,APP-202605-067338,R0129,2026-05-10T13:14:04,IDENTITY,RV-03
ALT-202605-000833,APP-202605-034565,R0281,2026-05-03T19:02:53,TRANSACTION_MONITORING,RV-05
ALT-202605-000834,APP-202605-054882,R0247,2026-05-22T06:57:59,DOCUMENT,RV-01
ALT-202605-000835,APP-202605-023159,R0250,2026-05-30T09:33:34,HIGH_VALUE,RV-05
ALT-202605-000836,APP-202605-058517,R0252,2026-05-22T09:50:46,IDENTITY,RV-05
ALT-202605-000837,APP-202605-004449,R0335,2026-05-16T07:05:46,TRANSACTION_MONITORING,RV-06
ALT-202605-000838,APP-202605-001305,R0076,2026-05-23T15:59:27,DOCUMENT,RV-03
ALT-202605-000839,APP-202605-031266,R0335,2026-05-02T07:17:49,HIGH_VALUE,RV-06
ALT-202605-000840,APP-202605-071078,R0322,2026-05-23T17:03:01,IDENTITY,RV-02
ALT-202605-000841,APP-202605-000662,R0313,2026-05-25T11:38:04,TRANSACTION_MONITORING,RV-03
ALT-202605-000842,APP-202605-056306,R0064,2026-05-08T11:14:27,DOCUMENT,RV-05
ALT-202605-000843,APP-202605-006475,R0130,2026-05-27T19:32:16,HIGH_VALUE,RV-02
ALT-202605-000844,APP-202605-038759,R0322,2026-05-25T15:40:26,IDENTITY,RV-06
ALT-202605-000845,APP-202605-046057,R0247,2026-05-22T19:27:24,TRANSACTION_MONITORING,RV-02
ALT-202605-000846,APP-202605-005008,R0079,2026-05-14T10:03:41,DOCUMENT,RV-06
ALT-202605-000847,APP-202605-017355,R0250,2026-05-28T14:13:45,HIGH_VALUE,RV-04
ALT-202605-000848,APP-202605-014416,R0079,2026-05-01T12:35:53,IDENTITY,RV-06
ALT-202605-000849,APP-202605-051248,R0079,2026-05-12T15:07:23,TRANSACTION_MONITORING,RV-01
ALT-202605-000850,APP-202605-019645,R0071,2026-05-29T21:56:09,DOCUMENT,RV-04
ALT-202605-000851,APP-202605-066536,R0142,2026-05-11T17:22:31,HIGH_VALUE,RV-05
ALT-202605-000852,APP-202605-017086,R0142,2026-05-04T18:41:57,IDENTITY,RV-03
ALT-202605-000853,APP-202605-017094,R0001,2026-05-14T06:57:59,TRANSACTION_MONITORING,RV-01
ALT-202605-000854,APP-202605-069239,R0335,2026-05-10T18:53:28,DOCUMENT,RV-03
ALT-202605-000855,APP-202605-021897,R0130,2026-05-25T08:27:10,HIGH_VALUE,RV-02
ALT-202605-000856,APP-202605-019841,R0129,2026-05-28T13:42:00,IDENTITY,RV-02
ALT-202605-000857,APP-202605-024340,R0002,2026-05-20T13:13:11,TRANSACTION_MONITORING,RV-01
ALT-202605-000858,APP-202605-063673,R0129,2026-05-05T09:32:31,DOCUMENT,RV-04
ALT-202605-000859,APP-202605-014656,R0313,2026-05-28T17:01:51,HIGH_VALUE,RV-05
ALT-202605-000860,APP-202605-052960,R0129,2026-05-10T06:13:54,IDENTITY,RV-06
ALT-202605-000861,APP-202605-055916,R0335,2026-05-04T14:52:28,TRANSACTION_MONITORING,RV-05
ALT-202605-000862,APP-202605-070427,R0142,2026-05-20T12:44:29,DOCUMENT,RV-06
ALT-202605-000863,APP-202605-042439,R0217,2026-05-24T14:24:42,HIGH_VALUE,RV-06
ALT-202605-000864,APP-202605-058550,R0045,2026-05-04T21:25:19,IDENTITY,RV-02
ALT-202605-000865,APP-202605-047673,R0109,2026-05-25T07:37:23,TRANSACTION_MONITORING,RV-02
ALT-202605-000866,APP-202605-061967,R0130,2026-05-02T22:14:06,DOCUMENT,RV-02
ALT-202605-000867,APP-202605-072015,R0302,2026-05-14T17:16:17,HIGH_VALUE,RV-01
ALT-202605-000868,APP-202605-066279,R0261,2026-05-23T15:04:23,IDENTITY,RV-05
ALT-202605-000869,APP-202605-032171,R0064,2026-05-05T07:52:12,TRANSACTION_MONITORING,RV-02
ALT-202605-000870,APP-202605-026262,R0079,2026-05-07T09:08:42,DOCUMENT,RV-04
ALT-202605-000871,APP-202605-022365,R0322,2026-05-20T19:56:40,HIGH_VALUE,RV-03
ALT-202605-000872,APP-202605-008597,R0217,2026-05-14T07:59:06,IDENTITY,RV-06
ALT-202605-000873,APP-202605-027262,R0335,2026-05-08T06:06:24,TRANSACTION_MONITORING,RV-02
ALT-202605-000874,APP-202605-058362,R0261,2026-05-15T16:24:40,DOCUMENT,RV-02
ALT-202605-000875,APP-202605-007322,R0261,2026-05-18T10:46:32,HIGH_VALUE,RV-02
ALT-202605-000876,APP-202605-019144,R0064,2026-05-20T13:48:38,IDENTITY,RV-01
ALT-202605-000877,APP-202605-048455,R0322,2026-05-28T14:21:56,TRANSACTION_MONITORING,RV-01
ALT-202605-000878,APP-202605-001250,R0129,2026-05-30T12:45:33,DOCUMENT,RV-02
ALT-202605-000879,APP-202605-050339,R0002,2026-05-14T08:06:58,HIGH_VALUE,RV-03
ALT-202605-000880,APP-202605-054955,R0158,2026-05-12T06:10:37,IDENTITY,RV-01
ALT-202605-000881,APP-202605-034471,R0261,2026-05-25T19:22:05,TRANSACTION_MONITORING,RV-02
ALT-202605-000882,APP-202605-019615,R0313,2026-05-30T09:46:55,DOCUMENT,RV-04
ALT-202605-000883,APP-202605-013884,R0322,2026-05-14T07:30:13,HIGH_VALUE,RV-02
ALT-202605-000884,APP-202605-032845,R0315,2026-05-05T06:27:40,IDENTITY,RV-03
ALT-202605-000885,APP-202605-034220,R0129,2026-05-22T13:33:30,TRANSACTION_MONITORING,RV-05
ALT-202605-000886,APP-202605-009094,R0129,2026-05-12T07:30:16,DOCUMENT,RV-03
ALT-202605-000887,APP-202605-008942,R0002,2026-05-17T12:35:17,HIGH_VALUE,RV-05
ALT-202605-000888,APP-202605-011244,R0076,2026-05-17T19:45:41,IDENTITY,RV-06
ALT-202605-000889,APP-202605-021361,R0071,2026-05-07T17:41:18,TRANSACTION_MONITORING,RV-01
ALT-202605-000890,APP-202605-030564,R0335,2026-05-09T11:13:34,DOCUMENT,RV-02
ALT-202605-000891,APP-202605-017129,R0045,2026-05-27T12:59:19,HIGH_VALUE,RV-01
ALT-202605-000892,APP-202605-036855,R0250,2026-05-06T12:43:14,IDENTITY,RV-05
ALT-202605-000893,APP-202605-067719,R0129,2026-05-17T16:52:06,TRANSACTION_MONITORING,RV-03
ALT-202605-000894,APP-202605-054225,R0129,2026-05-09T15:01:31,DOCUMENT,RV-02
ALT-202605-000895,APP-202605-045060,R0322,2026-05-01T10:30:22,HIGH_VALUE,RV-05
ALT-202605-000896,APP-202605-061580,R0076,2026-05-14T16:32:58,IDENTITY,RV-04
ALT-202605-000897,APP-202605-036044,R0142,2026-05-24T12:52:13,TRANSACTION_MONITORING,RV-05
ALT-202605-000898,APP-202605-003007,R0129,2026-05-03T19:20:15,DOCUMENT,RV-01
ALT-202605-000899,APP-202605-041056,R0247,2026-05-04T10:55:19,HIGH_VALUE,RV-02
ALT-202605-000900,APP-202605-015889,R0335,2026-05-01T09:10:48,IDENTITY,RV-06
ALT-202605-000901,APP-202605-067182,R0079,2026-05-20T09:13:33,TRANSACTION_MONITORING,RV-05
ALT-202605-000902,APP-202605-008134,R0129,2026-05-02T18:13:24,DOCUMENT,RV-04
ALT-202605-000903,APP-202605-045914,R0322,2026-05-21T07:42:06,HIGH_VALUE,RV-05
ALT-202605-000904,APP-202605-019030,R0335,2026-05-27T11:00:50,IDENTITY,RV-03
ALT-202605-000905,APP-202605-032509,R0335,2026-05-27T06:53:25,TRANSACTION_MONITORING,RV-03
ALT-202605-000906,APP-202605-057717,R0322,2026-05-01T21:33:16,DOCUMENT,RV-06
ALT-202605-000907,APP-202605-067632,R0081,2026-05-18T14:57:54,HIGH_VALUE,RV-05
ALT-202605-000908,APP-202605-050705,R0129,2026-05-04T18:19:39,IDENTITY,RV-01
ALT-202605-000909,APP-202605-051127,R0335,2026-05-11T08:52:50,TRANSACTION_MONITORING,RV-06
ALT-202605-000910,APP-202605-016431,R0158,2026-05-18T07:06:34,DOCUMENT,RV-04
ALT-202605-000911,APP-202605-034546,R0079,2026-05-14T14:12:53,HIGH_VALUE,RV-04
ALT-202605-000912,APP-202605-067191,R0261,2026-05-05T08:48:11,IDENTITY,RV-05
ALT-202605-000913,APP-202605-000913,R0261,2026-05-21T16:27:28,TRANSACTION_MONITORING,RV-01
ALT-202605-000914,APP-202605-005094,R0064,2026-05-22T19:06:23,DOCUMENT,RV-05
ALT-202605-000915,APP-202605-004914,R0002,2026-05-06T12:54:57,HIGH_VALUE,RV-03
ALT-202605-000916,APP-202605-027193,R0313,2026-05-29T12:07:47,IDENTITY,RV-06
ALT-202605-000917,APP-202605-056043,R0250,2026-05-02T19:00:18,TRANSACTION_MONITORING,RV-06
ALT-202605-000918,APP-202605-038209,R0130,2026-05-15T06:53:50,DOCUMENT,RV-06
ALT-202605-000919,APP-202605-012552,R0261,2026-05-23T07:02:48,HIGH_VALUE,RV-03
ALT-202605-000920,APP-202605-024313,R0129,2026-05-18T10:33:04,IDENTITY,RV-05
ALT-202605-000921,APP-202605-067453,R0129,2026-05-04T19:23:49,TRANSACTION_MONITORING,RV-04
ALT-202605-000922,APP-202605-068548,R0001,2026-05-22T20:10:11,DOCUMENT,RV-04
ALT-202605-000923,APP-202605-007934,R0217,2026-05-09T10:50:14,HIGH_VALUE,RV-01
ALT-202605-000924,APP-202605-043275,R0322,2026-05-02T17:44:40,IDENTITY,RV-03
ALT-202605-000925,APP-202605-025688,R0142,2026-05-11T09:25:08,TRANSACTION_MONITORING,RV-05
ALT-202605-000926,APP-202605-058070,R0071,2026-05-24T16:21:24,DOCUMENT,RV-03
ALT-202605-000927,APP-202605-026678,R0079,2026-05-27T20:14:01,HIGH_VALUE,RV-05
ALT-202605-000928,APP-202605-046707,R0109,2026-05-24T22:52:42,IDENTITY,RV-01
ALT-202605-000929,APP-202605-065710,R0322,2026-05-23T15:53:49,TRANSACTION_MONITORING,RV-03
ALT-202605-000930,APP-202605-005967,R0129,2026-05-17T21:57:30,DOCUMENT,RV-06
ALT-202605-000931,APP-202605-054485,R0142,2026-05-20T17:19:53,HIGH_VALUE,RV-05
ALT-202605-000932,APP-202605-068396,R0002,2026-05-12T16:10:03,IDENTITY,RV-02
ALT-202605-000933,APP-202605-011013,R0109,2026-05-13T22:11:35,TRANSACTION_MONITORING,RV-03
ALT-202605-000934,APP-202605-033520,R0261,2026-05-10T08:43:47,DOCUMENT,RV-05
ALT-202605-000935,APP-202605-048766,R0129,2026-05-22T09:08:44,HIGH_VALUE,RV-06
ALT-202605-000936,APP-202605-063402,R0129,2026-05-15T08:24:39,IDENTITY,RV-04
ALT-202605-000937,APP-202605-012093,R0335,2026-05-06T16:34:45,TRANSACTION_MONITORING,RV-01
ALT-202605-000938,APP-202605-065574,R0247,2026-05-12T09:22:56,DOCUMENT,RV-06
ALT-202605-000939,APP-202605-046807,R0247,2026-05-06T19:04:00,HIGH_VALUE,RV-02
ALT-202605-000940,APP-202605-001425,R0335,2026-05-12T06:53:32,IDENTITY,RV-01
ALT-202605-000941,APP-202605-024775,R0310,2026-05-06T22:56:14,TRANSACTION_MONITORING,RV-05
ALT-202605-000942,APP-202605-048248,R0079,2026-05-30T12:50:01,DOCUMENT,RV-03
ALT-202605-000943,APP-202605-008303,R0002,2026-05-07T20:10:37,HIGH_VALUE,RV-01
ALT-202605-000944,APP-202605-002988,R0247,2026-05-02T19:39:03,IDENTITY,RV-02
ALT-202605-000945,APP-202605-013078,R0081,2026-05-12T07:16:47,TRANSACTION_MONITORING,RV-03
ALT-202605-000946,APP-202605-025437,R0079,2026-05-06T13:19:08,DOCUMENT,RV-03
ALT-202605-000947,APP-202605-001512,R0130,2026-05-14T11:10:54,HIGH_VALUE,RV-03
ALT-202605-000948,APP-202605-047509,R0045,2026-05-19T13:42:15,IDENTITY,RV-06
ALT-202605-000949,APP-202605-072355,R0247,2026-05-09T21:05:06,TRANSACTION_MONITORING,RV-06
ALT-202605-000950,APP-202605-057744,R0247,2026-05-03T14:24:19,DOCUMENT,RV-04
ALT-202605-000951,APP-202605-064623,R0142,2026-05-25T07:35:59,HIGH_VALUE,RV-03
ALT-202605-000952,APP-202605-039882,R0315,2026-05-31T09:29:59,IDENTITY,RV-06
ALT-202605-000953,APP-202605-054359,R0313,2026-05-04T19:11:56,TRANSACTION_MONITORING,RV-02
ALT-202605-000954,APP-202605-060849,R0129,2026-05-03T22:10:54,DOCUMENT,RV-04
ALT-202605-000955,APP-202605-059382,R0217,2026-05-21T21:06:43,HIGH_VALUE,RV-02
ALT-202605-000956,APP-202605-016856,R0322,2026-05-09T14:26:53,IDENTITY,RV-04
ALT-202605-000957,APP-202605-047144,R0070,2026-05-25T19:50:14,TRANSACTION_MONITORING,RV-06
ALT-202605-000958,APP-202605-046122,R0281,2026-05-05T09:05:07,DOCUMENT,RV-04
ALT-202605-000959,APP-202605-007617,R0250,2026-05-21T18:42:40,HIGH_VALUE,RV-03
ALT-202605-000960,APP-202605-036665,R0250,2026-05-17T16:49:41,IDENTITY,RV-02
ALT-202605-000961,APP-202605-032278,R0281,2026-05-05T21:52:23,TRANSACTION_MONITORING,RV-04
ALT-202605-000962,APP-202605-071578,R0002,2026-05-06T20:55:10,DOCUMENT,RV-05
ALT-202605-000963,APP-202605-027995,R0261,2026-05-25T09:31:05,HIGH_VALUE,RV-04
ALT-202605-000964,APP-202605-046629,R0129,2026-05-14T18:25:27,IDENTITY,RV-06
ALT-202605-000965,APP-202605-047879,R0252,2026-05-20T06:50:39,TRANSACTION_MONITORING,RV-04
ALT-202605-000966,APP-202605-018433,R0109,2026-05-11T22:13:55,DOCUMENT,RV-06
ALT-202605-000967,APP-202605-004086,R0129,2026-05-08T13:34:52,HIGH_VALUE,RV-04
ALT-202605-000968,APP-202605-071450,R0247,2026-05-19T21:28:47,IDENTITY,RV-06
ALT-202605-000969,APP-202605-060677,R0064,2026-05-27T18:50:44,TRANSACTION_MONITORING,RV-02
ALT-202605-000970,APP-202605-070505,R0158,2026-05-18T16:24:19,DOCUMENT,RV-04
ALT-202605-000971,APP-202605-024650,R0129,2026-05-14T15:14:49,HIGH_VALUE,RV-02
ALT-202605-000972,APP-202605-024953,R0002,2026-05-26T07:45:45,IDENTITY,RV-05
ALT-202605-000973,APP-202605-040948,R0001,2026-05-01T19:12:39,TRANSACTION_MONITORING,RV-03
ALT-202605-000974,APP-202605-052197,R0070,2026-05-18T22:13:32,DOCUMENT,RV-03
ALT-202605-000975,APP-202605-070116,R0130,2026-05-18T11:05:24,HIGH_VALUE,RV-01
ALT-202605-000976,APP-202605-050502,R0261,2026-05-25T17:23:57,IDENTITY,RV-01
ALT-202605-000977,APP-202605-042891,R0071,2026-05-21T13:02:35,TRANSACTION_MONITORING,RV-04
ALT-202605-000978,APP-202605-061741,R0281,2026-05-03T19:02:19,DOCUMENT,RV-03
ALT-202605-000979,APP-202605-070859,R0335,2026-05-20T13:08:08,HIGH_VALUE,RV-05
ALT-202605-000980,APP-202605-031710,R0335,2026-05-25T08:12:08,IDENTITY,RV-03
ALT-202605-000981,APP-202605-010860,R0130,2026-05-24T15:59:08,TRANSACTION_MONITORING,RV-04
ALT-202605-000982,APP-202605-011392,R0217,2026-05-07T16:05:31,DOCUMENT,RV-03
ALT-202605-000983,APP-202605-062885,R0281,2026-05-16T14:01:34,HIGH_VALUE,RV-04
ALT-202605-000984,APP-202605-027456,R0130,2026-05-04T14:06:08,IDENTITY,RV-05
ALT-202605-000985,APP-202605-001171,R0081,2026-05-28T15:03:51,TRANSACTION_MONITORING,RV-06
ALT-202605-000986,APP-202605-054821,R0261,2026-05-06T15:56:14,DOCUMENT,RV-05
ALT-202605-000987,APP-202605-042465,R0247,2026-05-29T12:58:05,HIGH_VALUE,RV-01
ALT-202605-000988,APP-202605-034536,R0129,2026-05-06T07:45:50,IDENTITY,RV-01
ALT-202605-000989,APP-202605-060588,R0079,2026-05-11T15:58:21,TRANSACTION_MONITORING,RV-02
ALT-202605-000990,APP-202605-033821,R0076,2026-05-26T15:00:17,DOCUMENT,RV-04
ALT-202605-000991,APP-202605-004632,R0217,2026-05-04T16:05:29,HIGH_VALUE,RV-03
ALT-202605-000992,APP-202605-025838,R0335,2026-05-09T15:17:05,IDENTITY,RV-02
ALT-202605-000993,APP-202605-019587,R0322,2026-05-26T22:41:46,TRANSACTION_MONITORING,RV-06
ALT-202605-000994,APP-202605-031240,R0130,2026-05-06T14:05:34,DOCUMENT,RV-06
ALT-202605-000995,APP-202605-024051,R0002,2026-05-19T11:06:38,HIGH_VALUE,RV-05
ALT-202605-000996,APP-202605-028976,R0247,2026-05-10T18:49:35,IDENTITY,RV-01
ALT-202605-000997,APP-202605-063807,R0038,2026-05-01T16:48:42,TRANSACTION_MONITORING,RV-05
ALT-202605-000998,APP-202605-040570,R0252,2026-05-27T16:22:51,DOCUMENT,RV-02
ALT-202605-000999,APP-202605-065003,R0076,2026-05-06T15:20:09,HIGH_VALUE,RV-02
ALT-202605-001000,APP-202605-071168,R0322,2026-05-07T19:10:54,IDENTITY,RV-05
ALT-202605-001001,APP-202605-064533,R0002,2026-05-21T17:19:23,TRANSACTION_MONITORING,RV-04
ALT-202605-001002,APP-202605-051748,R0002,2026-05-15T15:06:46,DOCUMENT,RV-01
ALT-202605-001003,APP-202605-010129,R0002,2026-05-08T16:02:08,HIGH_VALUE,RV-05
ALT-202605-001004,APP-202605-032437,R0071,2026-05-22T15:07:41,IDENTITY,RV-02
ALT-202605-001005,APP-202605-071451,R0158,2026-05-07T18:33:02,TRANSACTION_MONITORING,RV-02
ALT-202605-001006,APP-202605-014282,R0129,2026-05-21T13:10:07,DOCUMENT,RV-04
ALT-202605-001007,APP-202605-015127,R0335,2026-05-31T13:25:55,HIGH_VALUE,RV-06
ALT-202605-001008,APP-202605-059331,R0250,2026-05-01T17:48:13,IDENTITY,RV-02
ALT-202605-001009,APP-202605-059335,R0302,2026-05-18T16:46:54,TRANSACTION_MONITORING,RV-01
ALT-202605-001010,APP-202605-045028,R0315,2026-05-01T06:38:26,DOCUMENT,RV-06
ALT-202605-001011,APP-202605-018236,R0129,2026-05-21T07:40:16,HIGH_VALUE,RV-03
ALT-202605-001012,APP-202605-024615,R0322,2026-05-28T13:32:40,IDENTITY,RV-05
ALT-202605-001013,APP-202605-060032,R0335,2026-05-12T11:07:40,TRANSACTION_MONITORING,RV-04
ALT-202605-001014,APP-202605-023470,R0313,2026-05-22T16:21:12,DOCUMENT,RV-01
ALT-202605-001015,APP-202605-042268,R0335,2026-05-29T09:49:02,HIGH_VALUE,RV-03
ALT-202605-001016,APP-202605-001499,R0247,2026-05-31T10:09:28,IDENTITY,RV-01
ALT-202605-001017,APP-202605-068349,R0129,2026-05-18T21:42:21,TRANSACTION_MONITORING,RV-04
ALT-202605-001018,APP-202605-048620,R0158,2026-05-29T07:49:08,DOCUMENT,RV-05
ALT-202605-001019,APP-202605-063237,R0129,2026-05-18T08:21:54,HIGH_VALUE,RV-06
ALT-202605-001020,APP-202605-013876,R0076,2026-05-05T11:20:57,IDENTITY,RV-05
ALT-202605-001021,APP-202605-070782,R0261,2026-05-12T08:43:33,TRANSACTION_MONITORING,RV-01
ALT-202605-001022,APP-202605-053531,R0115,2026-05-10T17:35:30,DOCUMENT,RV-06
ALT-202605-001023,APP-202605-062173,R0079,2026-05-21T17:58:26,HIGH_VALUE,RV-04
ALT-202605-001024,APP-202605-053507,R0076,2026-05-04T16:43:16,IDENTITY,RV-04
ALT-202605-001025,APP-202605-067879,R0335,2026-05-30T22:30:32,TRANSACTION_MONITORING,RV-05
ALT-202605-001026,APP-202605-005399,R0064,2026-05-02T17:02:28,DOCUMENT,RV-02
ALT-202605-001027,APP-202605-010022,R0130,2026-05-15T12:33:56,HIGH_VALUE,RV-03
ALT-202605-001028,APP-202605-034673,R0115,2026-05-09T20:47:48,IDENTITY,RV-02
ALT-202605-001029,APP-202605-002838,R0250,2026-05-02T21:29:24,TRANSACTION_MONITORING,RV-06
ALT-202605-001030,APP-202605-062780,R0064,2026-05-27T18:52:32,DOCUMENT,RV-03
ALT-202605-001031,APP-202605-021933,R0064,2026-05-03T14:58:57,HIGH_VALUE,RV-06
ALT-202605-001032,APP-202605-033875,R0081,2026-05-27T06:04:45,IDENTITY,RV-01
ALT-202605-001033,APP-202605-055799,R0335,2026-05-28T20:17:19,TRANSACTION_MONITORING,RV-05
ALT-202605-001034,APP-202605-013021,R0079,2026-05-23T08:46:27,DOCUMENT,RV-05
ALT-202605-001035,APP-202605-032257,R0335,2026-05-15T21:12:59,HIGH_VALUE,RV-04
ALT-202605-001036,APP-202605-057642,R0064,2026-05-29T11:14:09,IDENTITY,RV-02
ALT-202605-001037,APP-202605-033185,R0261,2026-05-21T22:11:21,TRANSACTION_MONITORING,RV-01
ALT-202605-001038,APP-202605-000541,R0071,2026-05-04T17:39:10,DOCUMENT,RV-05
ALT-202605-001039,APP-202605-035449,R0130,2026-05-13T14:59:29,HIGH_VALUE,RV-01
ALT-202605-001040,APP-202605-005379,R0335,2026-05-22T16:34:22,IDENTITY,RV-06
ALT-202605-001041,APP-202605-018676,R0252,2026-05-02T07:21:38,TRANSACTION_MONITORING,RV-05
ALT-202605-001042,APP-202605-041669,R0252,2026-05-14T19:57:39,DOCUMENT,RV-03
ALT-202605-001043,APP-202605-027881,R0302,2026-05-23T19:09:39,HIGH_VALUE,RV-04
ALT-202605-001044,APP-202605-024690,R0250,2026-05-13T22:37:19,IDENTITY,RV-04
ALT-202605-001045,APP-202605-067565,R0079,2026-05-03T06:37:39,TRANSACTION_MONITORING,RV-03
ALT-202605-001046,APP-202605-060537,R0252,2026-05-08T15:54:04,DOCUMENT,RV-02
ALT-202605-001047,APP-202605-053117,R0158,2026-05-17T20:39:07,HIGH_VALUE,RV-04
ALT-202605-001048,APP-202605-041785,R0129,2026-05-16T12:23:31,IDENTITY,RV-06
ALT-202605-001049,APP-202605-030798,R0261,2026-05-31T18:54:32,TRANSACTION_MONITORING,RV-02
ALT-202605-001050,APP-202605-020437,R0261,2026-05-06T20:53:02,DOCUMENT,RV-01
ALT-202605-001051,APP-202605-059475,R0315,2026-05-11T19:56:18,HIGH_VALUE,RV-04
ALT-202605-001052,APP-202605-031256,R0076,2026-05-15T09:27:51,IDENTITY,RV-01
ALT-202605-001053,APP-202605-063686,R0002,2026-05-19T19:07:36,TRANSACTION_MONITORING,RV-05
ALT-202605-001054,APP-202605-042591,R0142,2026-05-08T08:26:51,DOCUMENT,RV-01
ALT-202605-001055,APP-202605-030163,R0079,2026-05-26T18:31:10,HIGH_VALUE,RV-01
ALT-202605-001056,APP-202605-001784,R0247,2026-05-08T15:18:40,IDENTITY,RV-02
ALT-202605-001057,APP-202605-027356,R0315,2026-05-04T20:10:06,TRANSACTION_MONITORING,RV-05
ALT-202605-001058,APP-202605-003601,R0322,2026-05-21T15:31:23,DOCUMENT,RV-02
ALT-202605-001059,APP-202605-043121,R0130,2026-05-13T12:46:45,HIGH_VALUE,RV-02
ALT-202605-001060,APP-202605-000539,R0070,2026-05-19T18:54:43,IDENTITY,RV-05
ALT-202605-001061,APP-202605-066809,R0261,2026-05-13T11:41:58,TRANSACTION_MONITORING,RV-05
ALT-202605-001062,APP-202605-046887,R0313,2026-05-28T11:55:38,DOCUMENT,RV-01
ALT-202605-001063,APP-202605-033739,R0142,2026-05-08T22:11:20,HIGH_VALUE,RV-03
ALT-202605-001064,APP-202605-055709,R0315,2026-05-14T20:21:28,IDENTITY,RV-02
ALT-202605-001065,APP-202605-042709,R0217,2026-05-13T14:56:19,TRANSACTION_MONITORING,RV-01
ALT-202605-001066,APP-202605-052516,R0252,2026-05-20T14:58:44,DOCUMENT,RV-01
ALT-202605-001067,APP-202605-015812,R0261,2026-05-12T08:39:36,HIGH_VALUE,RV-03
ALT-202605-001068,APP-202605-064654,R0142,2026-05-12T16:36:21,IDENTITY,RV-03
ALT-202605-001069,APP-202605-008709,R0273,2026-05-25T11:31:33,TRANSACTION_MONITORING,RV-01
ALT-202605-001070,APP-202605-018453,R0335,2026-05-23T18:29:45,DOCUMENT,RV-05
ALT-202605-001071,APP-202605-051089,R0261,2026-05-18T06:01:16,HIGH_VALUE,RV-04
ALT-202605-001072,APP-202605-043081,R0247,2026-05-19T06:51:48,IDENTITY,RV-04
ALT-202605-001073,APP-202605-000995,R0079,2026-05-20T18:42:12,TRANSACTION_MONITORING,RV-05
ALT-202605-001074,APP-202605-062241,R0079,2026-05-03T20:51:50,DOCUMENT,RV-05
ALT-202605-001075,APP-202605-064146,R0261,2026-05-10T06:51:04,HIGH_VALUE,RV-04
ALT-202605-001076,APP-202605-052170,R0313,2026-05-16T13:16:18,IDENTITY,RV-04
ALT-202605-001077,APP-202605-044567,R0109,2026-05-22T10:32:06,TRANSACTION_MONITORING,RV-04
ALT-202605-001078,APP-202605-013692,R0129,2026-05-30T22:06:23,DOCUMENT,RV-05
ALT-202605-001079,APP-202605-053186,R0261,2026-05-26T16:10:30,HIGH_VALUE,RV-04
ALT-202605-001080,APP-202605-030807,R0261,2026-05-02T14:49:52,IDENTITY,RV-06
ALT-202605-001081,APP-202605-005084,R0002,2026-05-04T19:37:29,TRANSACTION_MONITORING,RV-01
ALT-202605-001082,APP-202605-046108,R0217,2026-05-30T22:37:27,DOCUMENT,RV-04
ALT-202605-001083,APP-202605-063581,R0079,2026-05-27T09:42:42,HIGH_VALUE,RV-04
ALT-202605-001084,APP-202605-023277,R0129,2026-05-26T21:18:28,IDENTITY,RV-01
ALT-202605-001085,APP-202605-025871,R0129,2026-05-26T13:30:04,TRANSACTION_MONITORING,RV-02
ALT-202605-001086,APP-202605-065422,R0217,2026-05-06T10:15:44,DOCUMENT,RV-01
ALT-202605-001087,APP-202605-026581,R0031,2026-05-30T15:45:49,HIGH_VALUE,RV-06
ALT-202605-001088,APP-202605-001153,R0315,2026-05-25T08:07:10,IDENTITY,RV-06
ALT-202605-001089,APP-202605-037738,R0252,2026-05-12T08:07:13,TRANSACTION_MONITORING,RV-05
ALT-202605-001090,APP-202605-005166,R0322,2026-05-10T20:44:37,DOCUMENT,RV-06
ALT-202605-001091,APP-202605-046828,R0273,2026-05-26T15:20:35,HIGH_VALUE,RV-05
ALT-202605-001092,APP-202605-063537,R0313,2026-05-31T22:58:16,IDENTITY,RV-02
ALT-202605-001093,APP-202605-016208,R0129,2026-05-27T21:58:37,TRANSACTION_MONITORING,RV-05
ALT-202605-001094,APP-202605-074867,R0335,2026-05-16T15:51:49,DOCUMENT,RV-04
ALT-202605-001095,APP-202605-055119,R0076,2026-05-14T20:44:10,HIGH_VALUE,RV-05
ALT-202605-001096,APP-202605-016254,R0076,2026-05-21T12:26:04,IDENTITY,RV-06
ALT-202605-001097,APP-202605-005320,R0261,2026-05-17T15:46:48,TRANSACTION_MONITORING,RV-02
ALT-202605-001098,APP-202605-062199,R0247,2026-05-27T10:36:13,DOCUMENT,RV-05
ALT-202605-001099,APP-202605-022775,R0281,2026-05-17T17:46:31,HIGH_VALUE,RV-01
ALT-202605-001100,APP-202605-029784,R0142,2026-05-09T20:04:33,IDENTITY,RV-01
ALT-202605-001101,APP-202605-071609,R0076,2026-05-05T09:46:53,TRANSACTION_MONITORING,RV-01
ALT-202605-001102,APP-202605-046840,R0071,2026-05-12T19:49:57,DOCUMENT,RV-04
ALT-202605-001103,APP-202605-026841,R0322,2026-05-26T22:27:03,HIGH_VALUE,RV-04
ALT-202605-001104,APP-202605-036780,R0064,2026-05-21T11:15:19,IDENTITY,RV-05
ALT-202605-001105,APP-202605-003583,R0129,2026-05-05T20:36:34,TRANSACTION_MONITORING,RV-06
ALT-202605-001106,APP-202605-071340,R0302,2026-05-15T18:20:49,DOCUMENT,RV-02
ALT-202605-001107,APP-202605-054032,R0079,2026-05-06T13:53:21,HIGH_VALUE,RV-05
ALT-202605-001108,APP-202605-013992,R0081,2026-05-15T16:34:36,IDENTITY,RV-05
ALT-202605-001109,APP-202605-063825,R0129,2026-05-08T21:06:59,TRANSACTION_MONITORING,RV-05
ALT-202605-001110,APP-202605-065511,R0002,2026-05-22T18:35:03,DOCUMENT,RV-05
ALT-202605-001111,APP-202605-012243,R0217,2026-05-18T21:00:48,HIGH_VALUE,RV-04
ALT-202605-001112,APP-202605-054556,R0002,2026-05-29T20:05:01,IDENTITY,RV-04
ALT-202605-001113,APP-202605-052459,R0322,2026-05-24T07:04:46,TRANSACTION_MONITORING,RV-01
ALT-202605-001114,APP-202605-024053,R0247,2026-05-05T21:47:21,DOCUMENT,RV-03
ALT-202605-001115,APP-202605-063425,R0322,2026-05-09T11:25:35,HIGH_VALUE,RV-05
ALT-202605-001116,APP-202605-067897,R0129,2026-05-26T17:15:27,IDENTITY,RV-06
ALT-202605-001117,APP-202605-067805,R0079,2026-05-11T14:09:08,TRANSACTION_MONITORING,RV-02
ALT-202605-001118,APP-202605-040850,R0079,2026-05-06T20:25:51,DOCUMENT,RV-01
ALT-202605-001119,APP-202605-051343,R0129,2026-05-01T10:27:33,HIGH_VALUE,RV-05
ALT-202605-001120,APP-202605-035092,R0261,2026-05-06T14:14:59,IDENTITY,RV-02
ALT-202605-001121,APP-202605-064716,R0322,2026-05-31T09:57:44,TRANSACTION_MONITORING,RV-05
ALT-202605-001122,APP-202605-022850,R0064,2026-05-01T19:37:30,DOCUMENT,RV-05
ALT-202605-001123,APP-202605-000011,R0261,2026-05-11T08:57:59,HIGH_VALUE,RV-04
ALT-202605-001124,APP-202605-012899,R0129,2026-05-14T18:47:43,IDENTITY,RV-06
ALT-202605-001125,APP-202605-047967,R0335,2026-05-30T14:37:00,TRANSACTION_MONITORING,RV-01
ALT-202605-001126,APP-202605-062194,R0079,2026-05-11T15:12:29,DOCUMENT,RV-03
ALT-202605-001127,APP-202605-015920,R0247,2026-05-25T15:33:15,HIGH_VALUE,RV-05
ALT-202605-001128,APP-202605-068074,R0129,2026-05-11T06:38:01,IDENTITY,RV-02
ALT-202605-001129,APP-202605-066581,R0335,2026-05-11T20:48:10,TRANSACTION_MONITORING,RV-05
ALT-202605-001130,APP-202605-019941,R0335,2026-05-28T11:11:34,DOCUMENT,RV-06
ALT-202605-001131,APP-202605-066193,R0129,2026-05-20T13:00:38,HIGH_VALUE,RV-04
ALT-202605-001132,APP-202605-041593,R0315,2026-05-04T17:32:06,IDENTITY,RV-06
ALT-202605-001133,APP-202605-073953,R0261,2026-05-07T18:20:04,TRANSACTION_MONITORING,RV-01
ALT-202605-001134,APP-202605-016254,R0129,2026-05-24T21:33:10,DOCUMENT,RV-01
ALT-202605-001135,APP-202605-049978,R0247,2026-05-11T09:16:17,HIGH_VALUE,RV-02
ALT-202605-001136,APP-202605-042462,R0322,2026-05-28T14:49:15,IDENTITY,RV-04
ALT-202605-001137,APP-202605-021316,R0142,2026-05-28T13:37:20,TRANSACTION_MONITORING,RV-05
ALT-202605-001138,APP-202605-035555,R0002,2026-05-14T17:05:46,DOCUMENT,RV-06
ALT-202605-001139,APP-202605-027312,R0322,2026-05-04T20:42:52,HIGH_VALUE,RV-05
ALT-202605-001140,APP-202605-001902,R0142,2026-05-16T11:06:20,IDENTITY,RV-02
ALT-202605-001141,APP-202605-036205,R0129,2026-05-28T20:55:02,TRANSACTION_MONITORING,RV-03
ALT-202605-001142,APP-202605-051236,R0129,2026-05-04T16:05:16,DOCUMENT,RV-03
ALT-202605-001143,APP-202605-019220,R0079,2026-05-04T07:20:45,HIGH_VALUE,RV-06
ALT-202605-001144,APP-202605-049366,R0130,2026-05-16T07:42:45,IDENTITY,RV-01
ALT-202605-001145,APP-202605-070793,R0281,2026-05-19T09:25:35,TRANSACTION_MONITORING,RV-06
ALT-202605-001146,APP-202605-014197,R0261,2026-05-20T06:19:25,DOCUMENT,RV-05
ALT-202605-001147,APP-202605-005157,R0081,2026-05-27T11:46:20,HIGH_VALUE,RV-03
ALT-202605-001148,APP-202605-042406,R0261,2026-05-05T18:13:48,IDENTITY,RV-05
ALT-202605-001149,APP-202605-046078,R0129,2026-05-05T13:32:05,TRANSACTION_MONITORING,RV-04
ALT-202605-001150,APP-202605-063226,R0142,2026-05-08T16:11:00,DOCUMENT,RV-06
ALT-202605-001151,APP-202605-006167,R0322,2026-05-21T08:41:19,HIGH_VALUE,RV-03
ALT-202605-001152,APP-202605-054414,R0302,2026-05-25T08:39:45,IDENTITY,RV-01
ALT-202605-001153,APP-202605-048850,R0261,2026-05-27T10:04:36,TRANSACTION_MONITORING,RV-02
ALT-202605-001154,APP-202605-046483,R0045,2026-05-02T07:18:02,DOCUMENT,RV-02
ALT-202605-001155,APP-202605-029513,R0079,2026-05-07T22:46:04,HIGH_VALUE,RV-06
ALT-202605-001156,APP-202605-004497,R0261,2026-05-26T10:28:56,IDENTITY,RV-05
ALT-202605-001157,APP-202605-028597,R0129,2026-05-30T08:18:22,TRANSACTION_MONITORING,RV-02
ALT-202605-001158,APP-202605-046862,R0129,2026-05-18T22:27:44,DOCUMENT,RV-03
ALT-202605-001159,APP-202605-036319,R0130,2026-05-15T06:46:55,HIGH_VALUE,RV-06
ALT-202605-001160,APP-202605-032423,R0261,2026-05-24T07:16:56,IDENTITY,RV-01
ALT-202605-001161,APP-202605-049987,R0335,2026-05-28T15:32:36,TRANSACTION_MONITORING,RV-04
ALT-202605-001162,APP-202605-036277,R0252,2026-05-31T07:46:45,DOCUMENT,RV-05
ALT-202605-001163,APP-202605-035631,R0247,2026-05-23T12:50:39,HIGH_VALUE,RV-01
ALT-202605-001164,APP-202605-068508,R0247,2026-05-25T08:41:16,IDENTITY,RV-01
ALT-202605-001165,APP-202605-066096,R0079,2026-05-11T07:57:49,TRANSACTION_MONITORING,RV-02
ALT-202605-001166,APP-202605-035015,R0130,2026-05-25T12:58:23,DOCUMENT,RV-01
ALT-202605-001167,APP-202605-038828,R0313,2026-05-14T19:15:48,HIGH_VALUE,RV-05
ALT-202605-001168,APP-202605-015711,R0158,2026-05-02T16:48:46,IDENTITY,RV-06
ALT-202605-001169,APP-202605-044821,R0250,2026-05-23T08:26:25,TRANSACTION_MONITORING,RV-03
ALT-202605-001170,APP-202605-064530,R0036,2026-05-27T10:54:05,DOCUMENT,RV-05
ALT-202605-001171,APP-202605-031971,R0158,2026-05-25T08:41:20,HIGH_VALUE,RV-01
ALT-202605-001172,APP-202605-073779,R0130,2026-05-24T19:33:51,IDENTITY,RV-05
ALT-202605-001173,APP-202605-067635,R0261,2026-05-21T12:51:19,TRANSACTION_MONITORING,RV-02
ALT-202605-001174,APP-202605-068286,R0261,2026-05-08T09:46:23,DOCUMENT,RV-04
ALT-202605-001175,APP-202605-036238,R0109,2026-05-05T16:13:08,HIGH_VALUE,RV-06
ALT-202605-001176,APP-202605-020907,R0129,2026-05-15T16:54:56,IDENTITY,RV-04
ALT-202605-001177,APP-202605-068056,R0261,2026-05-12T18:24:35,TRANSACTION_MONITORING,RV-06
ALT-202605-001178,APP-202605-026031,R0079,2026-05-07T11:10:36,DOCUMENT,RV-05
ALT-202605-001179,APP-202605-063916,R0217,2026-05-09T16:04:03,HIGH_VALUE,RV-03
ALT-202605-001180,APP-202605-068127,R0071,2026-05-25T22:59:57,IDENTITY,RV-03
ALT-202605-001181,APP-202605-068690,R0158,2026-05-09T13:20:56,TRANSACTION_MONITORING,RV-05
ALT-202605-001182,APP-202605-072962,R0281,2026-05-20T21:30:04,DOCUMENT,RV-01
ALT-202605-001183,APP-202605-017336,R0129,2026-05-17T09:38:18,HIGH_VALUE,RV-01
ALT-202605-001184,APP-202605-013422,R0250,2026-05-17T11:19:28,IDENTITY,RV-04
ALT-202605-001185,APP-202605-065850,R0079,2026-05-20T18:28:03,TRANSACTION_MONITORING,RV-01
ALT-202605-001186,APP-202605-021656,R0261,2026-05-21T10:22:34,DOCUMENT,RV-01
ALT-202605-001187,APP-202605-050496,R0130,2026-05-28T18:49:30,HIGH_VALUE,RV-06
ALT-202605-001188,APP-202605-003748,R0217,2026-05-30T10:46:46,IDENTITY,RV-05
ALT-202605-001189,APP-202605-025676,R0310,2026-05-12T09:23:19,TRANSACTION_MONITORING,RV-02
ALT-202605-001190,APP-202605-049296,R0158,2026-05-18T17:10:08,DOCUMENT,RV-01
ALT-202605-001191,APP-202605-016044,R0109,2026-05-11T06:53:40,HIGH_VALUE,RV-05
ALT-202605-001192,APP-202605-023439,R0002,2026-05-20T14:37:36,IDENTITY,RV-01
ALT-202605-001193,APP-202605-059108,R0322,2026-05-12T18:12:54,TRANSACTION_MONITORING,RV-01
ALT-202605-001194,APP-202605-029937,R0001,2026-05-07T15:38:45,DOCUMENT,RV-03
ALT-202605-001195,APP-202605-017200,R0129,2026-05-07T08:07:29,HIGH_VALUE,RV-05
ALT-202605-001196,APP-202605-072643,R0076,2026-05-17T10:14:17,IDENTITY,RV-04
ALT-202605-001197,APP-202605-023304,R0129,2026-05-12T15:38:55,TRANSACTION_MONITORING,RV-06
ALT-202605-001198,APP-202605-042515,R0158,2026-05-18T22:24:37,DOCUMENT,RV-02
ALT-202605-001199,APP-202605-041576,R0079,2026-05-25T09:24:52,HIGH_VALUE,RV-03
ALT-202605-001200,APP-202605-005391,R0002,2026-05-23T21:03:37,IDENTITY,RV-05
ALT-202605-001201,APP-202605-070642,R0109,2026-05-15T17:33:02,TRANSACTION_MONITORING,RV-02
ALT-202605-001202,APP-202605-048835,R0109,2026-05-07T10:01:46,DOCUMENT,RV-06
ALT-202605-001203,APP-202605-061862,R0045,2026-05-12T22:08:30,HIGH_VALUE,RV-05
ALT-202605-001204,APP-202605-007826,R0109,2026-05-26T20:42:46,IDENTITY,RV-04
ALT-202605-001205,APP-202605-015260,R0217,2026-05-24T20:24:57,TRANSACTION_MONITORING,RV-06
ALT-202605-001206,APP-202605-063990,R0064,2026-05-22T17:58:41,DOCUMENT,RV-03
ALT-202605-001207,APP-202605-034326,R0140,2026-05-23T12:31:10,HIGH_VALUE,RV-03
ALT-202605-001208,APP-202605-029754,R0129,2026-05-02T07:15:42,IDENTITY,RV-01
ALT-202605-001209,APP-202605-071207,R0247,2026-05-20T19:12:12,TRANSACTION_MONITORING,RV-01
ALT-202605-001210,APP-202605-020902,R0079,2026-05-27T13:13:14,DOCUMENT,RV-01
ALT-202605-001211,APP-202605-049048,R0335,2026-05-06T17:18:02,HIGH_VALUE,RV-05
ALT-202605-001212,APP-202605-030466,R0261,2026-05-03T13:19:49,IDENTITY,RV-01
ALT-202605-001213,APP-202605-045042,R0071,2026-05-04T11:12:03,TRANSACTION_MONITORING,RV-01
ALT-202605-001214,APP-202605-052242,R0129,2026-05-06T20:49:07,DOCUMENT,RV-05
ALT-202605-001215,APP-202605-065228,R0002,2026-05-22T22:33:35,HIGH_VALUE,RV-01
ALT-202605-001216,APP-202605-030319,R0064,2026-05-29T20:45:00,IDENTITY,RV-02
ALT-202605-001217,APP-202605-057973,R0002,2026-05-12T18:22:29,TRANSACTION_MONITORING,RV-02
ALT-202605-001218,APP-202605-061296,R0335,2026-05-13T16:44:30,DOCUMENT,RV-05
ALT-202605-001219,APP-202605-070978,R0217,2026-05-29T11:52:23,HIGH_VALUE,RV-01
ALT-202605-001220,APP-202605-018617,R0045,2026-05-25T14:34:28,IDENTITY,RV-03
ALT-202605-001221,APP-202605-029254,R0335,2026-05-07T11:23:06,TRANSACTION_MONITORING,RV-04
ALT-202605-001222,APP-202605-032444,R0313,2026-05-01T07:26:51,DOCUMENT,RV-05
ALT-202605-001223,APP-202605-031842,R0247,2026-05-01T11:06:01,HIGH_VALUE,RV-02
ALT-202605-001224,APP-202605-045001,R0109,2026-05-07T21:39:12,IDENTITY,RV-06
ALT-202605-001225,APP-202605-043397,R0130,2026-05-13T09:07:27,TRANSACTION_MONITORING,RV-01
ALT-202605-001226,APP-202605-015604,R0081,2026-05-30T18:49:07,DOCUMENT,RV-04
ALT-202605-001227,APP-202605-023037,R0335,2026-05-26T06:29:29,HIGH_VALUE,RV-05
ALT-202605-001228,APP-202605-017246,R0313,2026-05-07T20:47:24,IDENTITY,RV-04
ALT-202605-001229,APP-202605-057201,R0071,2026-05-22T09:22:51,TRANSACTION_MONITORING,RV-06
ALT-202605-001230,APP-202605-012627,R0071,2026-05-17T10:50:14,DOCUMENT,RV-05
ALT-202605-001231,APP-202605-069018,R0081,2026-05-10T14:31:40,HIGH_VALUE,RV-03
ALT-202605-001232,APP-202605-013422,R0115,2026-05-23T18:58:20,IDENTITY,RV-06
ALT-202605-001233,APP-202605-031948,R0129,2026-05-23T07:55:41,TRANSACTION_MONITORING,RV-04
ALT-202605-001234,APP-202605-025676,R0081,2026-05-21T19:17:55,DOCUMENT,RV-04
ALT-202605-001235,APP-202605-042667,R0250,2026-05-31T12:33:39,HIGH_VALUE,RV-03
ALT-202605-001236,APP-202605-027730,R0081,2026-05-08T09:05:38,IDENTITY,RV-05
ALT-202605-001237,APP-202605-072427,R0130,2026-05-12T16:18:12,TRANSACTION_MONITORING,RV-02
ALT-202605-001238,APP-202605-074019,R0129,2026-05-12T07:26:50,DOCUMENT,RV-03
ALT-202605-001239,APP-202605-037964,R0250,2026-05-15T15:23:45,HIGH_VALUE,RV-01
ALT-202605-001240,APP-202605-073852,R0313,2026-05-12T19:58:16,IDENTITY,RV-05
ALT-202605-001241,APP-202605-039493,R0109,2026-05-11T11:53:01,TRANSACTION_MONITORING,RV-05
ALT-202605-001242,APP-202605-009707,R0261,2026-05-07T11:08:04,DOCUMENT,RV-05
ALT-202605-001243,APP-202605-008172,R0261,2026-05-23T08:30:11,HIGH_VALUE,RV-06
ALT-202605-001244,APP-202605-036953,R0335,2026-05-04T09:26:21,IDENTITY,RV-04
ALT-202605-001245,APP-202605-035559,R0002,2026-05-23T10:50:27,TRANSACTION_MONITORING,RV-03
ALT-202605-001246,APP-202605-067947,R0079,2026-05-11T11:41:49,DOCUMENT,RV-05
ALT-202605-001247,APP-202605-033020,R0109,2026-05-11T12:36:41,HIGH_VALUE,RV-01
ALT-202605-001248,APP-202605-052332,R0129,2026-05-06T07:33:59,IDENTITY,RV-05
ALT-202605-001249,APP-202605-011687,R0071,2026-05-13T13:23:06,TRANSACTION_MONITORING,RV-02
ALT-202605-001250,APP-202605-067463,R0109,2026-05-30T11:52:27,DOCUMENT,RV-02
ALT-202605-001251,APP-202605-048525,R0335,2026-05-06T19:11:11,HIGH_VALUE,RV-03
ALT-202605-001252,APP-202605-050314,R0129,2026-05-05T06:58:56,IDENTITY,RV-01
ALT-202605-001253,APP-202605-063906,R0335,2026-05-14T19:46:18,TRANSACTION_MONITORING,RV-01
ALT-202605-001254,APP-202605-064931,R0129,2026-05-09T08:14:04,DOCUMENT,RV-04
ALT-202605-001255,APP-202605-009041,R0130,2026-05-07T06:20:37,HIGH_VALUE,RV-04
ALT-202605-001256,APP-202605-066079,R0001,2026-05-02T08:25:10,IDENTITY,RV-03
ALT-202605-001257,APP-202605-067129,R0252,2026-05-14T18:38:50,TRANSACTION_MONITORING,RV-06
ALT-202605-001258,APP-202605-026398,R0315,2026-05-08T12:07:45,DOCUMENT,RV-03
ALT-202605-001259,APP-202605-054538,R0217,2026-05-06T14:38:41,HIGH_VALUE,RV-02
ALT-202605-001260,APP-202605-070558,R0064,2026-05-01T10:27:30,IDENTITY,RV-04
ALT-202605-001261,APP-202605-066612,R0313,2026-05-17T21:31:51,TRANSACTION_MONITORING,RV-01
ALT-202605-001262,APP-202605-037141,R0217,2026-05-19T06:18:59,DOCUMENT,RV-06
ALT-202605-001263,APP-202605-062559,R0079,2026-05-28T15:31:44,HIGH_VALUE,RV-01
ALT-202605-001264,APP-202605-009060,R0252,2026-05-30T06:07:31,IDENTITY,RV-04
ALT-202605-001265,APP-202605-070470,R0250,2026-05-18T15:56:21,TRANSACTION_MONITORING,RV-04
ALT-202605-001266,APP-202605-045020,R0281,2026-05-13T15:55:14,DOCUMENT,RV-05
ALT-202605-001267,APP-202605-016294,R0079,2026-05-20T09:19:30,HIGH_VALUE,RV-06
ALT-202605-001268,APP-202605-069421,R0217,2026-05-31T13:26:41,IDENTITY,RV-03
ALT-202605-001269,APP-202605-069121,R0142,2026-05-09T18:46:04,TRANSACTION_MONITORING,RV-02
ALT-202605-001270,APP-202605-048897,R0079,2026-05-17T21:45:38,DOCUMENT,RV-05
ALT-202605-001271,APP-202605-059338,R0335,2026-05-26T14:49:07,HIGH_VALUE,RV-05
ALT-202605-001272,APP-202605-051780,R0129,2026-05-14T19:35:45,IDENTITY,RV-05
ALT-202605-001273,APP-202605-061642,R0081,2026-05-05T15:53:20,TRANSACTION_MONITORING,RV-06
ALT-202605-001274,APP-202605-024058,R0335,2026-05-11T11:12:36,DOCUMENT,RV-01
ALT-202605-001275,APP-202605-048090,R0335,2026-05-29T18:12:09,HIGH_VALUE,RV-01
ALT-202605-001276,APP-202605-015693,R0079,2026-05-10T15:02:01,IDENTITY,RV-05
ALT-202605-001277,APP-202605-058841,R0247,2026-05-21T17:43:31,TRANSACTION_MONITORING,RV-05
ALT-202605-001278,APP-202605-016826,R0130,2026-05-27T07:46:05,DOCUMENT,RV-02
ALT-202605-001279,APP-202605-026576,R0315,2026-05-22T15:34:30,HIGH_VALUE,RV-02
ALT-202605-001280,APP-202605-059323,R0252,2026-05-27T09:29:33,IDENTITY,RV-04
ALT-202605-001281,APP-202605-040825,R0081,2026-05-10T10:32:39,TRANSACTION_MONITORING,RV-04
ALT-202605-001282,APP-202605-025114,R0313,2026-05-04T19:37:38,DOCUMENT,RV-04
ALT-202605-001283,APP-202605-028382,R0322,2026-05-27T10:40:28,HIGH_VALUE,RV-03
ALT-202605-001284,APP-202605-060261,R0129,2026-05-09T08:55:17,IDENTITY,RV-05
ALT-202605-001285,APP-202605-028668,R0247,2026-05-04T19:41:31,TRANSACTION_MONITORING,RV-05
ALT-202605-001286,APP-202605-028559,R0217,2026-05-01T16:33:28,DOCUMENT,RV-05
ALT-202605-001287,APP-202605-062707,R0115,2026-05-01T09:29:11,HIGH_VALUE,RV-03
ALT-202605-001288,APP-202605-052513,R0079,2026-05-13T08:52:51,IDENTITY,RV-06
ALT-202605-001289,APP-202605-011757,R0071,2026-05-23T07:36:06,TRANSACTION_MONITORING,RV-06
ALT-202605-001290,APP-202605-071261,R0252,2026-05-24T09:30:14,DOCUMENT,RV-02
ALT-202605-001291,APP-202605-061659,R0247,2026-05-26T07:46:31,HIGH_VALUE,RV-06
ALT-202605-001292,APP-202605-025566,R0261,2026-05-16T08:35:23,IDENTITY,RV-05
ALT-202605-001293,APP-202605-061535,R0281,2026-05-06T13:23:05,TRANSACTION_MONITORING,RV-03
ALT-202605-001294,APP-202605-059059,R0031,2026-05-28T14:49:37,DOCUMENT,RV-05
ALT-202605-001295,APP-202605-041078,R0247,2026-05-21T18:28:56,HIGH_VALUE,RV-06
ALT-202605-001296,APP-202605-038173,R0045,2026-05-23T07:15:38,IDENTITY,RV-01
ALT-202605-001297,APP-202605-052797,R0142,2026-05-17T21:20:51,TRANSACTION_MONITORING,RV-02
ALT-202605-001298,APP-202605-045768,R0217,2026-05-27T19:00:02,DOCUMENT,RV-02
ALT-202605-001299,APP-202605-071938,R0129,2026-05-01T14:09:22,HIGH_VALUE,RV-05
ALT-202605-001300,APP-202605-020703,R0081,2026-05-21T07:18:16,IDENTITY,RV-06
ALT-202605-001301,APP-202605-024944,R0158,2026-05-14T22:08:01,TRANSACTION_MONITORING,RV-06
ALT-202605-001302,APP-202605-030241,R0045,2026-05-01T19:28:38,DOCUMENT,RV-05
ALT-202605-001303,APP-202605-012146,R0250,2026-05-14T14:15:41,HIGH_VALUE,RV-03
ALT-202605-001304,APP-202605-001916,R0158,2026-05-07T11:04:16,IDENTITY,RV-06
ALT-202605-001305,APP-202605-063671,R0217,2026-05-09T22:48:51,TRANSACTION_MONITORING,RV-06
ALT-202605-001306,APP-202605-051816,R0261,2026-05-24T10:00:59,DOCUMENT,RV-04
ALT-202605-001307,APP-202605-066786,R0071,2026-05-02T19:18:36,HIGH_VALUE,RV-03
ALT-202605-001308,APP-202605-050447,R0247,2026-05-14T22:52:33,IDENTITY,RV-02
ALT-202605-001309,APP-202605-056949,R0129,2026-05-01T19:15:51,TRANSACTION_MONITORING,RV-01
ALT-202605-001310,APP-202605-054136,R0129,2026-05-08T12:31:34,DOCUMENT,RV-01
ALT-202605-001311,APP-202605-032054,R0261,2026-05-24T09:14:57,HIGH_VALUE,RV-01
ALT-202605-001312,APP-202605-047071,R0002,2026-05-28T14:39:27,IDENTITY,RV-06
ALT-202605-001313,APP-202605-021489,R0281,2026-05-07T12:12:37,TRANSACTION_MONITORING,RV-06
ALT-202605-001314,APP-202605-022884,R0261,2026-05-20T21:17:19,DOCUMENT,RV-04
ALT-202605-001315,APP-202605-052931,R0129,2026-05-25T06:20:01,HIGH_VALUE,RV-01
ALT-202605-001316,APP-202605-002176,R0335,2026-05-29T17:42:00,IDENTITY,RV-05
ALT-202605-001317,APP-202605-041314,R0079,2026-05-19T18:01:41,TRANSACTION_MONITORING,RV-05
ALT-202605-001318,APP-202605-041827,R0045,2026-05-17T22:18:52,DOCUMENT,RV-02
ALT-202605-001319,APP-202605-070817,R0313,2026-05-06T08:32:57,HIGH_VALUE,RV-02
ALT-202605-001320,APP-202605-064541,R0217,2026-05-13T09:22:58,IDENTITY,RV-01
ALT-202605-001321,APP-202605-057242,R0247,2026-05-18T07:04:40,TRANSACTION_MONITORING,RV-06
ALT-202605-001322,APP-202605-038078,R0129,2026-05-22T21:25:54,DOCUMENT,RV-01
ALT-202605-001323,APP-202605-007319,R0129,2026-05-11T19:30:42,HIGH_VALUE,RV-03
ALT-202605-001324,APP-202605-026691,R0129,2026-05-01T22:06:11,IDENTITY,RV-05
ALT-202605-001325,APP-202605-052864,R0261,2026-05-22T07:18:10,TRANSACTION_MONITORING,RV-01
ALT-202605-001326,APP-202605-046247,R0071,2026-05-23T20:04:23,DOCUMENT,RV-03
ALT-202605-001327,APP-202605-007075,R0142,2026-05-22T08:01:23,HIGH_VALUE,RV-04
ALT-202605-001328,APP-202605-021827,R0129,2026-05-28T21:19:24,IDENTITY,RV-03
ALT-202605-001329,APP-202605-000342,R0081,2026-05-02T07:52:09,TRANSACTION_MONITORING,RV-03
ALT-202605-001330,APP-202605-035338,R0313,2026-05-19T13:33:30,DOCUMENT,RV-03
ALT-202605-001331,APP-202605-025883,R0079,2026-05-26T21:36:40,HIGH_VALUE,RV-05
ALT-202605-001332,APP-202605-009652,R0252,2026-05-14T19:05:02,IDENTITY,RV-05
ALT-202605-001333,APP-202605-007490,R0079,2026-05-17T22:50:35,TRANSACTION_MONITORING,RV-01
ALT-202605-001334,APP-202605-054695,R0142,2026-05-27T13:32:43,DOCUMENT,RV-01
ALT-202605-001335,APP-202605-009397,R0261,2026-05-29T12:39:01,HIGH_VALUE,RV-06
ALT-202605-001336,APP-202605-010709,R0002,2026-05-22T17:11:33,IDENTITY,RV-05
ALT-202605-001337,APP-202605-055148,R0217,2026-05-12T07:47:20,TRANSACTION_MONITORING,RV-05
ALT-202605-001338,APP-202605-011774,R0247,2026-05-08T12:20:12,DOCUMENT,RV-06
ALT-202605-001339,APP-202605-023760,R0079,2026-05-23T21:31:35,HIGH_VALUE,RV-05
ALT-202605-001340,APP-202605-019654,R0115,2026-05-14T10:20:40,IDENTITY,RV-02
ALT-202605-001341,APP-202605-003346,R0071,2026-05-31T19:30:56,TRANSACTION_MONITORING,RV-03
ALT-202605-001342,APP-202605-001227,R0081,2026-05-24T06:06:55,DOCUMENT,RV-01
ALT-202605-001343,APP-202605-058521,R0250,2026-05-04T20:44:40,HIGH_VALUE,RV-03
ALT-202605-001344,APP-202605-009987,R0081,2026-05-27T07:13:32,IDENTITY,RV-01
ALT-202605-001345,APP-202605-003648,R0076,2026-05-15T19:19:14,TRANSACTION_MONITORING,RV-03
ALT-202605-001346,APP-202605-036336,R0064,2026-05-19T08:27:52,DOCUMENT,RV-01
ALT-202605-001347,APP-202605-001856,R0129,2026-05-16T08:21:29,HIGH_VALUE,RV-03
ALT-202605-001348,APP-202605-030448,R0109,2026-05-02T21:32:53,IDENTITY,RV-02
ALT-202605-001349,APP-202605-033123,R0071,2026-05-15T11:26:16,TRANSACTION_MONITORING,RV-06
ALT-202605-001350,APP-202605-030900,R0261,2026-05-16T13:27:52,DOCUMENT,RV-06
ALT-202605-001351,APP-202605-034595,R0064,2026-05-19T11:26:54,HIGH_VALUE,RV-02
ALT-202605-001352,APP-202605-061933,R0129,2026-05-14T21:38:30,IDENTITY,RV-02
ALT-202605-001353,APP-202605-067669,R0002,2026-05-29T12:37:26,TRANSACTION_MONITORING,RV-05
ALT-202605-001354,APP-202605-062345,R0315,2026-05-11T08:57:15,DOCUMENT,RV-02
ALT-202605-001355,APP-202605-031601,R0158,2026-05-09T22:01:17,HIGH_VALUE,RV-01
ALT-202605-001356,APP-202605-043534,R0261,2026-05-04T10:14:28,IDENTITY,RV-05
ALT-202605-001357,APP-202605-008804,R0247,2026-05-17T16:21:30,TRANSACTION_MONITORING,RV-06
ALT-202605-001358,APP-202605-023911,R0252,2026-05-25T12:02:47,DOCUMENT,RV-02
ALT-202605-001359,APP-202605-038047,R0079,2026-05-06T06:05:03,HIGH_VALUE,RV-05
ALT-202605-001360,APP-202605-058700,R0322,2026-05-25T19:24:24,IDENTITY,RV-05
ALT-202605-001361,APP-202605-009016,R0335,2026-05-17T17:58:42,TRANSACTION_MONITORING,RV-02
ALT-202605-001362,APP-202605-000582,R0076,2026-05-11T12:40:38,DOCUMENT,RV-03
ALT-202605-001363,APP-202605-055243,R0115,2026-05-11T07:29:44,HIGH_VALUE,RV-04
ALT-202605-001364,APP-202605-017388,R0261,2026-05-25T12:47:01,IDENTITY,RV-02
ALT-202605-001365,APP-202605-062128,R0322,2026-05-07T13:04:26,TRANSACTION_MONITORING,RV-04
ALT-202605-001366,APP-202605-065847,R0261,2026-05-31T11:48:34,DOCUMENT,RV-04
ALT-202605-001367,APP-202605-053840,R0002,2026-05-22T09:43:19,HIGH_VALUE,RV-02
ALT-202605-001368,APP-202605-034941,R0002,2026-05-28T10:38:53,IDENTITY,RV-04
ALT-202605-001369,APP-202605-003320,R0079,2026-05-24T09:38:29,TRANSACTION_MONITORING,RV-03
ALT-202605-001370,APP-202605-067972,R0335,2026-05-03T13:45:17,DOCUMENT,RV-04
ALT-202605-001371,APP-202605-059120,R0261,2026-05-10T22:50:40,HIGH_VALUE,RV-03
ALT-202605-001372,APP-202605-012187,R0261,2026-05-03T21:58:17,IDENTITY,RV-05
ALT-202605-001373,APP-202605-008647,R0315,2026-05-29T16:59:22,TRANSACTION_MONITORING,RV-04
ALT-202605-001374,APP-202605-006663,R0129,2026-05-20T20:16:12,DOCUMENT,RV-06
ALT-202605-001375,APP-202605-003519,R0109,2026-05-17T15:35:36,HIGH_VALUE,RV-02
ALT-202605-001376,APP-202605-051197,R0247,2026-05-23T06:12:42,IDENTITY,RV-05
ALT-202605-001377,APP-202605-044362,R0002,2026-05-26T15:02:20,TRANSACTION_MONITORING,RV-02
ALT-202605-001378,APP-202605-030197,R0002,2026-05-06T19:14:43,DOCUMENT,RV-01
ALT-202605-001379,APP-202605-006178,R0109,2026-05-20T21:27:22,HIGH_VALUE,RV-02
ALT-202605-001380,APP-202605-067313,R0070,2026-05-25T22:08:10,IDENTITY,RV-04
ALT-202605-001381,APP-202605-046904,R0081,2026-05-26T11:19:28,TRANSACTION_MONITORING,RV-05
ALT-202605-001382,APP-202605-055298,R0315,2026-05-05T11:47:40,DOCUMENT,RV-02
ALT-202605-001383,APP-202605-035229,R0129,2026-05-03T16:06:51,HIGH_VALUE,RV-03
ALT-202605-001384,APP-202605-046495,R0335,2026-05-27T11:53:08,IDENTITY,RV-01
ALT-202605-001385,APP-202605-019602,R0130,2026-05-08T17:24:31,TRANSACTION_MONITORING,RV-06
ALT-202605-001386,APP-202605-040365,R0247,2026-05-15T21:45:57,DOCUMENT,RV-06
ALT-202605-001387,APP-202605-002670,R0036,2026-05-19T17:54:46,HIGH_VALUE,RV-06
ALT-202605-001388,APP-202605-012943,R0315,2026-05-16T08:39:36,IDENTITY,RV-04
ALT-202605-001389,APP-202605-067211,R0130,2026-05-10T15:08:01,TRANSACTION_MONITORING,RV-03
ALT-202605-001390,APP-202605-030037,R0252,2026-05-17T18:47:21,DOCUMENT,RV-04
ALT-202605-001391,APP-202605-041090,R0001,2026-05-15T17:40:36,HIGH_VALUE,RV-03
ALT-202605-001392,APP-202605-001568,R0261,2026-05-06T18:31:31,IDENTITY,RV-04
ALT-202605-001393,APP-202605-014984,R0079,2026-05-04T14:51:01,TRANSACTION_MONITORING,RV-06
ALT-202605-001394,APP-202605-040897,R0315,2026-05-14T17:17:13,DOCUMENT,RV-01
ALT-202605-001395,APP-202605-004101,R0129,2026-05-11T21:12:42,HIGH_VALUE,RV-04
ALT-202605-001396,APP-202605-023946,R0129,2026-05-08T06:39:53,IDENTITY,RV-04
ALT-202605-001397,APP-202605-046521,R0002,2026-05-24T22:40:12,TRANSACTION_MONITORING,RV-04
ALT-202605-001398,APP-202605-060532,R0217,2026-05-29T22:02:14,DOCUMENT,RV-01
ALT-202605-001399,APP-202605-023080,R0129,2026-05-03T10:28:46,HIGH_VALUE,RV-03
ALT-202605-001400,APP-202605-027160,R0261,2026-05-16T14:56:10,IDENTITY,RV-04
ALT-202605-001401,APP-202605-024644,R0335,2026-05-27T12:44:21,TRANSACTION_MONITORING,RV-04
ALT-202605-001402,APP-202605-067152,R0217,2026-05-16T15:59:23,DOCUMENT,RV-06
ALT-202605-001403,APP-202605-001593,R0322,2026-05-12T19:44:53,HIGH_VALUE,RV-01
ALT-202605-001404,APP-202605-049506,R0130,2026-05-05T13:58:25,IDENTITY,RV-03
ALT-202605-001405,APP-202605-031739,R0064,2026-05-25T20:07:05,TRANSACTION_MONITORING,RV-06
ALT-202605-001406,APP-202605-024985,R0129,2026-05-29T08:28:45,DOCUMENT,RV-04
ALT-202605-001407,APP-202605-009887,R0081,2026-05-18T15:14:44,HIGH_VALUE,RV-01
ALT-202605-001408,APP-202605-040406,R0247,2026-05-12T22:08:37,IDENTITY,RV-03
ALT-202605-001409,APP-202605-065151,R0261,2026-05-21T08:26:07,TRANSACTION_MONITORING,RV-04
ALT-202605-001410,APP-202605-070514,R0079,2026-05-31T16:20:47,DOCUMENT,RV-05
ALT-202605-001411,APP-202605-059782,R0081,2026-05-24T14:55:00,HIGH_VALUE,RV-03
ALT-202605-001412,APP-202605-074653,R0081,2026-05-23T06:51:08,IDENTITY,RV-04
ALT-202605-001413,APP-202605-008630,R0313,2026-05-30T15:39:20,TRANSACTION_MONITORING,RV-02
ALT-202605-001414,APP-202605-072369,R0335,2026-05-20T10:25:41,DOCUMENT,RV-03
ALT-202605-001415,APP-202605-065388,R0129,2026-05-26T15:58:19,HIGH_VALUE,RV-04
ALT-202605-001416,APP-202605-039834,R0071,2026-05-29T10:22:41,IDENTITY,RV-06
ALT-202605-001417,APP-202605-034590,R0081,2026-05-16T08:29:08,TRANSACTION_MONITORING,RV-05
ALT-202605-001418,APP-202605-064907,R0247,2026-05-21T18:52:58,DOCUMENT,RV-04
ALT-202605-001419,APP-202605-074491,R0002,2026-05-11T22:25:02,HIGH_VALUE,RV-06
ALT-202605-001420,APP-202605-015794,R0217,2026-05-27T20:24:39,IDENTITY,RV-02
ALT-202605-001421,APP-202605-051532,R0109,2026-05-16T11:52:41,TRANSACTION_MONITORING,RV-04
ALT-202605-001422,APP-202605-018846,R0322,2026-05-26T22:21:01,DOCUMENT,RV-02
ALT-202605-001423,APP-202605-010674,R0250,2026-05-30T13:40:03,HIGH_VALUE,RV-05
ALT-202605-001424,APP-202605-046001,R0129,2026-05-19T16:20:11,IDENTITY,RV-01
ALT-202605-001425,APP-202605-001965,R0096,2026-05-16T20:34:12,TRANSACTION_MONITORING,RV-02
ALT-202605-001426,APP-202605-068823,R0322,2026-05-29T06:10:13,DOCUMENT,RV-03
ALT-202605-001427,APP-202605-003110,R0261,2026-05-26T06:51:24,HIGH_VALUE,RV-02
ALT-202605-001428,APP-202605-043847,R0252,2026-05-19T09:14:02,IDENTITY,RV-04
ALT-202605-001429,APP-202605-035665,R0313,2026-05-16T17:13:08,TRANSACTION_MONITORING,RV-02
ALT-202605-001430,APP-202605-033656,R0045,2026-05-14T15:17:42,DOCUMENT,RV-03
ALT-202605-001431,APP-202605-032427,R0129,2026-05-22T14:47:14,HIGH_VALUE,RV-02
ALT-202605-001432,APP-202605-025625,R0071,2026-05-10T13:23:57,IDENTITY,RV-06
ALT-202605-001433,APP-202605-049712,R0247,2026-05-04T22:12:24,TRANSACTION_MONITORING,RV-06
ALT-202605-001434,APP-202605-011369,R0261,2026-05-01T10:23:09,DOCUMENT,RV-04
ALT-202605-001435,APP-202605-068166,R0247,2026-05-20T07:50:02,HIGH_VALUE,RV-04
ALT-202605-001436,APP-202605-037605,R0322,2026-05-27T08:57:04,IDENTITY,RV-02
ALT-202605-001437,APP-202605-002659,R0064,2026-05-25T15:24:40,TRANSACTION_MONITORING,RV-05
ALT-202605-001438,APP-202605-001347,R0079,2026-05-02T07:47:37,DOCUMENT,RV-06
ALT-202605-001439,APP-202605-050498,R0335,2026-05-02T06:56:23,HIGH_VALUE,RV-05
ALT-202605-001440,APP-202605-013224,R0158,2026-05-28T18:10:37,IDENTITY,RV-06
ALT-202605-001441,APP-202605-031492,R0281,2026-05-14T14:42:47,TRANSACTION_MONITORING,RV-05
ALT-202605-001442,APP-202605-054043,R0252,2026-05-22T20:29:09,DOCUMENT,RV-02
ALT-202605-001443,APP-202605-034618,R0313,2026-05-02T17:19:14,HIGH_VALUE,RV-01
ALT-202605-001444,APP-202605-037156,R0109,2026-05-03T16:17:19,IDENTITY,RV-02
ALT-202605-001445,APP-202605-035357,R0079,2026-05-04T12:53:52,TRANSACTION_MONITORING,RV-03
ALT-202605-001446,APP-202605-000028,R0252,2026-05-25T08:57:20,DOCUMENT,RV-05
ALT-202605-001447,APP-202605-033788,R0129,2026-05-30T16:13:32,HIGH_VALUE,RV-05
ALT-202605-001448,APP-202605-061961,R0129,2026-05-19T07:52:57,IDENTITY,RV-01
ALT-202605-001449,APP-202605-028915,R0335,2026-05-24T07:03:55,TRANSACTION_MONITORING,RV-04
ALT-202605-001450,APP-202605-072871,R0129,2026-05-20T07:31:01,DOCUMENT,RV-02
ALT-202605-001451,APP-202605-002117,R0129,2026-05-21T14:56:10,HIGH_VALUE,RV-01
ALT-202605-001452,APP-202605-061099,R0129,2026-05-16T20:11:57,IDENTITY,RV-02
ALT-202605-001453,APP-202605-032732,R0261,2026-05-13T18:56:51,TRANSACTION_MONITORING,RV-01
ALT-202605-001454,APP-202605-073598,R0129,2026-05-09T15:39:55,DOCUMENT,RV-05
ALT-202605-001455,APP-202605-058057,R0142,2026-05-08T06:51:16,HIGH_VALUE,RV-06
ALT-202605-001456,APP-202605-051220,R0261,2026-05-14T08:18:47,IDENTITY,RV-01
ALT-202605-001457,APP-202605-070515,R0002,2026-05-16T08:21:56,TRANSACTION_MONITORING,RV-02
ALT-202605-001458,APP-202605-070244,R0322,2026-05-23T06:57:46,DOCUMENT,RV-04
ALT-202605-001459,APP-202605-044056,R0335,2026-05-12T09:46:49,HIGH_VALUE,RV-01
ALT-202605-001460,APP-202605-008174,R0322,2026-05-05T17:07:29,IDENTITY,RV-05
ALT-202605-001461,APP-202605-006773,R0079,2026-05-30T12:11:47,TRANSACTION_MONITORING,RV-04
ALT-202605-001462,APP-202605-025527,R0070,2026-05-24T18:04:54,DOCUMENT,RV-05
ALT-202605-001463,APP-202605-006209,R0115,2026-05-09T06:23:28,HIGH_VALUE,RV-05
ALT-202605-001464,APP-202605-048432,R0313,2026-05-05T16:22:52,IDENTITY,RV-01
ALT-202605-001465,APP-202605-011391,R0261,2026-05-22T06:42:16,TRANSACTION_MONITORING,RV-05
ALT-202605-001466,APP-202605-065101,R0315,2026-05-03T07:23:30,DOCUMENT,RV-02
ALT-202605-001467,APP-202605-036038,R0252,2026-05-08T20:55:48,HIGH_VALUE,RV-04
ALT-202605-001468,APP-202605-038732,R0217,2026-05-24T06:42:01,IDENTITY,RV-01
ALT-202605-001469,APP-202605-047596,R0247,2026-05-18T10:19:29,TRANSACTION_MONITORING,RV-01
ALT-202605-001470,APP-202605-020306,R0315,2026-05-09T10:00:54,DOCUMENT,RV-05
ALT-202605-001471,APP-202605-027079,R0315,2026-05-24T15:45:43,HIGH_VALUE,RV-02
ALT-202605-001472,APP-202605-028880,R0217,2026-05-20T20:15:17,IDENTITY,RV-05
ALT-202605-001473,APP-202605-035157,R0129,2026-05-18T06:16:39,TRANSACTION_MONITORING,RV-06
ALT-202605-001474,APP-202605-040515,R0129,2026-05-19T17:15:35,DOCUMENT,RV-01
ALT-202605-001475,APP-202605-054245,R0071,2026-05-11T15:55:21,HIGH_VALUE,RV-02
ALT-202605-001476,APP-202605-067685,R0001,2026-05-24T08:50:21,IDENTITY,RV-01
ALT-202605-001477,APP-202605-036516,R0313,2026-05-15T07:37:08,TRANSACTION_MONITORING,RV-04
ALT-202605-001478,APP-202605-034230,R0038,2026-05-03T18:27:51,DOCUMENT,RV-06
ALT-202605-001479,APP-202605-066290,R0129,2026-05-13T22:57:14,HIGH_VALUE,RV-06
ALT-202605-001480,APP-202605-010751,R0031,2026-05-20T22:51:08,IDENTITY,RV-03
ALT-202605-001481,APP-202605-049748,R0315,2026-05-13T09:19:42,TRANSACTION_MONITORING,RV-05
ALT-202605-001482,APP-202605-016836,R0335,2026-05-09T17:49:12,DOCUMENT,RV-06
ALT-202605-001483,APP-202605-074154,R0302,2026-05-23T09:26:50,HIGH_VALUE,RV-02
ALT-202605-001484,APP-202605-038810,R0064,2026-05-24T07:57:36,IDENTITY,RV-03
ALT-202605-001485,APP-202605-052508,R0109,2026-05-04T15:45:55,TRANSACTION_MONITORING,RV-02
ALT-202605-001486,APP-202605-068417,R0335,2026-05-09T14:46:14,DOCUMENT,RV-05
ALT-202605-001487,APP-202605-057645,R0261,2026-05-14T16:02:50,HIGH_VALUE,RV-04
ALT-202605-001488,APP-202605-000417,R0064,2026-05-19T13:51:25,IDENTITY,RV-02
ALT-202605-001489,APP-202605-002876,R0045,2026-05-03T12:34:41,TRANSACTION_MONITORING,RV-06
ALT-202605-001490,APP-202605-032831,R0002,2026-05-24T11:33:13,DOCUMENT,RV-02
ALT-202605-001491,APP-202605-007581,R0322,2026-05-17T13:13:00,HIGH_VALUE,RV-02
ALT-202605-001492,APP-202605-047467,R0129,2026-05-13T12:17:50,IDENTITY,RV-02
ALT-202605-001493,APP-202605-073971,R0115,2026-05-07T06:20:04,TRANSACTION_MONITORING,RV-05
ALT-202605-001494,APP-202605-050877,R0261,2026-05-15T11:38:45,DOCUMENT,RV-04
ALT-202605-001495,APP-202605-043471,R0081,2026-05-08T06:52:22,HIGH_VALUE,RV-03
ALT-202605-001496,APP-202605-074325,R0247,2026-05-16T11:48:18,IDENTITY,RV-06
ALT-202605-001497,APP-202605-068522,R0079,2026-05-09T07:30:05,TRANSACTION_MONITORING,RV-06
ALT-202605-001498,APP-202605-053633,R0322,2026-05-28T16:28:50,DOCUMENT,RV-05
ALT-202605-001499,APP-202605-044330,R0250,2026-05-27T06:42:43,HIGH_VALUE,RV-06
ALT-202605-001500,APP-202605-063814,R0261,2026-05-14T16:49:17,IDENTITY,RV-04
ALT-202605-001501,APP-202605-067836,R0070,2026-05-13T07:03:58,TRANSACTION_MONITORING,RV-04
ALT-202605-001502,APP-202605-052823,R0079,2026-05-16T17:50:08,DOCUMENT,RV-04
ALT-202605-001503,APP-202605-033573,R0302,2026-05-27T12:15:04,HIGH_VALUE,RV-06
ALT-202605-001504,APP-202605-052485,R0273,2026-05-29T19:29:20,IDENTITY,RV-03
ALT-202605-001505,APP-202605-007503,R0217,2026-05-20T10:52:20,TRANSACTION_MONITORING,RV-02
ALT-202605-001506,APP-202605-008324,R0261,2026-05-24T11:43:23,DOCUMENT,RV-03
ALT-202605-001507,APP-202605-060889,R0115,2026-05-29T20:51:33,HIGH_VALUE,RV-04
ALT-202605-001508,APP-202605-032101,R0261,2026-05-19T21:45:25,IDENTITY,RV-05
ALT-202605-001509,APP-202605-046417,R0129,2026-05-26T16:47:42,TRANSACTION_MONITORING,RV-06
ALT-202605-001510,APP-202605-004499,R0252,2026-05-29T08:53:26,DOCUMENT,RV-01
ALT-202605-001511,APP-202605-000778,R0079,2026-05-20T20:15:20,HIGH_VALUE,RV-05
ALT-202605-001512,APP-202605-008349,R0129,2026-05-02T18:05:26,IDENTITY,RV-05
ALT-202605-001513,APP-202605-024773,R0261,2026-05-17T21:38:04,TRANSACTION_MONITORING,RV-05
ALT-202605-001514,APP-202605-067155,R0064,2026-05-20T19:32:40,DOCUMENT,RV-03
ALT-202605-001515,APP-202605-036701,R0261,2026-05-03T16:00:30,HIGH_VALUE,RV-04
ALT-202605-001516,APP-202605-057535,R0045,2026-05-31T18:49:19,IDENTITY,RV-03
ALT-202605-001517,APP-202605-047835,R0217,2026-05-21T14:04:16,TRANSACTION_MONITORING,RV-04
ALT-202605-001518,APP-202605-031108,R0335,2026-05-20T09:21:00,DOCUMENT,RV-03
ALT-202605-001519,APP-202605-029871,R0281,2026-05-02T19:36:08,HIGH_VALUE,RV-05
ALT-202605-001520,APP-202605-044451,R0045,2026-05-06T15:14:20,IDENTITY,RV-04
ALT-202605-001521,APP-202605-074545,R0335,2026-05-03T17:17:45,TRANSACTION_MONITORING,RV-06
ALT-202605-001522,APP-202605-012916,R0217,2026-05-10T08:50:44,DOCUMENT,RV-03
ALT-202605-001523,APP-202605-029227,R0322,2026-05-30T16:36:05,HIGH_VALUE,RV-05
ALT-202605-001524,APP-202605-071677,R0247,2026-05-02T20:57:57,IDENTITY,RV-04
ALT-202605-001525,APP-202605-072624,R0109,2026-05-08T19:56:53,TRANSACTION_MONITORING,RV-01
ALT-202605-001526,APP-202605-065728,R0115,2026-05-10T20:47:36,DOCUMENT,RV-01
ALT-202605-001527,APP-202605-022160,R0064,2026-05-02T13:52:16,HIGH_VALUE,RV-01
ALT-202605-001528,APP-202605-007294,R0335,2026-05-04T18:04:26,IDENTITY,RV-05
ALT-202605-001529,APP-202605-066300,R0002,2026-05-08T19:53:13,TRANSACTION_MONITORING,RV-03
ALT-202605-001530,APP-202605-064115,R0031,2026-05-10T11:05:41,DOCUMENT,RV-02
ALT-202605-001531,APP-202605-059054,R0064,2026-05-12T20:21:58,HIGH_VALUE,RV-02
ALT-202605-001532,APP-202605-045715,R0129,2026-05-31T20:31:06,IDENTITY,RV-06
ALT-202605-001533,APP-202605-073215,R0002,2026-05-17T08:54:06,TRANSACTION_MONITORING,RV-03
ALT-202605-001534,APP-202605-025645,R0147,2026-05-29T17:55:18,DOCUMENT,RV-06
ALT-202605-001535,APP-202605-070123,R0247,2026-05-24T12:21:56,HIGH_VALUE,RV-05
ALT-202605-001536,APP-202605-000878,R0217,2026-05-03T13:45:46,IDENTITY,RV-05
ALT-202605-001537,APP-202605-072905,R0129,2026-05-24T07:48:51,TRANSACTION_MONITORING,RV-02
ALT-202605-001538,APP-202605-025144,R0079,2026-05-07T14:54:35,DOCUMENT,RV-01
ALT-202605-001539,APP-202605-066416,R0081,2026-05-04T20:16:50,HIGH_VALUE,RV-05
ALT-202605-001540,APP-202605-023653,R0261,2026-05-01T20:17:00,IDENTITY,RV-01
ALT-202605-001541,APP-202605-005591,R0313,2026-05-16T11:50:35,TRANSACTION_MONITORING,RV-01
ALT-202605-001542,APP-202605-032569,R0273,2026-05-20T17:05:36,DOCUMENT,RV-04
ALT-202605-001543,APP-202605-072533,R0130,2026-05-13T18:20:58,HIGH_VALUE,RV-01
ALT-202605-001544,APP-202605-019353,R0079,2026-05-20T21:54:06,IDENTITY,RV-03
ALT-202605-001545,APP-202605-055642,R0335,2026-05-21T14:08:22,TRANSACTION_MONITORING,RV-06
ALT-202605-001546,APP-202605-005253,R0335,2026-05-31T17:28:58,DOCUMENT,RV-05
ALT-202605-001547,APP-202605-014683,R0079,2026-05-08T13:50:48,HIGH_VALUE,RV-02
ALT-202605-001548,APP-202605-043755,R0115,2026-05-24T11:45:13,IDENTITY,RV-02
ALT-202605-001549,APP-202605-036780,R0129,2026-05-01T06:06:55,TRANSACTION_MONITORING,RV-01
ALT-202605-001550,APP-202605-051561,R0079,2026-05-18T20:10:10,DOCUMENT,RV-04
ALT-202605-001551,APP-202605-034149,R0261,2026-05-21T16:30:39,HIGH_VALUE,RV-06
ALT-202605-001552,APP-202605-058329,R0335,2026-05-18T17:50:38,IDENTITY,RV-02
ALT-202605-001553,APP-202605-002006,R0142,2026-05-29T13:14:19,TRANSACTION_MONITORING,RV-03
ALT-202605-001554,APP-202605-030493,R0261,2026-05-09T12:35:35,DOCUMENT,RV-02
ALT-202605-001555,APP-202605-057765,R0247,2026-05-25T21:19:25,HIGH_VALUE,RV-03
ALT-202605-001556,APP-202605-001973,R0129,2026-05-20T08:28:10,IDENTITY,RV-02
ALT-202605-001557,APP-202605-058525,R0322,2026-05-29T12:30:16,TRANSACTION_MONITORING,RV-02
ALT-202605-001558,APP-202605-068059,R0302,2026-05-26T12:12:54,DOCUMENT,RV-04
ALT-202605-001559,APP-202605-050704,R0076,2026-05-14T10:18:59,HIGH_VALUE,RV-03
ALT-202605-001560,APP-202605-060164,R0038,2026-05-20T16:51:03,IDENTITY,RV-04
ALT-202605-001561,APP-202605-023356,R0247,2026-05-31T06:17:58,TRANSACTION_MONITORING,RV-05
ALT-202605-001562,APP-202605-033375,R0115,2026-05-07T13:46:08,DOCUMENT,RV-03
ALT-202605-001563,APP-202605-002995,R0064,2026-05-06T15:30:24,HIGH_VALUE,RV-01
ALT-202605-001564,APP-202605-035747,R0064,2026-05-22T20:19:35,IDENTITY,RV-01
ALT-202605-001565,APP-202605-024482,R0261,2026-05-07T21:26:01,TRANSACTION_MONITORING,RV-01
ALT-202605-001566,APP-202605-046458,R0076,2026-05-20T18:29:07,DOCUMENT,RV-01
ALT-202605-001567,APP-202605-018206,R0002,2026-05-07T10:42:50,HIGH_VALUE,RV-01
ALT-202605-001568,APP-202605-009799,R0252,2026-05-29T21:08:54,IDENTITY,RV-02
ALT-202605-001569,APP-202605-003768,R0322,2026-05-13T11:45:12,TRANSACTION_MONITORING,RV-01
ALT-202605-001570,APP-202605-005532,R0129,2026-05-08T18:34:46,DOCUMENT,RV-02
ALT-202605-001571,APP-202605-071371,R0002,2026-05-06T10:27:43,HIGH_VALUE,RV-03
ALT-202605-001572,APP-202605-073535,R0129,2026-05-17T20:16:06,IDENTITY,RV-04
ALT-202605-001573,APP-202605-059981,R0217,2026-05-22T06:15:48,TRANSACTION_MONITORING,RV-01
ALT-202605-001574,APP-202605-074032,R0002,2026-05-12T18:08:55,DOCUMENT,RV-01
ALT-202605-001575,APP-202605-018923,R0079,2026-05-04T06:21:52,HIGH_VALUE,RV-05
ALT-202605-001576,APP-202605-041896,R0071,2026-05-27T12:25:06,IDENTITY,RV-03
ALT-202605-001577,APP-202605-033456,R0129,2026-05-16T12:58:25,TRANSACTION_MONITORING,RV-02
ALT-202605-001578,APP-202605-002258,R0261,2026-05-06T10:20:22,DOCUMENT,RV-05
ALT-202605-001579,APP-202605-050108,R0129,2026-05-24T08:29:00,HIGH_VALUE,RV-06
ALT-202605-001580,APP-202605-062065,R0250,2026-05-02T08:28:12,IDENTITY,RV-02
ALT-202605-001581,APP-202605-044347,R0129,2026-05-01T12:02:41,TRANSACTION_MONITORING,RV-03
ALT-202605-001582,APP-202605-051036,R0081,2026-05-13T20:20:01,DOCUMENT,RV-04
ALT-202605-001583,APP-202605-046858,R0109,2026-05-31T11:06:35,HIGH_VALUE,RV-06
ALT-202605-001584,APP-202605-002038,R0335,2026-05-28T11:00:47,IDENTITY,RV-03
ALT-202605-001585,APP-202605-045076,R0115,2026-05-06T17:35:45,TRANSACTION_MONITORING,RV-06
ALT-202605-001586,APP-202605-036365,R0129,2026-05-26T09:19:26,DOCUMENT,RV-06
ALT-202605-001587,APP-202605-068856,R0250,2026-05-21T06:09:39,HIGH_VALUE,RV-05
ALT-202605-001588,APP-202605-015991,R0250,2026-05-11T22:42:56,IDENTITY,RV-06
ALT-202605-001589,APP-202605-045335,R0335,2026-05-20T09:05:13,TRANSACTION_MONITORING,RV-02
ALT-202605-001590,APP-202605-048394,R0064,2026-05-11T08:05:19,DOCUMENT,RV-04
ALT-202605-001591,APP-202605-015347,R0158,2026-05-04T12:31:03,HIGH_VALUE,RV-01
ALT-202605-001592,APP-202605-065285,R0335,2026-05-03T14:49:43,IDENTITY,RV-05
ALT-202605-001593,APP-202605-000937,R0071,2026-05-15T17:53:10,TRANSACTION_MONITORING,RV-05
ALT-202605-001594,APP-202605-064883,R0261,2026-05-23T22:51:03,DOCUMENT,RV-06
ALT-202605-001595,APP-202605-066186,R0335,2026-05-01T20:26:06,HIGH_VALUE,RV-04
ALT-202605-001596,APP-202605-056020,R0129,2026-05-05T21:02:35,IDENTITY,RV-01
ALT-202605-001597,APP-202605-042682,R0129,2026-05-13T18:28:43,TRANSACTION_MONITORING,RV-06
ALT-202605-001598,APP-202605-042680,R0129,2026-05-03T07:41:29,DOCUMENT,RV-02
ALT-202605-001599,APP-202605-021031,R0081,2026-05-25T10:23:48,HIGH_VALUE,RV-01
ALT-202605-001600,APP-202605-070819,R0335,2026-05-31T21:23:59,IDENTITY,RV-03
ALT-202605-001601,APP-202605-051754,R0129,2026-05-23T17:07:42,TRANSACTION_MONITORING,RV-02
ALT-202605-001602,APP-202605-002974,R0335,2026-05-03T14:52:29,DOCUMENT,RV-06
ALT-202605-001603,APP-202605-052470,R0129,2026-05-28T07:08:50,HIGH_VALUE,RV-06
ALT-202605-001604,APP-202605-047988,R0142,2026-05-21T11:37:51,IDENTITY,RV-01
ALT-202605-001605,APP-202605-041590,R0129,2026-05-24T13:42:03,TRANSACTION_MONITORING,RV-06
ALT-202605-001606,APP-202605-069670,R0129,2026-05-31T08:18:54,DOCUMENT,RV-03
ALT-202605-001607,APP-202605-032480,R0076,2026-05-06T21:36:10,HIGH_VALUE,RV-01
ALT-202605-001608,APP-202605-042869,R0261,2026-05-30T07:08:53,IDENTITY,RV-05
ALT-202605-001609,APP-202605-048448,R0002,2026-05-25T07:46:10,TRANSACTION_MONITORING,RV-05
ALT-202605-001610,APP-202605-072423,R0002,2026-05-24T15:16:31,DOCUMENT,RV-06
ALT-202605-001611,APP-202605-001148,R0129,2026-05-27T16:56:58,HIGH_VALUE,RV-01
ALT-202605-001612,APP-202605-068105,R0281,2026-05-30T20:22:55,IDENTITY,RV-04
ALT-202605-001613,APP-202605-056163,R0335,2026-05-12T18:48:09,TRANSACTION_MONITORING,RV-01
ALT-202605-001614,APP-202605-038516,R0109,2026-05-01T16:43:34,DOCUMENT,RV-05
ALT-202605-001615,APP-202605-025160,R0064,2026-05-27T20:00:15,HIGH_VALUE,RV-03
ALT-202605-001616,APP-202605-021502,R0247,2026-05-24T07:25:31,IDENTITY,RV-04
ALT-202605-001617,APP-202605-006205,R0273,2026-05-04T07:28:37,TRANSACTION_MONITORING,RV-01
ALT-202605-001618,APP-202605-039329,R0147,2026-05-06T10:28:27,DOCUMENT,RV-06
ALT-202605-001619,APP-202605-004919,R0002,2026-05-19T22:47:29,HIGH_VALUE,RV-06
ALT-202605-001620,APP-202605-026404,R0079,2026-05-05T19:14:27,IDENTITY,RV-02
ALT-202605-001621,APP-202605-055025,R0115,2026-05-19T17:21:48,TRANSACTION_MONITORING,RV-06
ALT-202605-001622,APP-202605-039425,R0129,2026-05-19T07:24:48,DOCUMENT,RV-05
ALT-202605-001623,APP-202605-009383,R0109,2026-05-02T12:10:47,HIGH_VALUE,RV-03
ALT-202605-001624,APP-202605-055039,R0158,2026-05-02T16:56:16,IDENTITY,RV-06
ALT-202605-001625,APP-202605-065552,R0261,2026-05-22T19:26:17,TRANSACTION_MONITORING,RV-02
ALT-202605-001626,APP-202605-069930,R0079,2026-05-14T21:10:03,DOCUMENT,RV-06
ALT-202605-001627,APP-202605-003515,R0302,2026-05-19T17:32:12,HIGH_VALUE,RV-03
ALT-202605-001628,APP-202605-042290,R0252,2026-05-23T22:03:28,IDENTITY,RV-04
ALT-202605-001629,APP-202605-010337,R0130,2026-05-13T14:59:47,TRANSACTION_MONITORING,RV-06
ALT-202605-001630,APP-202605-005603,R0261,2026-05-10T17:01:57,DOCUMENT,RV-02
ALT-202605-001631,APP-202605-051437,R0142,2026-05-17T21:24:34,HIGH_VALUE,RV-04
ALT-202605-001632,APP-202605-059136,R0247,2026-05-12T19:19:11,IDENTITY,RV-01
ALT-202605-001633,APP-202605-058309,R0335,2026-05-24T15:16:53,TRANSACTION_MONITORING,RV-06
ALT-202605-001634,APP-202605-074513,R0001,2026-05-16T15:30:54,DOCUMENT,RV-03
ALT-202605-001635,APP-202605-008605,R0335,2026-05-01T17:49:06,HIGH_VALUE,RV-06
ALT-202605-001636,APP-202605-013633,R0129,2026-05-14T13:06:46,IDENTITY,RV-04
ALT-202605-001637,APP-202605-049360,R0070,2026-05-18T10:32:59,TRANSACTION_MONITORING,RV-04
ALT-202605-001638,APP-202605-015532,R0217,2026-05-24T20:25:26,DOCUMENT,RV-02
ALT-202605-001639,APP-202605-030019,R0142,2026-05-10T22:39:44,HIGH_VALUE,RV-01
ALT-202605-001640,APP-202605-045169,R0002,2026-05-24T09:39:35,IDENTITY,RV-04
ALT-202605-001641,APP-202605-062580,R0079,2026-05-21T07:00:05,TRANSACTION_MONITORING,RV-02
ALT-202605-001642,APP-202605-012493,R0001,2026-05-31T13:26:15,DOCUMENT,RV-02
ALT-202605-001643,APP-202605-054379,R0130,2026-05-17T10:26:06,HIGH_VALUE,RV-05
ALT-202605-001644,APP-202605-064407,R0002,2026-05-09T18:44:15,IDENTITY,RV-05
ALT-202605-001645,APP-202605-062904,R0261,2026-05-28T14:41:14,TRANSACTION_MONITORING,RV-06
ALT-202605-001646,APP-202605-025783,R0250,2026-05-26T13:14:23,DOCUMENT,RV-01
ALT-202605-001647,APP-202605-056219,R0261,2026-05-21T19:55:19,HIGH_VALUE,RV-05
ALT-202605-001648,APP-202605-066519,R0081,2026-05-29T13:40:25,IDENTITY,RV-03
ALT-202605-001649,APP-202605-030531,R0322,2026-05-01T12:17:07,TRANSACTION_MONITORING,RV-01
ALT-202605-001650,APP-202605-046927,R0140,2026-05-06T08:53:17,DOCUMENT,RV-03
ALT-202605-001651,APP-202605-043757,R0158,2026-05-17T14:46:39,HIGH_VALUE,RV-06
ALT-202605-001652,APP-202605-021316,R0115,2026-05-20T22:21:02,IDENTITY,RV-03
ALT-202605-001653,APP-202605-005365,R0261,2026-05-18T20:07:07,TRANSACTION_MONITORING,RV-06
ALT-202605-001654,APP-202605-030331,R0071,2026-05-07T21:33:17,DOCUMENT,RV-05
ALT-202605-001655,APP-202605-070936,R0281,2026-05-24T14:12:02,HIGH_VALUE,RV-04
ALT-202605-001656,APP-202605-071470,R0142,2026-05-07T10:31:38,IDENTITY,RV-06
ALT-202605-001657,APP-202605-010808,R0115,2026-05-21T11:49:03,TRANSACTION_MONITORING,RV-06
ALT-202605-001658,APP-202605-010435,R0081,2026-05-06T09:27:54,DOCUMENT,RV-05
ALT-202605-001659,APP-202605-019525,R0129,2026-05-10T11:16:57,HIGH_VALUE,RV-04
ALT-202605-001660,APP-202605-027365,R0142,2026-05-17T15:25:11,IDENTITY,RV-04
ALT-202605-001661,APP-202605-039945,R0158,2026-05-12T07:09:00,TRANSACTION_MONITORING,RV-04
ALT-202605-001662,APP-202605-012910,R0129,2026-05-09T08:57:00,DOCUMENT,RV-03
ALT-202605-001663,APP-202605-044658,R0129,2026-05-29T12:58:44,HIGH_VALUE,RV-06
ALT-202605-001664,APP-202605-039292,R0247,2026-05-03T06:14:38,IDENTITY,RV-04
ALT-202605-001665,APP-202605-031811,R0079,2026-05-18T16:03:02,TRANSACTION_MONITORING,RV-04
ALT-202605-001666,APP-202605-059848,R0109,2026-05-22T13:07:46,DOCUMENT,RV-04
ALT-202605-001667,APP-202605-048198,R0002,2026-05-20T08:28:15,HIGH_VALUE,RV-01
ALT-202605-001668,APP-202605-011453,R0079,2026-05-02T16:34:29,IDENTITY,RV-03
ALT-202605-001669,APP-202605-038420,R0002,2026-05-27T11:00:01,TRANSACTION_MONITORING,RV-06
ALT-202605-001670,APP-202605-047269,R0261,2026-05-01T08:19:58,DOCUMENT,RV-02
ALT-202605-001671,APP-202605-014806,R0115,2026-05-14T12:22:59,HIGH_VALUE,RV-03
ALT-202605-001672,APP-202605-025721,R0129,2026-05-03T07:57:22,IDENTITY,RV-04
ALT-202605-001673,APP-202605-055897,R0129,2026-05-07T08:27:58,TRANSACTION_MONITORING,RV-06
ALT-202605-001674,APP-202605-026159,R0129,2026-05-26T07:29:10,DOCUMENT,RV-04
ALT-202605-001675,APP-202605-039694,R0335,2026-05-04T15:05:12,HIGH_VALUE,RV-05
ALT-202605-001676,APP-202605-030718,R0250,2026-05-17T17:36:05,IDENTITY,RV-03
ALT-202605-001677,APP-202605-033676,R0070,2026-05-16T06:34:47,TRANSACTION_MONITORING,RV-05
ALT-202605-001678,APP-202605-054127,R0273,2026-05-16T19:40:16,DOCUMENT,RV-04
ALT-202605-001679,APP-202605-032328,R0158,2026-05-03T10:08:18,HIGH_VALUE,RV-02
ALT-202605-001680,APP-202605-038821,R0261,2026-05-03T22:27:00,IDENTITY,RV-02
ALT-202605-001681,APP-202605-072321,R0079,2026-05-09T06:47:16,TRANSACTION_MONITORING,RV-05
ALT-202605-001682,APP-202605-019019,R0081,2026-05-07T18:40:38,DOCUMENT,RV-01
ALT-202605-001683,APP-202605-059653,R0129,2026-05-02T07:27:48,HIGH_VALUE,RV-01
ALT-202605-001684,APP-202605-048590,R0217,2026-05-25T10:31:15,IDENTITY,RV-02
ALT-202605-001685,APP-202605-030521,R0079,2026-05-28T07:17:58,TRANSACTION_MONITORING,RV-03
ALT-202605-001686,APP-202605-072891,R0247,2026-05-20T18:36:07,DOCUMENT,RV-03
ALT-202605-001687,APP-202605-006784,R0109,2026-05-19T10:00:22,HIGH_VALUE,RV-06
ALT-202605-001688,APP-202605-057513,R0064,2026-05-22T13:04:11,IDENTITY,RV-04
ALT-202605-001689,APP-202605-063591,R0261,2026-05-24T18:44:06,TRANSACTION_MONITORING,RV-06
ALT-202605-001690,APP-202605-066666,R0129,2026-05-07T18:15:01,DOCUMENT,RV-02
ALT-202605-001691,APP-202605-033846,R0261,2026-05-09T17:07:43,HIGH_VALUE,RV-02
ALT-202605-001692,APP-202605-029887,R0335,2026-05-26T11:20:19,IDENTITY,RV-06
ALT-202605-001693,APP-202605-060878,R0129,2026-05-19T12:55:19,TRANSACTION_MONITORING,RV-05
ALT-202605-001694,APP-202605-022990,R0001,2026-05-30T06:52:24,DOCUMENT,RV-01
ALT-202605-001695,APP-202605-011352,R0129,2026-05-02T11:15:26,HIGH_VALUE,RV-03
ALT-202605-001696,APP-202605-065762,R0322,2026-05-09T11:15:11,IDENTITY,RV-03
ALT-202605-001697,APP-202605-000170,R0076,2026-05-04T08:14:15,TRANSACTION_MONITORING,RV-04
ALT-202605-001698,APP-202605-066733,R0247,2026-05-11T06:10:23,DOCUMENT,RV-04
ALT-202605-001699,APP-202605-025516,R0071,2026-05-21T14:17:13,HIGH_VALUE,RV-06
ALT-202605-001700,APP-202605-027398,R0250,2026-05-20T09:22:54,IDENTITY,RV-01
ALT-202605-001701,APP-202605-053969,R0302,2026-05-20T06:04:17,TRANSACTION_MONITORING,RV-01
ALT-202605-001702,APP-202605-065219,R0322,2026-05-07T20:23:09,DOCUMENT,RV-05
ALT-202605-001703,APP-202605-074266,R0261,2026-05-05T09:11:59,HIGH_VALUE,RV-01
ALT-202605-001704,APP-202605-006158,R0273,2026-05-07T06:26:36,IDENTITY,RV-03
ALT-202605-001705,APP-202605-033963,R0079,2026-05-19T12:19:57,TRANSACTION_MONITORING,RV-05
ALT-202605-001706,APP-202605-010410,R0322,2026-05-07T21:31:14,DOCUMENT,RV-04
ALT-202605-001707,APP-202605-065074,R0335,2026-05-23T10:38:44,HIGH_VALUE,RV-03
ALT-202605-001708,APP-202605-024837,R0129,2026-05-14T09:01:55,IDENTITY,RV-05
ALT-202605-001709,APP-202605-013275,R0002,2026-05-19T18:21:24,TRANSACTION_MONITORING,RV-03
ALT-202605-001710,APP-202605-031532,R0217,2026-05-23T20:53:13,DOCUMENT,RV-06
ALT-202605-001711,APP-202605-058399,R0247,2026-05-22T12:46:57,HIGH_VALUE,RV-02
ALT-202605-001712,APP-202605-000554,R0129,2026-05-11T15:54:16,IDENTITY,RV-03
ALT-202605-001713,APP-202605-001087,R0273,2026-05-28T17:13:28,TRANSACTION_MONITORING,RV-01
ALT-202605-001714,APP-202605-030942,R0079,2026-05-16T20:34:08,DOCUMENT,RV-04
ALT-202605-001715,APP-202605-000664,R0142,2026-05-17T11:41:58,HIGH_VALUE,RV-04
ALT-202605-001716,APP-202605-011253,R0335,2026-05-02T11:56:31,IDENTITY,RV-02
ALT-202605-001717,APP-202605-044529,R0273,2026-05-30T14:59:43,TRANSACTION_MONITORING,RV-03
ALT-202605-001718,APP-202605-063251,R0081,2026-05-13T22:33:22,DOCUMENT,RV-05
ALT-202605-001719,APP-202605-030424,R0002,2026-05-21T07:38:01,HIGH_VALUE,RV-05
ALT-202605-001720,APP-202605-054709,R0081,2026-05-02T07:50:03,IDENTITY,RV-05
ALT-202605-001721,APP-202605-038251,R0081,2026-05-12T14:59:42,TRANSACTION_MONITORING,RV-03
ALT-202605-001722,APP-202605-046285,R0217,2026-05-25T11:18:55,DOCUMENT,RV-05
ALT-202605-001723,APP-202605-055281,R0129,2026-05-12T11:25:20,HIGH_VALUE,RV-02
ALT-202605-001724,APP-202605-014089,R0129,2026-05-21T19:12:24,IDENTITY,RV-03
ALT-202605-001725,APP-202605-055168,R0217,2026-05-24T12:22:13,TRANSACTION_MONITORING,RV-05
ALT-202605-001726,APP-202605-019715,R0115,2026-05-07T10:42:45,DOCUMENT,RV-03
ALT-202605-001727,APP-202605-049041,R0322,2026-05-25T15:52:54,HIGH_VALUE,RV-02
ALT-202605-001728,APP-202605-060187,R0002,2026-05-04T07:24:44,IDENTITY,RV-02
ALT-202605-001729,APP-202605-007222,R0302,2026-05-28T20:53:05,TRANSACTION_MONITORING,RV-04
ALT-202605-001730,APP-202605-044948,R0158,2026-05-17T08:56:27,DOCUMENT,RV-04
ALT-202605-001731,APP-202605-003247,R0129,2026-05-19T08:25:12,HIGH_VALUE,RV-04
ALT-202605-001732,APP-202605-060089,R0071,2026-05-10T09:42:42,IDENTITY,RV-06
ALT-202605-001733,APP-202605-012148,R0079,2026-05-16T12:26:38,TRANSACTION_MONITORING,RV-04
ALT-202605-001734,APP-202605-065818,R0129,2026-05-13T09:55:35,DOCUMENT,RV-05
ALT-202605-001735,APP-202605-004113,R0217,2026-05-04T07:47:25,HIGH_VALUE,RV-05
ALT-202605-001736,APP-202605-066872,R0109,2026-05-08T08:24:30,IDENTITY,RV-01
ALT-202605-001737,APP-202605-030813,R0335,2026-05-15T08:27:39,TRANSACTION_MONITORING,RV-06
ALT-202605-001738,APP-202605-060454,R0261,2026-05-08T22:42:49,DOCUMENT,RV-02
ALT-202605-001739,APP-202605-070840,R0335,2026-05-30T11:35:42,HIGH_VALUE,RV-05
ALT-202605-001740,APP-202605-034066,R0335,2026-05-22T19:36:33,IDENTITY,RV-02
ALT-202605-001741,APP-202605-063333,R0335,2026-05-08T09:40:44,TRANSACTION_MONITORING,RV-02
ALT-202605-001742,APP-202605-013883,R0250,2026-05-06T12:44:52,DOCUMENT,RV-03
ALT-202605-001743,APP-202605-020670,R0076,2026-05-01T12:00:02,HIGH_VALUE,RV-03
ALT-202605-001744,APP-202605-066993,R0335,2026-05-01T07:17:56,IDENTITY,RV-06
ALT-202605-001745,APP-202605-006781,R0322,2026-05-21T09:49:25,TRANSACTION_MONITORING,RV-06
ALT-202605-001746,APP-202605-002549,R0247,2026-05-29T13:12:18,DOCUMENT,RV-06
ALT-202605-001747,APP-202605-046329,R0335,2026-05-28T09:34:12,HIGH_VALUE,RV-03
ALT-202605-001748,APP-202605-016574,R0064,2026-05-22T13:45:42,IDENTITY,RV-04
ALT-202605-001749,APP-202605-015364,R0109,2026-05-19T16:49:09,TRANSACTION_MONITORING,RV-05
ALT-202605-001750,APP-202605-031412,R0064,2026-05-04T08:01:49,DOCUMENT,RV-04
ALT-202605-001751,APP-202605-006869,R0261,2026-05-18T19:27:38,HIGH_VALUE,RV-01
ALT-202605-001752,APP-202605-044419,R0129,2026-05-12T12:46:47,IDENTITY,RV-03
ALT-202605-001753,APP-202605-016635,R0002,2026-05-07T08:15:07,TRANSACTION_MONITORING,RV-04
ALT-202605-001754,APP-202605-058711,R0322,2026-05-14T13:49:12,DOCUMENT,RV-01
ALT-202605-001755,APP-202605-060506,R0129,2026-05-22T12:30:41,HIGH_VALUE,RV-04
ALT-202605-001756,APP-202605-028057,R0335,2026-05-29T21:05:28,IDENTITY,RV-05
ALT-202605-001757,APP-202605-025119,R0217,2026-05-12T20:21:05,TRANSACTION_MONITORING,RV-01
ALT-202605-001758,APP-202605-008620,R0079,2026-05-18T20:35:07,DOCUMENT,RV-02
ALT-202605-001759,APP-202605-061823,R0158,2026-05-26T15:14:16,HIGH_VALUE,RV-04
ALT-202605-001760,APP-202605-048278,R0129,2026-05-05T06:57:34,IDENTITY,RV-04
ALT-202605-001761,APP-202605-014244,R0076,2026-05-05T21:18:41,TRANSACTION_MONITORING,RV-04
ALT-202605-001762,APP-202605-012377,R0071,2026-05-08T06:13:54,DOCUMENT,RV-05
ALT-202605-001763,APP-202605-017022,R0109,2026-05-08T22:15:42,HIGH_VALUE,RV-06
ALT-202605-001764,APP-202605-012730,R0129,2026-05-18T21:32:25,IDENTITY,RV-01
ALT-202605-001765,APP-202605-055683,R0129,2026-05-07T11:57:15,TRANSACTION_MONITORING,RV-02
ALT-202605-001766,APP-202605-065459,R0129,2026-05-27T19:05:29,DOCUMENT,RV-06
ALT-202605-001767,APP-202605-037910,R0217,2026-05-15T20:49:28,HIGH_VALUE,RV-02
ALT-202605-001768,APP-202605-035195,R0217,2026-05-03T09:00:59,IDENTITY,RV-06
ALT-202605-001769,APP-202605-034884,R0129,2026-05-21T19:52:10,TRANSACTION_MONITORING,RV-02
ALT-202605-001770,APP-202605-006218,R0158,2026-05-26T10:11:35,DOCUMENT,RV-05
ALT-202605-001771,APP-202605-020576,R0158,2026-05-14T17:57:38,HIGH_VALUE,RV-06
ALT-202605-001772,APP-202605-011512,R0158,2026-05-18T13:02:10,IDENTITY,RV-01
ALT-202605-001773,APP-202605-032237,R0261,2026-05-11T20:12:24,TRANSACTION_MONITORING,RV-05
ALT-202605-001774,APP-202605-041976,R0217,2026-05-07T22:13:31,DOCUMENT,RV-05
ALT-202605-001775,APP-202605-061515,R0313,2026-05-11T06:49:06,HIGH_VALUE,RV-03
ALT-202605-001776,APP-202605-017964,R0261,2026-05-15T16:55:08,IDENTITY,RV-03
ALT-202605-001777,APP-202605-015224,R0322,2026-05-06T11:29:12,TRANSACTION_MONITORING,RV-03
ALT-202605-001778,APP-202605-023223,R0322,2026-05-27T08:40:39,DOCUMENT,RV-06
ALT-202605-001779,APP-202605-074261,R0250,2026-05-29T13:58:14,HIGH_VALUE,RV-06
ALT-202605-001780,APP-202605-048833,R0109,2026-05-26T11:24:57,IDENTITY,RV-06
ALT-202605-001781,APP-202605-016294,R0315,2026-05-24T09:22:35,TRANSACTION_MONITORING,RV-04
ALT-202605-001782,APP-202605-036892,R0313,2026-05-16T15:45:05,DOCUMENT,RV-03
ALT-202605-001783,APP-202605-054202,R0142,2026-05-19T12:44:07,HIGH_VALUE,RV-05
ALT-202605-001784,APP-202605-060908,R0081,2026-05-02T21:44:55,IDENTITY,RV-06
ALT-202605-001785,APP-202605-047482,R0142,2026-05-02T13:35:07,TRANSACTION_MONITORING,RV-06
ALT-202605-001786,APP-202605-029621,R0001,2026-05-29T06:08:49,DOCUMENT,RV-01
ALT-202605-001787,APP-202605-022751,R0335,2026-05-30T21:59:48,HIGH_VALUE,RV-05
ALT-202605-001788,APP-202605-006569,R0250,2026-05-24T06:20:36,IDENTITY,RV-04
ALT-202605-001789,APP-202605-029840,R0322,2026-05-25T11:54:59,TRANSACTION_MONITORING,RV-04
ALT-202605-001790,APP-202605-044919,R0252,2026-05-10T18:41:24,DOCUMENT,RV-01
ALT-202605-001791,APP-202605-027644,R0071,2026-05-15T14:01:24,HIGH_VALUE,RV-04
ALT-202605-001792,APP-202605-014750,R0247,2026-05-11T14:53:52,IDENTITY,RV-02
ALT-202605-001793,APP-202605-025476,R0045,2026-05-10T11:53:14,TRANSACTION_MONITORING,RV-04
ALT-202605-001794,APP-202605-056370,R0302,2026-05-17T10:06:03,DOCUMENT,RV-05
ALT-202605-001795,APP-202605-030793,R0335,2026-05-23T18:19:14,HIGH_VALUE,RV-04
ALT-202605-001796,APP-202605-061755,R0302,2026-05-10T19:12:13,IDENTITY,RV-04
ALT-202605-001797,APP-202605-034785,R0247,2026-05-03T21:27:57,TRANSACTION_MONITORING,RV-02
ALT-202605-001798,APP-202605-048857,R0217,2026-05-25T07:53:01,DOCUMENT,RV-04
ALT-202605-001799,APP-202605-062238,R0129,2026-05-09T07:08:51,HIGH_VALUE,RV-06
ALT-202605-001800,APP-202605-068425,R0313,2026-05-04T10:20:24,IDENTITY,RV-02
ALT-202605-001801,APP-202605-003741,R0261,2026-05-15T20:15:29,TRANSACTION_MONITORING,RV-03
ALT-202605-001802,APP-202605-067627,R0322,2026-05-09T08:49:39,DOCUMENT,RV-02
ALT-202605-001803,APP-202605-019109,R0261,2026-05-05T19:23:00,HIGH_VALUE,RV-01
ALT-202605-001804,APP-202605-005445,R0079,2026-05-03T21:50:56,IDENTITY,RV-03
ALT-202605-001805,APP-202605-029773,R0064,2026-05-11T15:08:34,TRANSACTION_MONITORING,RV-02
ALT-202605-001806,APP-202605-062523,R0079,2026-05-13T12:19:17,DOCUMENT,RV-04
ALT-202605-001807,APP-202605-013629,R0081,2026-05-19T15:24:58,HIGH_VALUE,RV-04
ALT-202605-001808,APP-202605-048595,R0130,2026-05-16T12:15:42,IDENTITY,RV-03
ALT-202605-001809,APP-202605-049806,R0158,2026-05-22T11:10:17,TRANSACTION_MONITORING,RV-06
ALT-202605-001810,APP-202605-053517,R0217,2026-05-28T18:51:18,DOCUMENT,RV-05
ALT-202605-001811,APP-202605-049801,R0250,2026-05-23T14:54:52,HIGH_VALUE,RV-03
ALT-202605-001812,APP-202605-000980,R0129,2026-05-17T09:46:01,IDENTITY,RV-04
ALT-202605-001813,APP-202605-040195,R0064,2026-05-13T16:21:24,TRANSACTION_MONITORING,RV-06
ALT-202605-001814,APP-202605-072512,R0079,2026-05-20T16:20:12,DOCUMENT,RV-06
ALT-202605-001815,APP-202605-059251,R0129,2026-05-10T12:16:08,HIGH_VALUE,RV-05
ALT-202605-001816,APP-202605-022494,R0247,2026-05-05T20:29:41,IDENTITY,RV-01
ALT-202605-001817,APP-202605-055560,R0273,2026-05-07T09:15:54,TRANSACTION_MONITORING,RV-02
ALT-202605-001818,APP-202605-032784,R0250,2026-05-24T18:24:17,DOCUMENT,RV-04
ALT-202605-001819,APP-202605-051061,R0076,2026-05-20T08:47:28,HIGH_VALUE,RV-04
ALT-202605-001820,APP-202605-026981,R0250,2026-05-02T14:37:49,IDENTITY,RV-05
ALT-202605-001821,APP-202605-071284,R0129,2026-05-30T15:08:37,TRANSACTION_MONITORING,RV-04
ALT-202605-001822,APP-202605-072186,R0261,2026-05-03T21:14:15,DOCUMENT,RV-04
ALT-202605-001823,APP-202605-074432,R0129,2026-05-06T11:29:34,HIGH_VALUE,RV-06
ALT-202605-001824,APP-202605-058055,R0081,2026-05-06T21:35:01,IDENTITY,RV-06
ALT-202605-001825,APP-202605-023173,R0002,2026-05-13T21:15:40,TRANSACTION_MONITORING,RV-05
ALT-202605-001826,APP-202605-069864,R0261,2026-05-10T13:08:42,DOCUMENT,RV-05
ALT-202605-001827,APP-202605-068249,R0129,2026-05-05T06:10:25,HIGH_VALUE,RV-05
ALT-202605-001828,APP-202605-037592,R0129,2026-05-19T16:14:20,IDENTITY,RV-04
ALT-202605-001829,APP-202605-033455,R0313,2026-05-22T13:42:44,TRANSACTION_MONITORING,RV-05
ALT-202605-001830,APP-202605-053969,R0261,2026-05-11T12:50:54,DOCUMENT,RV-04
ALT-202605-001831,APP-202605-029453,R0335,2026-05-04T06:49:53,HIGH_VALUE,RV-01
ALT-202605-001832,APP-202605-046201,R0076,2026-05-05T11:27:05,IDENTITY,RV-05
ALT-202605-001833,APP-202605-009875,R0335,2026-05-30T13:24:50,TRANSACTION_MONITORING,RV-01
ALT-202605-001834,APP-202605-007428,R0315,2026-05-18T08:22:30,DOCUMENT,RV-02
ALT-202605-001835,APP-202605-071463,R0129,2026-05-30T15:52:00,HIGH_VALUE,RV-02
ALT-202605-001836,APP-202605-064978,R0045,2026-05-21T09:26:16,IDENTITY,RV-06
ALT-202605-001837,APP-202605-055968,R0064,2026-05-09T06:51:35,TRANSACTION_MONITORING,RV-06
ALT-202605-001838,APP-202605-023498,R0335,2026-05-19T16:22:11,DOCUMENT,RV-06
ALT-202605-001839,APP-202605-027673,R0322,2026-05-31T22:13:11,HIGH_VALUE,RV-04
ALT-202605-001840,APP-202605-020602,R0109,2026-05-30T15:39:24,IDENTITY,RV-06
ALT-202605-001841,APP-202605-073593,R0247,2026-05-01T07:49:02,TRANSACTION_MONITORING,RV-03
ALT-202605-001842,APP-202605-052203,R0158,2026-05-08T13:11:51,DOCUMENT,RV-05
ALT-202605-001843,APP-202605-028615,R0079,2026-05-05T10:02:21,HIGH_VALUE,RV-03
ALT-202605-001844,APP-202605-026422,R0335,2026-05-27T16:56:06,IDENTITY,RV-02
ALT-202605-001845,APP-202605-057542,R0070,2026-05-13T20:23:13,TRANSACTION_MONITORING,RV-03
ALT-202605-001846,APP-202605-033181,R0335,2026-05-08T20:31:18,DOCUMENT,RV-06
ALT-202605-001847,APP-202605-023214,R0079,2026-05-29T13:01:42,HIGH_VALUE,RV-01
ALT-202605-001848,APP-202605-029914,R0315,2026-05-06T07:45:35,IDENTITY,RV-06
ALT-202605-001849,APP-202605-011699,R0002,2026-05-28T08:27:02,TRANSACTION_MONITORING,RV-03
ALT-202605-001850,APP-202605-018962,R0335,2026-05-17T19:17:17,DOCUMENT,RV-05
ALT-202605-001851,APP-202605-048881,R0129,2026-05-30T12:25:36,HIGH_VALUE,RV-06
ALT-202605-001852,APP-202605-027013,R0142,2026-05-16T08:44:07,IDENTITY,RV-01
ALT-202605-001853,APP-202605-001886,R0076,2026-05-13T15:33:49,TRANSACTION_MONITORING,RV-01
ALT-202605-001854,APP-202605-046403,R0261,2026-05-29T10:22:41,DOCUMENT,RV-03
ALT-202605-001855,APP-202605-038591,R0115,2026-05-26T15:42:14,HIGH_VALUE,RV-05
ALT-202605-001856,APP-202605-052787,R0158,2026-05-11T19:34:57,IDENTITY,RV-05
ALT-202605-001857,APP-202605-035969,R0261,2026-05-26T14:13:22,TRANSACTION_MONITORING,RV-05
ALT-202605-001858,APP-202605-058848,R0335,2026-05-19T07:22:29,DOCUMENT,RV-01
ALT-202605-001859,APP-202605-012146,R0335,2026-05-23T12:21:01,HIGH_VALUE,RV-01
ALT-202605-001860,APP-202605-069806,R0129,2026-05-22T13:55:06,IDENTITY,RV-02
ALT-202605-001861,APP-202605-050564,R0071,2026-05-02T17:38:28,TRANSACTION_MONITORING,RV-01
ALT-202605-001862,APP-202605-033583,R0109,2026-05-08T15:04:00,DOCUMENT,RV-04
ALT-202605-001863,APP-202605-071812,R0313,2026-05-28T21:50:30,HIGH_VALUE,RV-05
ALT-202605-001864,APP-202605-072236,R0273,2026-05-15T08:28:12,IDENTITY,RV-02
ALT-202605-001865,APP-202605-021113,R0322,2026-05-21T15:46:55,TRANSACTION_MONITORING,RV-01
ALT-202605-001866,APP-202605-010740,R0079,2026-05-14T07:41:59,DOCUMENT,RV-05
ALT-202605-001867,APP-202605-056197,R0261,2026-05-12T20:03:33,HIGH_VALUE,RV-06
ALT-202605-001868,APP-202605-000273,R0064,2026-05-22T06:10:18,IDENTITY,RV-01
ALT-202605-001869,APP-202605-034820,R0129,2026-05-16T14:44:23,TRANSACTION_MONITORING,RV-01
ALT-202605-001870,APP-202605-023806,R0315,2026-05-29T19:35:47,DOCUMENT,RV-01
ALT-202605-001871,APP-202605-018165,R0076,2026-05-18T20:38:55,HIGH_VALUE,RV-04
ALT-202605-001872,APP-202605-015940,R0130,2026-05-09T09:50:59,IDENTITY,RV-01
ALT-202605-001873,APP-202605-074037,R0158,2026-05-18T10:32:20,TRANSACTION_MONITORING,RV-03
ALT-202605-001874,APP-202605-007571,R0158,2026-05-02T12:18:57,DOCUMENT,RV-01
ALT-202605-001875,APP-202605-069646,R0109,2026-05-29T19:26:54,HIGH_VALUE,RV-05
ALT-202605-001876,APP-202605-025958,R0076,2026-05-13T22:54:43,IDENTITY,RV-01
ALT-202605-001877,APP-202605-005630,R0076,2026-05-15T18:13:19,TRANSACTION_MONITORING,RV-04
ALT-202605-001878,APP-202605-038313,R0322,2026-05-11T22:17:19,DOCUMENT,RV-03
ALT-202605-001879,APP-202605-071295,R0302,2026-05-29T20:01:29,HIGH_VALUE,RV-06
ALT-202605-001880,APP-202605-059169,R0261,2026-05-21T15:48:14,IDENTITY,RV-01
ALT-202605-001881,APP-202605-024992,R0109,2026-05-09T08:16:16,TRANSACTION_MONITORING,RV-04
ALT-202605-001882,APP-202605-054578,R0281,2026-05-10T18:17:40,DOCUMENT,RV-06
ALT-202605-001883,APP-202605-000475,R0001,2026-05-06T13:24:51,HIGH_VALUE,RV-01
ALT-202605-001884,APP-202605-023674,R0076,2026-05-16T16:23:41,IDENTITY,RV-06
ALT-202605-001885,APP-202605-000625,R0335,2026-05-13T11:01:46,TRANSACTION_MONITORING,RV-05
ALT-202605-001886,APP-202605-003475,R0261,2026-05-09T14:21:17,DOCUMENT,RV-06
ALT-202605-001887,APP-202605-026200,R0064,2026-05-16T21:34:56,HIGH_VALUE,RV-02
ALT-202605-001888,APP-202605-071247,R0322,2026-05-06T11:31:24,IDENTITY,RV-02
ALT-202605-001889,APP-202605-028941,R0281,2026-05-17T08:07:57,TRANSACTION_MONITORING,RV-04
ALT-202605-001890,APP-202605-054497,R0129,2026-05-19T19:31:00,DOCUMENT,RV-01
ALT-202605-001891,APP-202605-024187,R0158,2026-05-31T16:40:04,HIGH_VALUE,RV-03
ALT-202605-001892,APP-202605-009808,R0261,2026-05-01T17:41:56,IDENTITY,RV-03
ALT-202605-001893,APP-202605-017700,R0071,2026-05-10T22:43:53,TRANSACTION_MONITORING,RV-01
ALT-202605-001894,APP-202605-062834,R0081,2026-05-30T06:18:57,DOCUMENT,RV-01
ALT-202605-001895,APP-202605-045677,R0129,2026-05-19T07:55:16,HIGH_VALUE,RV-04
ALT-202605-001896,APP-202605-032985,R0335,2026-05-31T06:23:32,IDENTITY,RV-01
ALT-202605-001897,APP-202605-065450,R0322,2026-05-07T21:28:42,TRANSACTION_MONITORING,RV-03
ALT-202605-001898,APP-202605-010636,R0076,2026-05-20T09:42:16,DOCUMENT,RV-02
ALT-202605-001899,APP-202605-057202,R0313,2026-05-08T10:34:18,HIGH_VALUE,RV-04
ALT-202605-001900,APP-202605-047413,R0071,2026-05-17T06:38:51,IDENTITY,RV-05
ALT-202605-001901,APP-202605-036210,R0109,2026-05-10T12:14:14,TRANSACTION_MONITORING,RV-06
ALT-202605-001902,APP-202605-051225,R0081,2026-05-28T07:36:10,DOCUMENT,RV-06
ALT-202605-001903,APP-202605-057139,R0261,2026-05-07T17:16:55,HIGH_VALUE,RV-01
ALT-202605-001904,APP-202605-059524,R0109,2026-05-18T10:02:49,IDENTITY,RV-04
ALT-202605-001905,APP-202605-005383,R0109,2026-05-11T13:36:25,TRANSACTION_MONITORING,RV-03
ALT-202605-001906,APP-202605-060846,R0250,2026-05-21T19:17:00,DOCUMENT,RV-05
ALT-202605-001907,APP-202605-068487,R0002,2026-05-19T16:05:49,HIGH_VALUE,RV-05
ALT-202605-001908,APP-202605-051229,R0322,2026-05-19T11:09:58,IDENTITY,RV-04
ALT-202605-001909,APP-202605-062627,R0130,2026-05-20T09:51:06,TRANSACTION_MONITORING,RV-03
ALT-202605-001910,APP-202605-002596,R0129,2026-05-08T12:22:36,DOCUMENT,RV-05
ALT-202605-001911,APP-202605-068461,R0129,2026-05-02T20:04:12,HIGH_VALUE,RV-05
ALT-202605-001912,APP-202605-009155,R0158,2026-05-11T11:49:36,IDENTITY,RV-04
ALT-202605-001913,APP-202605-006408,R0076,2026-05-11T19:19:22,TRANSACTION_MONITORING,RV-05
ALT-202605-001914,APP-202605-047534,R0079,2026-05-30T13:13:36,DOCUMENT,RV-04
ALT-202605-001915,APP-202605-058718,R0130,2026-05-11T09:47:05,HIGH_VALUE,RV-05
ALT-202605-001916,APP-202605-010150,R0081,2026-05-13T17:32:35,IDENTITY,RV-06
ALT-202605-001917,APP-202605-006606,R0335,2026-05-21T20:57:35,TRANSACTION_MONITORING,RV-05
ALT-202605-001918,APP-202605-015499,R0129,2026-05-24T15:17:51,DOCUMENT,RV-03
ALT-202605-001919,APP-202605-016840,R0313,2026-05-14T18:33:51,HIGH_VALUE,RV-04
ALT-202605-001920,APP-202605-027427,R0322,2026-05-03T22:12:45,IDENTITY,RV-06
ALT-202605-001921,APP-202605-062195,R0045,2026-05-09T16:22:20,TRANSACTION_MONITORING,RV-04
ALT-202605-001922,APP-202605-051451,R0129,2026-05-29T10:50:05,DOCUMENT,RV-01
ALT-202605-001923,APP-202605-035150,R0335,2026-05-16T12:29:01,HIGH_VALUE,RV-02
ALT-202605-001924,APP-202605-058779,R0310,2026-05-07T21:45:33,IDENTITY,RV-03
ALT-202605-001925,APP-202605-008591,R0096,2026-05-16T09:51:01,TRANSACTION_MONITORING,RV-05
ALT-202605-001926,APP-202605-000015,R0129,2026-05-28T19:40:51,DOCUMENT,RV-06
ALT-202605-001927,APP-202605-022448,R0335,2026-05-19T15:59:00,HIGH_VALUE,RV-05
ALT-202605-001928,APP-202605-038251,R0281,2026-05-27T09:02:04,IDENTITY,RV-02
ALT-202605-001929,APP-202605-029407,R0261,2026-05-12T14:48:20,TRANSACTION_MONITORING,RV-01
ALT-202605-001930,APP-202605-061870,R0079,2026-05-13T11:21:54,DOCUMENT,RV-03
ALT-202605-001931,APP-202605-009239,R0261,2026-05-16T08:56:13,HIGH_VALUE,RV-01
ALT-202605-001932,APP-202605-040285,R0217,2026-05-11T19:40:15,IDENTITY,RV-04
ALT-202605-001933,APP-202605-006079,R0064,2026-05-11T07:53:14,TRANSACTION_MONITORING,RV-06
ALT-202605-001934,APP-202605-063904,R0045,2026-05-25T07:23:39,DOCUMENT,RV-01
ALT-202605-001935,APP-202605-009746,R0158,2026-05-20T08:22:42,HIGH_VALUE,RV-06
ALT-202605-001936,APP-202605-015974,R0130,2026-05-31T13:19:52,IDENTITY,RV-06
ALT-202605-001937,APP-202605-040937,R0247,2026-05-20T11:37:31,TRANSACTION_MONITORING,RV-01
ALT-202605-001938,APP-202605-068237,R0002,2026-05-17T17:41:11,DOCUMENT,RV-05
ALT-202605-001939,APP-202605-015057,R0250,2026-05-17T18:47:17,HIGH_VALUE,RV-06
ALT-202605-001940,APP-202605-011878,R0313,2026-05-19T07:17:28,IDENTITY,RV-03
ALT-202605-001941,APP-202605-064891,R0129,2026-05-26T18:16:20,TRANSACTION_MONITORING,RV-05
ALT-202605-001942,APP-202605-042592,R0129,2026-05-23T09:12:47,DOCUMENT,RV-03
ALT-202605-001943,APP-202605-012271,R0335,2026-05-13T07:54:11,HIGH_VALUE,RV-06
ALT-202605-001944,APP-202605-074774,R0158,2026-05-26T08:07:53,IDENTITY,RV-01
ALT-202605-001945,APP-202605-056635,R0079,2026-05-27T14:52:25,TRANSACTION_MONITORING,RV-02
ALT-202605-001946,APP-202605-020229,R0313,2026-05-06T22:50:41,DOCUMENT,RV-05
ALT-202605-001947,APP-202605-065722,R0129,2026-05-14T20:46:43,HIGH_VALUE,RV-04
ALT-202605-001948,APP-202605-032732,R0335,2026-05-21T11:49:42,IDENTITY,RV-02
ALT-202605-001949,APP-202605-066843,R0002,2026-05-14T17:06:08,TRANSACTION_MONITORING,RV-06
ALT-202605-001950,APP-202605-064797,R0002,2026-05-10T22:17:46,DOCUMENT,RV-03
ALT-202605-001951,APP-202605-053678,R0002,2026-05-07T11:38:26,HIGH_VALUE,RV-01
ALT-202605-001952,APP-202605-047861,R0130,2026-05-25T22:23:15,IDENTITY,RV-06
ALT-202605-001953,APP-202605-020085,R0273,2026-05-29T19:30:24,TRANSACTION_MONITORING,RV-03
ALT-202605-001954,APP-202605-053288,R0310,2026-05-18T13:26:58,DOCUMENT,RV-03
ALT-202605-001955,APP-202605-064323,R0070,2026-05-25T11:05:37,HIGH_VALUE,RV-04
ALT-202605-001956,APP-202605-061974,R0313,2026-05-15T09:40:49,IDENTITY,RV-04
ALT-202605-001957,APP-202605-070550,R0315,2026-05-25T21:06:26,TRANSACTION_MONITORING,RV-02
ALT-202605-001958,APP-202605-045013,R0250,2026-05-30T22:49:06,DOCUMENT,RV-01
ALT-202605-001959,APP-202605-005657,R0064,2026-05-02T09:50:22,HIGH_VALUE,RV-01
ALT-202605-001960,APP-202605-062197,R0322,2026-05-29T14:18:27,IDENTITY,RV-02
ALT-202605-001961,APP-202605-024102,R0261,2026-05-06T09:03:11,TRANSACTION_MONITORING,RV-04
ALT-202605-001962,APP-202605-037193,R0252,2026-05-15T14:12:41,DOCUMENT,RV-06
ALT-202605-001963,APP-202605-007397,R0129,2026-05-27T19:48:51,HIGH_VALUE,RV-05
ALT-202605-001964,APP-202605-031112,R0002,2026-05-11T17:54:48,IDENTITY,RV-05
ALT-202605-001965,APP-202605-029266,R0079,2026-05-07T12:58:22,TRANSACTION_MONITORING,RV-04
ALT-202605-001966,APP-202605-046853,R0071,2026-05-13T17:42:17,DOCUMENT,RV-04
ALT-202605-001967,APP-202605-051213,R0109,2026-05-09T22:29:43,HIGH_VALUE,RV-05
ALT-202605-001968,APP-202605-052840,R0335,2026-05-10T19:15:42,IDENTITY,RV-01
ALT-202605-001969,APP-202605-041589,R0217,2026-05-20T08:51:01,TRANSACTION_MONITORING,RV-03
ALT-202605-001970,APP-202605-045572,R0109,2026-05-19T16:25:56,DOCUMENT,RV-06
ALT-202605-001971,APP-202605-047214,R0129,2026-05-24T13:39:12,HIGH_VALUE,RV-02
ALT-202605-001972,APP-202605-034359,R0247,2026-05-22T18:38:32,IDENTITY,RV-03
ALT-202605-001973,APP-202605-067436,R0261,2026-05-17T21:02:43,TRANSACTION_MONITORING,RV-05
ALT-202605-001974,APP-202605-001663,R0071,2026-05-25T10:46:14,DOCUMENT,RV-03
ALT-202605-001975,APP-202605-009948,R0252,2026-05-07T20:01:26,HIGH_VALUE,RV-05
ALT-202605-001976,APP-202605-054413,R0142,2026-05-12T15:31:34,IDENTITY,RV-05
ALT-202605-001977,APP-202605-014859,R0081,2026-05-03T11:49:01,TRANSACTION_MONITORING,RV-01
ALT-202605-001978,APP-202605-047958,R0076,2026-05-17T07:19:09,DOCUMENT,RV-03
ALT-202605-001979,APP-202605-042559,R0079,2026-05-06T19:06:15,HIGH_VALUE,RV-06
ALT-202605-001980,APP-202605-072487,R0079,2026-05-15T22:57:34,IDENTITY,RV-03
ALT-202605-001981,APP-202605-038434,R0322,2026-05-13T17:46:15,TRANSACTION_MONITORING,RV-06
ALT-202605-001982,APP-202605-047068,R0158,2026-05-31T18:20:18,DOCUMENT,RV-01
ALT-202605-001983,APP-202605-039025,R0322,2026-05-12T15:37:55,HIGH_VALUE,RV-02
ALT-202605-001984,APP-202605-031385,R0250,2026-05-03T21:14:12,IDENTITY,RV-06
ALT-202605-001985,APP-202605-033672,R0081,2026-05-31T11:54:27,TRANSACTION_MONITORING,RV-06
ALT-202605-001986,APP-202605-059526,R0142,2026-05-06T18:43:23,DOCUMENT,RV-02
ALT-202605-001987,APP-202605-027180,R0247,2026-05-30T14:23:42,HIGH_VALUE,RV-05
ALT-202605-001988,APP-202605-000754,R0313,2026-05-17T13:41:57,IDENTITY,RV-02
ALT-202605-001989,APP-202605-049711,R0217,2026-05-31T10:52:45,TRANSACTION_MONITORING,RV-03
ALT-202605-001990,APP-202605-010704,R0142,2026-05-22T21:28:49,DOCUMENT,RV-02
ALT-202605-001991,APP-202605-010113,R0129,2026-05-25T06:28:39,HIGH_VALUE,RV-01
ALT-202605-001992,APP-202605-048794,R0081,2026-05-06T10:41:01,IDENTITY,RV-06
ALT-202605-001993,APP-202605-011140,R0315,2026-05-10T20:01:13,TRANSACTION_MONITORING,RV-05
ALT-202605-001994,APP-202605-053115,R0158,2026-05-29T21:38:48,DOCUMENT,RV-04
ALT-202605-001995,APP-202605-011741,R0315,2026-05-06T10:28:43,HIGH_VALUE,RV-05
ALT-202605-001996,APP-202605-071261,R0217,2026-05-05T09:39:23,IDENTITY,RV-02
ALT-202605-001997,APP-202605-051806,R0129,2026-05-29T15:10:33,TRANSACTION_MONITORING,RV-01
ALT-202605-001998,APP-202605-038777,R0081,2026-05-06T07:44:44,DOCUMENT,RV-05
ALT-202605-001999,APP-202605-051289,R0081,2026-05-10T08:22:39,HIGH_VALUE,RV-01
ALT-202605-002000,APP-202605-048596,R0261,2026-05-15T11:41:11,IDENTITY,RV-03
ALT-202605-002001,APP-202605-006109,R0081,2026-05-20T12:36:13,TRANSACTION_MONITORING,RV-06
ALT-202605-002002,APP-202605-029402,R0335,2026-05-29T20:00:08,DOCUMENT,RV-06
ALT-202605-002003,APP-202605-053887,R0158,2026-05-02T22:22:56,HIGH_VALUE,RV-04
ALT-202605-002004,APP-202605-072138,R0252,2026-05-09T12:10:18,IDENTITY,RV-04
ALT-202605-002005,APP-202605-065985,R0250,2026-05-03T08:13:16,TRANSACTION_MONITORING,RV-06
ALT-202605-002006,APP-202605-030523,R0129,2026-05-05T15:44:21,DOCUMENT,RV-05
ALT-202605-002007,APP-202605-060340,R0081,2026-05-26T09:33:06,HIGH_VALUE,RV-03
ALT-202605-002008,APP-202605-050551,R0252,2026-05-25T21:24:06,IDENTITY,RV-04
ALT-202605-002009,APP-202605-030048,R0115,2026-05-06T19:59:55,TRANSACTION_MONITORING,RV-01
ALT-202605-002010,APP-202605-016761,R0217,2026-05-22T08:41:34,DOCUMENT,RV-04
ALT-202605-002011,APP-202605-010108,R0001,2026-05-27T16:12:42,HIGH_VALUE,RV-05
ALT-202605-002012,APP-202605-040146,R0129,2026-05-21T09:17:22,IDENTITY,RV-04
ALT-202605-002013,APP-202605-000396,R0071,2026-05-23T18:04:13,TRANSACTION_MONITORING,RV-06
ALT-202605-002014,APP-202605-044195,R0252,2026-05-05T20:56:35,DOCUMENT,RV-02
ALT-202605-002015,APP-202605-004875,R0129,2026-05-29T07:53:39,HIGH_VALUE,RV-01
ALT-202605-002016,APP-202605-003269,R0158,2026-05-19T14:22:31,IDENTITY,RV-05
ALT-202605-002017,APP-202605-035393,R0079,2026-05-30T12:38:17,TRANSACTION_MONITORING,RV-04
ALT-202605-002018,APP-202605-008539,R0031,2026-05-04T12:58:07,DOCUMENT,RV-02
ALT-202605-002019,APP-202605-014837,R0079,2026-05-01T21:31:00,HIGH_VALUE,RV-03
ALT-202605-002020,APP-202605-007875,R0335,2026-05-03T07:00:08,IDENTITY,RV-05
ALT-202605-002021,APP-202605-050889,R0250,2026-05-29T12:22:26,TRANSACTION_MONITORING,RV-01
ALT-202605-002022,APP-202605-069128,R0129,2026-05-20T14:38:36,DOCUMENT,RV-02
ALT-202605-002023,APP-202605-017625,R0079,2026-05-17T07:06:04,HIGH_VALUE,RV-06
ALT-202605-002024,APP-202605-036208,R0335,2026-05-25T21:59:34,IDENTITY,RV-03
ALT-202605-002025,APP-202605-059978,R0302,2026-05-01T16:17:36,TRANSACTION_MONITORING,RV-03
ALT-202605-002026,APP-202605-051064,R0273,2026-05-27T21:33:14,DOCUMENT,RV-01
ALT-202605-002027,APP-202605-034209,R0261,2026-05-03T07:49:41,HIGH_VALUE,RV-06
ALT-202605-002028,APP-202605-052806,R0109,2026-05-21T11:49:07,IDENTITY,RV-04
ALT-202605-002029,APP-202605-009769,R0252,2026-05-28T16:28:08,TRANSACTION_MONITORING,RV-03
ALT-202605-002030,APP-202605-005307,R0313,2026-05-25T14:40:16,DOCUMENT,RV-06
ALT-202605-002031,APP-202605-041732,R0261,2026-05-26T08:47:15,HIGH_VALUE,RV-06
ALT-202605-002032,APP-202605-028013,R0261,2026-05-18T14:06:51,IDENTITY,RV-04
ALT-202605-002033,APP-202605-024615,R0079,2026-05-05T16:18:38,TRANSACTION_MONITORING,RV-06
ALT-202605-002034,APP-202605-070576,R0071,2026-05-22T22:17:36,DOCUMENT,RV-02
ALT-202605-002035,APP-202605-023107,R0109,2026-05-12T12:10:08,HIGH_VALUE,RV-06
ALT-202605-002036,APP-202605-054494,R0129,2026-05-28T06:05:40,IDENTITY,RV-06
ALT-202605-002037,APP-202605-044249,R0158,2026-05-17T22:02:31,TRANSACTION_MONITORING,RV-06
ALT-202605-002038,APP-202605-059984,R0071,2026-05-13T20:20:24,DOCUMENT,RV-04
ALT-202605-002039,APP-202605-059392,R0217,2026-05-03T15:05:48,HIGH_VALUE,RV-04
ALT-202605-002040,APP-202605-001979,R0247,2026-05-22T10:15:01,IDENTITY,RV-06
ALT-202605-002041,APP-202605-005220,R0129,2026-05-19T06:58:19,TRANSACTION_MONITORING,RV-02
ALT-202605-002042,APP-202605-005676,R0261,2026-05-05T18:00:15,DOCUMENT,RV-01
ALT-202605-002043,APP-202605-030628,R0250,2026-05-20T09:54:56,HIGH_VALUE,RV-05
ALT-202605-002044,APP-202605-050109,R0079,2026-05-13T06:43:33,IDENTITY,RV-06
ALT-202605-002045,APP-202605-066920,R0129,2026-05-18T17:36:04,TRANSACTION_MONITORING,RV-06
ALT-202605-002046,APP-202605-069709,R0250,2026-05-20T15:54:53,DOCUMENT,RV-03
ALT-202605-002047,APP-202605-069273,R0045,2026-05-04T11:22:09,HIGH_VALUE,RV-04
ALT-202605-002048,APP-202605-001310,R0109,2026-05-16T12:05:16,IDENTITY,RV-02
ALT-202605-002049,APP-202605-019527,R0109,2026-05-10T12:22:15,TRANSACTION_MONITORING,RV-06
ALT-202605-002050,APP-202605-018473,R0079,2026-05-21T12:51:14,DOCUMENT,RV-06
ALT-202605-002051,APP-202605-071388,R0158,2026-05-03T09:25:37,HIGH_VALUE,RV-01
ALT-202605-002052,APP-202605-007017,R0247,2026-05-07T16:17:33,IDENTITY,RV-05
ALT-202605-002053,APP-202605-043942,R0002,2026-05-01T10:51:19,TRANSACTION_MONITORING,RV-02
ALT-202605-002054,APP-202605-039334,R0002,2026-05-18T06:50:54,DOCUMENT,RV-01
ALT-202605-002055,APP-202605-004793,R0313,2026-05-19T08:59:32,HIGH_VALUE,RV-06
ALT-202605-002056,APP-202605-036413,R0002,2026-05-25T15:55:06,IDENTITY,RV-01
ALT-202605-002057,APP-202605-068018,R0076,2026-05-21T16:20:09,TRANSACTION_MONITORING,RV-01
ALT-202605-002058,APP-202605-041288,R0261,2026-05-08T16:40:17,DOCUMENT,RV-02
ALT-202605-002059,APP-202605-035363,R0261,2026-05-20T21:04:44,HIGH_VALUE,RV-04
ALT-202605-002060,APP-202605-045042,R0313,2026-05-12T17:39:31,IDENTITY,RV-02
ALT-202605-002061,APP-202605-013571,R0129,2026-05-09T19:58:44,TRANSACTION_MONITORING,RV-04
ALT-202605-002062,APP-202605-035611,R0081,2026-05-07T20:21:48,DOCUMENT,RV-02
ALT-202605-002063,APP-202605-032561,R0250,2026-05-06T16:01:27,HIGH_VALUE,RV-01
ALT-202605-002064,APP-202605-068530,R0247,2026-05-06T21:51:36,IDENTITY,RV-01
ALT-202605-002065,APP-202605-042670,R0079,2026-05-22T12:29:26,TRANSACTION_MONITORING,RV-04
ALT-202605-002066,APP-202605-066107,R0335,2026-05-28T17:12:18,DOCUMENT,RV-06
ALT-202605-002067,APP-202605-060977,R0315,2026-05-17T12:09:49,HIGH_VALUE,RV-05
ALT-202605-002068,APP-202605-032973,R0081,2026-05-26T22:07:44,IDENTITY,RV-04
ALT-202605-002069,APP-202605-004527,R0335,2026-05-08T09:25:16,TRANSACTION_MONITORING,RV-03
ALT-202605-002070,APP-202605-059948,R0217,2026-05-28T19:43:22,DOCUMENT,RV-02
ALT-202605-002071,APP-202605-014444,R0261,2026-05-04T12:55:19,HIGH_VALUE,RV-06
ALT-202605-002072,APP-202605-056044,R0064,2026-05-30T07:00:05,IDENTITY,RV-04
ALT-202605-002073,APP-202605-017379,R0129,2026-05-09T07:01:42,TRANSACTION_MONITORING,RV-06
ALT-202605-002074,APP-202605-055166,R0335,2026-05-23T12:31:36,DOCUMENT,RV-06
ALT-202605-002075,APP-202605-060492,R0079,2026-05-01T17:19:20,HIGH_VALUE,RV-03
ALT-202605-002076,APP-202605-031662,R0071,2026-05-30T13:06:10,IDENTITY,RV-04
ALT-202605-002077,APP-202605-026529,R0250,2026-05-25T12:10:43,TRANSACTION_MONITORING,RV-03
ALT-202605-002078,APP-202605-031395,R0115,2026-05-09T09:12:57,DOCUMENT,RV-05
ALT-202605-002079,APP-202605-074091,R0247,2026-05-07T08:28:11,HIGH_VALUE,RV-06
ALT-202605-002080,APP-202605-057507,R0079,2026-05-28T13:04:46,IDENTITY,RV-06
ALT-202605-002081,APP-202605-071817,R0313,2026-05-04T06:42:33,TRANSACTION_MONITORING,RV-03
ALT-202605-002082,APP-202605-053405,R0081,2026-05-21T15:02:25,DOCUMENT,RV-01
ALT-202605-002083,APP-202605-065750,R0261,2026-05-22T15:29:15,HIGH_VALUE,RV-03
ALT-202605-002084,APP-202605-003795,R0071,2026-05-22T07:02:40,IDENTITY,RV-03
ALT-202605-002085,APP-202605-056172,R0261,2026-05-05T12:39:14,TRANSACTION_MONITORING,RV-05
ALT-202605-002086,APP-202605-003213,R0158,2026-05-01T15:08:27,DOCUMENT,RV-01
ALT-202605-002087,APP-202605-063099,R0250,2026-05-06T13:46:16,HIGH_VALUE,RV-04
ALT-202605-002088,APP-202605-064598,R0322,2026-05-16T08:21:58,IDENTITY,RV-04
ALT-202605-002089,APP-202605-005510,R0335,2026-05-26T08:37:30,TRANSACTION_MONITORING,RV-03
ALT-202605-002090,APP-202605-070626,R0302,2026-05-25T17:40:28,DOCUMENT,RV-01
ALT-202605-002091,APP-202605-022950,R0002,2026-05-31T12:53:06,HIGH_VALUE,RV-03
ALT-202605-002092,APP-202605-054490,R0158,2026-05-25T11:54:13,IDENTITY,RV-05
ALT-202605-002093,APP-202605-072780,R0261,2026-05-08T15:07:52,TRANSACTION_MONITORING,RV-06
ALT-202605-002094,APP-202605-071015,R0079,2026-05-15T12:58:37,DOCUMENT,RV-05
ALT-202605-002095,APP-202605-029634,R0081,2026-05-14T08:06:16,HIGH_VALUE,RV-03
ALT-202605-002096,APP-202605-059059,R0261,2026-05-04T08:20:59,IDENTITY,RV-01
ALT-202605-002097,APP-202605-017703,R0129,2026-05-14T07:04:35,TRANSACTION_MONITORING,RV-06
ALT-202605-002098,APP-202605-069800,R0129,2026-05-25T09:17:52,DOCUMENT,RV-04
ALT-202605-002099,APP-202605-057514,R0129,2026-05-18T12:43:45,HIGH_VALUE,RV-06
ALT-202605-002100,APP-202605-031448,R0129,2026-05-02T15:41:57,IDENTITY,RV-02
ALT-202605-002101,APP-202605-005027,R0335,2026-05-22T22:16:32,TRANSACTION_MONITORING,RV-03
ALT-202605-002102,APP-202605-057128,R0261,2026-05-05T20:54:34,DOCUMENT,RV-04
ALT-202605-002103,APP-202605-010708,R0079,2026-05-19T17:59:11,HIGH_VALUE,RV-03
ALT-202605-002104,APP-202605-053929,R0130,2026-05-04T07:23:50,IDENTITY,RV-01
ALT-202605-002105,APP-202605-074075,R0130,2026-05-20T09:30:07,TRANSACTION_MONITORING,RV-02
ALT-202605-002106,APP-202605-054799,R0002,2026-05-11T21:54:33,DOCUMENT,RV-03
ALT-202605-002107,APP-202605-016723,R0142,2026-05-14T22:47:02,HIGH_VALUE,RV-03
ALT-202605-002108,APP-202605-006965,R0247,2026-05-17T18:08:14,IDENTITY,RV-03
ALT-202605-002109,APP-202605-008573,R0158,2026-05-03T15:12:01,TRANSACTION_MONITORING,RV-04
ALT-202605-002110,APP-202605-056816,R0158,2026-05-25T12:55:32,DOCUMENT,RV-04
ALT-202605-002111,APP-202605-065366,R0250,2026-05-09T17:28:24,HIGH_VALUE,RV-04
ALT-202605-002112,APP-202605-022973,R0079,2026-05-16T11:22:16,IDENTITY,RV-03
ALT-202605-002113,APP-202605-040241,R0142,2026-05-04T18:28:21,TRANSACTION_MONITORING,RV-05
ALT-202605-002114,APP-202605-008485,R0315,2026-05-28T09:11:59,DOCUMENT,RV-03
ALT-202605-002115,APP-202605-035019,R0335,2026-05-17T19:19:57,HIGH_VALUE,RV-01
ALT-202605-002116,APP-202605-005734,R0247,2026-05-10T14:55:28,IDENTITY,RV-05
ALT-202605-002117,APP-202605-023184,R0001,2026-05-12T15:55:59,TRANSACTION_MONITORING,RV-05
ALT-202605-002118,APP-202605-057917,R0071,2026-05-02T16:29:25,DOCUMENT,RV-04
ALT-202605-002119,APP-202605-068598,R0079,2026-05-22T15:19:22,HIGH_VALUE,RV-01
ALT-202605-002120,APP-202605-030724,R0130,2026-05-15T12:36:53,IDENTITY,RV-06
ALT-202605-002121,APP-202605-017729,R0335,2026-05-18T10:00:50,TRANSACTION_MONITORING,RV-02
ALT-202605-002122,APP-202605-039558,R0252,2026-05-14T15:23:04,DOCUMENT,RV-01
ALT-202605-002123,APP-202605-001006,R0079,2026-05-14T19:31:04,HIGH_VALUE,RV-03
ALT-202605-002124,APP-202605-054874,R0335,2026-05-20T12:53:59,IDENTITY,RV-02
ALT-202605-002125,APP-202605-022412,R0322,2026-05-08T16:52:56,TRANSACTION_MONITORING,RV-02
ALT-202605-002126,APP-202605-038367,R0076,2026-05-17T16:34:48,DOCUMENT,RV-03
ALT-202605-002127,APP-202605-029202,R0261,2026-05-11T09:56:19,HIGH_VALUE,RV-06
ALT-202605-002128,APP-202605-005561,R0071,2026-05-29T19:59:46,IDENTITY,RV-03
ALT-202605-002129,APP-202605-073010,R0313,2026-05-04T06:31:00,TRANSACTION_MONITORING,RV-02
ALT-202605-002130,APP-202605-028274,R0070,2026-05-17T15:28:09,DOCUMENT,RV-05
ALT-202605-002131,APP-202605-067019,R0129,2026-05-10T16:33:14,HIGH_VALUE,RV-02
ALT-202605-002132,APP-202605-069090,R0129,2026-05-21T09:00:25,IDENTITY,RV-01
ALT-202605-002133,APP-202605-068305,R0217,2026-05-03T14:06:49,TRANSACTION_MONITORING,RV-05
ALT-202605-002134,APP-202605-033766,R0247,2026-05-17T22:07:01,DOCUMENT,RV-05
ALT-202605-002135,APP-202605-006378,R0081,2026-05-11T10:50:05,HIGH_VALUE,RV-06
ALT-202605-002136,APP-202605-055480,R0315,2026-05-05T14:41:02,IDENTITY,RV-03
ALT-202605-002137,APP-202605-051209,R0217,2026-05-12T09:33:59,TRANSACTION_MONITORING,RV-01
ALT-202605-002138,APP-202605-059779,R0273,2026-05-21T19:40:19,DOCUMENT,RV-01
ALT-202605-002139,APP-202605-055358,R0261,2026-05-22T07:59:23,HIGH_VALUE,RV-02
ALT-202605-002140,APP-202605-040983,R0261,2026-05-26T09:36:54,IDENTITY,RV-05
ALT-202605-002141,APP-202605-028573,R0002,2026-05-11T21:55:54,TRANSACTION_MONITORING,RV-02
ALT-202605-002142,APP-202605-027774,R0081,2026-05-01T15:06:21,DOCUMENT,RV-06
ALT-202605-002143,APP-202605-006416,R0129,2026-05-28T20:58:18,HIGH_VALUE,RV-04
ALT-202605-002144,APP-202605-036097,R0250,2026-05-21T12:48:30,IDENTITY,RV-06
ALT-202605-002145,APP-202605-039179,R0281,2026-05-01T19:50:48,TRANSACTION_MONITORING,RV-04
ALT-202605-002146,APP-202605-030658,R0252,2026-05-17T21:24:56,DOCUMENT,RV-05
ALT-202605-002147,APP-202605-014418,R0129,2026-05-29T12:21:06,HIGH_VALUE,RV-05
ALT-202605-002148,APP-202605-046987,R0081,2026-05-06T12:29:05,IDENTITY,RV-04
ALT-202605-002149,APP-202605-024538,R0001,2026-05-02T13:32:18,TRANSACTION_MONITORING,RV-03
ALT-202605-002150,APP-202605-043562,R0217,2026-05-07T14:05:23,DOCUMENT,RV-03
ALT-202605-002151,APP-202605-011400,R0252,2026-05-31T07:26:10,HIGH_VALUE,RV-05
ALT-202605-002152,APP-202605-029354,R0335,2026-05-23T10:39:37,IDENTITY,RV-02
ALT-202605-002153,APP-202605-038793,R0322,2026-05-29T18:35:03,TRANSACTION_MONITORING,RV-01
ALT-202605-002154,APP-202605-027029,R0322,2026-05-06T13:31:32,DOCUMENT,RV-02
ALT-202605-002155,APP-202605-038293,R0281,2026-05-08T07:57:08,HIGH_VALUE,RV-04
ALT-202605-002156,APP-202605-018652,R0002,2026-05-03T18:13:45,IDENTITY,RV-01
ALT-202605-002157,APP-202605-040308,R0115,2026-05-11T06:26:43,TRANSACTION_MONITORING,RV-03
ALT-202605-002158,APP-202605-018047,R0064,2026-05-07T18:55:41,DOCUMENT,RV-06
ALT-202605-002159,APP-202605-035612,R0079,2026-05-13T07:55:37,HIGH_VALUE,RV-02
ALT-202605-002160,APP-202605-008239,R0261,2026-05-30T09:17:19,IDENTITY,RV-04
ALT-202605-002161,APP-202605-065318,R0261,2026-05-13T07:59:34,TRANSACTION_MONITORING,RV-01
ALT-202605-002162,APP-202605-001387,R0129,2026-05-27T16:35:44,DOCUMENT,RV-01
ALT-202605-002163,APP-202605-052302,R0129,2026-05-06T20:07:23,HIGH_VALUE,RV-06
ALT-202605-002164,APP-202605-073849,R0002,2026-05-19T22:27:27,IDENTITY,RV-04
ALT-202605-002165,APP-202605-013468,R0129,2026-05-11T10:29:24,TRANSACTION_MONITORING,RV-01
ALT-202605-002166,APP-202605-006874,R0335,2026-05-18T20:32:01,DOCUMENT,RV-04
ALT-202605-002167,APP-202605-024375,R0129,2026-05-17T13:26:45,HIGH_VALUE,RV-02
ALT-202605-002168,APP-202605-017719,R0302,2026-05-08T15:58:50,IDENTITY,RV-06
ALT-202605-002169,APP-202605-067033,R0261,2026-05-10T14:29:21,TRANSACTION_MONITORING,RV-01
ALT-202605-002170,APP-202605-001123,R0261,2026-05-26T22:24:28,DOCUMENT,RV-02
ALT-202605-002171,APP-202605-055206,R0076,2026-05-04T21:35:19,HIGH_VALUE,RV-01
ALT-202605-002172,APP-202605-049996,R0335,2026-05-13T21:23:50,IDENTITY,RV-05
ALT-202605-002173,APP-202605-057526,R0247,2026-05-07T11:40:45,TRANSACTION_MONITORING,RV-04
ALT-202605-002174,APP-202605-052499,R0045,2026-05-23T15:39:47,DOCUMENT,RV-04
ALT-202605-002175,APP-202605-014852,R0079,2026-05-25T19:21:18,HIGH_VALUE,RV-06
ALT-202605-002176,APP-202605-056812,R0071,2026-05-11T18:56:46,IDENTITY,RV-06
ALT-202605-002177,APP-202605-066458,R0247,2026-05-11T16:33:41,TRANSACTION_MONITORING,RV-05
ALT-202605-002178,APP-202605-055968,R0001,2026-05-15T18:57:08,DOCUMENT,RV-06
ALT-202605-002179,APP-202605-044513,R0217,2026-05-27T13:43:52,HIGH_VALUE,RV-06
ALT-202605-002180,APP-202605-009684,R0247,2026-05-31T18:23:54,IDENTITY,RV-02
ALT-202605-002181,APP-202605-039535,R0079,2026-05-14T08:11:52,TRANSACTION_MONITORING,RV-01
ALT-202605-002182,APP-202605-039617,R0261,2026-05-04T11:46:16,DOCUMENT,RV-01
ALT-202605-002183,APP-202605-000850,R0109,2026-05-03T22:01:35,HIGH_VALUE,RV-04
ALT-202605-002184,APP-202605-043114,R0109,2026-05-20T13:37:06,IDENTITY,RV-05
ALT-202605-002185,APP-202605-024300,R0002,2026-05-01T17:02:19,TRANSACTION_MONITORING,RV-06
ALT-202605-002186,APP-202605-015031,R0261,2026-05-22T09:20:39,DOCUMENT,RV-04
ALT-202605-002187,APP-202605-032127,R0079,2026-05-25T21:25:39,HIGH_VALUE,RV-05
ALT-202605-002188,APP-202605-019403,R0002,2026-05-01T21:47:38,IDENTITY,RV-02
ALT-202605-002189,APP-202605-069075,R0079,2026-05-01T08:58:20,TRANSACTION_MONITORING,RV-06
ALT-202605-002190,APP-202605-051787,R0252,2026-05-19T10:36:07,DOCUMENT,RV-02
ALT-202605-002191,APP-202605-026883,R0001,2026-05-26T21:15:01,HIGH_VALUE,RV-03
ALT-202605-002192,APP-202605-043613,R0261,2026-05-30T22:11:58,IDENTITY,RV-06
ALT-202605-002193,APP-202605-060674,R0335,2026-05-22T18:29:00,TRANSACTION_MONITORING,RV-03
ALT-202605-002194,APP-202605-067778,R0217,2026-05-19T15:59:13,DOCUMENT,RV-06
ALT-202605-002195,APP-202605-010085,R0140,2026-05-10T16:30:09,HIGH_VALUE,RV-04
ALT-202605-002196,APP-202605-039254,R0322,2026-05-05T22:41:32,IDENTITY,RV-05
ALT-202605-002197,APP-202605-071921,R0261,2026-05-27T14:17:54,TRANSACTION_MONITORING,RV-02
ALT-202605-002198,APP-202605-055298,R0261,2026-05-13T15:02:07,DOCUMENT,RV-02
ALT-202605-002199,APP-202605-038023,R0129,2026-05-31T18:03:35,HIGH_VALUE,RV-03
ALT-202605-002200,APP-202605-067148,R0322,2026-05-21T06:46:27,IDENTITY,RV-01
ALT-202605-002201,APP-202605-033288,R0036,2026-05-21T06:53:56,TRANSACTION_MONITORING,RV-05
ALT-202605-002202,APP-202605-003113,R0247,2026-05-13T14:39:30,DOCUMENT,RV-05
ALT-202605-002203,APP-202605-007506,R0302,2026-05-03T18:19:16,HIGH_VALUE,RV-06
ALT-202605-002204,APP-202605-059785,R0109,2026-05-21T12:03:22,IDENTITY,RV-03
ALT-202605-002205,APP-202605-031255,R0076,2026-05-14T06:34:10,TRANSACTION_MONITORING,RV-06
ALT-202605-002206,APP-202605-022260,R0002,2026-05-04T12:22:56,DOCUMENT,RV-01
ALT-202605-002207,APP-202605-051659,R0115,2026-05-15T07:05:03,HIGH_VALUE,RV-02
ALT-202605-002208,APP-202605-042917,R0261,2026-05-12T13:46:14,IDENTITY,RV-03
ALT-202605-002209,APP-202605-006720,R0129,2026-05-11T17:49:21,TRANSACTION_MONITORING,RV-05
ALT-202605-002210,APP-202605-019239,R0071,2026-05-26T08:24:04,DOCUMENT,RV-04
ALT-202605-002211,APP-202605-038337,R0129,2026-05-07T15:16:49,HIGH_VALUE,RV-01
ALT-202605-002212,APP-202605-004166,R0335,2026-05-02T14:09:59,IDENTITY,RV-04
ALT-202605-002213,APP-202605-001139,R0129,2026-05-30T11:41:16,TRANSACTION_MONITORING,RV-05
ALT-202605-002214,APP-202605-033745,R0031,2026-05-01T06:29:42,DOCUMENT,RV-06
ALT-202605-002215,APP-202605-030164,R0217,2026-05-08T08:30:50,HIGH_VALUE,RV-05
ALT-202605-002216,APP-202605-016868,R0142,2026-05-15T10:56:39,IDENTITY,RV-06
ALT-202605-002217,APP-202605-008115,R0071,2026-05-21T08:17:00,TRANSACTION_MONITORING,RV-05
ALT-202605-002218,APP-202605-043219,R0247,2026-05-21T18:23:26,DOCUMENT,RV-06
ALT-202605-002219,APP-202605-008517,R0079,2026-05-20T22:02:57,HIGH_VALUE,RV-06
ALT-202605-002220,APP-202605-007614,R0079,2026-05-02T19:13:00,IDENTITY,RV-06
ALT-202605-002221,APP-202605-063415,R0064,2026-05-17T19:45:06,TRANSACTION_MONITORING,RV-02
ALT-202605-002222,APP-202605-042755,R0064,2026-05-08T13:19:46,DOCUMENT,RV-01
ALT-202605-002223,APP-202605-059265,R0036,2026-05-13T22:22:33,HIGH_VALUE,RV-05
ALT-202605-002224,APP-202605-028279,R0109,2026-05-15T22:28:55,IDENTITY,RV-03
ALT-202605-002225,APP-202605-068074,R0079,2026-05-22T14:40:47,TRANSACTION_MONITORING,RV-06
ALT-202605-002226,APP-202605-036205,R0261,2026-05-01T20:00:12,DOCUMENT,RV-01
ALT-202605-002227,APP-202605-034816,R0079,2026-05-15T14:41:14,HIGH_VALUE,RV-05
ALT-202605-002228,APP-202605-052508,R0261,2026-05-23T12:25:08,IDENTITY,RV-01
ALT-202605-002229,APP-202605-032564,R0313,2026-05-25T10:26:28,TRANSACTION_MONITORING,RV-05
ALT-202605-002230,APP-202605-058411,R0335,2026-05-01T17:14:24,DOCUMENT,RV-02
ALT-202605-002231,APP-202605-033169,R0261,2026-05-25T08:53:35,HIGH_VALUE,RV-06
ALT-202605-002232,APP-202605-016914,R0252,2026-05-15T21:49:33,IDENTITY,RV-05
ALT-202605-002233,APP-202605-061899,R0129,2026-05-23T07:04:50,TRANSACTION_MONITORING,RV-06
ALT-202605-002234,APP-202605-073075,R0252,2026-05-03T08:44:03,DOCUMENT,RV-03
ALT-202605-002235,APP-202605-045528,R0109,2026-05-30T11:11:04,HIGH_VALUE,RV-06
ALT-202605-002236,APP-202605-044756,R0261,2026-05-09T12:39:21,IDENTITY,RV-03
ALT-202605-002237,APP-202605-000072,R0315,2026-05-22T22:43:07,TRANSACTION_MONITORING,RV-03
ALT-202605-002238,APP-202605-049840,R0081,2026-05-18T12:25:15,DOCUMENT,RV-03
ALT-202605-002239,APP-202605-043009,R0129,2026-05-24T17:24:45,HIGH_VALUE,RV-03
ALT-202605-002240,APP-202605-002815,R0142,2026-05-15T06:22:55,IDENTITY,RV-02
ALT-202605-002241,APP-202605-007191,R0247,2026-05-15T09:58:12,TRANSACTION_MONITORING,RV-01
ALT-202605-002242,APP-202605-018674,R0076,2026-05-01T17:23:41,DOCUMENT,RV-06
ALT-202605-002243,APP-202605-068034,R0079,2026-05-30T12:43:47,HIGH_VALUE,RV-06
ALT-202605-002244,APP-202605-014226,R0002,2026-05-30T10:13:49,IDENTITY,RV-02
ALT-202605-002245,APP-202605-036202,R0335,2026-05-18T17:35:07,TRANSACTION_MONITORING,RV-05
ALT-202605-002246,APP-202605-006941,R0142,2026-05-16T11:16:58,DOCUMENT,RV-03
ALT-202605-002247,APP-202605-056312,R0335,2026-05-30T12:09:09,HIGH_VALUE,RV-03
ALT-202605-002248,APP-202605-010404,R0079,2026-05-27T22:57:07,IDENTITY,RV-03
ALT-202605-002249,APP-202605-032096,R0322,2026-05-28T19:16:06,TRANSACTION_MONITORING,RV-02
ALT-202605-002250,APP-202605-015225,R0261,2026-05-24T12:32:03,DOCUMENT,RV-02
ALT-202605-002251,APP-202605-039179,R0071,2026-05-15T07:46:49,HIGH_VALUE,RV-01
ALT-202605-002252,APP-202605-034830,R0250,2026-05-26T08:17:27,IDENTITY,RV-04
ALT-202605-002253,APP-202605-044687,R0002,2026-05-05T08:42:42,TRANSACTION_MONITORING,RV-06
ALT-202605-002254,APP-202605-062070,R0115,2026-05-26T20:04:53,DOCUMENT,RV-05
ALT-202605-002255,APP-202605-063396,R0031,2026-05-09T21:54:40,HIGH_VALUE,RV-06
ALT-202605-002256,APP-202605-015425,R0002,2026-05-03T20:23:00,IDENTITY,RV-02
ALT-202605-002257,APP-202605-066464,R0079,2026-05-22T08:59:29,TRANSACTION_MONITORING,RV-05
ALT-202605-002258,APP-202605-009502,R0261,2026-05-10T10:19:37,DOCUMENT,RV-05
ALT-202605-002259,APP-202605-073642,R0002,2026-05-16T19:00:58,HIGH_VALUE,RV-02
ALT-202605-002260,APP-202605-007013,R0261,2026-05-31T09:43:16,IDENTITY,RV-01
ALT-202605-002261,APP-202605-049525,R0335,2026-05-01T07:57:25,TRANSACTION_MONITORING,RV-06
ALT-202605-002262,APP-202605-048279,R0322,2026-05-25T18:37:43,DOCUMENT,RV-05
ALT-202605-002263,APP-202605-028220,R0335,2026-05-21T16:38:12,HIGH_VALUE,RV-05
ALT-202605-002264,APP-202605-041625,R0217,2026-05-11T06:47:58,IDENTITY,RV-02
ALT-202605-002265,APP-202605-070896,R0079,2026-05-26T07:24:48,TRANSACTION_MONITORING,RV-03
ALT-202605-002266,APP-202605-064603,R0261,2026-05-16T10:12:28,DOCUMENT,RV-02
ALT-202605-002267,APP-202605-053133,R0217,2026-05-24T10:17:07,HIGH_VALUE,RV-05
ALT-202605-002268,APP-202605-006161,R0250,2026-05-15T22:15:10,IDENTITY,RV-05
ALT-202605-002269,APP-202605-058613,R0129,2026-05-05T10:41:30,TRANSACTION_MONITORING,RV-06
ALT-202605-002270,APP-202605-069025,R0079,2026-05-31T07:21:28,DOCUMENT,RV-06
ALT-202605-002271,APP-202605-069516,R0129,2026-05-12T22:20:25,HIGH_VALUE,RV-02
ALT-202605-002272,APP-202605-014138,R0129,2026-05-17T16:51:16,IDENTITY,RV-03
ALT-202605-002273,APP-202605-046112,R0247,2026-05-13T18:45:33,TRANSACTION_MONITORING,RV-04
ALT-202605-002274,APP-202605-028276,R0129,2026-05-03T17:18:33,DOCUMENT,RV-06
ALT-202605-002275,APP-202605-004815,R0064,2026-05-09T14:51:44,HIGH_VALUE,RV-05
ALT-202605-002276,APP-202605-040730,R0158,2026-05-20T18:41:42,IDENTITY,RV-02
ALT-202605-002277,APP-202605-004740,R0081,2026-05-03T19:40:39,TRANSACTION_MONITORING,RV-01
ALT-202605-002278,APP-202605-031743,R0109,2026-05-13T12:43:35,DOCUMENT,RV-01
ALT-202605-002279,APP-202605-062243,R0247,2026-05-30T20:10:50,HIGH_VALUE,RV-03
ALT-202605-002280,APP-202605-054580,R0109,2026-05-13T21:08:18,IDENTITY,RV-01
ALT-202605-002281,APP-202605-021066,R0250,2026-05-01T10:05:04,TRANSACTION_MONITORING,RV-04
ALT-202605-002282,APP-202605-003297,R0079,2026-05-02T19:37:43,DOCUMENT,RV-06
ALT-202605-002283,APP-202605-022118,R0076,2026-05-23T19:38:38,HIGH_VALUE,RV-06
ALT-202605-002284,APP-202605-030902,R0247,2026-05-10T22:45:48,IDENTITY,RV-03
ALT-202605-002285,APP-202605-048855,R0142,2026-05-12T22:02:41,TRANSACTION_MONITORING,RV-01
ALT-202605-002286,APP-202605-060691,R0335,2026-05-13T10:19:27,DOCUMENT,RV-04
ALT-202605-002287,APP-202605-050570,R0252,2026-05-01T07:06:44,HIGH_VALUE,RV-06
ALT-202605-002288,APP-202605-051432,R0129,2026-05-01T14:23:59,IDENTITY,RV-06
ALT-202605-002289,APP-202605-056837,R0261,2026-05-19T18:33:57,TRANSACTION_MONITORING,RV-02
ALT-202605-002290,APP-202605-059403,R0079,2026-05-07T15:09:57,DOCUMENT,RV-06
ALT-202605-002291,APP-202605-064608,R0130,2026-05-06T20:02:47,HIGH_VALUE,RV-03
ALT-202605-002292,APP-202605-048139,R0142,2026-05-21T17:43:25,IDENTITY,RV-05
ALT-202605-002293,APP-202605-005015,R0129,2026-05-17T18:53:29,TRANSACTION_MONITORING,RV-03
ALT-202605-002294,APP-202605-010241,R0079,2026-05-13T19:43:09,DOCUMENT,RV-06
ALT-202605-002295,APP-202605-004906,R0081,2026-05-31T07:44:05,HIGH_VALUE,RV-04
ALT-202605-002296,APP-202605-033038,R0079,2026-05-07T06:04:49,IDENTITY,RV-03
ALT-202605-002297,APP-202605-050919,R0247,2026-05-26T08:27:59,TRANSACTION_MONITORING,RV-06
ALT-202605-002298,APP-202605-006228,R0252,2026-05-08T13:57:28,DOCUMENT,RV-03
ALT-202605-002299,APP-202605-049208,R0001,2026-05-29T12:30:25,HIGH_VALUE,RV-01
ALT-202605-002300,APP-202605-040920,R0335,2026-05-30T20:54:10,IDENTITY,RV-06
ALT-202605-002301,APP-202605-045547,R0302,2026-05-23T18:56:22,TRANSACTION_MONITORING,RV-01
ALT-202605-002302,APP-202605-032969,R0001,2026-05-03T13:01:55,DOCUMENT,RV-03
ALT-202605-002303,APP-202605-011136,R0217,2026-05-12T11:46:13,HIGH_VALUE,RV-04
ALT-202605-002304,APP-202605-070584,R0313,2026-05-31T19:46:30,IDENTITY,RV-01
ALT-202605-002305,APP-202605-050307,R0002,2026-05-22T11:23:13,TRANSACTION_MONITORING,RV-05
ALT-202605-002306,APP-202605-018227,R0261,2026-05-10T20:57:56,DOCUMENT,RV-01
ALT-202605-002307,APP-202605-064100,R0129,2026-05-29T22:21:31,HIGH_VALUE,RV-04
ALT-202605-002308,APP-202605-046898,R0247,2026-05-19T11:50:14,IDENTITY,RV-06
ALT-202605-002309,APP-202605-053614,R0081,2026-05-21T18:49:48,TRANSACTION_MONITORING,RV-04
ALT-202605-002310,APP-202605-014755,R0322,2026-05-11T11:11:03,DOCUMENT,RV-04
ALT-202605-002311,APP-202605-022832,R0079,2026-05-02T22:00:02,HIGH_VALUE,RV-05
ALT-202605-002312,APP-202605-004141,R0002,2026-05-03T15:07:36,IDENTITY,RV-06
ALT-202605-002313,APP-202605-022515,R0250,2026-05-20T09:02:24,TRANSACTION_MONITORING,RV-04
ALT-202605-002314,APP-202605-026352,R0335,2026-05-06T22:50:20,DOCUMENT,RV-04
ALT-202605-002315,APP-202605-056814,R0076,2026-05-26T22:25:53,HIGH_VALUE,RV-06
ALT-202605-002316,APP-202605-012507,R0081,2026-05-23T10:37:21,IDENTITY,RV-02
ALT-202605-002317,APP-202605-067301,R0261,2026-05-11T22:05:02,TRANSACTION_MONITORING,RV-04
ALT-202605-002318,APP-202605-036032,R0261,2026-05-15T07:35:46,DOCUMENT,RV-06
ALT-202605-002319,APP-202605-005977,R0129,2026-05-07T07:21:20,HIGH_VALUE,RV-05
ALT-202605-002320,APP-202605-016780,R0002,2026-05-10T11:08:53,IDENTITY,RV-04
ALT-202605-002321,APP-202605-006922,R0130,2026-05-24T08:22:29,TRANSACTION_MONITORING,RV-04
ALT-202605-002322,APP-202605-034485,R0217,2026-05-25T14:31:26,DOCUMENT,RV-01
ALT-202605-002323,APP-202605-055111,R0261,2026-05-23T14:30:13,HIGH_VALUE,RV-04
ALT-202605-002324,APP-202605-000284,R0064,2026-05-02T20:00:17,IDENTITY,RV-06
ALT-202605-002325,APP-202605-033172,R0322,2026-05-09T10:26:03,TRANSACTION_MONITORING,RV-04
ALT-202605-002326,APP-202605-028555,R0002,2026-05-15T13:42:52,DOCUMENT,RV-01
ALT-202605-002327,APP-202605-013076,R0081,2026-05-12T16:40:07,HIGH_VALUE,RV-06
ALT-202605-002328,APP-202605-059376,R0002,2026-05-01T14:24:02,IDENTITY,RV-01
ALT-202605-002329,APP-202605-004313,R0129,2026-05-06T18:28:01,TRANSACTION_MONITORING,RV-03
ALT-202605-002330,APP-202605-007747,R0261,2026-05-01T19:12:18,DOCUMENT,RV-01
ALT-202605-002331,APP-202605-032692,R0081,2026-05-03T14:12:31,HIGH_VALUE,RV-01
ALT-202605-002332,APP-202605-051382,R0129,2026-05-08T19:34:25,IDENTITY,RV-03
ALT-202605-002333,APP-202605-045996,R0335,2026-05-09T11:57:23,TRANSACTION_MONITORING,RV-04
ALT-202605-002334,APP-202605-030493,R0071,2026-05-27T17:33:33,DOCUMENT,RV-06
ALT-202605-002335,APP-202605-059028,R0261,2026-05-30T22:08:07,HIGH_VALUE,RV-06
ALT-202605-002336,APP-202605-043560,R0261,2026-05-22T10:49:21,IDENTITY,RV-02
ALT-202605-002337,APP-202605-056089,R0038,2026-05-28T08:31:39,TRANSACTION_MONITORING,RV-06
ALT-202605-002338,APP-202605-026757,R0261,2026-05-14T08:58:39,DOCUMENT,RV-04
ALT-202605-002339,APP-202605-021415,R0261,2026-05-02T20:26:20,HIGH_VALUE,RV-02
ALT-202605-002340,APP-202605-065661,R0079,2026-05-31T15:41:30,IDENTITY,RV-06
ALT-202605-002341,APP-202605-004843,R0071,2026-05-01T21:31:43,TRANSACTION_MONITORING,RV-02
ALT-202605-002342,APP-202605-010597,R0250,2026-05-12T10:41:48,DOCUMENT,RV-04
ALT-202605-002343,APP-202605-063376,R0261,2026-05-25T09:57:59,HIGH_VALUE,RV-03
ALT-202605-002344,APP-202605-055285,R0261,2026-05-25T07:07:33,IDENTITY,RV-01
ALT-202605-002345,APP-202605-067688,R0001,2026-05-07T09:32:24,TRANSACTION_MONITORING,RV-06
ALT-202605-002346,APP-202605-040637,R0079,2026-05-16T20:19:01,DOCUMENT,RV-05
ALT-202605-002347,APP-202605-051635,R0129,2026-05-03T21:03:36,HIGH_VALUE,RV-03
ALT-202605-002348,APP-202605-026069,R0217,2026-05-06T10:37:02,IDENTITY,RV-05
ALT-202605-002349,APP-202605-008122,R0261,2026-05-23T16:59:49,TRANSACTION_MONITORING,RV-05
ALT-202605-002350,APP-202605-024312,R0313,2026-05-19T21:47:27,DOCUMENT,RV-01
ALT-202605-002351,APP-202605-034703,R0079,2026-05-03T19:21:45,HIGH_VALUE,RV-05
ALT-202605-002352,APP-202605-032257,R0076,2026-05-24T08:53:43,IDENTITY,RV-02
ALT-202605-002353,APP-202605-041910,R0076,2026-05-01T19:02:18,TRANSACTION_MONITORING,RV-04
ALT-202605-002354,APP-202605-069158,R0335,2026-05-13T20:55:27,DOCUMENT,RV-03
ALT-202605-002355,APP-202605-006053,R0335,2026-05-18T11:43:57,HIGH_VALUE,RV-01
ALT-202605-002356,APP-202605-065315,R0129,2026-05-02T18:18:35,IDENTITY,RV-06
ALT-202605-002357,APP-202605-063909,R0252,2026-05-04T07:47:43,TRANSACTION_MONITORING,RV-05
ALT-202605-002358,APP-202605-009824,R0147,2026-05-27T07:41:40,DOCUMENT,RV-03
ALT-202605-002359,APP-202605-016437,R0071,2026-05-07T06:25:26,HIGH_VALUE,RV-06
ALT-202605-002360,APP-202605-048675,R0081,2026-05-04T16:10:06,IDENTITY,RV-02
ALT-202605-002361,APP-202605-025030,R0129,2026-05-23T12:35:19,TRANSACTION_MONITORING,RV-04
ALT-202605-002362,APP-202605-009725,R0001,2026-05-14T13:10:02,DOCUMENT,RV-01
ALT-202605-002363,APP-202605-043491,R0079,2026-05-24T18:38:34,HIGH_VALUE,RV-02
ALT-202605-002364,APP-202605-052870,R0079,2026-05-18T19:30:26,IDENTITY,RV-05
ALT-202605-002365,APP-202605-074961,R0302,2026-05-26T16:10:19,TRANSACTION_MONITORING,RV-06
ALT-202605-002366,APP-202605-051651,R0129,2026-05-08T10:21:34,DOCUMENT,RV-01
ALT-202605-002367,APP-202605-028341,R0335,2026-05-20T21:27:32,HIGH_VALUE,RV-01
ALT-202605-002368,APP-202605-047805,R0217,2026-05-20T22:14:40,IDENTITY,RV-05
ALT-202605-002369,APP-202605-031629,R0081,2026-05-24T11:12:01,TRANSACTION_MONITORING,RV-04
ALT-202605-002370,APP-202605-038734,R0130,2026-05-19T10:41:07,DOCUMENT,RV-05
ALT-202605-002371,APP-202605-047471,R0261,2026-05-17T15:37:56,HIGH_VALUE,RV-03
ALT-202605-002372,APP-202605-022926,R0335,2026-05-03T17:37:42,IDENTITY,RV-05
ALT-202605-002373,APP-202605-024729,R0261,2026-05-16T12:49:13,TRANSACTION_MONITORING,RV-06
ALT-202605-002374,APP-202605-024345,R0130,2026-05-13T19:59:28,DOCUMENT,RV-04
ALT-202605-002375,APP-202605-053619,R0002,2026-05-13T21:22:34,HIGH_VALUE,RV-06
ALT-202605-002376,APP-202605-020660,R0109,2026-05-04T09:01:33,IDENTITY,RV-01
ALT-202605-002377,APP-202605-004876,R0335,2026-05-15T19:37:44,TRANSACTION_MONITORING,RV-03
ALT-202605-002378,APP-202605-042871,R0081,2026-05-14T12:53:39,DOCUMENT,RV-03
ALT-202605-002379,APP-202605-025364,R0247,2026-05-17T06:46:09,HIGH_VALUE,RV-06
ALT-202605-002380,APP-202605-016386,R0335,2026-05-05T16:38:59,IDENTITY,RV-06
ALT-202605-002381,APP-202605-033819,R0261,2026-05-18T21:51:51,TRANSACTION_MONITORING,RV-02
ALT-202605-002382,APP-202605-060498,R0129,2026-05-24T08:38:09,DOCUMENT,RV-04
ALT-202605-002383,APP-202605-048662,R0038,2026-05-08T17:07:18,HIGH_VALUE,RV-02
ALT-202605-002384,APP-202605-040328,R0129,2026-05-11T15:43:17,IDENTITY,RV-05
ALT-202605-002385,APP-202605-062831,R0302,2026-05-08T22:24:12,TRANSACTION_MONITORING,RV-02
ALT-202605-002386,APP-202605-041332,R0002,2026-05-08T14:34:28,DOCUMENT,RV-03
ALT-202605-002387,APP-202605-029230,R0158,2026-05-11T21:39:42,HIGH_VALUE,RV-01
ALT-202605-002388,APP-202605-060227,R0109,2026-05-22T13:49:13,IDENTITY,RV-03
ALT-202605-002389,APP-202605-016431,R0335,2026-05-07T08:59:23,TRANSACTION_MONITORING,RV-03
ALT-202605-002390,APP-202605-007580,R0129,2026-05-27T22:36:07,DOCUMENT,RV-02
ALT-202605-002391,APP-202605-044060,R0129,2026-05-23T12:09:09,HIGH_VALUE,RV-04
ALT-202605-002392,APP-202605-070924,R0322,2026-05-02T12:29:53,IDENTITY,RV-06
ALT-202605-002393,APP-202605-072690,R0261,2026-05-17T18:07:52,TRANSACTION_MONITORING,RV-03
ALT-202605-002394,APP-202605-032289,R0261,2026-05-09T19:10:33,DOCUMENT,RV-06
ALT-202605-002395,APP-202605-001853,R0130,2026-05-20T20:06:20,HIGH_VALUE,RV-01
ALT-202605-002396,APP-202605-074391,R0247,2026-05-29T14:45:46,IDENTITY,RV-04
ALT-202605-002397,APP-202605-031884,R0115,2026-05-28T15:24:19,TRANSACTION_MONITORING,RV-05
ALT-202605-002398,APP-202605-002102,R0247,2026-05-01T08:47:03,DOCUMENT,RV-03
ALT-202605-002399,APP-202605-067584,R0158,2026-05-20T10:29:17,HIGH_VALUE,RV-03
ALT-202605-002400,APP-202605-037518,R0315,2026-05-11T13:14:54,IDENTITY,RV-04
ALT-202605-002401,APP-202605-047023,R0064,2026-05-10T12:21:01,TRANSACTION_MONITORING,RV-04
ALT-202605-002402,APP-202605-008210,R0322,2026-05-20T14:04:54,DOCUMENT,RV-05
ALT-202605-002403,APP-202605-020723,R0076,2026-05-12T18:20:40,HIGH_VALUE,RV-03
ALT-202605-002404,APP-202605-044311,R0261,2026-05-10T18:28:40,IDENTITY,RV-03
ALT-202605-002405,APP-202605-027367,R0252,2026-05-25T12:36:50,TRANSACTION_MONITORING,RV-05
ALT-202605-002406,APP-202605-023117,R0261,2026-05-30T19:14:56,DOCUMENT,RV-01
ALT-202605-002407,APP-202605-020594,R0322,2026-05-28T22:50:41,HIGH_VALUE,RV-04
ALT-202605-002408,APP-202605-021085,R0261,2026-05-11T11:41:15,IDENTITY,RV-03
ALT-202605-002409,APP-202605-043763,R0115,2026-05-08T22:53:11,TRANSACTION_MONITORING,RV-02
ALT-202605-002410,APP-202605-038310,R0071,2026-05-16T19:09:55,DOCUMENT,RV-05
ALT-202605-002411,APP-202605-063434,R0261,2026-05-16T08:30:46,HIGH_VALUE,RV-01
ALT-202605-002412,APP-202605-057824,R0036,2026-05-01T18:14:59,IDENTITY,RV-03
ALT-202605-002413,APP-202605-038935,R0071,2026-05-11T07:27:10,TRANSACTION_MONITORING,RV-02
ALT-202605-002414,APP-202605-066693,R0313,2026-05-30T13:32:14,DOCUMENT,RV-03
ALT-202605-002415,APP-202605-041296,R0335,2026-05-07T14:24:22,HIGH_VALUE,RV-05
ALT-202605-002416,APP-202605-030897,R0261,2026-05-30T13:21:40,IDENTITY,RV-06
ALT-202605-002417,APP-202605-021632,R0064,2026-05-09T07:01:07,TRANSACTION_MONITORING,RV-06
ALT-202605-002418,APP-202605-069301,R0081,2026-05-04T22:54:07,DOCUMENT,RV-04
ALT-202605-002419,APP-202605-003449,R0076,2026-05-12T12:17:03,HIGH_VALUE,RV-05
ALT-202605-002420,APP-202605-045458,R0335,2026-05-26T09:51:22,IDENTITY,RV-03
ALT-202605-002421,APP-202605-056542,R0064,2026-05-29T08:29:35,TRANSACTION_MONITORING,RV-04
ALT-202605-002422,APP-202605-064288,R0130,2026-05-14T19:23:19,DOCUMENT,RV-05
ALT-202605-002423,APP-202605-008370,R0322,2026-05-28T20:33:40,HIGH_VALUE,RV-05
ALT-202605-002424,APP-202605-035675,R0064,2026-05-10T15:17:14,IDENTITY,RV-06
ALT-202605-002425,APP-202605-022848,R0217,2026-05-30T21:56:34,TRANSACTION_MONITORING,RV-01
ALT-202605-002426,APP-202605-042912,R0064,2026-05-29T19:59:16,DOCUMENT,RV-01
ALT-202605-002427,APP-202605-064185,R0079,2026-05-15T08:39:39,HIGH_VALUE,RV-05
ALT-202605-002428,APP-202605-038349,R0081,2026-05-15T22:20:37,IDENTITY,RV-01
ALT-202605-002429,APP-202605-031004,R0247,2026-05-04T17:01:05,TRANSACTION_MONITORING,RV-02
ALT-202605-002430,APP-202605-074033,R0079,2026-05-18T11:47:35,DOCUMENT,RV-02
ALT-202605-002431,APP-202605-060435,R0071,2026-05-14T12:13:26,HIGH_VALUE,RV-02
ALT-202605-002432,APP-202605-007758,R0071,2026-05-09T12:08:55,IDENTITY,RV-01
ALT-202605-002433,APP-202605-068282,R0335,2026-05-05T09:44:44,TRANSACTION_MONITORING,RV-04
ALT-202605-002434,APP-202605-026273,R0002,2026-05-17T17:11:50,DOCUMENT,RV-06
ALT-202605-002435,APP-202605-028073,R0335,2026-05-11T06:21:07,HIGH_VALUE,RV-06
ALT-202605-002436,APP-202605-043789,R0079,2026-05-24T11:59:35,IDENTITY,RV-02
ALT-202605-002437,APP-202605-046968,R0217,2026-05-31T08:49:39,TRANSACTION_MONITORING,RV-06
ALT-202605-002438,APP-202605-012368,R0273,2026-05-08T21:25:39,DOCUMENT,RV-06
ALT-202605-002439,APP-202605-023015,R0071,2026-05-22T08:30:57,HIGH_VALUE,RV-03
ALT-202605-002440,APP-202605-000737,R0252,2026-05-25T14:05:50,IDENTITY,RV-04
ALT-202605-002441,APP-202605-006817,R0142,2026-05-22T22:11:39,TRANSACTION_MONITORING,RV-04
ALT-202605-002442,APP-202605-014096,R0129,2026-05-21T12:58:55,DOCUMENT,RV-05
ALT-202605-002443,APP-202605-040627,R0129,2026-05-20T21:08:15,HIGH_VALUE,RV-05
ALT-202605-002444,APP-202605-040483,R0002,2026-05-02T06:58:29,IDENTITY,RV-05
ALT-202605-002445,APP-202605-011879,R0130,2026-05-21T10:56:42,TRANSACTION_MONITORING,RV-05
ALT-202605-002446,APP-202605-008806,R0247,2026-05-22T18:47:01,DOCUMENT,RV-01
ALT-202605-002447,APP-202605-054543,R0064,2026-05-09T19:34:09,HIGH_VALUE,RV-04
ALT-202605-002448,APP-202605-019387,R0002,2026-05-28T15:56:15,IDENTITY,RV-02
ALT-202605-002449,APP-202605-034712,R0250,2026-05-14T16:41:55,TRANSACTION_MONITORING,RV-05
ALT-202605-002450,APP-202605-041063,R0158,2026-05-21T17:05:58,DOCUMENT,RV-03
ALT-202605-002451,APP-202605-029309,R0079,2026-05-11T10:26:25,HIGH_VALUE,RV-02
ALT-202605-002452,APP-202605-059903,R0261,2026-05-28T13:18:39,IDENTITY,RV-02
ALT-202605-002453,APP-202605-073056,R0313,2026-05-16T20:14:53,TRANSACTION_MONITORING,RV-02
ALT-202605-002454,APP-202605-018498,R0142,2026-05-25T22:37:31,DOCUMENT,RV-04
ALT-202605-002455,APP-202605-002753,R0261,2026-05-25T18:12:21,HIGH_VALUE,RV-04
ALT-202605-002456,APP-202605-001686,R0261,2026-05-13T22:35:20,IDENTITY,RV-01
ALT-202605-002457,APP-202605-030172,R0313,2026-05-10T09:58:28,TRANSACTION_MONITORING,RV-03
ALT-202605-002458,APP-202605-019124,R0115,2026-05-13T20:42:20,DOCUMENT,RV-05
ALT-202605-002459,APP-202605-010618,R0335,2026-05-04T14:47:34,HIGH_VALUE,RV-02
ALT-202605-002460,APP-202605-048163,R0002,2026-05-21T06:45:34,IDENTITY,RV-05
ALT-202605-002461,APP-202605-050796,R0142,2026-05-31T19:54:12,TRANSACTION_MONITORING,RV-01
ALT-202605-002462,APP-202605-068123,R0109,2026-05-21T11:55:32,DOCUMENT,RV-06
ALT-202605-002463,APP-202605-035164,R0335,2026-05-09T13:07:07,HIGH_VALUE,RV-06
ALT-202605-002464,APP-202605-010236,R0115,2026-05-24T13:32:46,IDENTITY,RV-04
ALT-202605-002465,APP-202605-034980,R0158,2026-05-26T08:37:58,TRANSACTION_MONITORING,RV-05
ALT-202605-002466,APP-202605-048989,R0129,2026-05-01T06:14:17,DOCUMENT,RV-03
ALT-202605-002467,APP-202605-010501,R0335,2026-05-22T14:42:12,HIGH_VALUE,RV-01
ALT-202605-002468,APP-202605-040346,R0109,2026-05-15T18:12:34,IDENTITY,RV-03
ALT-202605-002469,APP-202605-066309,R0217,2026-05-20T17:07:55,TRANSACTION_MONITORING,RV-02
ALT-202605-002470,APP-202605-020796,R0002,2026-05-25T20:23:52,DOCUMENT,RV-06
ALT-202605-002471,APP-202605-061433,R0322,2026-05-08T20:37:34,HIGH_VALUE,RV-02
ALT-202605-002472,APP-202605-005612,R0130,2026-05-26T06:07:33,IDENTITY,RV-02
ALT-202605-002473,APP-202605-019680,R0129,2026-05-14T06:17:19,TRANSACTION_MONITORING,RV-02
ALT-202605-002474,APP-202605-072344,R0261,2026-05-18T18:06:32,DOCUMENT,RV-02
ALT-202605-002475,APP-202605-043052,R0302,2026-05-26T20:05:18,HIGH_VALUE,RV-06
ALT-202605-002476,APP-202605-026724,R0130,2026-05-26T19:58:24,IDENTITY,RV-05
ALT-202605-002477,APP-202605-063000,R0250,2026-05-18T08:06:08,TRANSACTION_MONITORING,RV-05
ALT-202605-002478,APP-202605-008138,R0129,2026-05-29T11:51:24,DOCUMENT,RV-04
ALT-202605-002479,APP-202605-051796,R0261,2026-05-11T08:39:01,HIGH_VALUE,RV-06
ALT-202605-002480,APP-202605-024846,R0261,2026-05-13T07:14:08,IDENTITY,RV-01
ALT-202605-002481,APP-202605-073766,R0079,2026-05-29T08:02:04,TRANSACTION_MONITORING,RV-01
ALT-202605-002482,APP-202605-015973,R0250,2026-05-26T10:39:33,DOCUMENT,RV-03
ALT-202605-002483,APP-202605-034330,R0261,2026-05-02T16:32:48,HIGH_VALUE,RV-04
ALT-202605-002484,APP-202605-067257,R0273,2026-05-14T13:54:30,IDENTITY,RV-01
ALT-202605-002485,APP-202605-059305,R0129,2026-05-15T17:55:06,TRANSACTION_MONITORING,RV-06
ALT-202605-002486,APP-202605-030199,R0217,2026-05-24T06:31:17,DOCUMENT,RV-04
ALT-202605-002487,APP-202605-017510,R0081,2026-05-12T14:47:14,HIGH_VALUE,RV-05
ALT-202605-002488,APP-202605-014269,R0247,2026-05-07T18:30:54,IDENTITY,RV-02
ALT-202605-002489,APP-202605-010041,R0002,2026-05-07T14:21:05,TRANSACTION_MONITORING,RV-04
ALT-202605-002490,APP-202605-009190,R0129,2026-05-31T15:25:44,DOCUMENT,RV-01
ALT-202605-002491,APP-202605-000398,R0261,2026-05-21T14:14:34,HIGH_VALUE,RV-01
ALT-202605-002492,APP-202605-046116,R0109,2026-05-16T08:40:30,IDENTITY,RV-02
ALT-202605-002493,APP-202605-010666,R0081,2026-05-20T07:26:50,TRANSACTION_MONITORING,RV-03
ALT-202605-002494,APP-202605-061199,R0302,2026-05-15T19:13:03,DOCUMENT,RV-04
ALT-202605-002495,APP-202605-064285,R0071,2026-05-07T21:48:37,HIGH_VALUE,RV-02
ALT-202605-002496,APP-202605-067265,R0129,2026-05-28T08:26:42,IDENTITY,RV-02
ALT-202605-002497,APP-202605-003231,R0261,2026-05-07T21:01:21,TRANSACTION_MONITORING,RV-05
ALT-202605-002498,APP-202605-019754,R0071,2026-05-08T19:18:49,DOCUMENT,RV-02
ALT-202605-002499,APP-202605-006259,R0129,2026-05-11T21:18:47,HIGH_VALUE,RV-06
ALT-202605-002500,APP-202605-019993,R0322,2026-05-16T12:21:55,IDENTITY,RV-03
ALT-202605-002501,APP-202605-064162,R0129,2026-05-26T16:32:30,TRANSACTION_MONITORING,RV-04
ALT-202605-002502,APP-202605-035466,R0129,2026-05-11T06:47:27,DOCUMENT,RV-05
ALT-202605-002503,APP-202605-010121,R0335,2026-05-28T10:09:10,HIGH_VALUE,RV-01
ALT-202605-002504,APP-202605-015608,R0129,2026-05-18T13:42:49,IDENTITY,RV-05
ALT-202605-002505,APP-202605-037126,R0261,2026-05-24T10:13:19,TRANSACTION_MONITORING,RV-05
ALT-202605-002506,APP-202605-011748,R0252,2026-05-02T20:49:13,DOCUMENT,RV-03
ALT-202605-002507,APP-202605-048959,R0129,2026-05-26T07:17:51,HIGH_VALUE,RV-06
ALT-202605-002508,APP-202605-053856,R0322,2026-05-01T19:50:24,IDENTITY,RV-04
ALT-202605-002509,APP-202605-049537,R0109,2026-05-14T12:42:34,TRANSACTION_MONITORING,RV-05
ALT-202605-002510,APP-202605-015674,R0281,2026-05-30T07:00:56,DOCUMENT,RV-03
ALT-202605-002511,APP-202605-029291,R0070,2026-05-19T22:01:41,HIGH_VALUE,RV-01
ALT-202605-002512,APP-202605-060566,R0261,2026-05-16T12:45:03,IDENTITY,RV-04
ALT-202605-002513,APP-202605-000123,R0064,2026-05-10T14:12:47,TRANSACTION_MONITORING,RV-01
ALT-202605-002514,APP-202605-029640,R0129,2026-05-10T22:30:17,DOCUMENT,RV-06
ALT-202605-002515,APP-202605-053172,R0109,2026-05-08T17:52:58,HIGH_VALUE,RV-06
ALT-202605-002516,APP-202605-070540,R0322,2026-05-19T11:15:44,IDENTITY,RV-06
ALT-202605-002517,APP-202605-073559,R0142,2026-05-29T12:47:22,TRANSACTION_MONITORING,RV-05
ALT-202605-002518,APP-202605-048701,R0045,2026-05-14T19:34:17,DOCUMENT,RV-05
ALT-202605-002519,APP-202605-047406,R0335,2026-05-06T11:31:42,HIGH_VALUE,RV-01
ALT-202605-002520,APP-202605-043060,R0261,2026-05-22T08:59:24,IDENTITY,RV-02
ALT-202605-002521,APP-202605-006909,R0261,2026-05-09T20:59:16,TRANSACTION_MONITORING,RV-06
ALT-202605-002522,APP-202605-039440,R0115,2026-05-24T16:58:44,DOCUMENT,RV-06
ALT-202605-002523,APP-202605-038730,R0261,2026-05-05T10:13:20,HIGH_VALUE,RV-04
ALT-202605-002524,APP-202605-013292,R0335,2026-05-10T18:11:12,IDENTITY,RV-02
ALT-202605-002525,APP-202605-042455,R0261,2026-05-05T14:02:29,TRANSACTION_MONITORING,RV-03
ALT-202605-002526,APP-202605-074151,R0079,2026-05-08T17:50:21,DOCUMENT,RV-04
ALT-202605-002527,APP-202605-046828,R0129,2026-05-25T16:54:02,HIGH_VALUE,RV-01
ALT-202605-002528,APP-202605-073073,R0129,2026-05-03T21:33:58,IDENTITY,RV-05
ALT-202605-002529,APP-202605-019347,R0129,2026-05-07T15:01:54,TRANSACTION_MONITORING,RV-04
ALT-202605-002530,APP-202605-011216,R0129,2026-05-25T15:35:15,DOCUMENT,RV-04
ALT-202605-002531,APP-202605-012942,R0247,2026-05-04T07:44:13,HIGH_VALUE,RV-01
ALT-202605-002532,APP-202605-046023,R0129,2026-05-16T08:44:31,IDENTITY,RV-01
ALT-202605-002533,APP-202605-038000,R0217,2026-05-25T07:23:05,TRANSACTION_MONITORING,RV-02
ALT-202605-002534,APP-202605-010424,R0079,2026-05-02T18:05:02,DOCUMENT,RV-03
ALT-202605-002535,APP-202605-030666,R0247,2026-05-14T10:17:22,HIGH_VALUE,RV-05
ALT-202605-002536,APP-202605-051446,R0109,2026-05-30T11:18:43,IDENTITY,RV-03
ALT-202605-002537,APP-202605-039586,R0081,2026-05-06T17:59:00,TRANSACTION_MONITORING,RV-03
ALT-202605-002538,APP-202605-047818,R0129,2026-05-07T06:45:49,DOCUMENT,RV-01
ALT-202605-002539,APP-202605-020842,R0001,2026-05-25T19:53:01,HIGH_VALUE,RV-02
ALT-202605-002540,APP-202605-027175,R0142,2026-05-03T11:22:14,IDENTITY,RV-02
ALT-202605-002541,APP-202605-031691,R0129,2026-05-16T09:08:44,TRANSACTION_MONITORING,RV-01
ALT-202605-002542,APP-202605-046104,R0130,2026-05-23T12:10:16,DOCUMENT,RV-01
ALT-202605-002543,APP-202605-024917,R0002,2026-05-31T20:32:49,HIGH_VALUE,RV-05
ALT-202605-002544,APP-202605-039156,R0045,2026-05-16T10:38:11,IDENTITY,RV-01
ALT-202605-002545,APP-202605-062380,R0217,2026-05-10T11:42:41,TRANSACTION_MONITORING,RV-01
ALT-202605-002546,APP-202605-029793,R0129,2026-05-18T09:22:21,DOCUMENT,RV-05
ALT-202605-002547,APP-202605-020698,R0322,2026-05-02T08:34:23,HIGH_VALUE,RV-05
ALT-202605-002548,APP-202605-017364,R0313,2026-05-07T13:30:43,IDENTITY,RV-06
ALT-202605-002549,APP-202605-061395,R0335,2026-05-18T18:16:02,TRANSACTION_MONITORING,RV-02
ALT-202605-002550,APP-202605-073240,R0261,2026-05-19T19:52:03,DOCUMENT,RV-03
ALT-202605-002551,APP-202605-021733,R0071,2026-05-31T16:26:32,HIGH_VALUE,RV-04
ALT-202605-002552,APP-202605-046573,R0281,2026-05-21T19:03:26,IDENTITY,RV-06
ALT-202605-002553,APP-202605-030580,R0252,2026-05-02T09:16:03,TRANSACTION_MONITORING,RV-01
ALT-202605-002554,APP-202605-055759,R0081,2026-05-10T07:54:02,DOCUMENT,RV-05
ALT-202605-002555,APP-202605-046369,R0129,2026-05-21T15:06:07,HIGH_VALUE,RV-03
ALT-202605-002556,APP-202605-013789,R0261,2026-05-05T19:42:25,IDENTITY,RV-04
ALT-202605-002557,APP-202605-063735,R0322,2026-05-04T11:23:21,TRANSACTION_MONITORING,RV-06
ALT-202605-002558,APP-202605-061754,R0261,2026-05-20T08:53:14,DOCUMENT,RV-01
ALT-202605-002559,APP-202605-068899,R0002,2026-05-03T17:09:49,HIGH_VALUE,RV-06
ALT-202605-002560,APP-202605-001107,R0002,2026-05-24T08:19:31,IDENTITY,RV-01
ALT-202605-002561,APP-202605-009058,R0261,2026-05-09T17:46:22,TRANSACTION_MONITORING,RV-02
ALT-202605-002562,APP-202605-058380,R0261,2026-05-31T14:47:55,DOCUMENT,RV-04
ALT-202605-002563,APP-202605-046436,R0158,2026-05-29T14:44:49,HIGH_VALUE,RV-05
ALT-202605-002564,APP-202605-007071,R0002,2026-05-23T18:29:29,IDENTITY,RV-02
ALT-202605-002565,APP-202605-041876,R0081,2026-05-09T14:06:01,TRANSACTION_MONITORING,RV-02
ALT-202605-002566,APP-202605-063134,R0115,2026-05-04T11:29:29,DOCUMENT,RV-05
ALT-202605-002567,APP-202605-041642,R0079,2026-05-18T10:57:51,HIGH_VALUE,RV-01
ALT-202605-002568,APP-202605-060695,R0071,2026-05-08T17:07:53,IDENTITY,RV-05
ALT-202605-002569,APP-202605-037175,R0142,2026-05-26T10:16:20,TRANSACTION_MONITORING,RV-06
ALT-202605-002570,APP-202605-042862,R0079,2026-05-05T15:34:14,DOCUMENT,RV-02
ALT-202605-002571,APP-202605-037403,R0217,2026-05-28T20:51:35,HIGH_VALUE,RV-06
ALT-202605-002572,APP-202605-056890,R0079,2026-05-09T20:34:36,IDENTITY,RV-01
ALT-202605-002573,APP-202605-051968,R0250,2026-05-01T22:35:59,TRANSACTION_MONITORING,RV-01
ALT-202605-002574,APP-202605-047724,R0002,2026-05-05T09:06:22,DOCUMENT,RV-03
ALT-202605-002575,APP-202605-060331,R0129,2026-05-13T22:11:27,HIGH_VALUE,RV-04
ALT-202605-002576,APP-202605-058529,R0129,2026-05-26T18:16:41,IDENTITY,RV-01
ALT-202605-002577,APP-202605-067900,R0252,2026-05-04T16:54:27,TRANSACTION_MONITORING,RV-02
ALT-202605-002578,APP-202605-067460,R0261,2026-05-27T07:51:57,DOCUMENT,RV-02
ALT-202605-002579,APP-202605-018001,R0129,2026-05-06T21:57:55,HIGH_VALUE,RV-05
ALT-202605-002580,APP-202605-011018,R0335,2026-05-26T12:49:30,IDENTITY,RV-03
ALT-202605-002581,APP-202605-074176,R0064,2026-05-05T21:12:54,TRANSACTION_MONITORING,RV-02
ALT-202605-002582,APP-202605-063193,R0064,2026-05-27T09:53:50,DOCUMENT,RV-05
ALT-202605-002583,APP-202605-057239,R0322,2026-05-24T10:07:27,HIGH_VALUE,RV-06
ALT-202605-002584,APP-202605-064619,R0081,2026-05-17T13:26:22,IDENTITY,RV-04
ALT-202605-002585,APP-202605-016295,R0045,2026-05-25T07:39:18,TRANSACTION_MONITORING,RV-05
ALT-202605-002586,APP-202605-041504,R0322,2026-05-05T18:35:19,DOCUMENT,RV-06
ALT-202605-002587,APP-202605-028990,R0281,2026-05-21T07:43:24,HIGH_VALUE,RV-04
ALT-202605-002588,APP-202605-030427,R0129,2026-05-02T12:06:41,IDENTITY,RV-04
ALT-202605-002589,APP-202605-024974,R0081,2026-05-01T18:08:08,TRANSACTION_MONITORING,RV-03
ALT-202605-002590,APP-202605-052082,R0217,2026-05-26T22:32:23,DOCUMENT,RV-06
ALT-202605-002591,APP-202605-027408,R0335,2026-05-26T09:32:57,HIGH_VALUE,RV-06
ALT-202605-002592,APP-202605-002679,R0079,2026-05-31T21:16:11,IDENTITY,RV-03
ALT-202605-002593,APP-202605-034775,R0335,2026-05-02T16:58:23,TRANSACTION_MONITORING,RV-06
ALT-202605-002594,APP-202605-066793,R0273,2026-05-08T22:17:26,DOCUMENT,RV-01
ALT-202605-002595,APP-202605-018301,R0261,2026-05-26T20:10:56,HIGH_VALUE,RV-02
ALT-202605-002596,APP-202605-036352,R0129,2026-05-01T18:13:03,IDENTITY,RV-04
ALT-202605-002597,APP-202605-063543,R0109,2026-05-30T21:07:29,TRANSACTION_MONITORING,RV-04
ALT-202605-002598,APP-202605-016897,R0315,2026-05-30T18:26:37,DOCUMENT,RV-05
ALT-202605-002599,APP-202605-056837,R0045,2026-05-07T10:25:39,HIGH_VALUE,RV-02
ALT-202605-002600,APP-202605-059846,R0129,2026-05-16T19:09:46,IDENTITY,RV-03
ALT-202605-002601,APP-202605-021338,R0261,2026-05-10T14:32:29,TRANSACTION_MONITORING,RV-03
ALT-202605-002602,APP-202605-007777,R0002,2026-05-15T15:17:47,DOCUMENT,RV-03
ALT-202605-002603,APP-202605-001674,R0129,2026-05-26T14:14:22,HIGH_VALUE,RV-04
ALT-202605-002604,APP-202605-003188,R0079,2026-05-06T22:55:00,IDENTITY,RV-03
ALT-202605-002605,APP-202605-049217,R0322,2026-05-21T08:12:08,TRANSACTION_MONITORING,RV-06
ALT-202605-002606,APP-202605-036791,R0322,2026-05-18T09:32:56,DOCUMENT,RV-02
ALT-202605-002607,APP-202605-010829,R0281,2026-05-06T07:57:28,HIGH_VALUE,RV-05
ALT-202605-002608,APP-202605-058604,R0322,2026-05-11T18:08:34,IDENTITY,RV-05
ALT-202605-002609,APP-202605-022599,R0002,2026-05-31T08:57:33,TRANSACTION_MONITORING,RV-04
ALT-202605-002610,APP-202605-037021,R0079,2026-05-12T11:40:35,DOCUMENT,RV-04
ALT-202605-002611,APP-202605-023824,R0038,2026-05-28T20:10:10,HIGH_VALUE,RV-02
ALT-202605-002612,APP-202605-002006,R0281,2026-05-11T14:12:19,IDENTITY,RV-05
ALT-202605-002613,APP-202605-059528,R0129,2026-05-28T12:01:46,TRANSACTION_MONITORING,RV-04
ALT-202605-002614,APP-202605-035127,R0335,2026-05-28T13:31:01,DOCUMENT,RV-02
ALT-202605-002615,APP-202605-059136,R0261,2026-05-07T14:18:20,HIGH_VALUE,RV-01
ALT-202605-002616,APP-202605-014514,R0096,2026-05-30T12:02:56,IDENTITY,RV-02
ALT-202605-002617,APP-202605-041930,R0322,2026-05-15T11:34:06,TRANSACTION_MONITORING,RV-02
ALT-202605-002618,APP-202605-019790,R0247,2026-05-08T19:30:14,DOCUMENT,RV-06
ALT-202605-002619,APP-202605-021665,R0313,2026-05-23T09:26:58,HIGH_VALUE,RV-03
ALT-202605-002620,APP-202605-012292,R0071,2026-05-30T18:02:41,IDENTITY,RV-03
ALT-202605-002621,APP-202605-023455,R0261,2026-05-29T21:04:58,TRANSACTION_MONITORING,RV-06
ALT-202605-002622,APP-202605-056686,R0247,2026-05-21T21:18:12,DOCUMENT,RV-01
ALT-202605-002623,APP-202605-071338,R0313,2026-05-09T21:22:24,HIGH_VALUE,RV-03
ALT-202605-002624,APP-202605-033830,R0158,2026-05-09T17:06:19,IDENTITY,RV-02
ALT-202605-002625,APP-202605-030718,R0261,2026-05-23T12:28:46,TRANSACTION_MONITORING,RV-02
ALT-202605-002626,APP-202605-041643,R0079,2026-05-30T07:33:54,DOCUMENT,RV-05
ALT-202605-002627,APP-202605-050061,R0076,2026-05-21T14:31:34,HIGH_VALUE,RV-01
ALT-202605-002628,APP-202605-046066,R0261,2026-05-28T16:16:32,IDENTITY,RV-02
ALT-202605-002629,APP-202605-015792,R0001,2026-05-09T07:39:01,TRANSACTION_MONITORING,RV-03
ALT-202605-002630,APP-202605-006705,R0158,2026-05-26T19:52:08,DOCUMENT,RV-05
ALT-202605-002631,APP-202605-039144,R0261,2026-05-28T10:53:24,HIGH_VALUE,RV-02
ALT-202605-002632,APP-202605-023743,R0313,2026-05-13T11:53:37,IDENTITY,RV-03
ALT-202605-002633,APP-202605-049336,R0002,2026-05-27T17:41:44,TRANSACTION_MONITORING,RV-03
ALT-202605-002634,APP-202605-034913,R0109,2026-05-24T14:37:50,DOCUMENT,RV-02
ALT-202605-002635,APP-202605-037702,R0273,2026-05-30T17:48:39,HIGH_VALUE,RV-05
ALT-202605-002636,APP-202605-038145,R0002,2026-05-07T19:41:21,IDENTITY,RV-03
ALT-202605-002637,APP-202605-010542,R0129,2026-05-02T11:10:52,TRANSACTION_MONITORING,RV-05
ALT-202605-002638,APP-202605-030026,R0081,2026-05-20T16:16:56,DOCUMENT,RV-01
ALT-202605-002639,APP-202605-058280,R0313,2026-05-31T06:48:32,HIGH_VALUE,RV-03
ALT-202605-002640,APP-202605-005901,R0001,2026-05-03T21:17:11,IDENTITY,RV-05
ALT-202605-002641,APP-202605-056478,R0261,2026-05-12T10:59:52,TRANSACTION_MONITORING,RV-03
ALT-202605-002642,APP-202605-011416,R0335,2026-05-08T21:10:14,DOCUMENT,RV-02
ALT-202605-002643,APP-202605-011292,R0130,2026-05-08T10:35:10,HIGH_VALUE,RV-04
ALT-202605-002644,APP-202605-041115,R0079,2026-05-02T20:33:40,IDENTITY,RV-01
ALT-202605-002645,APP-202605-000488,R0261,2026-05-22T15:39:38,TRANSACTION_MONITORING,RV-01
ALT-202605-002646,APP-202605-037475,R0250,2026-05-29T17:54:18,DOCUMENT,RV-01
ALT-202605-002647,APP-202605-003723,R0076,2026-05-23T18:56:07,HIGH_VALUE,RV-03
ALT-202605-002648,APP-202605-006346,R0261,2026-05-14T18:50:03,IDENTITY,RV-03
ALT-202605-002649,APP-202605-049998,R0252,2026-05-15T06:34:06,TRANSACTION_MONITORING,RV-04
ALT-202605-002650,APP-202605-041837,R0129,2026-05-28T18:54:56,DOCUMENT,RV-06
ALT-202605-002651,APP-202605-024956,R0002,2026-05-11T19:45:53,HIGH_VALUE,RV-06
ALT-202605-002652,APP-202605-025744,R0335,2026-05-11T22:43:27,IDENTITY,RV-01
ALT-202605-002653,APP-202605-004203,R0002,2026-05-27T21:55:14,TRANSACTION_MONITORING,RV-05
ALT-202605-002654,APP-202605-061266,R0217,2026-05-31T22:05:34,DOCUMENT,RV-03
ALT-202605-002655,APP-202605-001792,R0261,2026-05-17T22:47:45,HIGH_VALUE,RV-04
ALT-202605-002656,APP-202605-043181,R0261,2026-05-03T17:32:06,IDENTITY,RV-01
ALT-202605-002657,APP-202605-069378,R0079,2026-05-04T06:11:47,TRANSACTION_MONITORING,RV-06
ALT-202605-002658,APP-202605-021466,R0079,2026-05-12T15:51:21,DOCUMENT,RV-03
ALT-202605-002659,APP-202605-073488,R0252,2026-05-03T18:34:53,HIGH_VALUE,RV-01
ALT-202605-002660,APP-202605-055692,R0261,2026-05-19T16:22:44,IDENTITY,RV-05
ALT-202605-002661,APP-202605-069898,R0129,2026-05-04T07:09:33,TRANSACTION_MONITORING,RV-05
ALT-202605-002662,APP-202605-030005,R0129,2026-05-19T20:28:17,DOCUMENT,RV-02
ALT-202605-002663,APP-202605-069126,R0281,2026-05-26T18:19:10,HIGH_VALUE,RV-04
ALT-202605-002664,APP-202605-044270,R0335,2026-05-20T17:02:02,IDENTITY,RV-02
ALT-202605-002665,APP-202605-023216,R0261,2026-05-21T08:18:27,TRANSACTION_MONITORING,RV-01
ALT-202605-002666,APP-202605-002448,R0335,2026-05-30T20:08:52,DOCUMENT,RV-05
ALT-202605-002667,APP-202605-053602,R0109,2026-05-17T16:29:06,HIGH_VALUE,RV-04
ALT-202605-002668,APP-202605-052658,R0071,2026-05-12T20:23:43,IDENTITY,RV-03
ALT-202605-002669,APP-202605-059058,R0079,2026-05-07T15:08:12,TRANSACTION_MONITORING,RV-01
ALT-202605-002670,APP-202605-068926,R0129,2026-05-06T16:56:51,DOCUMENT,RV-04
ALT-202605-002671,APP-202605-036321,R0129,2026-05-10T10:14:57,HIGH_VALUE,RV-01
ALT-202605-002672,APP-202605-062399,R0322,2026-05-21T13:05:45,IDENTITY,RV-01
ALT-202605-002673,APP-202605-074266,R0002,2026-05-15T19:10:13,TRANSACTION_MONITORING,RV-04
ALT-202605-002674,APP-202605-001603,R0129,2026-05-02T08:33:08,DOCUMENT,RV-01
ALT-202605-002675,APP-202605-002154,R0252,2026-05-18T13:51:47,HIGH_VALUE,RV-04
ALT-202605-002676,APP-202605-038774,R0070,2026-05-13T13:04:51,IDENTITY,RV-06
ALT-202605-002677,APP-202605-006300,R0076,2026-05-25T19:54:30,TRANSACTION_MONITORING,RV-01
ALT-202605-002678,APP-202605-035070,R0129,2026-05-18T19:10:11,DOCUMENT,RV-02
ALT-202605-002679,APP-202605-002159,R0261,2026-05-25T15:55:56,HIGH_VALUE,RV-03
ALT-202605-002680,APP-202605-041972,R0322,2026-05-31T09:52:54,IDENTITY,RV-01
ALT-202605-002681,APP-202605-024927,R0109,2026-05-16T10:23:50,TRANSACTION_MONITORING,RV-04
ALT-202605-002682,APP-202605-054528,R0002,2026-05-16T17:14:43,DOCUMENT,RV-05
ALT-202605-002683,APP-202605-009101,R0261,2026-05-18T16:34:30,HIGH_VALUE,RV-02
ALT-202605-002684,APP-202605-054377,R0076,2026-05-23T15:27:25,IDENTITY,RV-06
ALT-202605-002685,APP-202605-037743,R0081,2026-05-20T08:09:03,TRANSACTION_MONITORING,RV-02
ALT-202605-002686,APP-202605-043297,R0071,2026-05-08T13:37:34,DOCUMENT,RV-03
ALT-202605-002687,APP-202605-042704,R0273,2026-05-17T20:50:31,HIGH_VALUE,RV-02
ALT-202605-002688,APP-202605-005524,R0129,2026-05-04T22:04:01,IDENTITY,RV-05
ALT-202605-002689,APP-202605-050620,R0079,2026-05-18T16:20:55,TRANSACTION_MONITORING,RV-04
ALT-202605-002690,APP-202605-020288,R0250,2026-05-23T13:07:58,DOCUMENT,RV-01
ALT-202605-002691,APP-202605-056232,R0315,2026-05-15T19:33:35,HIGH_VALUE,RV-03
ALT-202605-002692,APP-202605-060999,R0081,2026-05-24T17:44:30,IDENTITY,RV-06
ALT-202605-002693,APP-202605-046312,R0079,2026-05-26T17:31:17,TRANSACTION_MONITORING,RV-06
ALT-202605-002694,APP-202605-063386,R0302,2026-05-10T19:35:00,DOCUMENT,RV-03
ALT-202605-002695,APP-202605-060099,R0129,2026-05-20T21:49:21,HIGH_VALUE,RV-03
ALT-202605-002696,APP-202605-036976,R0109,2026-05-12T19:00:47,IDENTITY,RV-03
ALT-202605-002697,APP-202605-008374,R0079,2026-05-05T16:05:53,TRANSACTION_MONITORING,RV-04
ALT-202605-002698,APP-202605-015450,R0081,2026-05-07T12:24:43,DOCUMENT,RV-02
ALT-202605-002699,APP-202605-016083,R0129,2026-05-28T17:41:49,HIGH_VALUE,RV-03
ALT-202605-002700,APP-202605-063689,R0129,2026-05-30T06:00:54,IDENTITY,RV-02
ALT-202605-002701,APP-202605-013556,R0129,2026-05-19T19:15:11,TRANSACTION_MONITORING,RV-06
ALT-202605-002702,APP-202605-015418,R0001,2026-05-05T06:51:27,DOCUMENT,RV-03
ALT-202605-002703,APP-202605-025184,R0129,2026-05-31T21:58:04,HIGH_VALUE,RV-02
ALT-202605-002704,APP-202605-051017,R0130,2026-05-03T18:41:40,IDENTITY,RV-06
ALT-202605-002705,APP-202605-028069,R0315,2026-05-19T11:59:01,TRANSACTION_MONITORING,RV-01
ALT-202605-002706,APP-202605-000077,R0109,2026-05-06T21:42:55,DOCUMENT,RV-05
ALT-202605-002707,APP-202605-031565,R0071,2026-05-06T13:46:15,HIGH_VALUE,RV-03
ALT-202605-002708,APP-202605-018681,R0071,2026-05-21T06:05:16,IDENTITY,RV-02
ALT-202605-002709,APP-202605-029389,R0252,2026-05-17T08:35:45,TRANSACTION_MONITORING,RV-03
ALT-202605-002710,APP-202605-064317,R0079,2026-05-02T06:59:04,DOCUMENT,RV-01
ALT-202605-002711,APP-202605-039226,R0261,2026-05-08T14:39:10,HIGH_VALUE,RV-03
ALT-202605-002712,APP-202605-018540,R0142,2026-05-13T19:23:58,IDENTITY,RV-02
ALT-202605-002713,APP-202605-001836,R0217,2026-05-31T12:25:21,TRANSACTION_MONITORING,RV-06
ALT-202605-002714,APP-202605-039704,R0273,2026-05-08T10:53:55,DOCUMENT,RV-04
ALT-202605-002715,APP-202605-042522,R0335,2026-05-19T06:02:29,HIGH_VALUE,RV-04
ALT-202605-002716,APP-202605-066429,R0313,2026-05-13T19:41:30,IDENTITY,RV-04
ALT-202605-002717,APP-202605-003671,R0001,2026-05-19T09:17:51,TRANSACTION_MONITORING,RV-06
ALT-202605-002718,APP-202605-030358,R0064,2026-05-20T22:14:40,DOCUMENT,RV-01
ALT-202605-002719,APP-202605-044671,R0335,2026-05-12T18:24:04,HIGH_VALUE,RV-01
ALT-202605-002720,APP-202605-030497,R0302,2026-05-12T16:02:16,IDENTITY,RV-04
ALT-202605-002721,APP-202605-001915,R0129,2026-05-23T22:25:34,TRANSACTION_MONITORING,RV-03
ALT-202605-002722,APP-202605-046332,R0079,2026-05-01T08:25:46,DOCUMENT,RV-02
ALT-202605-002723,APP-202605-006097,R0129,2026-05-29T08:31:18,HIGH_VALUE,RV-04
ALT-202605-002724,APP-202605-072563,R0335,2026-05-11T22:43:09,IDENTITY,RV-02
ALT-202605-002725,APP-202605-044082,R0158,2026-05-02T07:42:01,TRANSACTION_MONITORING,RV-04
ALT-202605-002726,APP-202605-057853,R0281,2026-05-13T21:08:09,DOCUMENT,RV-04
ALT-202605-002727,APP-202605-073399,R0130,2026-05-10T13:06:16,HIGH_VALUE,RV-02
ALT-202605-002728,APP-202605-066278,R0217,2026-05-21T06:22:10,IDENTITY,RV-04
ALT-202605-002729,APP-202605-069418,R0109,2026-05-03T15:31:53,TRANSACTION_MONITORING,RV-06
ALT-202605-002730,APP-202605-004010,R0076,2026-05-31T18:05:35,DOCUMENT,RV-02
ALT-202605-002731,APP-202605-049068,R0322,2026-05-28T13:29:16,HIGH_VALUE,RV-01
ALT-202605-002732,APP-202605-015112,R0129,2026-05-14T14:13:14,IDENTITY,RV-04
ALT-202605-002733,APP-202605-045439,R0247,2026-05-04T10:53:05,TRANSACTION_MONITORING,RV-04
ALT-202605-002734,APP-202605-065641,R0158,2026-05-08T14:34:07,DOCUMENT,RV-01
ALT-202605-002735,APP-202605-029515,R0081,2026-05-21T10:01:57,HIGH_VALUE,RV-02
ALT-202605-002736,APP-202605-069186,R0281,2026-05-31T08:27:54,IDENTITY,RV-06
ALT-202605-002737,APP-202605-011865,R0001,2026-05-10T13:24:05,TRANSACTION_MONITORING,RV-04
ALT-202605-002738,APP-202605-072085,R0129,2026-05-26T19:27:43,DOCUMENT,RV-05
ALT-202605-002739,APP-202605-058070,R0252,2026-05-10T10:01:33,HIGH_VALUE,RV-04
ALT-202605-002740,APP-202605-007223,R0076,2026-05-03T08:15:40,IDENTITY,RV-02
ALT-202605-002741,APP-202605-068266,R0076,2026-05-22T17:45:55,TRANSACTION_MONITORING,RV-05
ALT-202605-002742,APP-202605-000231,R0252,2026-05-16T20:57:36,DOCUMENT,RV-02
ALT-202605-002743,APP-202605-009802,R0130,2026-05-01T07:46:36,HIGH_VALUE,RV-02
ALT-202605-002744,APP-202605-000963,R0250,2026-05-02T21:02:31,IDENTITY,RV-02
ALT-202605-002745,APP-202605-010424,R0076,2026-05-29T08:46:54,TRANSACTION_MONITORING,RV-04
ALT-202605-002746,APP-202605-038133,R0335,2026-05-26T21:03:41,DOCUMENT,RV-03
ALT-202605-002747,APP-202605-040791,R0071,2026-05-28T16:16:21,HIGH_VALUE,RV-03
ALT-202605-002748,APP-202605-004170,R0129,2026-05-30T20:49:39,IDENTITY,RV-06
ALT-202605-002749,APP-202605-054781,R0130,2026-05-01T10:03:48,TRANSACTION_MONITORING,RV-03
ALT-202605-002750,APP-202605-047151,R0130,2026-05-22T22:46:34,DOCUMENT,RV-06
ALT-202605-002751,APP-202605-060572,R0335,2026-05-25T07:13:35,HIGH_VALUE,RV-01
ALT-202605-002752,APP-202605-050177,R0281,2026-05-09T09:41:15,IDENTITY,RV-03
ALT-202605-002753,APP-202605-061036,R0079,2026-05-03T12:19:47,TRANSACTION_MONITORING,RV-02
ALT-202605-002754,APP-202605-069521,R0076,2026-05-26T14:44:30,DOCUMENT,RV-03
ALT-202605-002755,APP-202605-061175,R0261,2026-05-26T19:03:09,HIGH_VALUE,RV-06
ALT-202605-002756,APP-202605-041624,R0217,2026-05-13T08:24:25,IDENTITY,RV-01
ALT-202605-002757,APP-202605-054261,R0002,2026-05-07T10:33:45,TRANSACTION_MONITORING,RV-01
ALT-202605-002758,APP-202605-072692,R0252,2026-05-15T17:53:02,DOCUMENT,RV-06
ALT-202605-002759,APP-202605-004029,R0273,2026-05-03T20:01:32,HIGH_VALUE,RV-05
ALT-202605-002760,APP-202605-009075,R0313,2026-05-04T14:11:34,IDENTITY,RV-04
ALT-202605-002761,APP-202605-013660,R0261,2026-05-20T17:14:20,TRANSACTION_MONITORING,RV-06
ALT-202605-002762,APP-202605-032333,R0261,2026-05-10T13:46:08,DOCUMENT,RV-02
ALT-202605-002763,APP-202605-045878,R0335,2026-05-20T15:33:22,HIGH_VALUE,RV-01
ALT-202605-002764,APP-202605-045555,R0335,2026-05-25T17:39:45,IDENTITY,RV-03
ALT-202605-002765,APP-202605-061578,R0079,2026-05-29T07:29:49,TRANSACTION_MONITORING,RV-02
ALT-202605-002766,APP-202605-014266,R0142,2026-05-18T16:50:26,DOCUMENT,RV-04
ALT-202605-002767,APP-202605-025247,R0313,2026-05-16T14:54:28,HIGH_VALUE,RV-01
ALT-202605-002768,APP-202605-049393,R0129,2026-05-05T15:03:50,IDENTITY,RV-05
ALT-202605-002769,APP-202605-073105,R0129,2026-05-26T22:40:29,TRANSACTION_MONITORING,RV-01
ALT-202605-002770,APP-202605-067541,R0079,2026-05-22T18:32:51,DOCUMENT,RV-05
ALT-202605-002771,APP-202605-055922,R0247,2026-05-09T21:17:17,HIGH_VALUE,RV-03
ALT-202605-002772,APP-202605-037145,R0064,2026-05-31T06:50:22,IDENTITY,RV-06
ALT-202605-002773,APP-202605-023558,R0002,2026-05-31T07:13:59,TRANSACTION_MONITORING,RV-04
ALT-202605-002774,APP-202605-060291,R0002,2026-05-01T14:55:45,DOCUMENT,RV-03
ALT-202605-002775,APP-202605-040622,R0273,2026-05-22T11:41:35,HIGH_VALUE,RV-06
ALT-202605-002776,APP-202605-015718,R0081,2026-05-05T18:36:05,IDENTITY,RV-05
ALT-202605-002777,APP-202605-065582,R0079,2026-05-18T11:44:55,TRANSACTION_MONITORING,RV-02
ALT-202605-002778,APP-202605-047940,R0079,2026-05-06T18:14:21,DOCUMENT,RV-06
ALT-202605-002779,APP-202605-031303,R0322,2026-05-10T12:07:24,HIGH_VALUE,RV-04
ALT-202605-002780,APP-202605-027777,R0064,2026-05-11T21:39:46,IDENTITY,RV-02
ALT-202605-002781,APP-202605-040250,R0129,2026-05-15T11:55:10,TRANSACTION_MONITORING,RV-01
ALT-202605-002782,APP-202605-024679,R0261,2026-05-13T15:12:59,DOCUMENT,RV-01
ALT-202605-002783,APP-202605-009286,R0079,2026-05-18T09:38:18,HIGH_VALUE,RV-02
ALT-202605-002784,APP-202605-059619,R0335,2026-05-06T20:49:49,IDENTITY,RV-02
ALT-202605-002785,APP-202605-009171,R0130,2026-05-02T15:37:45,TRANSACTION_MONITORING,RV-01
ALT-202605-002786,APP-202605-053976,R0252,2026-05-09T09:52:10,DOCUMENT,RV-02
ALT-202605-002787,APP-202605-041139,R0335,2026-05-18T16:40:59,HIGH_VALUE,RV-06
ALT-202605-002788,APP-202605-074869,R0261,2026-05-09T10:54:05,IDENTITY,RV-03
ALT-202605-002789,APP-202605-065429,R0129,2026-05-07T22:48:13,TRANSACTION_MONITORING,RV-01
ALT-202605-002790,APP-202605-051647,R0217,2026-05-13T09:57:59,DOCUMENT,RV-02
ALT-202605-002791,APP-202605-015502,R0129,2026-05-14T10:39:43,HIGH_VALUE,RV-03
ALT-202605-002792,APP-202605-014131,R0217,2026-05-12T20:15:23,IDENTITY,RV-04
ALT-202605-002793,APP-202605-069640,R0247,2026-05-23T18:28:03,TRANSACTION_MONITORING,RV-06
ALT-202605-002794,APP-202605-040288,R0129,2026-05-22T17:41:02,DOCUMENT,RV-04
ALT-202605-002795,APP-202605-053724,R0045,2026-05-20T22:12:32,HIGH_VALUE,RV-02
ALT-202605-002796,APP-202605-047076,R0129,2026-05-10T22:50:37,IDENTITY,RV-04
ALT-202605-002797,APP-202605-023066,R0076,2026-05-27T15:01:31,TRANSACTION_MONITORING,RV-03
ALT-202605-002798,APP-202605-008536,R0070,2026-05-26T09:50:38,DOCUMENT,RV-05
ALT-202605-002799,APP-202605-038941,R0076,2026-05-07T06:52:35,HIGH_VALUE,RV-04
ALT-202605-002800,APP-202605-047395,R0147,2026-05-10T21:20:22,IDENTITY,RV-06
ALT-202605-002801,APP-202605-040573,R0064,2026-05-18T20:44:33,TRANSACTION_MONITORING,RV-01
ALT-202605-002802,APP-202605-009117,R0129,2026-05-26T06:36:03,DOCUMENT,RV-02
ALT-202605-002803,APP-202605-073938,R0129,2026-05-27T09:05:31,HIGH_VALUE,RV-06
ALT-202605-002804,APP-202605-002373,R0261,2026-05-03T17:18:19,IDENTITY,RV-06
ALT-202605-002805,APP-202605-044086,R0261,2026-05-21T15:20:11,TRANSACTION_MONITORING,RV-03
ALT-202605-002806,APP-202605-039353,R0079,2026-05-02T13:47:21,DOCUMENT,RV-01
ALT-202605-002807,APP-202605-053113,R0335,2026-05-09T18:32:59,HIGH_VALUE,RV-05
ALT-202605-002808,APP-202605-011565,R0109,2026-05-21T16:36:20,IDENTITY,RV-04
ALT-202605-002809,APP-202605-066591,R0002,2026-05-02T06:43:19,TRANSACTION_MONITORING,RV-01
ALT-202605-002810,APP-202605-057817,R0129,2026-05-07T13:23:24,DOCUMENT,RV-05
ALT-202605-002811,APP-202605-012317,R0261,2026-05-27T18:14:00,HIGH_VALUE,RV-03
ALT-202605-002812,APP-202605-045890,R0261,2026-05-14T22:30:20,IDENTITY,RV-03
ALT-202605-002813,APP-202605-039084,R0109,2026-05-17T21:19:15,TRANSACTION_MONITORING,RV-06
ALT-202605-002814,APP-202605-030682,R0315,2026-05-09T14:38:26,DOCUMENT,RV-02
ALT-202605-002815,APP-202605-017193,R0129,2026-05-18T17:16:11,HIGH_VALUE,RV-05
ALT-202605-002816,APP-202605-055027,R0031,2026-05-10T22:02:23,IDENTITY,RV-06
ALT-202605-002817,APP-202605-021997,R0217,2026-05-31T13:46:09,TRANSACTION_MONITORING,RV-06
ALT-202605-002818,APP-202605-002442,R0109,2026-05-28T21:43:50,DOCUMENT,RV-06
ALT-202605-002819,APP-202605-033916,R0252,2026-05-20T20:40:57,HIGH_VALUE,RV-05
ALT-202605-002820,APP-202605-003886,R0129,2026-05-18T09:26:19,IDENTITY,RV-02
ALT-202605-002821,APP-202605-015207,R0302,2026-05-03T15:17:18,TRANSACTION_MONITORING,RV-05
ALT-202605-002822,APP-202605-019038,R0129,2026-05-06T17:46:30,DOCUMENT,RV-06
ALT-202605-002823,APP-202605-035410,R0252,2026-05-15T14:07:28,HIGH_VALUE,RV-03
ALT-202605-002824,APP-202605-064060,R0217,2026-05-26T14:47:53,IDENTITY,RV-04
ALT-202605-002825,APP-202605-032469,R0130,2026-05-08T22:43:42,TRANSACTION_MONITORING,RV-01
ALT-202605-002826,APP-202605-053813,R0129,2026-05-23T08:29:55,DOCUMENT,RV-04
ALT-202605-002827,APP-202605-026041,R0261,2026-05-06T20:56:08,HIGH_VALUE,RV-06
ALT-202605-002828,APP-202605-001509,R0261,2026-05-29T15:33:42,IDENTITY,RV-03
ALT-202605-002829,APP-202605-036849,R0261,2026-05-04T16:09:23,TRANSACTION_MONITORING,RV-02
ALT-202605-002830,APP-202605-029014,R0261,2026-05-22T15:50:32,DOCUMENT,RV-02
ALT-202605-002831,APP-202605-025743,R0129,2026-05-24T18:29:00,HIGH_VALUE,RV-03
ALT-202605-002832,APP-202605-070120,R0064,2026-05-02T19:23:15,IDENTITY,RV-06
ALT-202605-002833,APP-202605-002124,R0079,2026-05-01T08:26:04,TRANSACTION_MONITORING,RV-02
ALT-202605-002834,APP-202605-023649,R0261,2026-05-15T15:35:55,DOCUMENT,RV-03
ALT-202605-002835,APP-202605-054806,R0129,2026-05-05T18:38:46,HIGH_VALUE,RV-06
ALT-202605-002836,APP-202605-028739,R0129,2026-05-16T19:34:41,IDENTITY,RV-01
ALT-202605-002837,APP-202605-030613,R0273,2026-05-02T21:09:51,TRANSACTION_MONITORING,RV-02
ALT-202605-002838,APP-202605-054235,R0252,2026-05-09T17:54:50,DOCUMENT,RV-03
ALT-202605-002839,APP-202605-016449,R0130,2026-05-21T09:47:28,HIGH_VALUE,RV-06
ALT-202605-002840,APP-202605-074962,R0247,2026-05-07T16:17:43,IDENTITY,RV-01
ALT-202605-002841,APP-202605-008790,R0109,2026-05-07T10:21:49,TRANSACTION_MONITORING,RV-01
ALT-202605-002842,APP-202605-001164,R0081,2026-05-21T13:25:30,DOCUMENT,RV-01
ALT-202605-002843,APP-202605-032492,R0281,2026-05-22T12:54:50,HIGH_VALUE,RV-03
ALT-202605-002844,APP-202605-067943,R0261,2026-05-26T21:31:50,IDENTITY,RV-06
ALT-202605-002845,APP-202605-051351,R0002,2026-05-21T18:16:19,TRANSACTION_MONITORING,RV-03
ALT-202605-002846,APP-202605-017211,R0322,2026-05-03T17:17:44,DOCUMENT,RV-05
ALT-202605-002847,APP-202605-029519,R0250,2026-05-22T10:43:01,HIGH_VALUE,RV-01
ALT-202605-002848,APP-202605-036419,R0315,2026-05-18T12:30:23,IDENTITY,RV-04
ALT-202605-002849,APP-202605-064410,R0001,2026-05-19T13:57:47,TRANSACTION_MONITORING,RV-05
ALT-202605-002850,APP-202605-074684,R0247,2026-05-27T22:00:35,DOCUMENT,RV-01
ALT-202605-002851,APP-202605-016767,R0036,2026-05-27T16:33:30,HIGH_VALUE,RV-04
ALT-202605-002852,APP-202605-044605,R0322,2026-05-31T20:51:59,IDENTITY,RV-04
ALT-202605-002853,APP-202605-018473,R0261,2026-05-29T10:48:59,TRANSACTION_MONITORING,RV-04
ALT-202605-002854,APP-202605-049097,R0081,2026-05-21T11:36:19,DOCUMENT,RV-04
ALT-202605-002855,APP-202605-024111,R0002,2026-05-24T10:57:49,HIGH_VALUE,RV-01
ALT-202605-002856,APP-202605-020632,R0261,2026-05-26T22:02:49,IDENTITY,RV-06
ALT-202605-002857,APP-202605-038826,R0261,2026-05-22T22:07:20,TRANSACTION_MONITORING,RV-03
ALT-202605-002858,APP-202605-005219,R0158,2026-05-22T09:02:54,DOCUMENT,RV-04
ALT-202605-002859,APP-202605-057495,R0261,2026-05-18T20:44:21,HIGH_VALUE,RV-01
ALT-202605-002860,APP-202605-028917,R0158,2026-05-17T12:22:41,IDENTITY,RV-06
ALT-202605-002861,APP-202605-040563,R0335,2026-05-08T10:18:54,TRANSACTION_MONITORING,RV-01
ALT-202605-002862,APP-202605-017176,R0129,2026-05-09T15:24:38,DOCUMENT,RV-04
ALT-202605-002863,APP-202605-021783,R0335,2026-05-01T12:21:31,HIGH_VALUE,RV-05
ALT-202605-002864,APP-202605-019401,R0079,2026-05-11T17:40:26,IDENTITY,RV-04
ALT-202605-002865,APP-202605-009456,R0335,2026-05-25T08:55:00,TRANSACTION_MONITORING,RV-05
ALT-202605-002866,APP-202605-040452,R0129,2026-05-29T21:22:41,DOCUMENT,RV-02
ALT-202605-002867,APP-202605-025844,R0079,2026-05-31T10:35:50,HIGH_VALUE,RV-05
ALT-202605-002868,APP-202605-023603,R0302,2026-05-22T18:09:37,IDENTITY,RV-05
ALT-202605-002869,APP-202605-011705,R0302,2026-05-10T06:44:10,TRANSACTION_MONITORING,RV-06
ALT-202605-002870,APP-202605-036131,R0071,2026-05-24T18:20:03,DOCUMENT,RV-04
ALT-202605-002871,APP-202605-039430,R0081,2026-05-29T12:32:57,HIGH_VALUE,RV-06
ALT-202605-002872,APP-202605-030765,R0335,2026-05-25T18:01:01,IDENTITY,RV-06
ALT-202605-002873,APP-202605-019823,R0129,2026-05-20T14:50:10,TRANSACTION_MONITORING,RV-01
ALT-202605-002874,APP-202605-036072,R0261,2026-05-28T13:16:37,DOCUMENT,RV-01
ALT-202605-002875,APP-202605-050386,R0064,2026-05-13T09:48:32,HIGH_VALUE,RV-02
ALT-202605-002876,APP-202605-004519,R0079,2026-05-25T12:48:29,IDENTITY,RV-01
ALT-202605-002877,APP-202605-061190,R0129,2026-05-25T13:03:23,TRANSACTION_MONITORING,RV-02
ALT-202605-002878,APP-202605-067841,R0261,2026-05-29T12:48:01,DOCUMENT,RV-01
ALT-202605-002879,APP-202605-065026,R0079,2026-05-14T15:28:52,HIGH_VALUE,RV-03
ALT-202605-002880,APP-202605-059979,R0129,2026-05-19T21:00:19,IDENTITY,RV-01
ALT-202605-002881,APP-202605-017910,R0129,2026-05-05T21:12:56,TRANSACTION_MONITORING,RV-01
ALT-202605-002882,APP-202605-011835,R0261,2026-05-24T11:45:49,DOCUMENT,RV-01
ALT-202605-002883,APP-202605-064288,R0217,2026-05-27T19:57:43,HIGH_VALUE,RV-03
ALT-202605-002884,APP-202605-058508,R0142,2026-05-21T14:23:49,IDENTITY,RV-06
ALT-202605-002885,APP-202605-064483,R0079,2026-05-14T12:38:26,TRANSACTION_MONITORING,RV-04
ALT-202605-002886,APP-202605-050479,R0001,2026-05-11T21:17:20,DOCUMENT,RV-01
ALT-202605-002887,APP-202605-073955,R0064,2026-05-20T13:26:35,HIGH_VALUE,RV-01
ALT-202605-002888,APP-202605-020507,R0071,2026-05-19T15:04:53,IDENTITY,RV-05
ALT-202605-002889,APP-202605-044458,R0335,2026-05-01T11:30:21,TRANSACTION_MONITORING,RV-04
ALT-202605-002890,APP-202605-016192,R0081,2026-05-21T08:11:34,DOCUMENT,RV-04
ALT-202605-002891,APP-202605-012847,R0129,2026-05-13T12:09:52,HIGH_VALUE,RV-06
ALT-202605-002892,APP-202605-037983,R0217,2026-05-20T16:48:42,IDENTITY,RV-04
ALT-202605-002893,APP-202605-014666,R0109,2026-05-09T20:24:34,TRANSACTION_MONITORING,RV-03
ALT-202605-002894,APP-202605-059606,R0261,2026-05-23T12:09:24,DOCUMENT,RV-01
ALT-202605-002895,APP-202605-008127,R0071,2026-05-15T06:43:13,HIGH_VALUE,RV-04
ALT-202605-002896,APP-202605-055782,R0261,2026-05-04T08:59:07,IDENTITY,RV-05
ALT-202605-002897,APP-202605-021139,R0129,2026-05-26T13:20:09,TRANSACTION_MONITORING,RV-06
ALT-202605-002898,APP-202605-027579,R0158,2026-05-02T15:20:15,DOCUMENT,RV-01
ALT-202605-002899,APP-202605-004965,R0281,2026-05-05T18:56:10,HIGH_VALUE,RV-05
ALT-202605-002900,APP-202605-060641,R0071,2026-05-26T22:05:03,IDENTITY,RV-06
ALT-202605-002901,APP-202605-029485,R0261,2026-05-08T15:08:46,TRANSACTION_MONITORING,RV-05
ALT-202605-002902,APP-202605-067116,R0217,2026-05-06T08:35:38,DOCUMENT,RV-01
ALT-202605-002903,APP-202605-027248,R0261,2026-05-30T14:28:07,HIGH_VALUE,RV-02
ALT-202605-002904,APP-202605-017324,R0322,2026-05-25T21:50:15,IDENTITY,RV-04
ALT-202605-002905,APP-202605-054706,R0261,2026-05-12T13:29:19,TRANSACTION_MONITORING,RV-01
ALT-202605-002906,APP-202605-049051,R0315,2026-05-24T09:45:25,DOCUMENT,RV-04
ALT-202605-002907,APP-202605-032464,R0252,2026-05-18T13:10:22,HIGH_VALUE,RV-05
ALT-202605-002908,APP-202605-039824,R0079,2026-05-26T16:14:53,IDENTITY,RV-03
ALT-202605-002909,APP-202605-005852,R0130,2026-05-22T20:52:34,TRANSACTION_MONITORING,RV-04
ALT-202605-002910,APP-202605-044078,R0247,2026-05-12T17:21:29,DOCUMENT,RV-04
ALT-202605-002911,APP-202605-069120,R0142,2026-05-01T08:18:29,HIGH_VALUE,RV-02
ALT-202605-002912,APP-202605-046579,R0129,2026-05-13T13:48:35,IDENTITY,RV-01
ALT-202605-002913,APP-202605-053570,R0261,2026-05-03T17:37:30,TRANSACTION_MONITORING,RV-03
ALT-202605-002914,APP-202605-062151,R0109,2026-05-25T08:23:14,DOCUMENT,RV-06
ALT-202605-002915,APP-202605-017545,R0129,2026-05-03T22:05:09,HIGH_VALUE,RV-06
ALT-202605-002916,APP-202605-011684,R0322,2026-05-28T09:20:52,IDENTITY,RV-03
ALT-202605-002917,APP-202605-050025,R0335,2026-05-07T08:10:39,TRANSACTION_MONITORING,RV-05
ALT-202605-002918,APP-202605-007930,R0273,2026-05-12T22:43:55,DOCUMENT,RV-01
ALT-202605-002919,APP-202605-008323,R0129,2026-05-21T11:51:37,HIGH_VALUE,RV-05
ALT-202605-002920,APP-202605-044044,R0079,2026-05-03T19:56:56,IDENTITY,RV-06
ALT-202605-002921,APP-202605-048710,R0081,2026-05-07T13:12:26,TRANSACTION_MONITORING,RV-05
ALT-202605-002922,APP-202605-066969,R0247,2026-05-09T13:25:20,DOCUMENT,RV-02
ALT-202605-002923,APP-202605-000336,R0109,2026-05-24T12:49:36,HIGH_VALUE,RV-05
ALT-202605-002924,APP-202605-048023,R0081,2026-05-24T16:57:20,IDENTITY,RV-06
ALT-202605-002925,APP-202605-044390,R0322,2026-05-12T17:03:52,TRANSACTION_MONITORING,RV-06
ALT-202605-002926,APP-202605-040984,R0081,2026-05-14T09:28:54,DOCUMENT,RV-06
ALT-202605-002927,APP-202605-035785,R0076,2026-05-01T20:55:10,HIGH_VALUE,RV-04
ALT-202605-002928,APP-202605-061592,R0002,2026-05-14T18:43:57,IDENTITY,RV-02
ALT-202605-002929,APP-202605-039679,R0129,2026-05-10T10:44:59,TRANSACTION_MONITORING,RV-05
ALT-202605-002930,APP-202605-050443,R0315,2026-05-01T16:25:23,DOCUMENT,RV-03
ALT-202605-002931,APP-202605-007039,R0247,2026-05-15T06:43:26,HIGH_VALUE,RV-02
ALT-202605-002932,APP-202605-074918,R0129,2026-05-05T11:07:05,IDENTITY,RV-06
ALT-202605-002933,APP-202605-063191,R0252,2026-05-18T17:36:11,TRANSACTION_MONITORING,RV-02
ALT-202605-002934,APP-202605-053416,R0129,2026-05-24T11:25:52,DOCUMENT,RV-05
ALT-202605-002935,APP-202605-004559,R0079,2026-05-27T09:02:56,HIGH_VALUE,RV-01
ALT-202605-002936,APP-202605-048027,R0322,2026-05-07T20:23:29,IDENTITY,RV-04
ALT-202605-002937,APP-202605-073014,R0250,2026-05-16T22:49:53,TRANSACTION_MONITORING,RV-02
ALT-202605-002938,APP-202605-030880,R0079,2026-05-04T18:12:47,DOCUMENT,RV-01
ALT-202605-002939,APP-202605-009639,R0076,2026-05-15T20:23:39,HIGH_VALUE,RV-05
ALT-202605-002940,APP-202605-000346,R0335,2026-05-14T13:15:19,IDENTITY,RV-01
ALT-202605-002941,APP-202605-033462,R0250,2026-05-30T07:32:00,TRANSACTION_MONITORING,RV-04
ALT-202605-002942,APP-202605-036006,R0071,2026-05-24T20:34:18,DOCUMENT,RV-02
ALT-202605-002943,APP-202605-007122,R0322,2026-05-09T16:46:48,HIGH_VALUE,RV-02
ALT-202605-002944,APP-202605-002725,R0076,2026-05-05T15:10:27,IDENTITY,RV-05
ALT-202605-002945,APP-202605-074907,R0081,2026-05-21T12:28:34,TRANSACTION_MONITORING,RV-01
ALT-202605-002946,APP-202605-005974,R0129,2026-05-03T17:34:40,DOCUMENT,RV-05
ALT-202605-002947,APP-202605-063976,R0261,2026-05-07T08:49:31,HIGH_VALUE,RV-03
ALT-202605-002948,APP-202605-041209,R0129,2026-05-12T13:29:41,IDENTITY,RV-04
ALT-202605-002949,APP-202605-002509,R0142,2026-05-06T15:00:31,TRANSACTION_MONITORING,RV-01
ALT-202605-002950,APP-202605-043334,R0081,2026-05-08T07:47:54,DOCUMENT,RV-01
ALT-202605-002951,APP-202605-019427,R0261,2026-05-10T07:32:03,HIGH_VALUE,RV-06
ALT-202605-002952,APP-202605-059469,R0076,2026-05-13T14:32:17,IDENTITY,RV-05
ALT-202605-002953,APP-202605-042992,R0064,2026-05-10T21:57:56,TRANSACTION_MONITORING,RV-01
ALT-202605-002954,APP-202605-040335,R0273,2026-05-28T20:41:20,DOCUMENT,RV-03
ALT-202605-002955,APP-202605-024947,R0079,2026-05-23T16:26:07,HIGH_VALUE,RV-06
ALT-202605-002956,APP-202605-050039,R0313,2026-05-27T21:15:33,IDENTITY,RV-01
ALT-202605-002957,APP-202605-032451,R0064,2026-05-31T07:29:40,TRANSACTION_MONITORING,RV-02
ALT-202605-002958,APP-202605-015290,R0261,2026-05-01T15:27:41,DOCUMENT,RV-02
ALT-202605-002959,APP-202605-024199,R0158,2026-05-29T17:37:59,HIGH_VALUE,RV-05
ALT-202605-002960,APP-202605-012930,R0079,2026-05-19T18:10:35,IDENTITY,RV-06
ALT-202605-002961,APP-202605-053303,R0109,2026-05-25T15:49:37,TRANSACTION_MONITORING,RV-02
ALT-202605-002962,APP-202605-029303,R0261,2026-05-24T06:44:19,DOCUMENT,RV-02
ALT-202605-002963,APP-202605-046032,R0247,2026-05-11T08:09:33,HIGH_VALUE,RV-04
ALT-202605-002964,APP-202605-024357,R0129,2026-05-07T09:04:02,IDENTITY,RV-05
ALT-202605-002965,APP-202605-008397,R0261,2026-05-01T19:13:17,TRANSACTION_MONITORING,RV-01
ALT-202605-002966,APP-202605-054131,R0036,2026-05-06T09:45:53,DOCUMENT,RV-03
ALT-202605-002967,APP-202605-006649,R0079,2026-05-14T17:42:34,HIGH_VALUE,RV-06
ALT-202605-002968,APP-202605-010599,R0261,2026-05-12T12:52:58,IDENTITY,RV-03
ALT-202605-002969,APP-202605-048825,R0079,2026-05-22T21:14:35,TRANSACTION_MONITORING,RV-02
ALT-202605-002970,APP-202605-066363,R0002,2026-05-25T16:27:38,DOCUMENT,RV-02
ALT-202605-002971,APP-202605-045389,R0070,2026-05-12T17:29:23,HIGH_VALUE,RV-01
ALT-202605-002972,APP-202605-015713,R0076,2026-05-09T16:54:39,IDENTITY,RV-04
ALT-202605-002973,APP-202605-012178,R0335,2026-05-13T08:28:57,TRANSACTION_MONITORING,RV-02
ALT-202605-002974,APP-202605-007464,R0142,2026-05-05T19:10:18,DOCUMENT,RV-05
ALT-202605-002975,APP-202605-057157,R0096,2026-05-25T21:38:25,HIGH_VALUE,RV-04
ALT-202605-002976,APP-202605-073075,R0217,2026-05-06T07:02:09,IDENTITY,RV-01
ALT-202605-002977,APP-202605-055823,R0261,2026-05-05T22:08:45,TRANSACTION_MONITORING,RV-06
ALT-202605-002978,APP-202605-007695,R0001,2026-05-25T08:32:23,DOCUMENT,RV-02
ALT-202605-002979,APP-202605-036576,R0261,2026-05-29T20:28:17,HIGH_VALUE,RV-03
ALT-202605-002980,APP-202605-044439,R0129,2026-05-22T15:32:27,IDENTITY,RV-01
ALT-202605-002981,APP-202605-018931,R0250,2026-05-08T07:59:11,TRANSACTION_MONITORING,RV-04
ALT-202605-002982,APP-202605-014390,R0064,2026-05-09T10:15:13,DOCUMENT,RV-05
ALT-202605-002983,APP-202605-024855,R0079,2026-05-12T21:16:45,HIGH_VALUE,RV-02
ALT-202605-002984,APP-202605-029632,R0129,2026-05-19T22:40:35,IDENTITY,RV-05
ALT-202605-002985,APP-202605-050167,R0261,2026-05-17T21:55:13,TRANSACTION_MONITORING,RV-03
ALT-202605-002986,APP-202605-015641,R0322,2026-05-21T10:58:20,DOCUMENT,RV-04
ALT-202605-002987,APP-202605-067815,R0079,2026-05-27T09:06:04,HIGH_VALUE,RV-01
ALT-202605-002988,APP-202605-044358,R0115,2026-05-01T20:23:33,IDENTITY,RV-04
ALT-202605-002989,APP-202605-054040,R0079,2026-05-25T12:59:37,TRANSACTION_MONITORING,RV-02
ALT-202605-002990,APP-202605-044343,R0081,2026-05-23T11:47:58,DOCUMENT,RV-04
ALT-202605-002991,APP-202605-028873,R0250,2026-05-30T12:21:02,HIGH_VALUE,RV-03
ALT-202605-002992,APP-202605-072402,R0129,2026-05-02T21:29:04,IDENTITY,RV-05
ALT-202605-002993,APP-202605-026495,R0071,2026-05-24T15:28:54,TRANSACTION_MONITORING,RV-05
ALT-202605-002994,APP-202605-062904,R0335,2026-05-15T08:47:00,DOCUMENT,RV-04
ALT-202605-002995,APP-202605-040675,R0261,2026-05-24T13:04:51,HIGH_VALUE,RV-03
ALT-202605-002996,APP-202605-057832,R0313,2026-05-19T17:55:55,IDENTITY,RV-01
ALT-202605-002997,APP-202605-025283,R0129,2026-05-29T11:56:23,TRANSACTION_MONITORING,RV-05
ALT-202605-002998,APP-202605-064835,R0129,2026-05-05T15:54:39,DOCUMENT,RV-05
ALT-202605-002999,APP-202605-042664,R0129,2026-05-19T10:03:47,HIGH_VALUE,RV-02
ALT-202605-003000,APP-202605-066866,R0322,2026-05-02T13:12:23,IDENTITY,RV-04
ALT-202605-003001,APP-202605-037624,R0115,2026-05-27T12:12:02,TRANSACTION_MONITORING,RV-04
ALT-202605-003002,APP-202605-034722,R0261,2026-05-19T16:07:20,DOCUMENT,RV-01
ALT-202605-003003,APP-202605-011266,R0302,2026-05-07T16:50:38,HIGH_VALUE,RV-04
ALT-202605-003004,APP-202605-025225,R0071,2026-05-31T16:55:56,IDENTITY,RV-05
ALT-202605-003005,APP-202605-073392,R0261,2026-05-26T13:26:24,TRANSACTION_MONITORING,RV-02
ALT-202605-003006,APP-202605-062868,R0322,2026-05-14T11:14:49,DOCUMENT,RV-04
ALT-202605-003007,APP-202605-058137,R0129,2026-05-26T15:16:55,HIGH_VALUE,RV-02
ALT-202605-003008,APP-202605-006940,R0322,2026-05-27T11:30:03,IDENTITY,RV-03
ALT-202605-003009,APP-202605-008594,R0313,2026-05-22T20:07:51,TRANSACTION_MONITORING,RV-06
ALT-202605-003010,APP-202605-064276,R0261,2026-05-25T09:55:08,DOCUMENT,RV-06
ALT-202605-003011,APP-202605-063339,R0129,2026-05-28T10:41:26,HIGH_VALUE,RV-02
ALT-202605-003012,APP-202605-020618,R0217,2026-05-29T15:08:52,IDENTITY,RV-03
ALT-202605-003013,APP-202605-061243,R0045,2026-05-07T14:14:42,TRANSACTION_MONITORING,RV-02
ALT-202605-003014,APP-202605-046053,R0261,2026-05-04T20:17:15,DOCUMENT,RV-03
ALT-202605-003015,APP-202605-068483,R0217,2026-05-13T10:53:34,HIGH_VALUE,RV-04
ALT-202605-003016,APP-202605-045917,R0261,2026-05-19T22:46:25,IDENTITY,RV-01
ALT-202605-003017,APP-202605-073846,R0130,2026-05-17T19:49:47,TRANSACTION_MONITORING,RV-02
ALT-202605-003018,APP-202605-074444,R0247,2026-05-21T16:15:06,DOCUMENT,RV-01
ALT-202605-003019,APP-202605-055149,R0081,2026-05-29T17:03:34,HIGH_VALUE,RV-02
ALT-202605-003020,APP-202605-044955,R0129,2026-05-30T06:31:31,IDENTITY,RV-02
ALT-202605-003021,APP-202605-001376,R0129,2026-05-25T18:54:30,TRANSACTION_MONITORING,RV-05
ALT-202605-003022,APP-202605-046958,R0002,2026-05-08T19:59:14,DOCUMENT,RV-04
ALT-202605-003023,APP-202605-017996,R0130,2026-05-28T14:07:47,HIGH_VALUE,RV-02
ALT-202605-003024,APP-202605-050117,R0247,2026-05-19T10:13:04,IDENTITY,RV-05
ALT-202605-003025,APP-202605-037522,R0261,2026-05-07T17:08:03,TRANSACTION_MONITORING,RV-05
ALT-202605-003026,APP-202605-023681,R0250,2026-05-14T17:05:50,DOCUMENT,RV-06
ALT-202605-003027,APP-202605-013866,R0322,2026-05-21T21:40:00,HIGH_VALUE,RV-05
ALT-202605-003028,APP-202605-060162,R0079,2026-05-01T06:35:23,IDENTITY,RV-04
ALT-202605-003029,APP-202605-070909,R0079,2026-05-15T11:06:24,TRANSACTION_MONITORING,RV-04
ALT-202605-003030,APP-202605-040901,R0071,2026-05-09T11:03:11,DOCUMENT,RV-04
ALT-202605-003031,APP-202605-059800,R0250,2026-05-31T19:45:19,HIGH_VALUE,RV-06
ALT-202605-003032,APP-202605-030476,R0247,2026-05-14T17:34:21,IDENTITY,RV-01
ALT-202605-003033,APP-202605-039882,R0081,2026-05-14T06:23:48,TRANSACTION_MONITORING,RV-04
ALT-202605-003034,APP-202605-028136,R0129,2026-05-28T16:42:27,DOCUMENT,RV-03
ALT-202605-003035,APP-202605-036173,R0250,2026-05-07T07:54:34,HIGH_VALUE,RV-02
ALT-202605-003036,APP-202605-008265,R0247,2026-05-02T11:25:50,IDENTITY,RV-06
ALT-202605-003037,APP-202605-002404,R0261,2026-05-06T07:18:48,TRANSACTION_MONITORING,RV-01
ALT-202605-003038,APP-202605-031169,R0261,2026-05-30T07:02:42,DOCUMENT,RV-01
ALT-202605-003039,APP-202605-057069,R0129,2026-05-04T12:29:34,HIGH_VALUE,RV-05
ALT-202605-003040,APP-202605-042515,R0313,2026-05-20T17:08:10,IDENTITY,RV-05
ALT-202605-003041,APP-202605-005182,R0079,2026-05-17T10:45:37,TRANSACTION_MONITORING,RV-01
ALT-202605-003042,APP-202605-011452,R0076,2026-05-09T20:25:18,DOCUMENT,RV-03
ALT-202605-003043,APP-202605-015337,R0076,2026-05-31T22:07:08,HIGH_VALUE,RV-03
ALT-202605-003044,APP-202605-068075,R0250,2026-05-01T11:00:00,IDENTITY,RV-04
ALT-202605-003045,APP-202605-020975,R0250,2026-05-07T12:25:52,TRANSACTION_MONITORING,RV-01
ALT-202605-003046,APP-202605-030381,R0081,2026-05-26T07:40:49,DOCUMENT,RV-05
ALT-202605-003047,APP-202605-030338,R0273,2026-05-06T08:13:44,HIGH_VALUE,RV-02
ALT-202605-003048,APP-202605-019488,R0071,2026-05-29T17:22:41,IDENTITY,RV-04
ALT-202605-003049,APP-202605-070337,R0247,2026-05-01T16:23:15,TRANSACTION_MONITORING,RV-05
ALT-202605-003050,APP-202605-071546,R0158,2026-05-07T15:24:45,DOCUMENT,RV-01
ALT-202605-003051,APP-202605-025980,R0079,2026-05-20T16:41:19,HIGH_VALUE,RV-04
ALT-202605-003052,APP-202605-043773,R0070,2026-05-07T14:24:52,IDENTITY,RV-06
ALT-202605-003053,APP-202605-024391,R0079,2026-05-24T10:19:26,TRANSACTION_MONITORING,RV-01
ALT-202605-003054,APP-202605-034142,R0252,2026-05-02T16:14:08,DOCUMENT,RV-06
ALT-202605-003055,APP-202605-069145,R0261,2026-05-20T17:53:44,HIGH_VALUE,RV-02
ALT-202605-003056,APP-202605-004791,R0129,2026-05-04T14:14:07,IDENTITY,RV-04
ALT-202605-003057,APP-202605-049171,R0335,2026-05-29T09:05:28,TRANSACTION_MONITORING,RV-02
ALT-202605-003058,APP-202605-056169,R0109,2026-05-09T09:54:39,DOCUMENT,RV-01
ALT-202605-003059,APP-202605-043329,R0261,2026-05-29T11:53:48,HIGH_VALUE,RV-05
ALT-202605-003060,APP-202605-050241,R0313,2026-05-10T09:14:15,IDENTITY,RV-02
ALT-202605-003061,APP-202605-011658,R0247,2026-05-06T12:07:28,TRANSACTION_MONITORING,RV-02
ALT-202605-003062,APP-202605-010821,R0071,2026-05-19T15:44:21,DOCUMENT,RV-02
ALT-202605-003063,APP-202605-055110,R0109,2026-05-29T08:34:01,HIGH_VALUE,RV-02
ALT-202605-003064,APP-202605-004061,R0002,2026-05-31T16:22:53,IDENTITY,RV-04
ALT-202605-003065,APP-202605-041857,R0109,2026-05-24T17:08:47,TRANSACTION_MONITORING,RV-01
ALT-202605-003066,APP-202605-061703,R0250,2026-05-27T19:09:18,DOCUMENT,RV-04
ALT-202605-003067,APP-202605-012599,R0250,2026-05-16T20:11:52,HIGH_VALUE,RV-03
ALT-202605-003068,APP-202605-031753,R0261,2026-05-08T17:40:02,IDENTITY,RV-06
ALT-202605-003069,APP-202605-031376,R0335,2026-05-09T18:42:36,TRANSACTION_MONITORING,RV-03
ALT-202605-003070,APP-202605-027260,R0261,2026-05-04T06:39:56,DOCUMENT,RV-01
ALT-202605-003071,APP-202605-050910,R0130,2026-05-03T08:42:09,HIGH_VALUE,RV-03
ALT-202605-003072,APP-202605-046742,R0081,2026-05-16T07:04:15,IDENTITY,RV-04
ALT-202605-003073,APP-202605-036375,R0261,2026-05-14T12:36:24,TRANSACTION_MONITORING,RV-03
ALT-202605-003074,APP-202605-007238,R0250,2026-05-16T18:50:32,DOCUMENT,RV-05
ALT-202605-003075,APP-202605-021165,R0335,2026-05-16T17:21:34,HIGH_VALUE,RV-02
ALT-202605-003076,APP-202605-062153,R0335,2026-05-21T22:51:06,IDENTITY,RV-03
ALT-202605-003077,APP-202605-073989,R0322,2026-05-05T06:48:58,TRANSACTION_MONITORING,RV-04
ALT-202605-003078,APP-202605-021398,R0076,2026-05-10T06:39:00,DOCUMENT,RV-05
ALT-202605-003079,APP-202605-020917,R0070,2026-05-06T16:36:01,HIGH_VALUE,RV-04
ALT-202605-003080,APP-202605-054806,R0247,2026-05-27T21:42:23,IDENTITY,RV-06
ALT-202605-003081,APP-202605-014771,R0081,2026-05-05T18:55:01,TRANSACTION_MONITORING,RV-03
ALT-202605-003082,APP-202605-059780,R0247,2026-05-05T10:30:53,DOCUMENT,RV-03
ALT-202605-003083,APP-202605-055333,R0129,2026-05-20T10:31:29,HIGH_VALUE,RV-02
ALT-202605-003084,APP-202605-004577,R0247,2026-05-21T22:15:56,IDENTITY,RV-03
ALT-202605-003085,APP-202605-031033,R0129,2026-05-13T21:14:53,TRANSACTION_MONITORING,RV-06
ALT-202605-003086,APP-202605-026772,R0142,2026-05-09T10:18:17,DOCUMENT,RV-02
ALT-202605-003087,APP-202605-031762,R0322,2026-05-18T20:54:24,HIGH_VALUE,RV-06
ALT-202605-003088,APP-202605-060170,R0142,2026-05-26T20:22:31,IDENTITY,RV-06
ALT-202605-003089,APP-202605-051648,R0109,2026-05-09T12:45:10,TRANSACTION_MONITORING,RV-06
ALT-202605-003090,APP-202605-065308,R0322,2026-05-27T09:40:16,DOCUMENT,RV-02
ALT-202605-003091,APP-202605-047022,R0129,2026-05-09T15:48:08,HIGH_VALUE,RV-03
ALT-202605-003092,APP-202605-073966,R0045,2026-05-21T07:11:32,IDENTITY,RV-03
ALT-202605-003093,APP-202605-020455,R0142,2026-05-17T09:30:55,TRANSACTION_MONITORING,RV-06
ALT-202605-003094,APP-202605-007957,R0002,2026-05-27T15:15:26,DOCUMENT,RV-05
ALT-202605-003095,APP-202605-015394,R0129,2026-05-26T12:48:11,HIGH_VALUE,RV-05
ALT-202605-003096,APP-202605-013721,R0002,2026-05-16T09:56:14,IDENTITY,RV-03
ALT-202605-003097,APP-202605-051431,R0130,2026-05-06T22:51:37,TRANSACTION_MONITORING,RV-06
ALT-202605-003098,APP-202605-068972,R0217,2026-05-03T10:38:21,DOCUMENT,RV-03
ALT-202605-003099,APP-202605-006642,R0064,2026-05-08T19:22:02,HIGH_VALUE,RV-03
ALT-202605-003100,APP-202605-047605,R0064,2026-05-26T18:01:58,IDENTITY,RV-03
ALT-202605-003101,APP-202605-019318,R0250,2026-05-03T06:21:16,TRANSACTION_MONITORING,RV-02
ALT-202605-003102,APP-202605-069740,R0129,2026-05-20T07:23:47,DOCUMENT,RV-05
ALT-202605-003103,APP-202605-060604,R0079,2026-05-18T15:56:05,HIGH_VALUE,RV-06
ALT-202605-003104,APP-202605-044143,R0129,2026-05-14T08:58:57,IDENTITY,RV-06
ALT-202605-003105,APP-202605-067959,R0302,2026-05-27T14:12:35,TRANSACTION_MONITORING,RV-04
ALT-202605-003106,APP-202605-047576,R0071,2026-05-30T13:23:24,DOCUMENT,RV-06
ALT-202605-003107,APP-202605-011645,R0335,2026-05-10T11:31:25,HIGH_VALUE,RV-01
ALT-202605-003108,APP-202605-005280,R0335,2026-05-20T15:40:34,IDENTITY,RV-03
ALT-202605-003109,APP-202605-017389,R0081,2026-05-15T21:39:57,TRANSACTION_MONITORING,RV-04
ALT-202605-003110,APP-202605-039359,R0322,2026-05-19T13:02:02,DOCUMENT,RV-01
ALT-202605-003111,APP-202605-004233,R0064,2026-05-28T21:55:38,HIGH_VALUE,RV-01
ALT-202605-003112,APP-202605-038115,R0335,2026-05-09T15:59:09,IDENTITY,RV-02
ALT-202605-003113,APP-202605-040044,R0036,2026-05-03T12:33:07,TRANSACTION_MONITORING,RV-02
ALT-202605-003114,APP-202605-042211,R0079,2026-05-15T15:23:40,DOCUMENT,RV-01
ALT-202605-003115,APP-202605-043358,R0313,2026-05-05T21:14:37,HIGH_VALUE,RV-06
ALT-202605-003116,APP-202605-073600,R0261,2026-05-20T20:33:52,IDENTITY,RV-06
ALT-202605-003117,APP-202605-049799,R0129,2026-05-24T12:26:13,TRANSACTION_MONITORING,RV-06
ALT-202605-003118,APP-202605-040749,R0147,2026-05-02T17:45:38,DOCUMENT,RV-06
ALT-202605-003119,APP-202605-044745,R0247,2026-05-22T13:20:08,HIGH_VALUE,RV-03
ALT-202605-003120,APP-202605-013156,R0261,2026-05-31T08:21:29,IDENTITY,RV-04
ALT-202605-003121,APP-202605-033058,R0335,2026-05-11T19:40:21,TRANSACTION_MONITORING,RV-01
ALT-202605-003122,APP-202605-066557,R0302,2026-05-17T11:43:04,DOCUMENT,RV-06
ALT-202605-003123,APP-202605-064112,R0129,2026-05-31T13:43:06,HIGH_VALUE,RV-04
ALT-202605-003124,APP-202605-059697,R0036,2026-05-08T16:35:19,IDENTITY,RV-05
ALT-202605-003125,APP-202605-029524,R0250,2026-05-24T12:53:29,TRANSACTION_MONITORING,RV-04
ALT-202605-003126,APP-202605-003852,R0129,2026-05-23T12:21:31,DOCUMENT,RV-02
ALT-202605-003127,APP-202605-031523,R0335,2026-05-13T17:42:19,HIGH_VALUE,RV-02
ALT-202605-003128,APP-202605-004765,R0079,2026-05-09T18:27:27,IDENTITY,RV-04
ALT-202605-003129,APP-202605-027059,R0261,2026-05-08T21:03:11,TRANSACTION_MONITORING,RV-03
ALT-202605-003130,APP-202605-044660,R0335,2026-05-25T08:28:05,DOCUMENT,RV-01
ALT-202605-003131,APP-202605-020500,R0001,2026-05-20T15:43:18,HIGH_VALUE,RV-03
ALT-202605-003132,APP-202605-036473,R0079,2026-05-09T16:46:37,IDENTITY,RV-06
ALT-202605-003133,APP-202605-023750,R0322,2026-05-12T08:26:11,TRANSACTION_MONITORING,RV-02
ALT-202605-003134,APP-202605-001886,R0079,2026-05-20T13:28:17,DOCUMENT,RV-03
ALT-202605-003135,APP-202605-060773,R0217,2026-05-20T12:01:47,HIGH_VALUE,RV-02
ALT-202605-003136,APP-202605-015661,R0158,2026-05-28T16:06:51,IDENTITY,RV-02
ALT-202605-003137,APP-202605-030010,R0129,2026-05-20T15:58:02,TRANSACTION_MONITORING,RV-02
ALT-202605-003138,APP-202605-072934,R0109,2026-05-27T19:38:48,DOCUMENT,RV-02
ALT-202605-003139,APP-202605-055232,R0079,2026-05-09T19:00:03,HIGH_VALUE,RV-04
ALT-202605-003140,APP-202605-050666,R0250,2026-05-06T06:57:27,IDENTITY,RV-01
ALT-202605-003141,APP-202605-074516,R0129,2026-05-28T12:38:48,TRANSACTION_MONITORING,RV-05
ALT-202605-003142,APP-202605-050916,R0335,2026-05-27T22:33:08,DOCUMENT,RV-02
ALT-202605-003143,APP-202605-039124,R0158,2026-05-22T07:05:21,HIGH_VALUE,RV-05
ALT-202605-003144,APP-202605-069481,R0281,2026-05-20T09:38:56,IDENTITY,RV-04
ALT-202605-003145,APP-202605-024104,R0261,2026-05-22T16:56:08,TRANSACTION_MONITORING,RV-05
ALT-202605-003146,APP-202605-041623,R0002,2026-05-31T17:41:23,DOCUMENT,RV-05
ALT-202605-003147,APP-202605-002674,R0109,2026-05-04T22:34:43,HIGH_VALUE,RV-02
ALT-202605-003148,APP-202605-044272,R0129,2026-05-07T20:15:16,IDENTITY,RV-02
ALT-202605-003149,APP-202605-027530,R0129,2026-05-19T07:59:51,TRANSACTION_MONITORING,RV-06
ALT-202605-003150,APP-202605-031676,R0252,2026-05-26T18:09:48,DOCUMENT,RV-03
ALT-202605-003151,APP-202605-049402,R0252,2026-05-25T19:03:48,HIGH_VALUE,RV-06
ALT-202605-003152,APP-202605-032860,R0261,2026-05-30T12:35:59,IDENTITY,RV-03
ALT-202605-003153,APP-202605-040755,R0315,2026-05-16T07:51:56,TRANSACTION_MONITORING,RV-05
ALT-202605-003154,APP-202605-021680,R0252,2026-05-20T17:29:10,DOCUMENT,RV-02
ALT-202605-003155,APP-202605-064637,R0129,2026-05-07T06:09:57,HIGH_VALUE,RV-04
ALT-202605-003156,APP-202605-028338,R0313,2026-05-04T18:06:04,IDENTITY,RV-05
ALT-202605-003157,APP-202605-054077,R0064,2026-05-02T22:47:21,TRANSACTION_MONITORING,RV-06
ALT-202605-003158,APP-202605-012844,R0002,2026-05-06T10:38:45,DOCUMENT,RV-04
ALT-202605-003159,APP-202605-047485,R0129,2026-05-10T07:46:10,HIGH_VALUE,RV-05
ALT-202605-003160,APP-202605-041243,R0064,2026-05-15T18:35:25,IDENTITY,RV-06
ALT-202605-003161,APP-202605-065008,R0079,2026-05-10T19:53:09,TRANSACTION_MONITORING,RV-05
ALT-202605-003162,APP-202605-048331,R0076,2026-05-17T09:52:17,DOCUMENT,RV-04
ALT-202605-003163,APP-202605-030921,R0129,2026-05-17T13:40:05,HIGH_VALUE,RV-04
ALT-202605-003164,APP-202605-041454,R0261,2026-05-08T22:32:37,IDENTITY,RV-01
ALT-202605-003165,APP-202605-065224,R0064,2026-05-05T12:48:25,TRANSACTION_MONITORING,RV-03
ALT-202605-003166,APP-202605-052442,R0252,2026-05-20T19:05:19,DOCUMENT,RV-01
ALT-202605-003167,APP-202605-073600,R0081,2026-05-02T12:42:49,HIGH_VALUE,RV-02
ALT-202605-003168,APP-202605-027175,R0261,2026-05-30T19:02:49,IDENTITY,RV-02
ALT-202605-003169,APP-202605-028556,R0081,2026-05-30T18:43:28,TRANSACTION_MONITORING,RV-04
ALT-202605-003170,APP-202605-002717,R0071,2026-05-20T17:59:40,DOCUMENT,RV-04
ALT-202605-003171,APP-202605-008049,R0045,2026-05-15T20:47:16,HIGH_VALUE,RV-01
ALT-202605-003172,APP-202605-054220,R0038,2026-05-27T11:47:51,IDENTITY,RV-01
ALT-202605-003173,APP-202605-022894,R0129,2026-05-30T09:42:52,TRANSACTION_MONITORING,RV-05
ALT-202605-003174,APP-202605-036620,R0261,2026-05-26T07:34:06,DOCUMENT,RV-01
ALT-202605-003175,APP-202605-002414,R0079,2026-05-25T06:49:31,HIGH_VALUE,RV-03
ALT-202605-003176,APP-202605-041909,R0109,2026-05-12T14:24:16,IDENTITY,RV-01
ALT-202605-003177,APP-202605-051848,R0158,2026-05-22T17:21:25,TRANSACTION_MONITORING,RV-02
ALT-202605-003178,APP-202605-035498,R0335,2026-05-26T15:06:52,DOCUMENT,RV-03
ALT-202605-003179,APP-202605-005038,R0335,2026-05-27T16:56:16,HIGH_VALUE,RV-01
ALT-202605-003180,APP-202605-020899,R0252,2026-05-22T20:47:51,IDENTITY,RV-02
ALT-202605-003181,APP-202605-031487,R0001,2026-05-22T07:02:57,TRANSACTION_MONITORING,RV-06
ALT-202605-003182,APP-202605-036085,R0261,2026-05-20T06:22:25,DOCUMENT,RV-04
ALT-202605-003183,APP-202605-056217,R0310,2026-05-28T08:49:03,HIGH_VALUE,RV-02
ALT-202605-003184,APP-202605-020663,R0252,2026-05-27T06:21:51,IDENTITY,RV-02
ALT-202605-003185,APP-202605-020055,R0064,2026-05-26T14:39:36,TRANSACTION_MONITORING,RV-06
ALT-202605-003186,APP-202605-043731,R0335,2026-05-09T13:43:00,DOCUMENT,RV-06
ALT-202605-003187,APP-202605-005575,R0142,2026-05-30T17:19:44,HIGH_VALUE,RV-02
ALT-202605-003188,APP-202605-063922,R0313,2026-05-06T10:12:11,IDENTITY,RV-04
ALT-202605-003189,APP-202605-032698,R0079,2026-05-01T06:04:19,TRANSACTION_MONITORING,RV-01
ALT-202605-003190,APP-202605-007368,R0142,2026-05-01T18:16:57,DOCUMENT,RV-05
ALT-202605-003191,APP-202605-056341,R0335,2026-05-12T14:50:43,HIGH_VALUE,RV-04
ALT-202605-003192,APP-202605-068670,R0322,2026-05-28T16:56:42,IDENTITY,RV-02
ALT-202605-003193,APP-202605-020786,R0129,2026-05-02T07:40:01,TRANSACTION_MONITORING,RV-01
ALT-202605-003194,APP-202605-063022,R0261,2026-05-28T15:17:11,DOCUMENT,RV-04
ALT-202605-003195,APP-202605-033431,R0252,2026-05-30T17:35:22,HIGH_VALUE,RV-03
ALT-202605-003196,APP-202605-073381,R0261,2026-05-14T11:00:55,IDENTITY,RV-03
ALT-202605-003197,APP-202605-010249,R0129,2026-05-31T08:51:49,TRANSACTION_MONITORING,RV-06
ALT-202605-003198,APP-202605-061401,R0247,2026-05-01T14:36:53,DOCUMENT,RV-02
ALT-202605-003199,APP-202605-036385,R0115,2026-05-25T15:07:45,HIGH_VALUE,RV-02
ALT-202605-003200,APP-202605-023155,R0273,2026-05-02T17:22:26,IDENTITY,RV-02
ALT-202605-003201,APP-202605-037072,R0129,2026-05-09T11:25:28,TRANSACTION_MONITORING,RV-05
ALT-202605-003202,APP-202605-038349,R0247,2026-05-17T14:31:05,DOCUMENT,RV-06
ALT-202605-003203,APP-202605-073523,R0313,2026-05-08T20:30:59,HIGH_VALUE,RV-01
ALT-202605-003204,APP-202605-054632,R0322,2026-05-17T11:57:08,IDENTITY,RV-06
ALT-202605-003205,APP-202605-062238,R0252,2026-05-28T21:24:58,TRANSACTION_MONITORING,RV-04
ALT-202605-003206,APP-202605-048670,R0252,2026-05-23T13:42:40,DOCUMENT,RV-01
ALT-202605-003207,APP-202605-005410,R0217,2026-05-16T09:41:36,HIGH_VALUE,RV-03
ALT-202605-003208,APP-202605-040228,R0261,2026-05-22T11:45:33,IDENTITY,RV-02
ALT-202605-003209,APP-202605-018543,R0261,2026-05-06T20:11:57,TRANSACTION_MONITORING,RV-01
ALT-202605-003210,APP-202605-020338,R0071,2026-05-13T07:53:55,DOCUMENT,RV-05
ALT-202605-003211,APP-202605-070235,R0129,2026-05-27T19:45:51,HIGH_VALUE,RV-04
ALT-202605-003212,APP-202605-031885,R0079,2026-05-19T09:10:49,IDENTITY,RV-04
ALT-202605-003213,APP-202605-074974,R0313,2026-05-15T06:37:33,TRANSACTION_MONITORING,RV-02
ALT-202605-003214,APP-202605-021375,R0315,2026-05-01T09:59:20,DOCUMENT,RV-01
ALT-202605-003215,APP-202605-001174,R0142,2026-05-27T18:03:21,HIGH_VALUE,RV-06
ALT-202605-003216,APP-202605-060418,R0261,2026-05-10T06:19:49,IDENTITY,RV-05
ALT-202605-003217,APP-202605-007158,R0247,2026-05-16T19:00:56,TRANSACTION_MONITORING,RV-04
ALT-202605-003218,APP-202605-050819,R0261,2026-05-06T07:04:01,DOCUMENT,RV-03
ALT-202605-003219,APP-202605-067384,R0129,2026-05-09T17:55:35,HIGH_VALUE,RV-06
ALT-202605-003220,APP-202605-070528,R0322,2026-05-24T13:11:32,IDENTITY,RV-04
ALT-202605-003221,APP-202605-074704,R0129,2026-05-06T09:14:16,TRANSACTION_MONITORING,RV-05
ALT-202605-003222,APP-202605-072768,R0247,2026-05-24T15:59:20,DOCUMENT,RV-02
ALT-202605-003223,APP-202605-012993,R0129,2026-05-02T14:16:18,HIGH_VALUE,RV-02
ALT-202605-003224,APP-202605-021472,R0109,2026-05-17T14:41:58,IDENTITY,RV-03
ALT-202605-003225,APP-202605-009369,R0064,2026-05-25T11:24:07,TRANSACTION_MONITORING,RV-02
ALT-202605-003226,APP-202605-032487,R0281,2026-05-28T09:29:16,DOCUMENT,RV-06
ALT-202605-003227,APP-202605-022311,R0247,2026-05-15T10:57:40,HIGH_VALUE,RV-04
ALT-202605-003228,APP-202605-037285,R0273,2026-05-28T17:59:46,IDENTITY,RV-04
ALT-202605-003229,APP-202605-036129,R0252,2026-05-16T13:43:21,TRANSACTION_MONITORING,RV-02
ALT-202605-003230,APP-202605-008648,R0217,2026-05-08T06:39:31,DOCUMENT,RV-04
ALT-202605-003231,APP-202605-022940,R0129,2026-05-10T06:56:48,HIGH_VALUE,RV-01
ALT-202605-003232,APP-202605-037321,R0322,2026-05-14T11:58:35,IDENTITY,RV-05
ALT-202605-003233,APP-202605-059932,R0031,2026-05-31T20:59:55,TRANSACTION_MONITORING,RV-05
ALT-202605-003234,APP-202605-048446,R0281,2026-05-20T18:35:35,DOCUMENT,RV-04
ALT-202605-003235,APP-202605-072476,R0071,2026-05-07T10:38:03,HIGH_VALUE,RV-02
ALT-202605-003236,APP-202605-037767,R0315,2026-05-01T20:08:12,IDENTITY,RV-06
ALT-202605-003237,APP-202605-044681,R0079,2026-05-30T15:03:21,TRANSACTION_MONITORING,RV-06
ALT-202605-003238,APP-202605-016970,R0261,2026-05-28T07:20:49,DOCUMENT,RV-02
ALT-202605-003239,APP-202605-014273,R0079,2026-05-07T06:39:47,HIGH_VALUE,RV-06
ALT-202605-003240,APP-202605-010603,R0002,2026-05-12T10:11:00,IDENTITY,RV-04
ALT-202605-003241,APP-202605-035860,R0038,2026-05-03T12:56:32,TRANSACTION_MONITORING,RV-06
ALT-202605-003242,APP-202605-032657,R0076,2026-05-18T12:35:29,DOCUMENT,RV-05
ALT-202605-003243,APP-202605-059236,R0129,2026-05-09T16:57:09,HIGH_VALUE,RV-03
ALT-202605-003244,APP-202605-003222,R0322,2026-05-11T20:20:45,IDENTITY,RV-05
ALT-202605-003245,APP-202605-018671,R0071,2026-05-20T12:45:54,TRANSACTION_MONITORING,RV-03
ALT-202605-003246,APP-202605-047888,R0002,2026-05-30T11:35:15,DOCUMENT,RV-03
ALT-202605-003247,APP-202605-001116,R0261,2026-05-25T11:56:52,HIGH_VALUE,RV-06
ALT-202605-003248,APP-202605-001995,R0115,2026-05-12T17:00:10,IDENTITY,RV-04
ALT-202605-003249,APP-202605-061043,R0335,2026-05-31T17:36:57,TRANSACTION_MONITORING,RV-01
ALT-202605-003250,APP-202605-045874,R0261,2026-05-21T11:34:55,DOCUMENT,RV-02
ALT-202605-003251,APP-202605-050352,R0081,2026-05-23T19:12:25,HIGH_VALUE,RV-05
ALT-202605-003252,APP-202605-035503,R0064,2026-05-16T22:55:10,IDENTITY,RV-05
ALT-202605-003253,APP-202605-000594,R0252,2026-05-07T17:37:49,TRANSACTION_MONITORING,RV-01
ALT-202605-003254,APP-202605-048500,R0115,2026-05-18T06:53:26,DOCUMENT,RV-03
ALT-202605-003255,APP-202605-003087,R0281,2026-05-16T15:29:20,HIGH_VALUE,RV-05
ALT-202605-003256,APP-202605-034437,R0315,2026-05-16T18:41:12,IDENTITY,RV-03
ALT-202605-003257,APP-202605-009503,R0076,2026-05-20T12:39:58,TRANSACTION_MONITORING,RV-03
ALT-202605-003258,APP-202605-036179,R0261,2026-05-29T07:36:32,DOCUMENT,RV-01
ALT-202605-003259,APP-202605-040293,R0079,2026-05-21T16:02:42,HIGH_VALUE,RV-03
ALT-202605-003260,APP-202605-072786,R0064,2026-05-10T11:28:50,IDENTITY,RV-04
ALT-202605-003261,APP-202605-031004,R0129,2026-05-09T12:51:26,TRANSACTION_MONITORING,RV-03
ALT-202605-003262,APP-202605-026297,R0038,2026-05-28T11:03:27,DOCUMENT,RV-03
ALT-202605-003263,APP-202605-069238,R0322,2026-05-27T19:10:11,HIGH_VALUE,RV-05
ALT-202605-003264,APP-202605-000887,R0261,2026-05-12T07:28:10,IDENTITY,RV-01
ALT-202605-003265,APP-202605-033939,R0064,2026-05-06T18:28:26,TRANSACTION_MONITORING,RV-06
ALT-202605-003266,APP-202605-070361,R0252,2026-05-18T11:14:28,DOCUMENT,RV-06
ALT-202605-003267,APP-202605-011411,R0071,2026-05-20T16:23:14,HIGH_VALUE,RV-03
ALT-202605-003268,APP-202605-011585,R0335,2026-05-28T20:58:13,IDENTITY,RV-04
ALT-202605-003269,APP-202605-006997,R0261,2026-05-17T17:23:57,TRANSACTION_MONITORING,RV-06
ALT-202605-003270,APP-202605-041500,R0322,2026-05-26T17:11:51,DOCUMENT,RV-05
ALT-202605-003271,APP-202605-044980,R0115,2026-05-02T08:58:08,HIGH_VALUE,RV-05
ALT-202605-003272,APP-202605-031455,R0129,2026-05-20T22:00:24,IDENTITY,RV-05
ALT-202605-003273,APP-202605-073189,R0261,2026-05-09T22:04:00,TRANSACTION_MONITORING,RV-02
ALT-202605-003274,APP-202605-040550,R0247,2026-05-06T12:13:54,DOCUMENT,RV-03
ALT-202605-003275,APP-202605-001622,R0036,2026-05-04T18:55:45,HIGH_VALUE,RV-01
ALT-202605-003276,APP-202605-060832,R0079,2026-05-02T17:43:25,IDENTITY,RV-03
ALT-202605-003277,APP-202605-065986,R0322,2026-05-22T06:03:49,TRANSACTION_MONITORING,RV-05
ALT-202605-003278,APP-202605-073572,R0315,2026-05-24T13:07:14,DOCUMENT,RV-06
ALT-202605-003279,APP-202605-051341,R0064,2026-05-24T19:41:59,HIGH_VALUE,RV-01
ALT-202605-003280,APP-202605-069271,R0273,2026-05-11T21:21:44,IDENTITY,RV-02
ALT-202605-003281,APP-202605-006016,R0250,2026-05-26T08:28:48,TRANSACTION_MONITORING,RV-05
ALT-202605-003282,APP-202605-063341,R0252,2026-05-03T07:28:59,DOCUMENT,RV-02
ALT-202605-003283,APP-202605-006837,R0217,2026-05-20T09:10:07,HIGH_VALUE,RV-05
ALT-202605-003284,APP-202605-001758,R0142,2026-05-07T14:59:42,IDENTITY,RV-02
ALT-202605-003285,APP-202605-013803,R0071,2026-05-09T15:49:31,TRANSACTION_MONITORING,RV-05
ALT-202605-003286,APP-202605-050930,R0247,2026-05-21T13:45:54,DOCUMENT,RV-06
ALT-202605-003287,APP-202605-069357,R0079,2026-05-17T20:40:15,HIGH_VALUE,RV-03
ALT-202605-003288,APP-202605-038804,R0322,2026-05-27T19:19:38,IDENTITY,RV-02
ALT-202605-003289,APP-202605-008757,R0335,2026-05-02T06:22:06,TRANSACTION_MONITORING,RV-02
ALT-202605-003290,APP-202605-004101,R0313,2026-05-11T13:55:27,DOCUMENT,RV-01
ALT-202605-003291,APP-202605-037794,R0261,2026-05-05T11:28:40,HIGH_VALUE,RV-06
ALT-202605-003292,APP-202605-058174,R0129,2026-05-28T17:54:05,IDENTITY,RV-06
ALT-202605-003293,APP-202605-005167,R0130,2026-05-07T08:09:13,TRANSACTION_MONITORING,RV-06
ALT-202605-003294,APP-202605-043372,R0250,2026-05-18T22:37:19,DOCUMENT,RV-05
ALT-202605-003295,APP-202605-039245,R0079,2026-05-29T22:41:13,HIGH_VALUE,RV-01
ALT-202605-003296,APP-202605-063105,R0247,2026-05-11T13:16:11,IDENTITY,RV-01
ALT-202605-003297,APP-202605-059484,R0252,2026-05-03T19:21:10,TRANSACTION_MONITORING,RV-05
ALT-202605-003298,APP-202605-006890,R0217,2026-05-07T16:27:47,DOCUMENT,RV-06
ALT-202605-003299,APP-202605-054869,R0142,2026-05-11T19:14:06,HIGH_VALUE,RV-02
ALT-202605-003300,APP-202605-021351,R0079,2026-05-01T09:46:06,IDENTITY,RV-06
ALT-202605-003301,APP-202605-059907,R0158,2026-05-11T15:38:36,TRANSACTION_MONITORING,RV-05
ALT-202605-003302,APP-202605-031356,R0079,2026-05-23T11:32:50,DOCUMENT,RV-06
ALT-202605-003303,APP-202605-005742,R0313,2026-05-04T19:19:32,HIGH_VALUE,RV-06
ALT-202605-003304,APP-202605-038868,R0002,2026-05-18T18:09:53,IDENTITY,RV-04
ALT-202605-003305,APP-202605-036586,R0002,2026-05-14T19:17:11,TRANSACTION_MONITORING,RV-05
ALT-202605-003306,APP-202605-043449,R0130,2026-05-08T16:37:02,DOCUMENT,RV-04
ALT-202605-003307,APP-202605-053184,R0313,2026-05-14T10:38:57,HIGH_VALUE,RV-03
ALT-202605-003308,APP-202605-061842,R0158,2026-05-11T18:20:06,IDENTITY,RV-01
ALT-202605-003309,APP-202605-005070,R0322,2026-05-25T11:31:12,TRANSACTION_MONITORING,RV-06
ALT-202605-003310,APP-202605-056717,R0064,2026-05-26T20:37:43,DOCUMENT,RV-04
ALT-202605-003311,APP-202605-006961,R0109,2026-05-31T21:18:45,HIGH_VALUE,RV-03
ALT-202605-003312,APP-202605-052384,R0247,2026-05-17T11:04:21,IDENTITY,RV-01
ALT-202605-003313,APP-202605-020360,R0261,2026-05-02T22:26:38,TRANSACTION_MONITORING,RV-05
ALT-202605-003314,APP-202605-061120,R0079,2026-05-12T06:22:28,DOCUMENT,RV-05
ALT-202605-003315,APP-202605-064334,R0261,2026-05-10T15:22:06,HIGH_VALUE,RV-06
ALT-202605-003316,APP-202605-069326,R0335,2026-05-06T12:49:44,IDENTITY,RV-04
ALT-202605-003317,APP-202605-022508,R0261,2026-05-19T12:51:55,TRANSACTION_MONITORING,RV-01
ALT-202605-003318,APP-202605-071958,R0261,2026-05-14T07:18:39,DOCUMENT,RV-05
ALT-202605-003319,APP-202605-059048,R0217,2026-05-21T14:16:55,HIGH_VALUE,RV-03
ALT-202605-003320,APP-202605-008163,R0002,2026-05-05T15:07:00,IDENTITY,RV-05
ALT-202605-003321,APP-202605-053810,R0109,2026-05-28T08:37:19,TRANSACTION_MONITORING,RV-04
ALT-202605-003322,APP-202605-020114,R0130,2026-05-30T18:19:40,DOCUMENT,RV-04
ALT-202605-003323,APP-202605-050031,R0261,2026-05-13T19:47:04,HIGH_VALUE,RV-01
ALT-202605-003324,APP-202605-007545,R0322,2026-05-30T17:05:50,IDENTITY,RV-02
ALT-202605-003325,APP-202605-073770,R0129,2026-05-19T22:59:59,TRANSACTION_MONITORING,RV-02
ALT-202605-003326,APP-202605-013705,R0081,2026-05-17T12:23:49,DOCUMENT,RV-01
ALT-202605-003327,APP-202605-045924,R0281,2026-05-27T20:35:19,HIGH_VALUE,RV-01
ALT-202605-003328,APP-202605-027660,R0322,2026-05-23T14:21:17,IDENTITY,RV-04
ALT-202605-003329,APP-202605-003004,R0071,2026-05-10T22:57:22,TRANSACTION_MONITORING,RV-03
ALT-202605-003330,APP-202605-041395,R0142,2026-05-03T07:15:59,DOCUMENT,RV-01
ALT-202605-003331,APP-202605-061797,R0247,2026-05-11T10:55:31,HIGH_VALUE,RV-05
ALT-202605-003332,APP-202605-060074,R0071,2026-05-02T16:49:32,IDENTITY,RV-03
ALT-202605-003333,APP-202605-038230,R0129,2026-05-30T12:44:34,TRANSACTION_MONITORING,RV-02
ALT-202605-003334,APP-202605-018256,R0096,2026-05-04T19:29:50,DOCUMENT,RV-04
ALT-202605-003335,APP-202605-009500,R0142,2026-05-09T09:04:45,HIGH_VALUE,RV-02
ALT-202605-003336,APP-202605-002575,R0109,2026-05-01T13:17:10,IDENTITY,RV-06
ALT-202605-003337,APP-202605-018974,R0142,2026-05-17T08:02:09,TRANSACTION_MONITORING,RV-02
ALT-202605-003338,APP-202605-070600,R0247,2026-05-16T14:10:41,DOCUMENT,RV-05
ALT-202605-003339,APP-202605-036416,R0261,2026-05-13T20:04:21,HIGH_VALUE,RV-05
ALT-202605-003340,APP-202605-033320,R0142,2026-05-28T07:40:21,IDENTITY,RV-02
ALT-202605-003341,APP-202605-028665,R0335,2026-05-12T15:53:29,TRANSACTION_MONITORING,RV-02
ALT-202605-003342,APP-202605-036057,R0071,2026-05-23T11:27:27,DOCUMENT,RV-05
ALT-202605-003343,APP-202605-059548,R0147,2026-05-25T21:46:36,HIGH_VALUE,RV-05
ALT-202605-003344,APP-202605-032823,R0071,2026-05-15T07:56:05,IDENTITY,RV-01
ALT-202605-003345,APP-202605-004902,R0129,2026-05-15T13:35:04,TRANSACTION_MONITORING,RV-06
ALT-202605-003346,APP-202605-004774,R0129,2026-05-07T16:40:37,DOCUMENT,RV-05
ALT-202605-003347,APP-202605-034848,R0217,2026-05-12T21:20:54,HIGH_VALUE,RV-06
ALT-202605-003348,APP-202605-000604,R0217,2026-05-29T15:57:45,IDENTITY,RV-03
ALT-202605-003349,APP-202605-025349,R0247,2026-05-01T22:12:48,TRANSACTION_MONITORING,RV-01
ALT-202605-003350,APP-202605-000865,R0158,2026-05-02T22:50:38,DOCUMENT,RV-04
ALT-202605-003351,APP-202605-026843,R0261,2026-05-10T13:46:43,HIGH_VALUE,RV-04
ALT-202605-003352,APP-202605-051282,R0081,2026-05-13T09:09:40,IDENTITY,RV-04
ALT-202605-003353,APP-202605-018885,R0315,2026-05-19T10:00:58,TRANSACTION_MONITORING,RV-03
ALT-202605-003354,APP-202605-067934,R0335,2026-05-28T19:49:17,DOCUMENT,RV-06
ALT-202605-003355,APP-202605-029923,R0109,2026-05-30T19:38:27,HIGH_VALUE,RV-03
ALT-202605-003356,APP-202605-025584,R0002,2026-05-10T09:18:19,IDENTITY,RV-05
ALT-202605-003357,APP-202605-046031,R0076,2026-05-15T19:29:15,TRANSACTION_MONITORING,RV-03
ALT-202605-003358,APP-202605-047650,R0129,2026-05-31T18:21:56,DOCUMENT,RV-01
ALT-202605-003359,APP-202605-068671,R0081,2026-05-09T22:29:46,HIGH_VALUE,RV-06
ALT-202605-003360,APP-202605-032261,R0142,2026-05-10T20:36:17,IDENTITY,RV-05
ALT-202605-003361,APP-202605-019002,R0115,2026-05-10T16:06:33,TRANSACTION_MONITORING,RV-06
ALT-202605-003362,APP-202605-020726,R0081,2026-05-21T21:49:25,DOCUMENT,RV-03
ALT-202605-003363,APP-202605-018450,R0129,2026-05-11T11:03:26,HIGH_VALUE,RV-03
ALT-202605-003364,APP-202605-043375,R0129,2026-05-27T12:26:34,IDENTITY,RV-03
ALT-202605-003365,APP-202605-052687,R0002,2026-05-29T07:35:38,TRANSACTION_MONITORING,RV-03
ALT-202605-003366,APP-202605-069781,R0261,2026-05-02T21:18:55,DOCUMENT,RV-05
ALT-202605-003367,APP-202605-061876,R0001,2026-05-17T18:10:01,HIGH_VALUE,RV-01
ALT-202605-003368,APP-202605-044006,R0129,2026-05-27T08:32:51,IDENTITY,RV-02
ALT-202605-003369,APP-202605-003546,R0322,2026-05-02T18:01:50,TRANSACTION_MONITORING,RV-05
ALT-202605-003370,APP-202605-051425,R0130,2026-05-08T11:38:24,DOCUMENT,RV-01
ALT-202605-003371,APP-202605-047993,R0335,2026-05-07T09:20:05,HIGH_VALUE,RV-03
ALT-202605-003372,APP-202605-029934,R0079,2026-05-15T10:50:32,IDENTITY,RV-03
ALT-202605-003373,APP-202605-003936,R0081,2026-05-19T14:21:38,TRANSACTION_MONITORING,RV-06
ALT-202605-003374,APP-202605-073793,R0313,2026-05-02T19:21:58,DOCUMENT,RV-02
ALT-202605-003375,APP-202605-024229,R0281,2026-05-23T22:52:02,HIGH_VALUE,RV-04
ALT-202605-003376,APP-202605-002904,R0250,2026-05-07T18:30:55,IDENTITY,RV-01
ALT-202605-003377,APP-202605-025252,R0071,2026-05-20T10:04:45,TRANSACTION_MONITORING,RV-02
ALT-202605-003378,APP-202605-000224,R0335,2026-05-24T10:01:50,DOCUMENT,RV-02
ALT-202605-003379,APP-202605-050306,R0001,2026-05-28T20:49:09,HIGH_VALUE,RV-02
ALT-202605-003380,APP-202605-024036,R0302,2026-05-28T18:54:46,IDENTITY,RV-06
ALT-202605-003381,APP-202605-054305,R0081,2026-05-08T17:37:11,TRANSACTION_MONITORING,RV-01
ALT-202605-003382,APP-202605-066766,R0261,2026-05-29T11:17:32,DOCUMENT,RV-04
ALT-202605-003383,APP-202605-071770,R0261,2026-05-01T19:11:15,HIGH_VALUE,RV-02
ALT-202605-003384,APP-202605-069693,R0079,2026-05-07T16:24:39,IDENTITY,RV-04
ALT-202605-003385,APP-202605-065086,R0247,2026-05-21T22:13:28,TRANSACTION_MONITORING,RV-05
ALT-202605-003386,APP-202605-012775,R0081,2026-05-13T09:39:58,DOCUMENT,RV-06
ALT-202605-003387,APP-202605-043985,R0079,2026-05-06T09:06:18,HIGH_VALUE,RV-06
ALT-202605-003388,APP-202605-032749,R0247,2026-05-08T15:45:07,IDENTITY,RV-03
ALT-202605-003389,APP-202605-001795,R0247,2026-05-21T16:07:17,TRANSACTION_MONITORING,RV-06
ALT-202605-003390,APP-202605-056388,R0064,2026-05-15T22:50:29,DOCUMENT,RV-01
ALT-202605-003391,APP-202605-068436,R0302,2026-05-04T20:37:11,HIGH_VALUE,RV-03
ALT-202605-003392,APP-202605-007323,R0081,2026-05-01T14:28:19,IDENTITY,RV-05
ALT-202605-003393,APP-202605-071194,R0002,2026-05-11T18:59:37,TRANSACTION_MONITORING,RV-06
ALT-202605-003394,APP-202605-069834,R0252,2026-05-17T19:31:06,DOCUMENT,RV-04
ALT-202605-003395,APP-202605-010364,R0129,2026-05-31T19:23:26,HIGH_VALUE,RV-05
ALT-202605-003396,APP-202605-055869,R0129,2026-05-11T20:54:28,IDENTITY,RV-02
ALT-202605-003397,APP-202605-038688,R0079,2026-05-15T12:09:11,TRANSACTION_MONITORING,RV-06
ALT-202605-003398,APP-202605-017744,R0261,2026-05-25T15:39:50,DOCUMENT,RV-04
ALT-202605-003399,APP-202605-063062,R0002,2026-05-04T09:52:27,HIGH_VALUE,RV-06
ALT-202605-003400,APP-202605-054727,R0129,2026-05-15T06:24:41,IDENTITY,RV-04
ALT-202605-003401,APP-202605-011082,R0261,2026-05-15T17:08:51,TRANSACTION_MONITORING,RV-01
ALT-202605-003402,APP-202605-054831,R0250,2026-05-26T09:16:14,DOCUMENT,RV-02
ALT-202605-003403,APP-202605-055554,R0081,2026-05-29T12:01:46,HIGH_VALUE,RV-02
ALT-202605-003404,APP-202605-017900,R0217,2026-05-15T13:10:34,IDENTITY,RV-04
ALT-202605-003405,APP-202605-052864,R0315,2026-05-08T15:18:26,TRANSACTION_MONITORING,RV-06
ALT-202605-003406,APP-202605-074781,R0031,2026-05-14T16:58:30,DOCUMENT,RV-06
ALT-202605-003407,APP-202605-017911,R0261,2026-05-24T08:13:11,HIGH_VALUE,RV-04
ALT-202605-003408,APP-202605-015230,R0252,2026-05-25T15:26:08,IDENTITY,RV-01
ALT-202605-003409,APP-202605-055774,R0001,2026-05-02T20:24:52,TRANSACTION_MONITORING,RV-02
ALT-202605-003410,APP-202605-006094,R0130,2026-05-28T09:31:47,DOCUMENT,RV-01
ALT-202605-003411,APP-202605-049357,R0313,2026-05-02T20:30:01,HIGH_VALUE,RV-04
ALT-202605-003412,APP-202605-014857,R0081,2026-05-09T20:20:12,IDENTITY,RV-06
ALT-202605-003413,APP-202605-033518,R0261,2026-05-31T09:09:31,TRANSACTION_MONITORING,RV-02
ALT-202605-003414,APP-202605-066484,R0002,2026-05-17T21:20:56,DOCUMENT,RV-06
ALT-202605-003415,APP-202605-017396,R0322,2026-05-29T12:57:25,HIGH_VALUE,RV-05
ALT-202605-003416,APP-202605-056615,R0335,2026-05-09T20:28:00,IDENTITY,RV-03
ALT-202605-003417,APP-202605-037901,R0252,2026-05-02T18:44:17,TRANSACTION_MONITORING,RV-04
ALT-202605-003418,APP-202605-054240,R0129,2026-05-20T17:36:36,DOCUMENT,RV-01
ALT-202605-003419,APP-202605-060215,R0273,2026-05-30T10:59:11,HIGH_VALUE,RV-02
ALT-202605-003420,APP-202605-071258,R0252,2026-05-15T19:49:40,IDENTITY,RV-05
ALT-202605-003421,APP-202605-050821,R0142,2026-05-19T07:59:00,TRANSACTION_MONITORING,RV-01
ALT-202605-003422,APP-202605-049046,R0158,2026-05-23T17:52:00,DOCUMENT,RV-06
ALT-202605-003423,APP-202605-039716,R0109,2026-05-17T14:58:40,HIGH_VALUE,RV-03
ALT-202605-003424,APP-202605-040661,R0130,2026-05-07T13:39:57,IDENTITY,RV-03
ALT-202605-003425,APP-202605-048779,R0261,2026-05-04T13:47:46,TRANSACTION_MONITORING,RV-01
ALT-202605-003426,APP-202605-066282,R0252,2026-05-02T08:40:21,DOCUMENT,RV-01
ALT-202605-003427,APP-202605-044823,R0313,2026-05-03T21:35:42,HIGH_VALUE,RV-03
ALT-202605-003428,APP-202605-032342,R0129,2026-05-17T17:07:43,IDENTITY,RV-04
ALT-202605-003429,APP-202605-015765,R0322,2026-05-15T21:38:17,TRANSACTION_MONITORING,RV-01
ALT-202605-003430,APP-202605-022328,R0129,2026-05-16T22:02:20,DOCUMENT,RV-02
ALT-202605-003431,APP-202605-058420,R0247,2026-05-17T12:17:47,HIGH_VALUE,RV-06
ALT-202605-003432,APP-202605-034033,R0079,2026-05-13T22:54:43,IDENTITY,RV-03
ALT-202605-003433,APP-202605-022646,R0129,2026-05-03T20:23:42,TRANSACTION_MONITORING,RV-01
ALT-202605-003434,APP-202605-049089,R0070,2026-05-05T18:42:25,DOCUMENT,RV-02
ALT-202605-003435,APP-202605-015791,R0109,2026-05-22T09:01:48,HIGH_VALUE,RV-01
ALT-202605-003436,APP-202605-049720,R0129,2026-05-19T18:25:39,IDENTITY,RV-01
ALT-202605-003437,APP-202605-032123,R0315,2026-05-22T06:05:14,TRANSACTION_MONITORING,RV-02
ALT-202605-003438,APP-202605-029162,R0079,2026-05-16T19:08:38,DOCUMENT,RV-02
ALT-202605-003439,APP-202605-030056,R0335,2026-05-28T16:45:31,HIGH_VALUE,RV-03
ALT-202605-003440,APP-202605-015772,R0002,2026-05-24T11:05:30,IDENTITY,RV-03
ALT-202605-003441,APP-202605-048766,R0247,2026-05-20T15:30:31,TRANSACTION_MONITORING,RV-06
ALT-202605-003442,APP-202605-049634,R0045,2026-05-31T16:00:16,DOCUMENT,RV-03
ALT-202605-003443,APP-202605-071416,R0096,2026-05-06T08:24:37,HIGH_VALUE,RV-02
ALT-202605-003444,APP-202605-035961,R0261,2026-05-23T09:29:03,IDENTITY,RV-05
ALT-202605-003445,APP-202605-046455,R0142,2026-05-27T19:28:46,TRANSACTION_MONITORING,RV-01
ALT-202605-003446,APP-202605-058802,R0130,2026-05-16T19:41:12,DOCUMENT,RV-04
ALT-202605-003447,APP-202605-019977,R0322,2026-05-16T09:30:00,HIGH_VALUE,RV-05
ALT-202605-003448,APP-202605-001207,R0250,2026-05-07T18:15:52,IDENTITY,RV-05
ALT-202605-003449,APP-202605-031700,R0322,2026-05-06T13:11:53,TRANSACTION_MONITORING,RV-06
ALT-202605-003450,APP-202605-001790,R0252,2026-05-22T21:19:25,DOCUMENT,RV-03
ALT-202605-003451,APP-202605-056893,R0261,2026-05-05T18:40:46,HIGH_VALUE,RV-03
ALT-202605-003452,APP-202605-041929,R0252,2026-05-08T20:51:32,IDENTITY,RV-03
ALT-202605-003453,APP-202605-071728,R0247,2026-05-22T15:04:19,TRANSACTION_MONITORING,RV-02
ALT-202605-003454,APP-202605-054589,R0081,2026-05-02T06:26:53,DOCUMENT,RV-02
ALT-202605-003455,APP-202605-053497,R0250,2026-05-01T15:42:54,HIGH_VALUE,RV-06
ALT-202605-003456,APP-202605-073088,R0070,2026-05-27T17:48:44,IDENTITY,RV-06
ALT-202605-003457,APP-202605-068671,R0079,2026-05-21T12:12:47,TRANSACTION_MONITORING,RV-02
ALT-202605-003458,APP-202605-068607,R0252,2026-05-01T12:15:46,DOCUMENT,RV-02
ALT-202605-003459,APP-202605-043622,R0158,2026-05-06T09:36:54,HIGH_VALUE,RV-03
ALT-202605-003460,APP-202605-036416,R0129,2026-05-10T11:35:16,IDENTITY,RV-06
ALT-202605-003461,APP-202605-008372,R0079,2026-05-22T10:24:43,TRANSACTION_MONITORING,RV-06
ALT-202605-003462,APP-202605-055294,R0322,2026-05-31T12:02:28,DOCUMENT,RV-04
ALT-202605-003463,APP-202605-031896,R0109,2026-05-26T18:57:15,HIGH_VALUE,RV-01
ALT-202605-003464,APP-202605-069333,R0079,2026-05-20T09:38:13,IDENTITY,RV-06
ALT-202605-003465,APP-202605-014429,R0115,2026-05-23T19:10:37,TRANSACTION_MONITORING,RV-03
ALT-202605-003466,APP-202605-074680,R0261,2026-05-20T08:36:42,DOCUMENT,RV-06
ALT-202605-003467,APP-202605-019636,R0217,2026-05-28T15:04:00,HIGH_VALUE,RV-01
ALT-202605-003468,APP-202605-001508,R0261,2026-05-07T09:50:43,IDENTITY,RV-03
ALT-202605-003469,APP-202605-044572,R0261,2026-05-31T21:52:36,TRANSACTION_MONITORING,RV-06
ALT-202605-003470,APP-202605-028648,R0322,2026-05-19T08:59:08,DOCUMENT,RV-04
ALT-202605-003471,APP-202605-044148,R0079,2026-05-06T20:38:19,HIGH_VALUE,RV-06
ALT-202605-003472,APP-202605-058914,R0001,2026-05-28T07:43:45,IDENTITY,RV-06
ALT-202605-003473,APP-202605-045075,R0322,2026-05-05T10:14:24,TRANSACTION_MONITORING,RV-04
ALT-202605-003474,APP-202605-017492,R0335,2026-05-24T11:00:07,DOCUMENT,RV-06
ALT-202605-003475,APP-202605-030204,R0109,2026-05-05T17:14:09,HIGH_VALUE,RV-04
ALT-202605-003476,APP-202605-025636,R0261,2026-05-06T17:02:02,IDENTITY,RV-01
ALT-202605-003477,APP-202605-066922,R0129,2026-05-13T21:42:14,TRANSACTION_MONITORING,RV-04
ALT-202605-003478,APP-202605-021024,R0302,2026-05-13T11:54:34,DOCUMENT,RV-05
ALT-202605-003479,APP-202605-012622,R0071,2026-05-17T15:12:19,HIGH_VALUE,RV-02
ALT-202605-003480,APP-202605-036517,R0335,2026-05-11T11:11:19,IDENTITY,RV-01
ALT-202605-003481,APP-202605-041799,R0064,2026-05-29T12:25:20,TRANSACTION_MONITORING,RV-03
ALT-202605-003482,APP-202605-040190,R0250,2026-05-09T15:00:37,DOCUMENT,RV-04
ALT-202605-003483,APP-202605-071625,R0081,2026-05-03T10:16:56,HIGH_VALUE,RV-06
ALT-202605-003484,APP-202605-003837,R0335,2026-05-06T12:55:56,IDENTITY,RV-04
ALT-202605-003485,APP-202605-044416,R0158,2026-05-11T07:33:13,TRANSACTION_MONITORING,RV-01
ALT-202605-003486,APP-202605-047367,R0335,2026-05-01T20:46:32,DOCUMENT,RV-06
ALT-202605-003487,APP-202605-064909,R0129,2026-05-30T08:42:17,HIGH_VALUE,RV-06
ALT-202605-003488,APP-202605-053750,R0335,2026-05-05T08:24:15,IDENTITY,RV-03
ALT-202605-003489,APP-202605-041168,R0079,2026-05-31T19:47:19,TRANSACTION_MONITORING,RV-04
ALT-202605-003490,APP-202605-055465,R0261,2026-05-04T07:51:14,DOCUMENT,RV-02
ALT-202605-003491,APP-202605-043887,R0076,2026-05-11T06:37:21,HIGH_VALUE,RV-05
ALT-202605-003492,APP-202605-071465,R0250,2026-05-12T22:58:39,IDENTITY,RV-04
ALT-202605-003493,APP-202605-034542,R0252,2026-05-09T21:27:41,TRANSACTION_MONITORING,RV-03
ALT-202605-003494,APP-202605-001144,R0252,2026-05-28T17:19:46,DOCUMENT,RV-02
ALT-202605-003495,APP-202605-071887,R0158,2026-05-21T12:20:03,HIGH_VALUE,RV-04
ALT-202605-003496,APP-202605-032244,R0247,2026-05-03T16:53:50,IDENTITY,RV-04
ALT-202605-003497,APP-202605-012204,R0031,2026-05-01T19:16:18,TRANSACTION_MONITORING,RV-06
ALT-202605-003498,APP-202605-013183,R0081,2026-05-23T13:39:23,DOCUMENT,RV-02
ALT-202605-003499,APP-202605-035584,R0130,2026-05-14T22:10:03,HIGH_VALUE,RV-03
ALT-202605-003500,APP-202605-040022,R0247,2026-05-12T18:08:19,IDENTITY,RV-01
ALT-202605-003501,APP-202605-058696,R0079,2026-05-02T17:46:44,TRANSACTION_MONITORING,RV-02
ALT-202605-003502,APP-202605-044910,R0109,2026-05-20T17:23:04,DOCUMENT,RV-04
ALT-202605-003503,APP-202605-035496,R0335,2026-05-11T07:59:05,HIGH_VALUE,RV-03
ALT-202605-003504,APP-202605-021170,R0129,2026-05-15T20:49:12,IDENTITY,RV-02
ALT-202605-003505,APP-202605-014884,R0261,2026-05-27T13:39:04,TRANSACTION_MONITORING,RV-01
ALT-202605-003506,APP-202605-005855,R0079,2026-05-26T06:12:58,DOCUMENT,RV-06
ALT-202605-003507,APP-202605-026403,R0250,2026-05-11T21:20:31,HIGH_VALUE,RV-03
ALT-202605-003508,APP-202605-010227,R0261,2026-05-08T20:45:52,IDENTITY,RV-05
ALT-202605-003509,APP-202605-074029,R0252,2026-05-18T07:37:42,TRANSACTION_MONITORING,RV-05
ALT-202605-003510,APP-202605-072900,R0109,2026-05-31T21:21:50,DOCUMENT,RV-03
ALT-202605-003511,APP-202605-055562,R0322,2026-05-03T06:59:30,HIGH_VALUE,RV-04
ALT-202605-003512,APP-202605-029709,R0081,2026-05-04T19:43:02,IDENTITY,RV-06
ALT-202605-003513,APP-202605-039969,R0129,2026-05-08T08:45:22,TRANSACTION_MONITORING,RV-04
ALT-202605-003514,APP-202605-057463,R0130,2026-05-27T13:38:47,DOCUMENT,RV-02
ALT-202605-003515,APP-202605-053314,R0217,2026-05-20T20:53:48,HIGH_VALUE,RV-04
ALT-202605-003516,APP-202605-019875,R0076,2026-05-14T09:07:35,IDENTITY,RV-01
ALT-202605-003517,APP-202605-018492,R0247,2026-05-09T10:30:11,TRANSACTION_MONITORING,RV-02
ALT-202605-003518,APP-202605-029859,R0129,2026-05-15T14:26:21,DOCUMENT,RV-05
ALT-202605-003519,APP-202605-014860,R0071,2026-05-25T08:41:53,HIGH_VALUE,RV-06
ALT-202605-003520,APP-202605-063851,R0247,2026-05-09T21:52:15,IDENTITY,RV-05
ALT-202605-003521,APP-202605-069911,R0335,2026-05-01T17:24:12,TRANSACTION_MONITORING,RV-06
ALT-202605-003522,APP-202605-036563,R0252,2026-05-07T07:03:11,DOCUMENT,RV-05
ALT-202605-003523,APP-202605-072607,R0129,2026-05-09T20:27:58,HIGH_VALUE,RV-03
ALT-202605-003524,APP-202605-026578,R0247,2026-05-23T17:45:17,IDENTITY,RV-03
ALT-202605-003525,APP-202605-004894,R0002,2026-05-13T10:05:11,TRANSACTION_MONITORING,RV-02
ALT-202605-003526,APP-202605-012957,R0079,2026-05-28T10:38:12,DOCUMENT,RV-06
ALT-202605-003527,APP-202605-021924,R0081,2026-05-28T07:21:48,HIGH_VALUE,RV-04
ALT-202605-003528,APP-202605-004915,R0130,2026-05-29T14:01:51,IDENTITY,RV-04
ALT-202605-003529,APP-202605-017757,R0315,2026-05-13T16:28:04,TRANSACTION_MONITORING,RV-01
ALT-202605-003530,APP-202605-048312,R0071,2026-05-30T13:12:39,DOCUMENT,RV-06
ALT-202605-003531,APP-202605-035237,R0217,2026-05-15T06:31:31,HIGH_VALUE,RV-04
ALT-202605-003532,APP-202605-019390,R0002,2026-05-06T13:33:30,IDENTITY,RV-02
ALT-202605-003533,APP-202605-009258,R0129,2026-05-19T21:22:32,TRANSACTION_MONITORING,RV-01
ALT-202605-003534,APP-202605-049254,R0081,2026-05-22T21:16:05,DOCUMENT,RV-06
ALT-202605-003535,APP-202605-051720,R0130,2026-05-14T10:30:25,HIGH_VALUE,RV-04
ALT-202605-003536,APP-202605-058221,R0322,2026-05-31T13:29:50,IDENTITY,RV-04
ALT-202605-003537,APP-202605-032644,R0045,2026-05-01T08:01:40,TRANSACTION_MONITORING,RV-01
ALT-202605-003538,APP-202605-074133,R0158,2026-05-14T09:29:34,DOCUMENT,RV-03
ALT-202605-003539,APP-202605-029222,R0002,2026-05-12T21:51:40,HIGH_VALUE,RV-03
ALT-202605-003540,APP-202605-058626,R0335,2026-05-07T08:32:56,IDENTITY,RV-01
ALT-202605-003541,APP-202605-002015,R0250,2026-05-16T06:34:24,TRANSACTION_MONITORING,RV-05
ALT-202605-003542,APP-202605-047013,R0335,2026-05-03T06:54:00,DOCUMENT,RV-06
ALT-202605-003543,APP-202605-029149,R0252,2026-05-26T09:42:16,HIGH_VALUE,RV-01
ALT-202605-003544,APP-202605-014297,R0261,2026-05-20T22:21:54,IDENTITY,RV-01
ALT-202605-003545,APP-202605-063665,R0250,2026-05-23T18:17:21,TRANSACTION_MONITORING,RV-03
ALT-202605-003546,APP-202605-071368,R0109,2026-05-03T12:39:34,DOCUMENT,RV-03
ALT-202605-003547,APP-202605-042169,R0109,2026-05-10T20:00:09,HIGH_VALUE,RV-05
ALT-202605-003548,APP-202605-054047,R0335,2026-05-16T13:17:16,IDENTITY,RV-06
ALT-202605-003549,APP-202605-018235,R0315,2026-05-28T22:07:58,TRANSACTION_MONITORING,RV-06
ALT-202605-003550,APP-202605-002162,R0313,2026-05-09T13:06:21,DOCUMENT,RV-06
ALT-202605-003551,APP-202605-061143,R0079,2026-05-20T18:39:47,HIGH_VALUE,RV-04
ALT-202605-003552,APP-202605-013965,R0079,2026-05-06T13:54:56,IDENTITY,RV-01
ALT-202605-003553,APP-202605-068177,R0001,2026-05-27T17:54:15,TRANSACTION_MONITORING,RV-03
ALT-202605-003554,APP-202605-058156,R0261,2026-05-07T08:04:25,DOCUMENT,RV-03
ALT-202605-003555,APP-202605-048778,R0261,2026-05-05T14:38:37,HIGH_VALUE,RV-05
ALT-202605-003556,APP-202605-053597,R0129,2026-05-05T21:40:40,IDENTITY,RV-04
ALT-202605-003557,APP-202605-035685,R0252,2026-05-30T12:18:00,TRANSACTION_MONITORING,RV-04
ALT-202605-003558,APP-202605-062049,R0335,2026-05-22T12:23:45,DOCUMENT,RV-04
ALT-202605-003559,APP-202605-072614,R0129,2026-05-18T06:19:56,HIGH_VALUE,RV-06
ALT-202605-003560,APP-202605-007154,R0158,2026-05-29T17:30:57,IDENTITY,RV-04
ALT-202605-003561,APP-202605-008497,R0217,2026-05-17T18:05:32,TRANSACTION_MONITORING,RV-03
ALT-202605-003562,APP-202605-038410,R0158,2026-05-31T18:29:41,DOCUMENT,RV-04
ALT-202605-003563,APP-202605-043137,R0315,2026-05-08T19:52:55,HIGH_VALUE,RV-04
ALT-202605-003564,APP-202605-066666,R0158,2026-05-10T11:36:09,IDENTITY,RV-05
ALT-202605-003565,APP-202605-063045,R0322,2026-05-28T17:21:00,TRANSACTION_MONITORING,RV-06
ALT-202605-003566,APP-202605-061520,R0129,2026-05-22T14:20:00,DOCUMENT,RV-05
ALT-202605-003567,APP-202605-065677,R0142,2026-05-21T19:01:22,HIGH_VALUE,RV-04
ALT-202605-003568,APP-202605-000996,R0335,2026-05-31T06:07:21,IDENTITY,RV-01
ALT-202605-003569,APP-202605-005281,R0038,2026-05-20T14:05:47,TRANSACTION_MONITORING,RV-05
ALT-202605-003570,APP-202605-071845,R0322,2026-05-09T10:59:36,DOCUMENT,RV-06
ALT-202605-003571,APP-202605-042903,R0217,2026-05-12T08:34:41,HIGH_VALUE,RV-04
ALT-202605-003572,APP-202605-021413,R0064,2026-05-31T06:12:01,IDENTITY,RV-02
ALT-202605-003573,APP-202605-048323,R0115,2026-05-05T18:18:43,TRANSACTION_MONITORING,RV-03
ALT-202605-003574,APP-202605-059487,R0261,2026-05-24T18:35:24,DOCUMENT,RV-04
ALT-202605-003575,APP-202605-007800,R0129,2026-05-12T12:16:08,HIGH_VALUE,RV-03
ALT-202605-003576,APP-202605-072478,R0079,2026-05-08T16:36:41,IDENTITY,RV-06
ALT-202605-003577,APP-202605-064569,R0158,2026-05-10T12:15:55,TRANSACTION_MONITORING,RV-04
ALT-202605-003578,APP-202605-036737,R0247,2026-05-08T18:41:07,DOCUMENT,RV-01
ALT-202605-003579,APP-202605-001661,R0129,2026-05-07T22:40:57,HIGH_VALUE,RV-06
ALT-202605-003580,APP-202605-048965,R0002,2026-05-31T09:57:38,IDENTITY,RV-01
ALT-202605-003581,APP-202605-056478,R0002,2026-05-20T09:42:41,TRANSACTION_MONITORING,RV-06
ALT-202605-003582,APP-202605-050707,R0079,2026-05-18T13:04:14,DOCUMENT,RV-02
ALT-202605-003583,APP-202605-016623,R0247,2026-05-12T12:37:29,HIGH_VALUE,RV-04
ALT-202605-003584,APP-202605-034949,R0142,2026-05-30T14:46:54,IDENTITY,RV-02
ALT-202605-003585,APP-202605-071901,R0129,2026-05-18T18:30:58,TRANSACTION_MONITORING,RV-06
ALT-202605-003586,APP-202605-004689,R0261,2026-05-05T10:50:42,DOCUMENT,RV-01
ALT-202605-003587,APP-202605-008593,R0335,2026-05-13T15:21:38,HIGH_VALUE,RV-01
ALT-202605-003588,APP-202605-027459,R0081,2026-05-22T16:05:39,IDENTITY,RV-03
ALT-202605-003589,APP-202605-021431,R0261,2026-05-04T12:44:39,TRANSACTION_MONITORING,RV-06
ALT-202605-003590,APP-202605-015132,R0109,2026-05-28T10:33:27,DOCUMENT,RV-06
ALT-202605-003591,APP-202605-068300,R0247,2026-05-17T09:32:30,HIGH_VALUE,RV-04
ALT-202605-003592,APP-202605-046008,R0335,2026-05-10T07:23:56,IDENTITY,RV-03
ALT-202605-003593,APP-202605-064329,R0081,2026-05-08T13:55:32,TRANSACTION_MONITORING,RV-06
ALT-202605-003594,APP-202605-014436,R0252,2026-05-22T07:26:50,DOCUMENT,RV-06
ALT-202605-003595,APP-202605-025750,R0322,2026-05-27T21:00:18,HIGH_VALUE,RV-03
ALT-202605-003596,APP-202605-065075,R0217,2026-05-29T14:40:40,IDENTITY,RV-05
ALT-202605-003597,APP-202605-056366,R0079,2026-05-05T20:03:51,TRANSACTION_MONITORING,RV-04
ALT-202605-003598,APP-202605-029772,R0002,2026-05-31T13:44:19,DOCUMENT,RV-01
ALT-202605-003599,APP-202605-056875,R0261,2026-05-12T07:38:38,HIGH_VALUE,RV-06
ALT-202605-003600,APP-202605-019751,R0250,2026-05-01T20:22:28,IDENTITY,RV-05
ALT-202605-003601,APP-202605-003402,R0129,2026-05-06T18:22:05,TRANSACTION_MONITORING,RV-03
ALT-202605-003602,APP-202605-012244,R0247,2026-05-02T07:10:30,DOCUMENT,RV-03
ALT-202605-003603,APP-202605-067872,R0247,2026-05-07T17:25:30,HIGH_VALUE,RV-02
ALT-202605-003604,APP-202605-060068,R0247,2026-05-18T08:49:10,IDENTITY,RV-01
ALT-202605-003605,APP-202605-013976,R0002,2026-05-14T13:12:59,TRANSACTION_MONITORING,RV-02
ALT-202605-003606,APP-202605-032134,R0261,2026-05-07T06:53:44,DOCUMENT,RV-01
ALT-202605-003607,APP-202605-035761,R0315,2026-05-10T11:30:19,HIGH_VALUE,RV-04
ALT-202605-003608,APP-202605-038523,R0081,2026-05-28T07:29:19,IDENTITY,RV-05
ALT-202605-003609,APP-202605-025206,R0250,2026-05-11T22:49:41,TRANSACTION_MONITORING,RV-01
ALT-202605-003610,APP-202605-070411,R0115,2026-05-03T09:33:11,DOCUMENT,RV-01
ALT-202605-003611,APP-202605-039756,R0079,2026-05-24T16:48:19,HIGH_VALUE,RV-01
ALT-202605-003612,APP-202605-025452,R0252,2026-05-21T19:41:52,IDENTITY,RV-02
ALT-202605-003613,APP-202605-033016,R0064,2026-05-19T15:42:52,TRANSACTION_MONITORING,RV-03
ALT-202605-003614,APP-202605-042618,R0252,2026-05-11T10:35:11,DOCUMENT,RV-03
ALT-202605-003615,APP-202605-051032,R0247,2026-05-27T21:04:47,HIGH_VALUE,RV-06
ALT-202605-003616,APP-202605-060852,R0036,2026-05-31T11:20:43,IDENTITY,RV-03
ALT-202605-003617,APP-202605-011726,R0261,2026-05-08T14:59:08,TRANSACTION_MONITORING,RV-03
ALT-202605-003618,APP-202605-040772,R0129,2026-05-07T18:06:56,DOCUMENT,RV-06
ALT-202605-003619,APP-202605-059463,R0247,2026-05-24T20:58:58,HIGH_VALUE,RV-01
ALT-202605-003620,APP-202605-029006,R0313,2026-05-01T15:36:12,IDENTITY,RV-02
ALT-202605-003621,APP-202605-030498,R0036,2026-05-15T11:34:21,TRANSACTION_MONITORING,RV-05
ALT-202605-003622,APP-202605-021447,R0129,2026-05-03T18:40:29,DOCUMENT,RV-02
ALT-202605-003623,APP-202605-049503,R0315,2026-05-09T13:16:15,HIGH_VALUE,RV-03
ALT-202605-003624,APP-202605-050746,R0335,2026-05-24T20:40:46,IDENTITY,RV-05
ALT-202605-003625,APP-202605-039458,R0079,2026-05-05T15:29:44,TRANSACTION_MONITORING,RV-04
ALT-202605-003626,APP-202605-062489,R0038,2026-05-29T12:34:55,DOCUMENT,RV-06
ALT-202605-003627,APP-202605-005663,R0130,2026-05-14T16:00:37,HIGH_VALUE,RV-05
ALT-202605-003628,APP-202605-015862,R0217,2026-05-04T10:29:37,IDENTITY,RV-04
ALT-202605-003629,APP-202605-067768,R0129,2026-05-15T20:21:21,TRANSACTION_MONITORING,RV-05
ALT-202605-003630,APP-202605-038424,R0081,2026-05-06T08:14:26,DOCUMENT,RV-04
ALT-202605-003631,APP-202605-026934,R0115,2026-05-09T21:53:06,HIGH_VALUE,RV-02
ALT-202605-003632,APP-202605-059701,R0079,2026-05-24T18:06:25,IDENTITY,RV-03
ALT-202605-003633,APP-202605-053417,R0130,2026-05-07T06:43:41,TRANSACTION_MONITORING,RV-01
ALT-202605-003634,APP-202605-063003,R0217,2026-05-12T10:04:25,DOCUMENT,RV-04
ALT-202605-003635,APP-202605-003759,R0076,2026-05-03T10:18:08,HIGH_VALUE,RV-06
ALT-202605-003636,APP-202605-037150,R0064,2026-05-31T12:05:29,IDENTITY,RV-03
ALT-202605-003637,APP-202605-054136,R0250,2026-05-28T17:25:25,TRANSACTION_MONITORING,RV-02
ALT-202605-003638,APP-202605-040990,R0045,2026-05-02T20:25:29,DOCUMENT,RV-01
ALT-202605-003639,APP-202605-004453,R0130,2026-05-13T10:33:30,HIGH_VALUE,RV-04
ALT-202605-003640,APP-202605-008882,R0129,2026-05-17T14:23:15,IDENTITY,RV-06
ALT-202605-003641,APP-202605-037971,R0079,2026-05-18T15:59:13,TRANSACTION_MONITORING,RV-03
ALT-202605-003642,APP-202605-041400,R0322,2026-05-25T13:01:27,DOCUMENT,RV-02
ALT-202605-003643,APP-202605-042506,R0250,2026-05-15T10:50:12,HIGH_VALUE,RV-05
ALT-202605-003644,APP-202605-046763,R0261,2026-05-15T14:12:33,IDENTITY,RV-04
ALT-202605-003645,APP-202605-047750,R0076,2026-05-08T11:35:49,TRANSACTION_MONITORING,RV-02
ALT-202605-003646,APP-202605-070140,R0335,2026-05-12T13:22:18,DOCUMENT,RV-01
ALT-202605-003647,APP-202605-027598,R0129,2026-05-22T06:33:40,HIGH_VALUE,RV-05
ALT-202605-003648,APP-202605-032261,R0002,2026-05-30T19:52:40,IDENTITY,RV-03
ALT-202605-003649,APP-202605-072297,R0315,2026-05-06T07:55:33,TRANSACTION_MONITORING,RV-01
ALT-202605-003650,APP-202605-051204,R0002,2026-05-14T07:43:43,DOCUMENT,RV-02
ALT-202605-003651,APP-202605-071114,R0130,2026-05-16T08:31:38,HIGH_VALUE,RV-06
ALT-202605-003652,APP-202605-052963,R0129,2026-05-29T11:36:43,IDENTITY,RV-02
ALT-202605-003653,APP-202605-026385,R0081,2026-05-30T17:44:40,TRANSACTION_MONITORING,RV-06
ALT-202605-003654,APP-202605-067405,R0250,2026-05-03T14:34:21,DOCUMENT,RV-04
ALT-202605-003655,APP-202605-018527,R0129,2026-05-08T13:40:46,HIGH_VALUE,RV-06
ALT-202605-003656,APP-202605-030520,R0142,2026-05-08T06:07:39,IDENTITY,RV-02
ALT-202605-003657,APP-202605-025371,R0129,2026-05-10T17:09:17,TRANSACTION_MONITORING,RV-04
ALT-202605-003658,APP-202605-013102,R0217,2026-05-11T12:05:05,DOCUMENT,RV-02
ALT-202605-003659,APP-202605-054049,R0310,2026-05-09T07:18:03,HIGH_VALUE,RV-04
ALT-202605-003660,APP-202605-025017,R0002,2026-05-21T10:56:22,IDENTITY,RV-02
ALT-202605-003661,APP-202605-073071,R0071,2026-05-20T11:03:56,TRANSACTION_MONITORING,RV-05
ALT-202605-003662,APP-202605-011799,R0261,2026-05-20T09:38:33,DOCUMENT,RV-04
ALT-202605-003663,APP-202605-044425,R0129,2026-05-22T06:35:19,HIGH_VALUE,RV-04
ALT-202605-003664,APP-202605-007681,R0252,2026-05-16T21:57:20,IDENTITY,RV-04
ALT-202605-003665,APP-202605-074983,R0130,2026-05-16T11:49:14,TRANSACTION_MONITORING,RV-02
ALT-202605-003666,APP-202605-045643,R0142,2026-05-30T11:23:48,DOCUMENT,RV-05
ALT-202605-003667,APP-202605-069268,R0261,2026-05-24T08:35:22,HIGH_VALUE,RV-05
ALT-202605-003668,APP-202605-071299,R0335,2026-05-31T17:20:36,IDENTITY,RV-02
ALT-202605-003669,APP-202605-037668,R0081,2026-05-13T10:33:22,TRANSACTION_MONITORING,RV-02
ALT-202605-003670,APP-202605-065275,R0129,2026-05-24T20:01:28,DOCUMENT,RV-06
ALT-202605-003671,APP-202605-073430,R0313,2026-05-17T20:56:53,HIGH_VALUE,RV-02
ALT-202605-003672,APP-202605-007903,R0261,2026-05-08T08:28:00,IDENTITY,RV-01
ALT-202605-003673,APP-202605-027772,R0261,2026-05-12T06:28:09,TRANSACTION_MONITORING,RV-04
ALT-202605-003674,APP-202605-052576,R0036,2026-05-05T08:43:47,DOCUMENT,RV-02
ALT-202605-003675,APP-202605-036022,R0129,2026-05-09T22:48:38,HIGH_VALUE,RV-04
ALT-202605-003676,APP-202605-072734,R0335,2026-05-23T07:51:23,IDENTITY,RV-04
ALT-202605-003677,APP-202605-074121,R0079,2026-05-19T15:16:26,TRANSACTION_MONITORING,RV-02
ALT-202605-003678,APP-202605-042852,R0252,2026-05-24T19:28:38,DOCUMENT,RV-01
ALT-202605-003679,APP-202605-042416,R0261,2026-05-04T15:30:37,HIGH_VALUE,RV-05
ALT-202605-003680,APP-202605-062347,R0158,2026-05-15T18:43:17,IDENTITY,RV-01
ALT-202605-003681,APP-202605-010275,R0335,2026-05-08T07:47:33,TRANSACTION_MONITORING,RV-01
ALT-202605-003682,APP-202605-043740,R0129,2026-05-15T07:57:36,DOCUMENT,RV-05
ALT-202605-003683,APP-202605-014466,R0064,2026-05-17T20:03:47,HIGH_VALUE,RV-01
ALT-202605-003684,APP-202605-043198,R0313,2026-05-16T14:25:21,IDENTITY,RV-04
ALT-202605-003685,APP-202605-033456,R0247,2026-05-23T08:19:19,TRANSACTION_MONITORING,RV-02
ALT-202605-003686,APP-202605-047652,R0142,2026-05-30T16:17:38,DOCUMENT,RV-03
ALT-202605-003687,APP-202605-043456,R0129,2026-05-18T10:41:07,HIGH_VALUE,RV-02
ALT-202605-003688,APP-202605-043185,R0064,2026-05-04T20:37:19,IDENTITY,RV-06
ALT-202605-003689,APP-202605-014239,R0129,2026-05-14T19:49:28,TRANSACTION_MONITORING,RV-06
ALT-202605-003690,APP-202605-030204,R0322,2026-05-21T17:21:20,DOCUMENT,RV-06
ALT-202605-003691,APP-202605-041321,R0129,2026-05-02T20:49:16,HIGH_VALUE,RV-04
ALT-202605-003692,APP-202605-004541,R0158,2026-05-18T11:08:46,IDENTITY,RV-06
ALT-202605-003693,APP-202605-041552,R0071,2026-05-12T12:33:43,TRANSACTION_MONITORING,RV-06
ALT-202605-003694,APP-202605-031311,R0217,2026-05-12T19:29:08,DOCUMENT,RV-02
ALT-202605-003695,APP-202605-033047,R0109,2026-05-20T17:40:35,HIGH_VALUE,RV-03
ALT-202605-003696,APP-202605-028161,R0130,2026-05-16T19:46:15,IDENTITY,RV-04
ALT-202605-003697,APP-202605-021710,R0129,2026-05-03T18:20:40,TRANSACTION_MONITORING,RV-05
ALT-202605-003698,APP-202605-035151,R0247,2026-05-31T12:27:12,DOCUMENT,RV-03
ALT-202605-003699,APP-202605-021513,R0273,2026-05-20T06:54:03,HIGH_VALUE,RV-01
ALT-202605-003700,APP-202605-001895,R0335,2026-05-11T20:58:43,IDENTITY,RV-02
ALT-202605-003701,APP-202605-058065,R0130,2026-05-11T14:02:37,TRANSACTION_MONITORING,RV-05
ALT-202605-003702,APP-202605-004399,R0302,2026-05-26T15:14:34,DOCUMENT,RV-06
ALT-202605-003703,APP-202605-007866,R0002,2026-05-09T14:41:24,HIGH_VALUE,RV-02
ALT-202605-003704,APP-202605-000144,R0130,2026-05-30T11:29:27,IDENTITY,RV-01
ALT-202605-003705,APP-202605-023234,R0081,2026-05-10T08:29:36,TRANSACTION_MONITORING,RV-06
ALT-202605-003706,APP-202605-013386,R0261,2026-05-02T18:28:18,DOCUMENT,RV-02
ALT-202605-003707,APP-202605-019468,R0130,2026-05-30T15:06:07,HIGH_VALUE,RV-05
ALT-202605-003708,APP-202605-032647,R0261,2026-05-21T15:21:59,IDENTITY,RV-01
ALT-202605-003709,APP-202605-021238,R0079,2026-05-16T20:18:59,TRANSACTION_MONITORING,RV-03
ALT-202605-003710,APP-202605-056837,R0064,2026-05-10T15:22:16,DOCUMENT,RV-03
ALT-202605-003711,APP-202605-013749,R0158,2026-05-21T15:34:42,HIGH_VALUE,RV-06
ALT-202605-003712,APP-202605-038705,R0247,2026-05-31T11:24:44,IDENTITY,RV-04
ALT-202605-003713,APP-202605-032133,R0322,2026-05-29T15:45:59,TRANSACTION_MONITORING,RV-04
ALT-202605-003714,APP-202605-063429,R0129,2026-05-07T20:00:45,DOCUMENT,RV-01
ALT-202605-003715,APP-202605-045129,R0261,2026-05-29T19:31:13,HIGH_VALUE,RV-05
ALT-202605-003716,APP-202605-009792,R0261,2026-05-24T10:04:49,IDENTITY,RV-03
ALT-202605-003717,APP-202605-033105,R0002,2026-05-13T22:30:39,TRANSACTION_MONITORING,RV-01
ALT-202605-003718,APP-202605-042896,R0129,2026-05-23T06:46:02,DOCUMENT,RV-06
ALT-202605-003719,APP-202605-040576,R0129,2026-05-25T22:27:44,HIGH_VALUE,RV-04
ALT-202605-003720,APP-202605-013252,R0076,2026-05-28T18:40:05,IDENTITY,RV-02
ALT-202605-003721,APP-202605-041944,R0071,2026-05-07T21:34:28,TRANSACTION_MONITORING,RV-03
ALT-202605-003722,APP-202605-074310,R0076,2026-05-12T11:03:19,DOCUMENT,RV-04
ALT-202605-003723,APP-202605-001657,R0261,2026-05-03T09:33:46,HIGH_VALUE,RV-03
ALT-202605-003724,APP-202605-020140,R0081,2026-05-24T13:18:30,IDENTITY,RV-02
ALT-202605-003725,APP-202605-036366,R0002,2026-05-11T20:35:35,TRANSACTION_MONITORING,RV-03
ALT-202605-003726,APP-202605-005723,R0322,2026-05-30T21:23:01,DOCUMENT,RV-01
ALT-202605-003727,APP-202605-027947,R0081,2026-05-15T14:41:19,HIGH_VALUE,RV-05
ALT-202605-003728,APP-202605-029262,R0129,2026-05-24T07:30:01,IDENTITY,RV-03
ALT-202605-003729,APP-202605-053384,R0071,2026-05-24T19:08:32,TRANSACTION_MONITORING,RV-05
ALT-202605-003730,APP-202605-011641,R0096,2026-05-22T19:10:04,DOCUMENT,RV-06
ALT-202605-003731,APP-202605-040624,R0247,2026-05-01T12:49:44,HIGH_VALUE,RV-05
ALT-202605-003732,APP-202605-063958,R0129,2026-05-12T16:58:01,IDENTITY,RV-05
ALT-202605-003733,APP-202605-052934,R0217,2026-05-29T20:02:58,TRANSACTION_MONITORING,RV-01
ALT-202605-003734,APP-202605-015687,R0250,2026-05-19T19:04:09,DOCUMENT,RV-05
ALT-202605-003735,APP-202605-035826,R0064,2026-05-09T15:54:22,HIGH_VALUE,RV-02
ALT-202605-003736,APP-202605-026801,R0250,2026-05-13T19:56:39,IDENTITY,RV-01
ALT-202605-003737,APP-202605-063993,R0252,2026-05-09T08:05:05,TRANSACTION_MONITORING,RV-03
ALT-202605-003738,APP-202605-038573,R0313,2026-05-04T13:57:46,DOCUMENT,RV-03
ALT-202605-003739,APP-202605-010777,R0322,2026-05-07T19:02:42,HIGH_VALUE,RV-05
ALT-202605-003740,APP-202605-004426,R0002,2026-05-17T10:27:38,IDENTITY,RV-04
ALT-202605-003741,APP-202605-008373,R0322,2026-05-22T09:08:42,TRANSACTION_MONITORING,RV-03
ALT-202605-003742,APP-202605-058648,R0002,2026-05-12T19:15:52,DOCUMENT,RV-03
ALT-202605-003743,APP-202605-038405,R0315,2026-05-29T10:56:42,HIGH_VALUE,RV-03
ALT-202605-003744,APP-202605-024093,R0001,2026-05-30T12:22:39,IDENTITY,RV-04
ALT-202605-003745,APP-202605-002908,R0081,2026-05-18T06:26:43,TRANSACTION_MONITORING,RV-05
ALT-202605-003746,APP-202605-021090,R0322,2026-05-22T12:39:29,DOCUMENT,RV-01
ALT-202605-003747,APP-202605-007012,R0281,2026-05-27T11:50:00,HIGH_VALUE,RV-06
ALT-202605-003748,APP-202605-030724,R0081,2026-05-16T20:33:40,IDENTITY,RV-04
ALT-202605-003749,APP-202605-007670,R0002,2026-05-25T21:51:06,TRANSACTION_MONITORING,RV-06
ALT-202605-003750,APP-202605-042074,R0096,2026-05-28T15:19:16,DOCUMENT,RV-02
ALT-202605-003751,APP-202605-004736,R0129,2026-05-25T19:42:04,HIGH_VALUE,RV-05
ALT-202605-003752,APP-202605-055084,R0250,2026-05-18T07:44:22,IDENTITY,RV-02
ALT-202605-003753,APP-202605-073576,R0071,2026-05-16T17:50:04,TRANSACTION_MONITORING,RV-03
ALT-202605-003754,APP-202605-041630,R0322,2026-05-09T18:48:53,DOCUMENT,RV-05
ALT-202605-003755,APP-202605-068500,R0247,2026-05-23T22:32:39,HIGH_VALUE,RV-01
ALT-202605-003756,APP-202605-059506,R0335,2026-05-27T13:44:09,IDENTITY,RV-05
ALT-202605-003757,APP-202605-038399,R0261,2026-05-31T22:46:31,TRANSACTION_MONITORING,RV-05
ALT-202605-003758,APP-202605-010382,R0261,2026-05-25T15:02:33,DOCUMENT,RV-05
ALT-202605-003759,APP-202605-073124,R0109,2026-05-14T09:47:36,HIGH_VALUE,RV-04
ALT-202605-003760,APP-202605-050655,R0322,2026-05-04T19:35:41,IDENTITY,RV-03
ALT-202605-003761,APP-202605-012240,R0130,2026-05-30T07:14:11,TRANSACTION_MONITORING,RV-05
ALT-202605-003762,APP-202605-011658,R0129,2026-05-28T19:48:42,DOCUMENT,RV-06
ALT-202605-003763,APP-202605-057209,R0081,2026-05-30T09:17:58,HIGH_VALUE,RV-04
ALT-202605-003764,APP-202605-006715,R0129,2026-05-07T19:08:21,IDENTITY,RV-03
ALT-202605-003765,APP-202605-061008,R0129,2026-05-03T13:21:30,TRANSACTION_MONITORING,RV-02
ALT-202605-003766,APP-202605-064442,R0109,2026-05-04T22:03:17,DOCUMENT,RV-03
ALT-202605-003767,APP-202605-039111,R0217,2026-05-21T18:22:32,HIGH_VALUE,RV-06
ALT-202605-003768,APP-202605-011681,R0064,2026-05-16T22:15:13,IDENTITY,RV-01
ALT-202605-003769,APP-202605-029555,R0335,2026-05-12T17:03:43,TRANSACTION_MONITORING,RV-01
ALT-202605-003770,APP-202605-052040,R0335,2026-05-01T13:55:18,DOCUMENT,RV-01
ALT-202605-003771,APP-202605-040190,R0002,2026-05-15T11:50:30,HIGH_VALUE,RV-05
ALT-202605-003772,APP-202605-069513,R0129,2026-05-16T22:36:52,IDENTITY,RV-06
ALT-202605-003773,APP-202605-043841,R0322,2026-05-16T13:19:55,TRANSACTION_MONITORING,RV-06
ALT-202605-003774,APP-202605-032559,R0076,2026-05-26T09:12:56,DOCUMENT,RV-04
ALT-202605-003775,APP-202605-027781,R0079,2026-05-17T10:29:12,HIGH_VALUE,RV-05
ALT-202605-003776,APP-202605-024354,R0261,2026-05-23T15:57:51,IDENTITY,RV-01
ALT-202605-003777,APP-202605-054851,R0335,2026-05-21T10:33:10,TRANSACTION_MONITORING,RV-02
ALT-202605-003778,APP-202605-005612,R0129,2026-05-20T22:53:22,DOCUMENT,RV-05
ALT-202605-003779,APP-202605-059466,R0252,2026-05-31T15:25:06,HIGH_VALUE,RV-04
ALT-202605-003780,APP-202605-029110,R0129,2026-05-03T06:48:16,IDENTITY,RV-03
ALT-202605-003781,APP-202605-021150,R0096,2026-05-05T09:46:02,TRANSACTION_MONITORING,RV-02
ALT-202605-003782,APP-202605-003281,R0250,2026-05-04T13:53:18,DOCUMENT,RV-04
ALT-202605-003783,APP-202605-033547,R0322,2026-05-12T18:33:31,HIGH_VALUE,RV-02
ALT-202605-003784,APP-202605-004569,R0158,2026-05-14T09:27:38,IDENTITY,RV-06
ALT-202605-003785,APP-202605-045080,R0045,2026-05-16T20:18:27,TRANSACTION_MONITORING,RV-05
ALT-202605-003786,APP-202605-066208,R0129,2026-05-13T15:29:39,DOCUMENT,RV-03
ALT-202605-003787,APP-202605-004096,R0313,2026-05-29T17:17:48,HIGH_VALUE,RV-06
ALT-202605-003788,APP-202605-049266,R0129,2026-05-14T12:02:04,IDENTITY,RV-03
ALT-202605-003789,APP-202605-029537,R0129,2026-05-06T15:12:17,TRANSACTION_MONITORING,RV-03
ALT-202605-003790,APP-202605-023295,R0281,2026-05-30T06:19:49,DOCUMENT,RV-06
ALT-202605-003791,APP-202605-014259,R0322,2026-05-15T13:26:01,HIGH_VALUE,RV-04
ALT-202605-003792,APP-202605-049278,R0250,2026-05-04T11:29:59,IDENTITY,RV-01
ALT-202605-003793,APP-202605-031457,R0250,2026-05-05T19:01:00,TRANSACTION_MONITORING,RV-04
ALT-202605-003794,APP-202605-055647,R0250,2026-05-30T09:07:08,DOCUMENT,RV-01
ALT-202605-003795,APP-202605-042394,R0129,2026-05-06T11:03:33,HIGH_VALUE,RV-02
ALT-202605-003796,APP-202605-071070,R0250,2026-05-10T06:31:55,IDENTITY,RV-06
ALT-202605-003797,APP-202605-002981,R0129,2026-05-05T21:30:22,TRANSACTION_MONITORING,RV-05
ALT-202605-003798,APP-202605-038356,R0115,2026-05-09T11:41:19,DOCUMENT,RV-03
ALT-202605-003799,APP-202605-058907,R0142,2026-05-26T15:06:28,HIGH_VALUE,RV-03
ALT-202605-003800,APP-202605-043156,R0081,2026-05-27T20:18:03,IDENTITY,RV-02
ALT-202605-003801,APP-202605-059560,R0250,2026-05-18T06:19:25,TRANSACTION_MONITORING,RV-05
ALT-202605-003802,APP-202605-052330,R0129,2026-05-03T19:30:51,DOCUMENT,RV-03
ALT-202605-003803,APP-202605-056439,R0252,2026-05-15T12:25:16,HIGH_VALUE,RV-05
ALT-202605-003804,APP-202605-017072,R0109,2026-05-17T10:28:36,IDENTITY,RV-06
ALT-202605-003805,APP-202605-057906,R0071,2026-05-16T14:08:09,TRANSACTION_MONITORING,RV-04
ALT-202605-003806,APP-202605-028727,R0079,2026-05-20T10:32:07,DOCUMENT,RV-05
ALT-202605-003807,APP-202605-070169,R0130,2026-05-20T09:07:20,HIGH_VALUE,RV-04
ALT-202605-003808,APP-202605-063096,R0335,2026-05-21T15:09:41,IDENTITY,RV-05
ALT-202605-003809,APP-202605-013605,R0247,2026-05-30T16:47:20,TRANSACTION_MONITORING,RV-05
ALT-202605-003810,APP-202605-026889,R0261,2026-05-11T13:43:24,DOCUMENT,RV-04
ALT-202605-003811,APP-202605-001005,R0038,2026-05-10T16:35:57,HIGH_VALUE,RV-01
ALT-202605-003812,APP-202605-031285,R0261,2026-05-06T20:31:25,IDENTITY,RV-01
ALT-202605-003813,APP-202605-002653,R0261,2026-05-13T16:19:08,TRANSACTION_MONITORING,RV-01
ALT-202605-003814,APP-202605-046819,R0079,2026-05-29T16:16:51,DOCUMENT,RV-05
ALT-202605-003815,APP-202605-073974,R0129,2026-05-06T20:22:23,HIGH_VALUE,RV-03
ALT-202605-003816,APP-202605-073952,R0071,2026-05-20T15:00:56,IDENTITY,RV-03
ALT-202605-003817,APP-202605-065744,R0129,2026-05-13T18:52:55,TRANSACTION_MONITORING,RV-03
ALT-202605-003818,APP-202605-034058,R0081,2026-05-05T21:48:13,DOCUMENT,RV-03
ALT-202605-003819,APP-202605-053734,R0335,2026-05-29T13:22:10,HIGH_VALUE,RV-02
ALT-202605-003820,APP-202605-020117,R0217,2026-05-25T14:57:42,IDENTITY,RV-04
ALT-202605-003821,APP-202605-046804,R0247,2026-05-29T16:14:14,TRANSACTION_MONITORING,RV-02
ALT-202605-003822,APP-202605-011288,R0261,2026-05-02T06:01:42,DOCUMENT,RV-02
ALT-202605-003823,APP-202605-049682,R0247,2026-05-21T08:17:13,HIGH_VALUE,RV-03
ALT-202605-003824,APP-202605-064488,R0002,2026-05-27T16:06:08,IDENTITY,RV-01
ALT-202605-003825,APP-202605-050846,R0315,2026-05-16T07:08:21,TRANSACTION_MONITORING,RV-01
ALT-202605-003826,APP-202605-007157,R0158,2026-05-03T14:14:03,DOCUMENT,RV-03
ALT-202605-003827,APP-202605-031553,R0310,2026-05-12T07:45:00,HIGH_VALUE,RV-02
ALT-202605-003828,APP-202605-046475,R0322,2026-05-24T07:00:22,IDENTITY,RV-05
ALT-202605-003829,APP-202605-009543,R0315,2026-05-21T19:25:49,TRANSACTION_MONITORING,RV-02
ALT-202605-003830,APP-202605-046650,R0129,2026-05-03T17:43:54,DOCUMENT,RV-05
ALT-202605-003831,APP-202605-056072,R0250,2026-05-18T06:00:27,HIGH_VALUE,RV-04
ALT-202605-003832,APP-202605-026155,R0313,2026-05-03T08:54:04,IDENTITY,RV-01
ALT-202605-003833,APP-202605-055358,R0313,2026-05-03T21:09:26,TRANSACTION_MONITORING,RV-03
ALT-202605-003834,APP-202605-044081,R0070,2026-05-24T12:12:13,DOCUMENT,RV-02
ALT-202605-003835,APP-202605-062889,R0247,2026-05-04T18:16:12,HIGH_VALUE,RV-01
ALT-202605-003836,APP-202605-025175,R0129,2026-05-27T14:55:15,IDENTITY,RV-05
ALT-202605-003837,APP-202605-060070,R0109,2026-05-20T22:52:14,TRANSACTION_MONITORING,RV-02
ALT-202605-003838,APP-202605-011049,R0130,2026-05-18T06:40:00,DOCUMENT,RV-02
ALT-202605-003839,APP-202605-017625,R0081,2026-05-23T15:54:10,HIGH_VALUE,RV-01
ALT-202605-003840,APP-202605-029009,R0247,2026-05-06T14:15:26,IDENTITY,RV-05
ALT-202605-003841,APP-202605-056351,R0247,2026-05-18T09:52:32,TRANSACTION_MONITORING,RV-05
ALT-202605-003842,APP-202605-002047,R0079,2026-05-29T18:43:23,DOCUMENT,RV-04
ALT-202605-003843,APP-202605-062969,R0322,2026-05-26T17:57:53,HIGH_VALUE,RV-01
ALT-202605-003844,APP-202605-045853,R0071,2026-05-30T17:03:28,IDENTITY,RV-04
ALT-202605-003845,APP-202605-037035,R0045,2026-05-11T17:08:20,TRANSACTION_MONITORING,RV-05
ALT-202605-003846,APP-202605-029201,R0129,2026-05-11T13:48:02,DOCUMENT,RV-06
ALT-202605-003847,APP-202605-028036,R0079,2026-05-28T14:51:04,HIGH_VALUE,RV-01
ALT-202605-003848,APP-202605-015849,R0001,2026-05-30T08:48:03,IDENTITY,RV-04
ALT-202605-003849,APP-202605-055086,R0261,2026-05-22T07:40:24,TRANSACTION_MONITORING,RV-02
ALT-202605-003850,APP-202605-052560,R0064,2026-05-18T16:03:49,DOCUMENT,RV-03
ALT-202605-003851,APP-202605-026966,R0281,2026-05-19T07:35:41,HIGH_VALUE,RV-04
ALT-202605-003852,APP-202605-058727,R0315,2026-05-02T11:20:35,IDENTITY,RV-05
ALT-202605-003853,APP-202605-019911,R0076,2026-05-12T08:44:17,TRANSACTION_MONITORING,RV-03
ALT-202605-003854,APP-202605-009832,R0252,2026-05-12T16:16:27,DOCUMENT,RV-03
ALT-202605-003855,APP-202605-061828,R0079,2026-05-29T22:56:57,HIGH_VALUE,RV-02
ALT-202605-003856,APP-202605-045383,R0071,2026-05-31T09:40:53,IDENTITY,RV-06
ALT-202605-003857,APP-202605-051286,R0071,2026-05-04T11:56:41,TRANSACTION_MONITORING,RV-02
ALT-202605-003858,APP-202605-006627,R0261,2026-05-04T10:21:18,DOCUMENT,RV-05
ALT-202605-003859,APP-202605-071337,R0002,2026-05-24T18:24:59,HIGH_VALUE,RV-06
ALT-202605-003860,APP-202605-001832,R0261,2026-05-02T15:56:01,IDENTITY,RV-05
ALT-202605-003861,APP-202605-065337,R0129,2026-05-10T13:17:12,TRANSACTION_MONITORING,RV-05
ALT-202605-003862,APP-202605-044121,R0130,2026-05-13T14:43:50,DOCUMENT,RV-01
ALT-202605-003863,APP-202605-005591,R0313,2026-05-25T06:22:17,HIGH_VALUE,RV-04
ALT-202605-003864,APP-202605-037921,R0096,2026-05-25T10:35:06,IDENTITY,RV-03
ALT-202605-003865,APP-202605-074922,R0261,2026-05-09T11:32:05,TRANSACTION_MONITORING,RV-01
ALT-202605-003866,APP-202605-011425,R0335,2026-05-07T19:10:31,DOCUMENT,RV-05
ALT-202605-003867,APP-202605-014593,R0261,2026-05-21T07:58:25,HIGH_VALUE,RV-05
ALT-202605-003868,APP-202605-070047,R0076,2026-05-02T09:41:27,IDENTITY,RV-04
ALT-202605-003869,APP-202605-054959,R0313,2026-05-27T11:38:58,TRANSACTION_MONITORING,RV-05
ALT-202605-003870,APP-202605-008613,R0129,2026-05-12T16:56:42,DOCUMENT,RV-02
ALT-202605-003871,APP-202605-019709,R0315,2026-05-29T12:55:14,HIGH_VALUE,RV-01
ALT-202605-003872,APP-202605-019417,R0002,2026-05-30T11:48:59,IDENTITY,RV-06
ALT-202605-003873,APP-202605-038638,R0001,2026-05-17T14:53:02,TRANSACTION_MONITORING,RV-02
ALT-202605-003874,APP-202605-061652,R0129,2026-05-12T19:33:06,DOCUMENT,RV-06
ALT-202605-003875,APP-202605-051594,R0129,2026-05-29T09:59:54,HIGH_VALUE,RV-06
ALT-202605-003876,APP-202605-050759,R0142,2026-05-24T18:04:11,IDENTITY,RV-04
ALT-202605-003877,APP-202605-071877,R0261,2026-05-24T10:56:29,TRANSACTION_MONITORING,RV-04
ALT-202605-003878,APP-202605-040937,R0129,2026-05-09T19:19:59,DOCUMENT,RV-04
ALT-202605-003879,APP-202605-031464,R0322,2026-05-11T09:41:29,HIGH_VALUE,RV-01
ALT-202605-003880,APP-202605-027978,R0129,2026-05-30T08:05:12,IDENTITY,RV-05
ALT-202605-003881,APP-202605-027979,R0071,2026-05-29T10:26:08,TRANSACTION_MONITORING,RV-03
ALT-202605-003882,APP-202605-071282,R0322,2026-05-06T22:12:47,DOCUMENT,RV-04
ALT-202605-003883,APP-202605-017036,R0130,2026-05-23T10:19:25,HIGH_VALUE,RV-06
ALT-202605-003884,APP-202605-038527,R0070,2026-05-24T12:08:20,IDENTITY,RV-02
ALT-202605-003885,APP-202605-055722,R0045,2026-05-11T16:48:18,TRANSACTION_MONITORING,RV-06
ALT-202605-003886,APP-202605-055983,R0130,2026-05-30T22:26:40,DOCUMENT,RV-05
ALT-202605-003887,APP-202605-046597,R0217,2026-05-14T11:08:40,HIGH_VALUE,RV-06
ALT-202605-003888,APP-202605-058431,R0129,2026-05-29T21:45:54,IDENTITY,RV-04
ALT-202605-003889,APP-202605-032802,R0261,2026-05-15T10:00:54,TRANSACTION_MONITORING,RV-04
ALT-202605-003890,APP-202605-043241,R0076,2026-05-06T09:40:56,DOCUMENT,RV-01
ALT-202605-003891,APP-202605-059217,R0322,2026-05-26T08:14:23,HIGH_VALUE,RV-02
ALT-202605-003892,APP-202605-000296,R0261,2026-05-11T07:27:34,IDENTITY,RV-01
ALT-202605-003893,APP-202605-044922,R0252,2026-05-23T11:17:10,TRANSACTION_MONITORING,RV-03
ALT-202605-003894,APP-202605-036777,R0335,2026-05-17T06:46:15,DOCUMENT,RV-02
ALT-202605-003895,APP-202605-026305,R0129,2026-05-14T13:21:09,HIGH_VALUE,RV-01
ALT-202605-003896,APP-202605-001731,R0142,2026-05-03T17:58:33,IDENTITY,RV-03
ALT-202605-003897,APP-202605-006542,R0081,2026-05-20T13:44:58,TRANSACTION_MONITORING,RV-05
ALT-202605-003898,APP-202605-022921,R0273,2026-05-01T20:34:59,DOCUMENT,RV-02
ALT-202605-003899,APP-202605-004174,R0002,2026-05-24T15:55:53,HIGH_VALUE,RV-04
ALT-202605-003900,APP-202605-000611,R0217,2026-05-04T20:31:58,IDENTITY,RV-03
ALT-202605-003901,APP-202605-045385,R0281,2026-05-04T17:40:57,TRANSACTION_MONITORING,RV-02
ALT-202605-003902,APP-202605-041578,R0158,2026-05-05T15:02:38,DOCUMENT,RV-02
ALT-202605-003903,APP-202605-000418,R0129,2026-05-29T11:04:14,HIGH_VALUE,RV-06
ALT-202605-003904,APP-202605-014287,R0109,2026-05-29T16:35:19,IDENTITY,RV-02
ALT-202605-003905,APP-202605-005005,R0081,2026-05-06T17:18:22,TRANSACTION_MONITORING,RV-06
ALT-202605-003906,APP-202605-051368,R0252,2026-05-07T08:24:56,DOCUMENT,RV-04
ALT-202605-003907,APP-202605-071654,R0313,2026-05-19T18:02:35,HIGH_VALUE,RV-05
ALT-202605-003908,APP-202605-063643,R0261,2026-05-17T06:57:11,IDENTITY,RV-01
ALT-202605-003909,APP-202605-030807,R0252,2026-05-06T06:19:28,TRANSACTION_MONITORING,RV-05
ALT-202605-003910,APP-202605-007209,R0129,2026-05-12T12:21:52,DOCUMENT,RV-06
ALT-202605-003911,APP-202605-067199,R0129,2026-05-01T17:51:23,HIGH_VALUE,RV-05
ALT-202605-003912,APP-202605-067389,R0002,2026-05-29T14:33:33,IDENTITY,RV-01
ALT-202605-003913,APP-202605-023365,R0130,2026-05-27T17:19:57,TRANSACTION_MONITORING,RV-05
ALT-202605-003914,APP-202605-068689,R0247,2026-05-15T12:19:51,DOCUMENT,RV-05
ALT-202605-003915,APP-202605-015440,R0252,2026-05-01T13:06:51,HIGH_VALUE,RV-03
ALT-202605-003916,APP-202605-068017,R0142,2026-05-15T22:10:11,IDENTITY,RV-06
ALT-202605-003917,APP-202605-060532,R0064,2026-05-26T12:49:11,TRANSACTION_MONITORING,RV-04
ALT-202605-003918,APP-202605-023434,R0322,2026-05-22T12:33:20,DOCUMENT,RV-04
ALT-202605-003919,APP-202605-017656,R0252,2026-05-10T14:17:51,HIGH_VALUE,RV-01
ALT-202605-003920,APP-202605-039506,R0079,2026-05-30T13:34:26,IDENTITY,RV-05
ALT-202605-003921,APP-202605-036920,R0158,2026-05-21T20:36:55,TRANSACTION_MONITORING,RV-06
ALT-202605-003922,APP-202605-040667,R0281,2026-05-19T08:21:54,DOCUMENT,RV-02
ALT-202605-003923,APP-202605-001643,R0281,2026-05-09T10:00:16,HIGH_VALUE,RV-03
ALT-202605-003924,APP-202605-012821,R0252,2026-05-11T18:30:34,IDENTITY,RV-06
ALT-202605-003925,APP-202605-023111,R0142,2026-05-21T10:05:09,TRANSACTION_MONITORING,RV-01
ALT-202605-003926,APP-202605-020755,R0036,2026-05-20T08:31:24,DOCUMENT,RV-03
ALT-202605-003927,APP-202605-021525,R0096,2026-05-01T12:19:06,HIGH_VALUE,RV-04
ALT-202605-003928,APP-202605-046078,R0096,2026-05-25T19:31:22,IDENTITY,RV-03
ALT-202605-003929,APP-202605-051570,R0313,2026-05-12T20:03:14,TRANSACTION_MONITORING,RV-02
ALT-202605-003930,APP-202605-031985,R0335,2026-05-07T22:30:30,DOCUMENT,RV-02
ALT-202605-003931,APP-202605-069017,R0250,2026-05-18T07:02:28,HIGH_VALUE,RV-04
ALT-202605-003932,APP-202605-023678,R0250,2026-05-17T18:37:37,IDENTITY,RV-01
ALT-202605-003933,APP-202605-045623,R0142,2026-05-04T22:20:07,TRANSACTION_MONITORING,RV-03
ALT-202605-003934,APP-202605-005468,R0250,2026-05-02T16:19:58,DOCUMENT,RV-01
ALT-202605-003935,APP-202605-071307,R0076,2026-05-06T14:38:54,HIGH_VALUE,RV-04
ALT-202605-003936,APP-202605-052299,R0002,2026-05-13T07:33:36,IDENTITY,RV-05
ALT-202605-003937,APP-202605-021629,R0045,2026-05-29T09:04:05,TRANSACTION_MONITORING,RV-01
ALT-202605-003938,APP-202605-047185,R0081,2026-05-22T12:02:11,DOCUMENT,RV-05
ALT-202605-003939,APP-202605-017005,R0129,2026-05-11T16:32:49,HIGH_VALUE,RV-04
ALT-202605-003940,APP-202605-021031,R0081,2026-05-16T22:13:23,IDENTITY,RV-01
ALT-202605-003941,APP-202605-052273,R0079,2026-05-30T11:09:56,TRANSACTION_MONITORING,RV-06
ALT-202605-003942,APP-202605-052693,R0217,2026-05-07T16:51:49,DOCUMENT,RV-06
ALT-202605-003943,APP-202605-049472,R0071,2026-05-19T17:55:56,HIGH_VALUE,RV-04
ALT-202605-003944,APP-202605-032707,R0261,2026-05-21T08:24:12,IDENTITY,RV-03
ALT-202605-003945,APP-202605-066978,R0081,2026-05-11T15:18:54,TRANSACTION_MONITORING,RV-02
ALT-202605-003946,APP-202605-040452,R0315,2026-05-31T20:59:30,DOCUMENT,RV-01
ALT-202605-003947,APP-202605-070243,R0109,2026-05-24T08:25:00,HIGH_VALUE,RV-06
ALT-202605-003948,APP-202605-006832,R0001,2026-05-18T14:23:34,IDENTITY,RV-06
ALT-202605-003949,APP-202605-025102,R0140,2026-05-02T06:48:32,TRANSACTION_MONITORING,RV-03
ALT-202605-003950,APP-202605-059550,R0129,2026-05-06T09:53:57,DOCUMENT,RV-01
ALT-202605-003951,APP-202605-001758,R0302,2026-05-07T07:44:34,HIGH_VALUE,RV-01
ALT-202605-003952,APP-202605-048546,R0247,2026-05-03T06:20:58,IDENTITY,RV-03
ALT-202605-003953,APP-202605-000223,R0081,2026-05-29T07:55:42,TRANSACTION_MONITORING,RV-05
ALT-202605-003954,APP-202605-031389,R0071,2026-05-16T11:27:25,DOCUMENT,RV-03
ALT-202605-003955,APP-202605-072052,R0002,2026-05-27T21:44:26,HIGH_VALUE,RV-05
ALT-202605-003956,APP-202605-004724,R0335,2026-05-22T13:27:39,IDENTITY,RV-01
ALT-202605-003957,APP-202605-010768,R0252,2026-05-26T20:32:28,TRANSACTION_MONITORING,RV-04
ALT-202605-003958,APP-202605-066235,R0261,2026-05-01T09:15:41,DOCUMENT,RV-03
ALT-202605-003959,APP-202605-011964,R0079,2026-05-25T10:21:45,HIGH_VALUE,RV-06
ALT-202605-003960,APP-202605-031831,R0261,2026-05-04T10:00:16,IDENTITY,RV-02
ALT-202605-003961,APP-202605-074298,R0079,2026-05-26T13:43:16,TRANSACTION_MONITORING,RV-02
ALT-202605-003962,APP-202605-036871,R0261,2026-05-03T09:48:46,DOCUMENT,RV-05
ALT-202605-003963,APP-202605-074900,R0071,2026-05-17T21:52:17,HIGH_VALUE,RV-04
ALT-202605-003964,APP-202605-042443,R0250,2026-05-04T10:30:32,IDENTITY,RV-05
ALT-202605-003965,APP-202605-040199,R0081,2026-05-06T06:43:04,TRANSACTION_MONITORING,RV-03
ALT-202605-003966,APP-202605-050306,R0129,2026-05-02T21:56:25,DOCUMENT,RV-06
ALT-202605-003967,APP-202605-049669,R0129,2026-05-16T18:54:55,HIGH_VALUE,RV-01
ALT-202605-003968,APP-202605-020940,R0129,2026-05-18T08:06:35,IDENTITY,RV-01
ALT-202605-003969,APP-202605-007922,R0313,2026-05-21T10:26:26,TRANSACTION_MONITORING,RV-05
ALT-202605-003970,APP-202605-006602,R0217,2026-05-31T17:47:19,DOCUMENT,RV-06
ALT-202605-003971,APP-202605-074230,R0109,2026-05-11T14:40:03,HIGH_VALUE,RV-04
ALT-202605-003972,APP-202605-020217,R0335,2026-05-29T06:33:10,IDENTITY,RV-01
ALT-202605-003973,APP-202605-030513,R0252,2026-05-04T19:21:31,TRANSACTION_MONITORING,RV-01
ALT-202605-003974,APP-202605-030295,R0064,2026-05-12T22:22:30,DOCUMENT,RV-03
ALT-202605-003975,APP-202605-067338,R0322,2026-05-25T09:44:33,HIGH_VALUE,RV-01
ALT-202605-003976,APP-202605-001229,R0335,2026-05-05T16:11:40,IDENTITY,RV-05
ALT-202605-003977,APP-202605-000769,R0064,2026-05-24T09:59:41,TRANSACTION_MONITORING,RV-02
ALT-202605-003978,APP-202605-016055,R0250,2026-05-14T07:57:22,DOCUMENT,RV-03
ALT-202605-003979,APP-202605-014355,R0130,2026-05-01T09:46:57,HIGH_VALUE,RV-03
ALT-202605-003980,APP-202605-006197,R0109,2026-05-22T21:09:45,IDENTITY,RV-03
ALT-202605-003981,APP-202605-034078,R0129,2026-05-01T18:42:51,TRANSACTION_MONITORING,RV-05
ALT-202605-003982,APP-202605-037842,R0261,2026-05-29T14:22:16,DOCUMENT,RV-01
ALT-202605-003983,APP-202605-039564,R0109,2026-05-15T12:44:56,HIGH_VALUE,RV-05
ALT-202605-003984,APP-202605-023002,R0129,2026-05-28T13:07:42,IDENTITY,RV-06
ALT-202605-003985,APP-202605-022562,R0158,2026-05-31T16:42:04,TRANSACTION_MONITORING,RV-06
ALT-202605-003986,APP-202605-015416,R0129,2026-05-15T11:00:43,DOCUMENT,RV-01
ALT-202605-003987,APP-202605-060814,R0322,2026-05-21T13:36:48,HIGH_VALUE,RV-01
ALT-202605-003988,APP-202605-063659,R0064,2026-05-12T08:13:28,IDENTITY,RV-01
ALT-202605-003989,APP-202605-018115,R0335,2026-05-10T06:14:18,TRANSACTION_MONITORING,RV-03
ALT-202605-003990,APP-202605-044196,R0079,2026-05-20T08:10:44,DOCUMENT,RV-04
ALT-202605-003991,APP-202605-069388,R0261,2026-05-21T06:16:22,HIGH_VALUE,RV-02
ALT-202605-003992,APP-202605-021411,R0079,2026-05-28T08:44:07,IDENTITY,RV-01
ALT-202605-003993,APP-202605-031919,R0045,2026-05-08T16:11:49,TRANSACTION_MONITORING,RV-05
ALT-202605-003994,APP-202605-030861,R0281,2026-05-26T12:16:10,DOCUMENT,RV-03
ALT-202605-003995,APP-202605-024303,R0261,2026-05-09T06:22:06,HIGH_VALUE,RV-02
ALT-202605-003996,APP-202605-028101,R0250,2026-05-15T10:50:49,IDENTITY,RV-02
ALT-202605-003997,APP-202605-009501,R0335,2026-05-28T06:56:04,TRANSACTION_MONITORING,RV-03
ALT-202605-003998,APP-202605-000629,R0045,2026-05-01T22:11:10,DOCUMENT,RV-06
ALT-202605-003999,APP-202605-009636,R0322,2026-05-22T22:10:09,HIGH_VALUE,RV-04
ALT-202605-004000,APP-202605-037431,R0129,2026-05-11T16:57:57,IDENTITY,RV-04
ALT-202605-004001,APP-202605-041721,R0129,2026-05-20T13:00:00,TRANSACTION_MONITORING,RV-04
ALT-202605-004002,APP-202605-045487,R0158,2026-05-04T21:43:40,DOCUMENT,RV-06
ALT-202605-004003,APP-202605-019054,R0322,2026-05-07T17:40:40,HIGH_VALUE,RV-04
ALT-202605-004004,APP-202605-074796,R0081,2026-05-24T18:38:06,IDENTITY,RV-05
ALT-202605-004005,APP-202605-060469,R0313,2026-05-02T21:04:10,TRANSACTION_MONITORING,RV-03
ALT-202605-004006,APP-202605-026124,R0109,2026-05-06T18:17:35,DOCUMENT,RV-05
ALT-202605-004007,APP-202605-060003,R0109,2026-05-19T18:11:29,HIGH_VALUE,RV-05
ALT-202605-004008,APP-202605-018866,R0302,2026-05-19T14:29:04,IDENTITY,RV-04
ALT-202605-004009,APP-202605-042935,R0130,2026-05-18T13:02:04,TRANSACTION_MONITORING,RV-05
ALT-202605-004010,APP-202605-027728,R0315,2026-05-29T12:05:07,DOCUMENT,RV-06
ALT-202605-004011,APP-202605-063532,R0247,2026-05-10T09:58:15,HIGH_VALUE,RV-03
ALT-202605-004012,APP-202605-058169,R0335,2026-05-21T12:15:40,IDENTITY,RV-02
ALT-202605-004013,APP-202605-063467,R0002,2026-05-30T16:47:17,TRANSACTION_MONITORING,RV-03
ALT-202605-004014,APP-202605-069238,R0261,2026-05-25T13:41:27,DOCUMENT,RV-04
ALT-202605-004015,APP-202605-068669,R0129,2026-05-08T13:10:24,HIGH_VALUE,RV-06
ALT-202605-004016,APP-202605-062027,R0001,2026-05-01T22:04:07,IDENTITY,RV-03
ALT-202605-004017,APP-202605-019920,R0335,2026-05-31T15:26:18,TRANSACTION_MONITORING,RV-04
ALT-202605-004018,APP-202605-039844,R0261,2026-05-23T12:09:22,DOCUMENT,RV-01
ALT-202605-004019,APP-202605-042545,R0335,2026-05-11T17:59:53,HIGH_VALUE,RV-06
ALT-202605-004020,APP-202605-015938,R0217,2026-05-15T17:48:33,IDENTITY,RV-05
ALT-202605-004021,APP-202605-035475,R0129,2026-05-19T11:38:27,TRANSACTION_MONITORING,RV-03
ALT-202605-004022,APP-202605-023627,R0079,2026-05-28T19:06:55,DOCUMENT,RV-06
ALT-202605-004023,APP-202605-067545,R0002,2026-05-02T21:51:17,HIGH_VALUE,RV-04
ALT-202605-004024,APP-202605-072873,R0322,2026-05-06T22:07:11,IDENTITY,RV-05
ALT-202605-004025,APP-202605-054389,R0335,2026-05-15T20:52:15,TRANSACTION_MONITORING,RV-06
ALT-202605-004026,APP-202605-063510,R0129,2026-05-08T17:33:49,DOCUMENT,RV-06
ALT-202605-004027,APP-202605-049837,R0217,2026-05-22T13:08:03,HIGH_VALUE,RV-05
ALT-202605-004028,APP-202605-052887,R0261,2026-05-26T22:57:57,IDENTITY,RV-05
ALT-202605-004029,APP-202605-064637,R0045,2026-05-29T09:44:13,TRANSACTION_MONITORING,RV-01
ALT-202605-004030,APP-202605-029593,R0261,2026-05-25T08:58:13,DOCUMENT,RV-05
ALT-202605-004031,APP-202605-022188,R0130,2026-05-20T09:20:04,HIGH_VALUE,RV-05
ALT-202605-004032,APP-202605-020020,R0109,2026-05-05T11:40:15,IDENTITY,RV-02
ALT-202605-004033,APP-202605-050851,R0129,2026-05-11T20:53:34,TRANSACTION_MONITORING,RV-04
ALT-202605-004034,APP-202605-015902,R0261,2026-05-18T17:34:04,DOCUMENT,RV-01
ALT-202605-004035,APP-202605-005481,R0250,2026-05-12T14:03:00,HIGH_VALUE,RV-02
ALT-202605-004036,APP-202605-020066,R0070,2026-05-10T11:13:29,IDENTITY,RV-02
ALT-202605-004037,APP-202605-017382,R0273,2026-05-23T21:56:13,TRANSACTION_MONITORING,RV-01
ALT-202605-004038,APP-202605-047971,R0281,2026-05-04T15:30:38,DOCUMENT,RV-06
ALT-202605-004039,APP-202605-041273,R0252,2026-05-12T11:36:38,HIGH_VALUE,RV-02
ALT-202605-004040,APP-202605-017978,R0250,2026-05-27T09:10:49,IDENTITY,RV-06
ALT-202605-004041,APP-202605-000214,R0261,2026-05-18T09:40:38,TRANSACTION_MONITORING,RV-04
ALT-202605-004042,APP-202605-073665,R0302,2026-05-19T17:50:17,DOCUMENT,RV-01
ALT-202605-004043,APP-202605-022852,R0261,2026-05-18T10:55:50,HIGH_VALUE,RV-01
ALT-202605-004044,APP-202605-030748,R0217,2026-05-31T06:14:53,IDENTITY,RV-05
ALT-202605-004045,APP-202605-034519,R0142,2026-05-28T06:49:11,TRANSACTION_MONITORING,RV-01
ALT-202605-004046,APP-202605-068400,R0247,2026-05-19T14:08:35,DOCUMENT,RV-01
ALT-202605-004047,APP-202605-006222,R0064,2026-05-20T12:19:45,HIGH_VALUE,RV-01
ALT-202605-004048,APP-202605-028096,R0115,2026-05-10T13:58:44,IDENTITY,RV-04
ALT-202605-004049,APP-202605-001994,R0322,2026-05-05T09:20:13,TRANSACTION_MONITORING,RV-04
ALT-202605-004050,APP-202605-001222,R0064,2026-05-10T19:37:15,DOCUMENT,RV-04
ALT-202605-004051,APP-202605-028663,R0261,2026-05-31T19:15:59,HIGH_VALUE,RV-04
ALT-202605-004052,APP-202605-014703,R0322,2026-05-03T20:13:00,IDENTITY,RV-02
ALT-202605-004053,APP-202605-025158,R0247,2026-05-09T17:21:47,TRANSACTION_MONITORING,RV-03
ALT-202605-004054,APP-202605-056312,R0158,2026-05-24T08:19:17,DOCUMENT,RV-06
ALT-202605-004055,APP-202605-032103,R0322,2026-05-25T13:53:15,HIGH_VALUE,RV-04
ALT-202605-004056,APP-202605-040475,R0079,2026-05-06T22:53:54,IDENTITY,RV-06
ALT-202605-004057,APP-202605-049720,R0335,2026-05-12T09:06:40,TRANSACTION_MONITORING,RV-06
ALT-202605-004058,APP-202605-044256,R0081,2026-05-10T13:28:33,DOCUMENT,RV-05
ALT-202605-004059,APP-202605-022841,R0002,2026-05-10T22:24:53,HIGH_VALUE,RV-06
ALT-202605-004060,APP-202605-031847,R0129,2026-05-09T18:51:56,IDENTITY,RV-05
ALT-202605-004061,APP-202605-073939,R0335,2026-05-24T07:02:16,TRANSACTION_MONITORING,RV-02
ALT-202605-004062,APP-202605-030408,R0129,2026-05-05T11:03:43,DOCUMENT,RV-02
ALT-202605-004063,APP-202605-006122,R0129,2026-05-09T11:57:00,HIGH_VALUE,RV-01
ALT-202605-004064,APP-202605-010301,R0070,2026-05-04T22:18:29,IDENTITY,RV-05
ALT-202605-004065,APP-202605-014857,R0038,2026-05-30T19:47:23,TRANSACTION_MONITORING,RV-05
ALT-202605-004066,APP-202605-046814,R0129,2026-05-12T16:29:04,DOCUMENT,RV-05
ALT-202605-004067,APP-202605-014266,R0109,2026-05-05T07:24:05,HIGH_VALUE,RV-02
ALT-202605-004068,APP-202605-050625,R0070,2026-05-29T10:13:29,IDENTITY,RV-02
ALT-202605-004069,APP-202605-069631,R0031,2026-05-20T17:48:07,TRANSACTION_MONITORING,RV-04
ALT-202605-004070,APP-202605-017791,R0129,2026-05-23T11:55:59,DOCUMENT,RV-03
ALT-202605-004071,APP-202605-039990,R0036,2026-05-10T08:33:10,HIGH_VALUE,RV-02
ALT-202605-004072,APP-202605-013484,R0261,2026-05-12T11:49:38,IDENTITY,RV-04
ALT-202605-004073,APP-202605-061583,R0315,2026-05-17T18:34:30,TRANSACTION_MONITORING,RV-04
ALT-202605-004074,APP-202605-004004,R0002,2026-05-24T17:55:56,DOCUMENT,RV-03
ALT-202605-004075,APP-202605-059943,R0129,2026-05-24T19:37:23,HIGH_VALUE,RV-04
ALT-202605-004076,APP-202605-040494,R0261,2026-05-21T11:27:26,IDENTITY,RV-05
ALT-202605-004077,APP-202605-009428,R0302,2026-05-21T22:01:08,TRANSACTION_MONITORING,RV-03
ALT-202605-004078,APP-202605-016655,R0261,2026-05-01T12:09:40,DOCUMENT,RV-01
ALT-202605-004079,APP-202605-023686,R0081,2026-05-27T21:36:01,HIGH_VALUE,RV-06
ALT-202605-004080,APP-202605-003536,R0129,2026-05-27T08:09:12,IDENTITY,RV-01
ALT-202605-004081,APP-202605-052803,R0217,2026-05-12T12:42:47,TRANSACTION_MONITORING,RV-05
ALT-202605-004082,APP-202605-068625,R0109,2026-05-13T18:18:19,DOCUMENT,RV-03
ALT-202605-004083,APP-202605-055907,R0335,2026-05-21T14:54:43,HIGH_VALUE,RV-01
ALT-202605-004084,APP-202605-013927,R0081,2026-05-08T20:25:02,IDENTITY,RV-01
ALT-202605-004085,APP-202605-041378,R0045,2026-05-18T12:55:34,TRANSACTION_MONITORING,RV-02
ALT-202605-004086,APP-202605-046001,R0081,2026-05-31T18:49:21,DOCUMENT,RV-03
ALT-202605-004087,APP-202605-039049,R0002,2026-05-28T16:26:39,HIGH_VALUE,RV-03
ALT-202605-004088,APP-202605-005092,R0129,2026-05-13T18:02:55,IDENTITY,RV-02
ALT-202605-004089,APP-202605-049468,R0247,2026-05-08T15:28:02,TRANSACTION_MONITORING,RV-05
ALT-202605-004090,APP-202605-001877,R0130,2026-05-01T06:09:39,DOCUMENT,RV-01
ALT-202605-004091,APP-202605-064362,R0129,2026-05-23T18:18:19,HIGH_VALUE,RV-02
ALT-202605-004092,APP-202605-073086,R0129,2026-05-30T14:18:03,IDENTITY,RV-06
ALT-202605-004093,APP-202605-071718,R0247,2026-05-08T06:00:30,TRANSACTION_MONITORING,RV-02
ALT-202605-004094,APP-202605-032054,R0315,2026-05-17T08:47:13,DOCUMENT,RV-02
ALT-202605-004095,APP-202605-013043,R0129,2026-05-23T21:48:40,HIGH_VALUE,RV-06
ALT-202605-004096,APP-202605-055288,R0142,2026-05-14T10:53:43,IDENTITY,RV-01
ALT-202605-004097,APP-202605-072726,R0079,2026-05-06T13:30:55,TRANSACTION_MONITORING,RV-04
ALT-202605-004098,APP-202605-011527,R0064,2026-05-31T14:31:45,DOCUMENT,RV-03
ALT-202605-004099,APP-202605-051888,R0076,2026-05-25T21:22:22,HIGH_VALUE,RV-01
ALT-202605-004100,APP-202605-013627,R0261,2026-05-17T14:16:13,IDENTITY,RV-02
ALT-202605-004101,APP-202605-033513,R0322,2026-05-13T15:41:43,TRANSACTION_MONITORING,RV-05
ALT-202605-004102,APP-202605-059638,R0129,2026-05-25T08:46:20,DOCUMENT,RV-03
ALT-202605-004103,APP-202605-049081,R0247,2026-05-04T11:29:33,HIGH_VALUE,RV-05
ALT-202605-004104,APP-202605-007619,R0217,2026-05-10T21:54:57,IDENTITY,RV-02
ALT-202605-004105,APP-202605-029842,R0261,2026-05-05T20:34:16,TRANSACTION_MONITORING,RV-04
ALT-202605-004106,APP-202605-016788,R0273,2026-05-17T14:08:22,DOCUMENT,RV-04
ALT-202605-004107,APP-202605-001816,R0129,2026-05-06T11:54:02,HIGH_VALUE,RV-04
ALT-202605-004108,APP-202605-015711,R0335,2026-05-28T07:21:32,IDENTITY,RV-02
ALT-202605-004109,APP-202605-001132,R0142,2026-05-20T11:58:15,TRANSACTION_MONITORING,RV-05
ALT-202605-004110,APP-202605-068590,R0129,2026-05-14T06:46:15,DOCUMENT,RV-05
ALT-202605-004111,APP-202605-056854,R0261,2026-05-19T16:40:28,HIGH_VALUE,RV-03
ALT-202605-004112,APP-202605-065859,R0129,2026-05-04T10:32:00,IDENTITY,RV-02
ALT-202605-004113,APP-202605-010910,R0322,2026-05-25T10:14:24,TRANSACTION_MONITORING,RV-03
ALT-202605-004114,APP-202605-042090,R0081,2026-05-21T10:54:36,DOCUMENT,RV-01
ALT-202605-004115,APP-202605-035709,R0261,2026-05-14T06:05:16,HIGH_VALUE,RV-06
ALT-202605-004116,APP-202605-032964,R0130,2026-05-18T19:06:49,IDENTITY,RV-02
ALT-202605-004117,APP-202605-065913,R0002,2026-05-31T08:38:23,TRANSACTION_MONITORING,RV-02
ALT-202605-004118,APP-202605-068073,R0129,2026-05-26T18:43:17,DOCUMENT,RV-03
ALT-202605-004119,APP-202605-065501,R0129,2026-05-06T22:23:01,HIGH_VALUE,RV-03
ALT-202605-004120,APP-202605-012083,R0109,2026-05-17T08:42:10,IDENTITY,RV-05
ALT-202605-004121,APP-202605-006773,R0250,2026-05-30T10:29:07,TRANSACTION_MONITORING,RV-06
ALT-202605-004122,APP-202605-033323,R0079,2026-05-08T19:39:07,DOCUMENT,RV-02
ALT-202605-004123,APP-202605-031354,R0130,2026-05-11T06:46:21,HIGH_VALUE,RV-02
ALT-202605-004124,APP-202605-068507,R0261,2026-05-29T21:20:13,IDENTITY,RV-01
ALT-202605-004125,APP-202605-012926,R0109,2026-05-12T11:58:30,TRANSACTION_MONITORING,RV-05
ALT-202605-004126,APP-202605-021342,R0322,2026-05-24T09:12:55,DOCUMENT,RV-02
ALT-202605-004127,APP-202605-051162,R0322,2026-05-20T11:04:22,HIGH_VALUE,RV-03
ALT-202605-004128,APP-202605-042436,R0081,2026-05-18T10:50:06,IDENTITY,RV-04
ALT-202605-004129,APP-202605-016297,R0250,2026-05-09T17:58:42,TRANSACTION_MONITORING,RV-01
ALT-202605-004130,APP-202605-010518,R0310,2026-05-12T20:11:33,DOCUMENT,RV-05
ALT-202605-004131,APP-202605-044390,R0129,2026-05-07T06:18:00,HIGH_VALUE,RV-03
ALT-202605-004132,APP-202605-026347,R0247,2026-05-01T21:03:23,IDENTITY,RV-02
ALT-202605-004133,APP-202605-054959,R0335,2026-05-18T16:13:51,TRANSACTION_MONITORING,RV-04
ALT-202605-004134,APP-202605-016455,R0076,2026-05-26T22:31:57,DOCUMENT,RV-02
ALT-202605-004135,APP-202605-002315,R0322,2026-05-17T22:23:04,HIGH_VALUE,RV-04
ALT-202605-004136,APP-202605-037345,R0142,2026-05-30T17:20:51,IDENTITY,RV-06
ALT-202605-004137,APP-202605-015322,R0002,2026-05-28T12:15:48,TRANSACTION_MONITORING,RV-02
ALT-202605-004138,APP-202605-070311,R0335,2026-05-17T07:42:31,DOCUMENT,RV-02
ALT-202605-004139,APP-202605-054799,R0261,2026-05-30T17:33:05,HIGH_VALUE,RV-01
ALT-202605-004140,APP-202605-035448,R0250,2026-05-03T19:59:01,IDENTITY,RV-05
ALT-202605-004141,APP-202605-017785,R0076,2026-05-21T15:02:08,TRANSACTION_MONITORING,RV-03
ALT-202605-004142,APP-202605-030498,R0071,2026-05-13T06:07:29,DOCUMENT,RV-05
ALT-202605-004143,APP-202605-028149,R0129,2026-05-15T21:35:15,HIGH_VALUE,RV-06
ALT-202605-004144,APP-202605-049312,R0079,2026-05-16T06:17:58,IDENTITY,RV-01
ALT-202605-004145,APP-202605-043564,R0158,2026-05-09T11:50:31,TRANSACTION_MONITORING,RV-03
ALT-202605-004146,APP-202605-055518,R0261,2026-05-20T16:06:24,DOCUMENT,RV-06
ALT-202605-004147,APP-202605-017669,R0261,2026-05-19T19:06:55,HIGH_VALUE,RV-06
ALT-202605-004148,APP-202605-003164,R0142,2026-05-29T09:52:39,IDENTITY,RV-04
ALT-202605-004149,APP-202605-013175,R0109,2026-05-23T06:34:03,TRANSACTION_MONITORING,RV-03
ALT-202605-004150,APP-202605-023749,R0158,2026-05-18T08:01:56,DOCUMENT,RV-01
ALT-202605-004151,APP-202605-027621,R0261,2026-05-09T16:50:49,HIGH_VALUE,RV-05
ALT-202605-004152,APP-202605-052587,R0115,2026-05-15T19:18:59,IDENTITY,RV-04
ALT-202605-004153,APP-202605-015447,R0079,2026-05-30T20:35:06,TRANSACTION_MONITORING,RV-03
ALT-202605-004154,APP-202605-043704,R0247,2026-05-09T15:48:39,DOCUMENT,RV-01
ALT-202605-004155,APP-202605-043177,R0315,2026-05-10T21:56:26,HIGH_VALUE,RV-04
ALT-202605-004156,APP-202605-051001,R0261,2026-05-14T15:24:46,IDENTITY,RV-03
ALT-202605-004157,APP-202605-054206,R0335,2026-05-03T08:34:33,TRANSACTION_MONITORING,RV-04
ALT-202605-004158,APP-202605-069299,R0129,2026-05-19T18:40:16,DOCUMENT,RV-04
ALT-202605-004159,APP-202605-000833,R0129,2026-05-05T15:16:12,HIGH_VALUE,RV-04
ALT-202605-004160,APP-202605-038971,R0081,2026-05-04T08:30:11,IDENTITY,RV-03
ALT-202605-004161,APP-202605-071831,R0281,2026-05-10T11:07:47,TRANSACTION_MONITORING,RV-06
ALT-202605-004162,APP-202605-072218,R0129,2026-05-13T11:25:55,DOCUMENT,RV-01
ALT-202605-004163,APP-202605-026337,R0322,2026-05-17T20:45:39,HIGH_VALUE,RV-06
ALT-202605-004164,APP-202605-054798,R0250,2026-05-23T14:49:31,IDENTITY,RV-01
ALT-202605-004165,APP-202605-026381,R0076,2026-05-13T15:13:29,TRANSACTION_MONITORING,RV-06
ALT-202605-004166,APP-202605-058592,R0252,2026-05-29T20:22:59,DOCUMENT,RV-05
ALT-202605-004167,APP-202605-025412,R0002,2026-05-06T16:12:55,HIGH_VALUE,RV-03
ALT-202605-004168,APP-202605-045736,R0064,2026-05-25T19:53:25,IDENTITY,RV-04
ALT-202605-004169,APP-202605-046111,R0038,2026-05-02T11:44:24,TRANSACTION_MONITORING,RV-06
ALT-202605-004170,APP-202605-029599,R0313,2026-05-26T18:41:15,DOCUMENT,RV-01
ALT-202605-004171,APP-202605-007552,R0261,2026-05-26T10:40:25,HIGH_VALUE,RV-03
ALT-202605-004172,APP-202605-044578,R0071,2026-05-16T15:27:29,IDENTITY,RV-04
ALT-202605-004173,APP-202605-054286,R0081,2026-05-23T06:16:08,TRANSACTION_MONITORING,RV-05
ALT-202605-004174,APP-202605-036516,R0079,2026-05-21T21:44:18,DOCUMENT,RV-06
ALT-202605-004175,APP-202605-000309,R0217,2026-05-17T19:43:35,HIGH_VALUE,RV-06
ALT-202605-004176,APP-202605-004767,R0001,2026-05-28T07:30:16,IDENTITY,RV-04
ALT-202605-004177,APP-202605-071465,R0076,2026-05-16T16:26:21,TRANSACTION_MONITORING,RV-04
ALT-202605-004178,APP-202605-036803,R0322,2026-05-30T21:23:49,DOCUMENT,RV-06
ALT-202605-004179,APP-202605-064974,R0261,2026-05-26T06:51:16,HIGH_VALUE,RV-06
ALT-202605-004180,APP-202605-003119,R0129,2026-05-20T08:47:35,IDENTITY,RV-02
ALT-202605-004181,APP-202605-001398,R0261,2026-05-14T11:42:10,TRANSACTION_MONITORING,RV-06
ALT-202605-004182,APP-202605-041042,R0129,2026-05-22T15:37:18,DOCUMENT,RV-01
ALT-202605-004183,APP-202605-046930,R0129,2026-05-19T14:40:34,HIGH_VALUE,RV-05
ALT-202605-004184,APP-202605-061540,R0045,2026-05-24T12:41:14,IDENTITY,RV-03
ALT-202605-004185,APP-202605-028025,R0079,2026-05-08T19:06:03,TRANSACTION_MONITORING,RV-04
ALT-202605-004186,APP-202605-030727,R0129,2026-05-19T14:39:54,DOCUMENT,RV-03
ALT-202605-004187,APP-202605-057627,R0036,2026-05-18T08:59:02,HIGH_VALUE,RV-04
ALT-202605-004188,APP-202605-020249,R0247,2026-05-29T20:21:24,IDENTITY,RV-02
ALT-202605-004189,APP-202605-001280,R0115,2026-05-13T16:13:19,TRANSACTION_MONITORING,RV-03
ALT-202605-004190,APP-202605-003744,R0079,2026-05-15T07:13:58,DOCUMENT,RV-05
ALT-202605-004191,APP-202605-074095,R0079,2026-05-12T08:12:13,HIGH_VALUE,RV-04
ALT-202605-004192,APP-202605-032303,R0261,2026-05-07T19:57:06,IDENTITY,RV-05
ALT-202605-004193,APP-202605-008344,R0261,2026-05-13T19:22:08,TRANSACTION_MONITORING,RV-06
ALT-202605-004194,APP-202605-009193,R0335,2026-05-07T09:49:18,DOCUMENT,RV-01
ALT-202605-004195,APP-202605-003663,R0335,2026-05-12T17:42:40,HIGH_VALUE,RV-03
ALT-202605-004196,APP-202605-038729,R0071,2026-05-17T20:33:21,IDENTITY,RV-02
ALT-202605-004197,APP-202605-027359,R0129,2026-05-25T15:23:35,TRANSACTION_MONITORING,RV-02
ALT-202605-004198,APP-202605-022907,R0109,2026-05-15T16:17:11,DOCUMENT,RV-04
ALT-202605-004199,APP-202605-046449,R0129,2026-05-08T20:25:20,HIGH_VALUE,RV-01
ALT-202605-004200,APP-202605-058260,R0045,2026-05-19T13:46:33,IDENTITY,RV-05
ALT-202605-004201,APP-202605-003043,R0158,2026-05-22T17:17:29,TRANSACTION_MONITORING,RV-04
ALT-202605-004202,APP-202605-017846,R0315,2026-05-15T14:13:59,DOCUMENT,RV-06
ALT-202605-004203,APP-202605-023026,R0313,2026-05-27T15:52:44,HIGH_VALUE,RV-06
ALT-202605-004204,APP-202605-062174,R0252,2026-05-12T22:35:22,IDENTITY,RV-06
ALT-202605-004205,APP-202605-061046,R0313,2026-05-20T07:08:13,TRANSACTION_MONITORING,RV-05
ALT-202605-004206,APP-202605-067427,R0079,2026-05-29T13:20:56,DOCUMENT,RV-05
ALT-202605-004207,APP-202605-051881,R0250,2026-05-13T20:35:51,HIGH_VALUE,RV-06
ALT-202605-004208,APP-202605-065833,R0158,2026-05-09T09:57:41,IDENTITY,RV-05
ALT-202605-004209,APP-202605-016629,R0109,2026-05-14T15:05:49,TRANSACTION_MONITORING,RV-03
ALT-202605-004210,APP-202605-041017,R0335,2026-05-17T16:22:03,DOCUMENT,RV-02
ALT-202605-004211,APP-202605-048636,R0261,2026-05-11T11:36:30,HIGH_VALUE,RV-03
ALT-202605-004212,APP-202605-069489,R0130,2026-05-16T12:14:24,IDENTITY,RV-03
ALT-202605-004213,APP-202605-018812,R0252,2026-05-19T20:28:04,TRANSACTION_MONITORING,RV-02
ALT-202605-004214,APP-202605-002146,R0071,2026-05-22T18:18:49,DOCUMENT,RV-05
ALT-202605-004215,APP-202605-058685,R0079,2026-05-11T14:38:52,HIGH_VALUE,RV-06
ALT-202605-004216,APP-202605-034937,R0002,2026-05-08T19:00:33,IDENTITY,RV-04
ALT-202605-004217,APP-202605-057906,R0129,2026-05-31T22:00:38,TRANSACTION_MONITORING,RV-02
ALT-202605-004218,APP-202605-003021,R0335,2026-05-07T19:35:00,DOCUMENT,RV-01
ALT-202605-004219,APP-202605-026744,R0081,2026-05-10T22:58:02,HIGH_VALUE,RV-05
ALT-202605-004220,APP-202605-027407,R0109,2026-05-23T15:44:35,IDENTITY,RV-06
ALT-202605-004221,APP-202605-061943,R0252,2026-05-19T22:22:21,TRANSACTION_MONITORING,RV-02
ALT-202605-004222,APP-202605-005787,R0315,2026-05-09T15:14:30,DOCUMENT,RV-06
ALT-202605-004223,APP-202605-059424,R0335,2026-05-31T14:18:43,HIGH_VALUE,RV-02
ALT-202605-004224,APP-202605-051553,R0129,2026-05-23T06:21:01,IDENTITY,RV-06
ALT-202605-004225,APP-202605-001398,R0079,2026-05-01T22:20:41,TRANSACTION_MONITORING,RV-02
ALT-202605-004226,APP-202605-043633,R0129,2026-05-17T08:15:59,DOCUMENT,RV-06
ALT-202605-004227,APP-202605-073245,R0076,2026-05-07T06:53:20,HIGH_VALUE,RV-05
ALT-202605-004228,APP-202605-023247,R0038,2026-05-23T07:01:21,IDENTITY,RV-01
ALT-202605-004229,APP-202605-033272,R0261,2026-05-21T17:26:01,TRANSACTION_MONITORING,RV-04
ALT-202605-004230,APP-202605-000427,R0002,2026-05-31T13:36:08,DOCUMENT,RV-02
ALT-202605-004231,APP-202605-067445,R0002,2026-05-16T06:17:50,HIGH_VALUE,RV-03
ALT-202605-004232,APP-202605-072335,R0247,2026-05-10T12:08:47,IDENTITY,RV-06
ALT-202605-004233,APP-202605-068409,R0064,2026-05-05T11:22:43,TRANSACTION_MONITORING,RV-06
ALT-202605-004234,APP-202605-056014,R0129,2026-05-02T06:44:50,DOCUMENT,RV-06
ALT-202605-004235,APP-202605-056570,R0064,2026-05-27T20:00:14,HIGH_VALUE,RV-06
ALT-202605-004236,APP-202605-031391,R0129,2026-05-24T15:57:57,IDENTITY,RV-03
ALT-202605-004237,APP-202605-010696,R0129,2026-05-10T14:11:47,TRANSACTION_MONITORING,RV-04
ALT-202605-004238,APP-202605-071673,R0322,2026-05-21T07:17:15,DOCUMENT,RV-05
ALT-202605-004239,APP-202605-011894,R0250,2026-05-29T11:11:04,HIGH_VALUE,RV-04
ALT-202605-004240,APP-202605-031520,R0064,2026-05-11T21:55:07,IDENTITY,RV-01
ALT-202605-004241,APP-202605-015676,R0109,2026-05-14T06:23:10,TRANSACTION_MONITORING,RV-02
ALT-202605-004242,APP-202605-047957,R0076,2026-05-25T06:08:48,DOCUMENT,RV-05
ALT-202605-004243,APP-202605-037759,R0115,2026-05-15T13:06:34,HIGH_VALUE,RV-01
ALT-202605-004244,APP-202605-018374,R0313,2026-05-25T06:38:29,IDENTITY,RV-04
ALT-202605-004245,APP-202605-018711,R0129,2026-05-19T10:38:01,TRANSACTION_MONITORING,RV-04
ALT-202605-004246,APP-202605-044481,R0335,2026-05-09T21:27:03,DOCUMENT,RV-03
ALT-202605-004247,APP-202605-062114,R0129,2026-05-02T20:53:07,HIGH_VALUE,RV-06
ALT-202605-004248,APP-202605-052419,R0081,2026-05-22T16:36:51,IDENTITY,RV-02
ALT-202605-004249,APP-202605-020098,R0096,2026-05-10T13:20:40,TRANSACTION_MONITORING,RV-06
ALT-202605-004250,APP-202605-003719,R0322,2026-05-09T14:08:30,DOCUMENT,RV-02
ALT-202605-004251,APP-202605-071321,R0002,2026-05-25T22:59:34,HIGH_VALUE,RV-05
ALT-202605-004252,APP-202605-009123,R0335,2026-05-20T21:34:57,IDENTITY,RV-01
ALT-202605-004253,APP-202605-018373,R0302,2026-05-03T07:32:53,TRANSACTION_MONITORING,RV-04
ALT-202605-004254,APP-202605-034663,R0079,2026-05-14T20:33:20,DOCUMENT,RV-06
ALT-202605-004255,APP-202605-038965,R0247,2026-05-03T15:00:17,HIGH_VALUE,RV-04
ALT-202605-004256,APP-202605-067267,R0335,2026-05-03T11:38:17,IDENTITY,RV-05
ALT-202605-004257,APP-202605-001922,R0002,2026-05-12T06:02:51,TRANSACTION_MONITORING,RV-01
ALT-202605-004258,APP-202605-073296,R0071,2026-05-05T19:43:29,DOCUMENT,RV-01
ALT-202605-004259,APP-202605-008243,R0313,2026-05-21T08:47:17,HIGH_VALUE,RV-04
ALT-202605-004260,APP-202605-060499,R0079,2026-05-04T14:41:14,IDENTITY,RV-03
ALT-202605-004261,APP-202605-046802,R0129,2026-05-07T13:09:07,TRANSACTION_MONITORING,RV-04
ALT-202605-004262,APP-202605-013271,R0076,2026-05-15T08:41:35,DOCUMENT,RV-04
ALT-202605-004263,APP-202605-036168,R0071,2026-05-07T17:26:22,HIGH_VALUE,RV-06
ALT-202605-004264,APP-202605-045744,R0261,2026-05-08T19:12:36,IDENTITY,RV-02
ALT-202605-004265,APP-202605-041009,R0045,2026-05-05T12:16:01,TRANSACTION_MONITORING,RV-01
ALT-202605-004266,APP-202605-032734,R0261,2026-05-10T08:19:29,DOCUMENT,RV-03
ALT-202605-004267,APP-202605-028491,R0045,2026-05-16T11:05:07,HIGH_VALUE,RV-06
ALT-202605-004268,APP-202605-016169,R0002,2026-05-06T16:00:46,IDENTITY,RV-03
ALT-202605-004269,APP-202605-010323,R0247,2026-05-03T10:31:51,TRANSACTION_MONITORING,RV-03
ALT-202605-004270,APP-202605-024652,R0315,2026-05-11T07:46:21,DOCUMENT,RV-02
ALT-202605-004271,APP-202605-037839,R0247,2026-05-01T06:47:23,HIGH_VALUE,RV-04
ALT-202605-004272,APP-202605-052291,R0129,2026-05-24T18:17:38,IDENTITY,RV-01
ALT-202605-004273,APP-202605-015261,R0335,2026-05-27T13:17:49,TRANSACTION_MONITORING,RV-02
ALT-202605-004274,APP-202605-023535,R0142,2026-05-10T11:59:59,DOCUMENT,RV-05
ALT-202605-004275,APP-202605-055165,R0281,2026-05-11T14:21:30,HIGH_VALUE,RV-01
ALT-202605-004276,APP-202605-036341,R0217,2026-05-18T11:01:28,IDENTITY,RV-06
ALT-202605-004277,APP-202605-018552,R0001,2026-05-12T09:32:10,TRANSACTION_MONITORING,RV-05
ALT-202605-004278,APP-202605-020599,R0158,2026-05-13T09:53:52,DOCUMENT,RV-04
ALT-202605-004279,APP-202605-024552,R0109,2026-05-03T06:29:35,HIGH_VALUE,RV-03
ALT-202605-004280,APP-202605-028586,R0076,2026-05-04T16:36:13,IDENTITY,RV-01
ALT-202605-004281,APP-202605-063749,R0252,2026-05-25T22:04:28,TRANSACTION_MONITORING,RV-04
ALT-202605-004282,APP-202605-012056,R0335,2026-05-18T21:21:17,DOCUMENT,RV-03
ALT-202605-004283,APP-202605-033723,R0261,2026-05-13T08:01:37,HIGH_VALUE,RV-06
ALT-202605-004284,APP-202605-019561,R0079,2026-05-02T08:13:50,IDENTITY,RV-04
ALT-202605-004285,APP-202605-029179,R0247,2026-05-14T14:06:40,TRANSACTION_MONITORING,RV-05
ALT-202605-004286,APP-202605-062221,R0335,2026-05-04T18:42:19,DOCUMENT,RV-04
ALT-202605-004287,APP-202605-014764,R0064,2026-05-19T07:16:09,HIGH_VALUE,RV-02
ALT-202605-004288,APP-202605-036838,R0129,2026-05-25T19:05:23,IDENTITY,RV-04
ALT-202605-004289,APP-202605-041464,R0247,2026-05-16T17:00:51,TRANSACTION_MONITORING,RV-02
ALT-202605-004290,APP-202605-049616,R0250,2026-05-04T22:56:46,DOCUMENT,RV-02
ALT-202605-004291,APP-202605-015752,R0322,2026-05-16T17:02:22,HIGH_VALUE,RV-06
ALT-202605-004292,APP-202605-071652,R0247,2026-05-23T17:07:17,IDENTITY,RV-02
ALT-202605-004293,APP-202605-069567,R0158,2026-05-12T20:11:43,TRANSACTION_MONITORING,RV-02
ALT-202605-004294,APP-202605-001355,R0217,2026-05-27T07:27:18,DOCUMENT,RV-02
ALT-202605-004295,APP-202605-051692,R0129,2026-05-29T13:33:36,HIGH_VALUE,RV-04
ALT-202605-004296,APP-202605-046464,R0129,2026-05-17T10:40:11,IDENTITY,RV-01
ALT-202605-004297,APP-202605-031138,R0081,2026-05-18T13:43:23,TRANSACTION_MONITORING,RV-01
ALT-202605-004298,APP-202605-057466,R0129,2026-05-21T13:45:11,DOCUMENT,RV-03
ALT-202605-004299,APP-202605-048006,R0322,2026-05-13T07:27:48,HIGH_VALUE,RV-05
ALT-202605-004300,APP-202605-057678,R0261,2026-05-14T15:10:47,IDENTITY,RV-01
ALT-202605-004301,APP-202605-053810,R0335,2026-05-03T15:56:30,TRANSACTION_MONITORING,RV-01
ALT-202605-004302,APP-202605-066973,R0217,2026-05-30T18:48:10,DOCUMENT,RV-04
ALT-202605-004303,APP-202605-066900,R0335,2026-05-23T09:19:55,HIGH_VALUE,RV-06
ALT-202605-004304,APP-202605-015283,R0322,2026-05-02T14:12:22,IDENTITY,RV-06
ALT-202605-004305,APP-202605-016932,R0079,2026-05-25T19:04:07,TRANSACTION_MONITORING,RV-05
ALT-202605-004306,APP-202605-023675,R0335,2026-05-28T16:44:16,DOCUMENT,RV-05
ALT-202605-004307,APP-202605-009545,R0250,2026-05-29T22:37:33,HIGH_VALUE,RV-06
ALT-202605-004308,APP-202605-043179,R0261,2026-05-02T08:30:27,IDENTITY,RV-02
ALT-202605-004309,APP-202605-058262,R0115,2026-05-28T22:57:50,TRANSACTION_MONITORING,RV-05
ALT-202605-004310,APP-202605-050054,R0302,2026-05-14T20:30:16,DOCUMENT,RV-04
ALT-202605-004311,APP-202605-049025,R0002,2026-05-14T17:06:20,HIGH_VALUE,RV-05
ALT-202605-004312,APP-202605-039469,R0313,2026-05-29T16:25:27,IDENTITY,RV-02
ALT-202605-004313,APP-202605-060805,R0129,2026-05-11T17:48:09,TRANSACTION_MONITORING,RV-04
ALT-202605-004314,APP-202605-045192,R0001,2026-05-15T06:37:08,DOCUMENT,RV-02
ALT-202605-004315,APP-202605-011613,R0002,2026-05-28T20:22:25,HIGH_VALUE,RV-04
ALT-202605-004316,APP-202605-044077,R0079,2026-05-10T19:26:55,IDENTITY,RV-03
ALT-202605-004317,APP-202605-068847,R0261,2026-05-13T09:28:09,TRANSACTION_MONITORING,RV-04
ALT-202605-004318,APP-202605-063992,R0250,2026-05-09T14:15:55,DOCUMENT,RV-05
ALT-202605-004319,APP-202605-043975,R0079,2026-05-17T17:49:57,HIGH_VALUE,RV-06
ALT-202605-004320,APP-202605-021572,R0002,2026-05-23T07:56:01,IDENTITY,RV-06
ALT-202605-004321,APP-202605-055150,R0129,2026-05-21T09:50:00,TRANSACTION_MONITORING,RV-04
ALT-202605-004322,APP-202605-023675,R0247,2026-05-03T11:53:44,DOCUMENT,RV-05
ALT-202605-004323,APP-202605-005768,R0130,2026-05-01T06:40:34,HIGH_VALUE,RV-02
ALT-202605-004324,APP-202605-060187,R0335,2026-05-13T15:51:08,IDENTITY,RV-05
ALT-202605-004325,APP-202605-030776,R0335,2026-05-12T22:01:59,TRANSACTION_MONITORING,RV-06
ALT-202605-004326,APP-202605-031982,R0322,2026-05-10T19:44:40,DOCUMENT,RV-04
ALT-202605-004327,APP-202605-046948,R0036,2026-05-06T14:52:25,HIGH_VALUE,RV-04
ALT-202605-004328,APP-202605-069050,R0335,2026-05-25T12:22:41,IDENTITY,RV-03
ALT-202605-004329,APP-202605-002765,R0261,2026-05-03T17:48:04,TRANSACTION_MONITORING,RV-02
ALT-202605-004330,APP-202605-069849,R0109,2026-05-10T08:57:20,DOCUMENT,RV-04
ALT-202605-004331,APP-202605-001102,R0261,2026-05-01T21:13:12,HIGH_VALUE,RV-05
ALT-202605-004332,APP-202605-035710,R0001,2026-05-04T21:26:46,IDENTITY,RV-04
ALT-202605-004333,APP-202605-043202,R0071,2026-05-07T15:21:24,TRANSACTION_MONITORING,RV-04
ALT-202605-004334,APP-202605-062585,R0129,2026-05-13T06:51:00,DOCUMENT,RV-02
ALT-202605-004335,APP-202605-062502,R0252,2026-05-06T22:38:19,HIGH_VALUE,RV-04
ALT-202605-004336,APP-202605-053091,R0250,2026-05-27T19:08:01,IDENTITY,RV-06
ALT-202605-004337,APP-202605-037213,R0252,2026-05-01T07:42:23,TRANSACTION_MONITORING,RV-06
ALT-202605-004338,APP-202605-011819,R0129,2026-05-30T18:25:54,DOCUMENT,RV-03
ALT-202605-004339,APP-202605-018163,R0335,2026-05-01T11:01:10,HIGH_VALUE,RV-01
ALT-202605-004340,APP-202605-010796,R0076,2026-05-22T19:25:59,IDENTITY,RV-02
ALT-202605-004341,APP-202605-011292,R0261,2026-05-28T09:10:03,TRANSACTION_MONITORING,RV-06
ALT-202605-004342,APP-202605-044613,R0071,2026-05-02T19:25:30,DOCUMENT,RV-01
ALT-202605-004343,APP-202605-028139,R0129,2026-05-23T12:46:13,HIGH_VALUE,RV-05
ALT-202605-004344,APP-202605-022287,R0322,2026-05-30T07:40:52,IDENTITY,RV-06
ALT-202605-004345,APP-202605-048207,R0247,2026-05-15T13:10:08,TRANSACTION_MONITORING,RV-06
ALT-202605-004346,APP-202605-052860,R0109,2026-05-25T06:33:48,DOCUMENT,RV-02
ALT-202605-004347,APP-202605-035598,R0079,2026-05-03T09:30:55,HIGH_VALUE,RV-06
ALT-202605-004348,APP-202605-026838,R0076,2026-05-08T17:56:29,IDENTITY,RV-02
ALT-202605-004349,APP-202605-060142,R0079,2026-05-30T06:12:08,TRANSACTION_MONITORING,RV-02
ALT-202605-004350,APP-202605-012094,R0129,2026-05-30T21:36:51,DOCUMENT,RV-03
ALT-202605-004351,APP-202605-027659,R0129,2026-05-04T08:06:50,HIGH_VALUE,RV-03
ALT-202605-004352,APP-202605-044890,R0322,2026-05-17T16:54:37,IDENTITY,RV-05
ALT-202605-004353,APP-202605-032705,R0079,2026-05-19T20:37:12,TRANSACTION_MONITORING,RV-04
ALT-202605-004354,APP-202605-047598,R0315,2026-05-18T20:33:11,DOCUMENT,RV-05
ALT-202605-004355,APP-202605-021239,R0002,2026-05-10T13:08:52,HIGH_VALUE,RV-03
ALT-202605-004356,APP-202605-065427,R0079,2026-05-10T11:49:02,IDENTITY,RV-03
ALT-202605-004357,APP-202605-073028,R0001,2026-05-06T18:32:38,TRANSACTION_MONITORING,RV-01
ALT-202605-004358,APP-202605-014360,R0064,2026-05-04T16:25:10,DOCUMENT,RV-02
ALT-202605-004359,APP-202605-073610,R0002,2026-05-04T09:51:58,HIGH_VALUE,RV-05
ALT-202605-004360,APP-202605-070623,R0217,2026-05-10T10:41:44,IDENTITY,RV-04
ALT-202605-004361,APP-202605-068697,R0315,2026-05-02T13:02:39,TRANSACTION_MONITORING,RV-05
ALT-202605-004362,APP-202605-063526,R0076,2026-05-23T15:27:41,DOCUMENT,RV-04
ALT-202605-004363,APP-202605-046106,R0217,2026-05-06T09:08:39,HIGH_VALUE,RV-03
ALT-202605-004364,APP-202605-060709,R0247,2026-05-23T17:14:48,IDENTITY,RV-05
ALT-202605-004365,APP-202605-057413,R0158,2026-05-23T22:34:13,TRANSACTION_MONITORING,RV-06
ALT-202605-004366,APP-202605-040689,R0322,2026-05-27T08:47:29,DOCUMENT,RV-05
ALT-202605-004367,APP-202605-012709,R0129,2026-05-09T15:55:09,HIGH_VALUE,RV-05
ALT-202605-004368,APP-202605-025359,R0079,2026-05-31T07:30:35,IDENTITY,RV-02
ALT-202605-004369,APP-202605-001004,R0109,2026-05-02T14:20:19,TRANSACTION_MONITORING,RV-01
ALT-202605-004370,APP-202605-036220,R0273,2026-05-24T12:19:25,DOCUMENT,RV-04
ALT-202605-004371,APP-202605-053494,R0250,2026-05-29T07:34:19,HIGH_VALUE,RV-04
ALT-202605-004372,APP-202605-040641,R0217,2026-05-21T18:06:55,IDENTITY,RV-03
ALT-202605-004373,APP-202605-062602,R0261,2026-05-19T19:31:29,TRANSACTION_MONITORING,RV-03
ALT-202605-004374,APP-202605-053816,R0302,2026-05-11T10:58:09,DOCUMENT,RV-04
ALT-202605-004375,APP-202605-022353,R0115,2026-05-07T12:13:47,HIGH_VALUE,RV-06
ALT-202605-004376,APP-202605-002739,R0109,2026-05-01T09:58:35,IDENTITY,RV-03
ALT-202605-004377,APP-202605-060686,R0081,2026-05-31T09:45:42,TRANSACTION_MONITORING,RV-06
ALT-202605-004378,APP-202605-051987,R0129,2026-05-13T21:55:09,DOCUMENT,RV-04
ALT-202605-004379,APP-202605-059476,R0045,2026-05-20T18:50:49,HIGH_VALUE,RV-04
ALT-202605-004380,APP-202605-051048,R0064,2026-05-06T22:47:03,IDENTITY,RV-02
ALT-202605-004381,APP-202605-011195,R0081,2026-05-18T12:23:44,TRANSACTION_MONITORING,RV-02
ALT-202605-004382,APP-202605-006515,R0079,2026-05-19T21:35:45,DOCUMENT,RV-02
ALT-202605-004383,APP-202605-071380,R0158,2026-05-18T08:48:34,HIGH_VALUE,RV-03
ALT-202605-004384,APP-202605-043485,R0261,2026-05-25T14:11:52,IDENTITY,RV-02
ALT-202605-004385,APP-202605-059474,R0071,2026-05-02T19:29:32,TRANSACTION_MONITORING,RV-05
ALT-202605-004386,APP-202605-050448,R0109,2026-05-08T08:08:49,DOCUMENT,RV-06
ALT-202605-004387,APP-202605-028107,R0252,2026-05-24T12:40:31,HIGH_VALUE,RV-03
ALT-202605-004388,APP-202605-053312,R0335,2026-05-30T13:11:05,IDENTITY,RV-03
ALT-202605-004389,APP-202605-046720,R0261,2026-05-08T15:24:25,TRANSACTION_MONITORING,RV-03
ALT-202605-004390,APP-202605-009410,R0129,2026-05-30T16:49:27,DOCUMENT,RV-04
ALT-202605-004391,APP-202605-054231,R0079,2026-05-07T18:18:54,HIGH_VALUE,RV-02
ALT-202605-004392,APP-202605-028508,R0335,2026-05-21T18:03:32,IDENTITY,RV-03
ALT-202605-004393,APP-202605-054375,R0261,2026-05-20T07:43:28,TRANSACTION_MONITORING,RV-01
ALT-202605-004394,APP-202605-006605,R0002,2026-05-05T18:39:09,DOCUMENT,RV-05
ALT-202605-004395,APP-202605-050586,R0252,2026-05-08T22:42:41,HIGH_VALUE,RV-02
ALT-202605-004396,APP-202605-073623,R0335,2026-05-13T21:05:22,IDENTITY,RV-04
ALT-202605-004397,APP-202605-033485,R0313,2026-05-18T10:13:30,TRANSACTION_MONITORING,RV-05
ALT-202605-004398,APP-202605-042833,R0335,2026-05-04T10:53:10,DOCUMENT,RV-03
ALT-202605-004399,APP-202605-015468,R0109,2026-05-27T21:45:46,HIGH_VALUE,RV-01
ALT-202605-004400,APP-202605-015232,R0129,2026-05-21T17:40:59,IDENTITY,RV-04
ALT-202605-004401,APP-202605-036140,R0081,2026-05-01T08:37:01,TRANSACTION_MONITORING,RV-06
ALT-202605-004402,APP-202605-019836,R0261,2026-05-04T08:23:08,DOCUMENT,RV-01
ALT-202605-004403,APP-202605-035239,R0281,2026-05-21T06:10:50,HIGH_VALUE,RV-06
ALT-202605-004404,APP-202605-024917,R0335,2026-05-23T19:53:06,IDENTITY,RV-03
ALT-202605-004405,APP-202605-036906,R0158,2026-05-22T19:03:03,TRANSACTION_MONITORING,RV-01
ALT-202605-004406,APP-202605-017081,R0081,2026-05-25T19:04:45,DOCUMENT,RV-05
ALT-202605-004407,APP-202605-023619,R0217,2026-05-29T06:23:45,HIGH_VALUE,RV-05
ALT-202605-004408,APP-202605-037122,R0002,2026-05-20T18:31:37,IDENTITY,RV-04
ALT-202605-004409,APP-202605-055945,R0064,2026-05-28T22:12:27,TRANSACTION_MONITORING,RV-05
ALT-202605-004410,APP-202605-034909,R0261,2026-05-07T14:48:44,DOCUMENT,RV-02
ALT-202605-004411,APP-202605-012109,R0217,2026-05-21T15:02:19,HIGH_VALUE,RV-04
ALT-202605-004412,APP-202605-041049,R0129,2026-05-24T11:17:39,IDENTITY,RV-06
ALT-202605-004413,APP-202605-069851,R0130,2026-05-28T16:19:10,TRANSACTION_MONITORING,RV-02
ALT-202605-004414,APP-202605-053220,R0261,2026-05-12T14:37:13,DOCUMENT,RV-02
ALT-202605-004415,APP-202605-066973,R0250,2026-05-01T09:36:05,HIGH_VALUE,RV-01
ALT-202605-004416,APP-202605-029062,R0302,2026-05-15T20:24:54,IDENTITY,RV-05
ALT-202605-004417,APP-202605-015406,R0158,2026-05-26T17:00:38,TRANSACTION_MONITORING,RV-04
ALT-202605-004418,APP-202605-031804,R0129,2026-05-18T10:26:20,DOCUMENT,RV-01
ALT-202605-004419,APP-202605-014444,R0071,2026-05-20T19:57:49,HIGH_VALUE,RV-06
ALT-202605-004420,APP-202605-008161,R0322,2026-05-29T07:07:18,IDENTITY,RV-06
ALT-202605-004421,APP-202605-014212,R0109,2026-05-30T15:58:28,TRANSACTION_MONITORING,RV-05
ALT-202605-004422,APP-202605-040955,R0335,2026-05-01T09:48:17,DOCUMENT,RV-02
ALT-202605-004423,APP-202605-008440,R0302,2026-05-09T18:55:40,HIGH_VALUE,RV-06
ALT-202605-004424,APP-202605-037751,R0217,2026-05-23T18:43:14,IDENTITY,RV-04
ALT-202605-004425,APP-202605-045862,R0252,2026-05-15T10:58:32,TRANSACTION_MONITORING,RV-06
ALT-202605-004426,APP-202605-029676,R0261,2026-05-19T22:05:25,DOCUMENT,RV-01
ALT-202605-004427,APP-202605-003208,R0109,2026-05-04T21:34:20,HIGH_VALUE,RV-01
ALT-202605-004428,APP-202605-006869,R0079,2026-05-21T16:44:46,IDENTITY,RV-02
ALT-202605-004429,APP-202605-060555,R0129,2026-05-15T15:38:37,TRANSACTION_MONITORING,RV-01
ALT-202605-004430,APP-202605-057121,R0081,2026-05-06T22:27:02,DOCUMENT,RV-02
ALT-202605-004431,APP-202605-067670,R0335,2026-05-18T10:20:53,HIGH_VALUE,RV-03
ALT-202605-004432,APP-202605-000190,R0250,2026-05-21T06:37:26,IDENTITY,RV-01
ALT-202605-004433,APP-202605-024801,R0302,2026-05-31T19:43:01,TRANSACTION_MONITORING,RV-06
ALT-202605-004434,APP-202605-052221,R0250,2026-05-06T07:41:53,DOCUMENT,RV-01
ALT-202605-004435,APP-202605-004190,R0079,2026-05-21T15:00:48,HIGH_VALUE,RV-05
ALT-202605-004436,APP-202605-055123,R0071,2026-05-21T15:49:19,IDENTITY,RV-05
ALT-202605-004437,APP-202605-010553,R0079,2026-05-06T08:34:15,TRANSACTION_MONITORING,RV-05
ALT-202605-004438,APP-202605-068758,R0158,2026-05-02T15:13:38,DOCUMENT,RV-02
ALT-202605-004439,APP-202605-045279,R0081,2026-05-10T06:59:40,HIGH_VALUE,RV-04
ALT-202605-004440,APP-202605-040810,R0313,2026-05-08T07:20:28,IDENTITY,RV-04
ALT-202605-004441,APP-202605-039925,R0315,2026-05-23T15:08:01,TRANSACTION_MONITORING,RV-03
ALT-202605-004442,APP-202605-047913,R0115,2026-05-15T19:16:41,DOCUMENT,RV-05
ALT-202605-004443,APP-202605-060653,R0079,2026-05-14T13:12:16,HIGH_VALUE,RV-04
ALT-202605-004444,APP-202605-047320,R0261,2026-05-12T16:09:46,IDENTITY,RV-03
ALT-202605-004445,APP-202605-055300,R0252,2026-05-27T11:08:50,TRANSACTION_MONITORING,RV-03
ALT-202605-004446,APP-202605-061842,R0302,2026-05-28T14:36:39,DOCUMENT,RV-03
ALT-202605-004447,APP-202605-010111,R0129,2026-05-01T18:15:01,HIGH_VALUE,RV-03
ALT-202605-004448,APP-202605-038218,R0217,2026-05-12T20:18:44,IDENTITY,RV-04
ALT-202605-004449,APP-202605-031490,R0322,2026-05-28T06:15:57,TRANSACTION_MONITORING,RV-04
ALT-202605-004450,APP-202605-036807,R0079,2026-05-12T08:24:56,DOCUMENT,RV-04
ALT-202605-004451,APP-202605-059094,R0129,2026-05-23T15:00:52,HIGH_VALUE,RV-04
ALT-202605-004452,APP-202605-030060,R0252,2026-05-08T11:22:57,IDENTITY,RV-01
ALT-202605-004453,APP-202605-048518,R0247,2026-05-09T13:17:08,TRANSACTION_MONITORING,RV-01
ALT-202605-004454,APP-202605-003056,R0064,2026-05-16T18:32:48,DOCUMENT,RV-03
ALT-202605-004455,APP-202605-003638,R0130,2026-05-02T15:54:40,HIGH_VALUE,RV-01
ALT-202605-004456,APP-202605-038756,R0079,2026-05-31T08:06:59,IDENTITY,RV-02
ALT-202605-004457,APP-202605-033887,R0247,2026-05-24T20:11:51,TRANSACTION_MONITORING,RV-05
ALT-202605-004458,APP-202605-068974,R0147,2026-05-06T18:40:41,DOCUMENT,RV-01
ALT-202605-004459,APP-202605-073578,R0322,2026-05-15T20:18:18,HIGH_VALUE,RV-06
ALT-202605-004460,APP-202605-029509,R0315,2026-05-24T08:48:15,IDENTITY,RV-01
ALT-202605-004461,APP-202605-071538,R0079,2026-05-10T13:15:19,TRANSACTION_MONITORING,RV-02
ALT-202605-004462,APP-202605-050913,R0322,2026-05-07T07:20:21,DOCUMENT,RV-03
ALT-202605-004463,APP-202605-044399,R0252,2026-05-25T17:42:58,HIGH_VALUE,RV-05
ALT-202605-004464,APP-202605-044343,R0079,2026-05-12T22:29:13,IDENTITY,RV-03
ALT-202605-004465,APP-202605-056848,R0079,2026-05-17T07:37:26,TRANSACTION_MONITORING,RV-04
ALT-202605-004466,APP-202605-074560,R0079,2026-05-15T17:31:41,DOCUMENT,RV-06
ALT-202605-004467,APP-202605-060793,R0217,2026-05-09T14:31:58,HIGH_VALUE,RV-06
ALT-202605-004468,APP-202605-042455,R0252,2026-05-08T06:15:47,IDENTITY,RV-04
ALT-202605-004469,APP-202605-071108,R0109,2026-05-05T21:11:00,TRANSACTION_MONITORING,RV-03
ALT-202605-004470,APP-202605-068369,R0261,2026-05-20T15:30:07,DOCUMENT,RV-06
ALT-202605-004471,APP-202605-015965,R0130,2026-05-17T14:44:09,HIGH_VALUE,RV-02
ALT-202605-004472,APP-202605-003691,R0129,2026-05-06T17:29:29,IDENTITY,RV-06
ALT-202605-004473,APP-202605-043163,R0217,2026-05-18T06:29:51,TRANSACTION_MONITORING,RV-04
ALT-202605-004474,APP-202605-057085,R0002,2026-05-16T16:16:24,DOCUMENT,RV-06
ALT-202605-004475,APP-202605-038812,R0130,2026-05-16T07:27:28,HIGH_VALUE,RV-03
ALT-202605-004476,APP-202605-025600,R0109,2026-05-23T18:28:58,IDENTITY,RV-06
ALT-202605-004477,APP-202605-052731,R0064,2026-05-27T11:06:56,TRANSACTION_MONITORING,RV-04
ALT-202605-004478,APP-202605-058382,R0217,2026-05-08T06:04:28,DOCUMENT,RV-03
ALT-202605-004479,APP-202605-072755,R0313,2026-05-07T13:08:37,HIGH_VALUE,RV-03
ALT-202605-004480,APP-202605-013794,R0076,2026-05-18T18:49:26,IDENTITY,RV-06
ALT-202605-004481,APP-202605-030705,R0217,2026-05-22T21:59:21,TRANSACTION_MONITORING,RV-03
ALT-202605-004482,APP-202605-055694,R0217,2026-05-28T11:49:47,DOCUMENT,RV-06
ALT-202605-004483,APP-202605-014231,R0335,2026-05-20T20:57:28,HIGH_VALUE,RV-04
ALT-202605-004484,APP-202605-067597,R0247,2026-05-26T12:13:43,IDENTITY,RV-06
ALT-202605-004485,APP-202605-064773,R0247,2026-05-22T10:22:32,TRANSACTION_MONITORING,RV-06
ALT-202605-004486,APP-202605-035751,R0129,2026-05-08T08:45:44,DOCUMENT,RV-04
ALT-202605-004487,APP-202605-028286,R0261,2026-05-29T14:39:26,HIGH_VALUE,RV-06
ALT-202605-004488,APP-202605-072154,R0261,2026-05-02T20:36:39,IDENTITY,RV-03
ALT-202605-004489,APP-202605-052603,R0261,2026-05-12T21:50:19,TRANSACTION_MONITORING,RV-06
ALT-202605-004490,APP-202605-021957,R0129,2026-05-10T18:30:27,DOCUMENT,RV-05
ALT-202605-004491,APP-202605-020035,R0109,2026-05-19T22:58:01,HIGH_VALUE,RV-06
ALT-202605-004492,APP-202605-031166,R0081,2026-05-16T10:43:14,IDENTITY,RV-05
ALT-202605-004493,APP-202605-074680,R0081,2026-05-20T12:51:32,TRANSACTION_MONITORING,RV-03
ALT-202605-004494,APP-202605-024042,R0142,2026-05-10T14:18:05,DOCUMENT,RV-06
ALT-202605-004495,APP-202605-053609,R0130,2026-05-28T07:34:59,HIGH_VALUE,RV-06
ALT-202605-004496,APP-202605-032015,R0079,2026-05-26T21:48:24,IDENTITY,RV-05
ALT-202605-004497,APP-202605-069271,R0129,2026-05-09T14:48:35,TRANSACTION_MONITORING,RV-04
ALT-202605-004498,APP-202605-007324,R0129,2026-05-26T16:31:29,DOCUMENT,RV-03
ALT-202605-004499,APP-202605-030928,R0129,2026-05-21T19:18:55,HIGH_VALUE,RV-01
ALT-202605-004500,APP-202605-046049,R0076,2026-05-11T06:03:03,IDENTITY,RV-04
ALT-202605-004501,APP-202605-018966,R0079,2026-05-03T10:46:37,TRANSACTION_MONITORING,RV-02
ALT-202605-004502,APP-202605-010154,R0335,2026-05-24T18:46:26,DOCUMENT,RV-03
ALT-202605-004503,APP-202605-060645,R0079,2026-05-21T07:55:30,HIGH_VALUE,RV-04
ALT-202605-004504,APP-202605-054253,R0322,2026-05-17T13:21:53,IDENTITY,RV-06
ALT-202605-004505,APP-202605-001444,R0129,2026-05-08T21:06:03,TRANSACTION_MONITORING,RV-02
ALT-202605-004506,APP-202605-067434,R0001,2026-05-28T17:26:26,DOCUMENT,RV-06
ALT-202605-004507,APP-202605-041842,R0064,2026-05-05T20:57:31,HIGH_VALUE,RV-05
ALT-202605-004508,APP-202605-037023,R0079,2026-05-28T14:54:32,IDENTITY,RV-06
ALT-202605-004509,APP-202605-044945,R0130,2026-05-13T06:41:20,TRANSACTION_MONITORING,RV-03
ALT-202605-004510,APP-202605-060872,R0302,2026-05-16T10:17:30,DOCUMENT,RV-06
ALT-202605-004511,APP-202605-009294,R0322,2026-05-25T18:30:53,HIGH_VALUE,RV-05
ALT-202605-004512,APP-202605-002244,R0261,2026-05-22T09:08:10,IDENTITY,RV-02
ALT-202605-004513,APP-202605-016488,R0002,2026-05-14T08:20:32,TRANSACTION_MONITORING,RV-01
ALT-202605-004514,APP-202605-014460,R0076,2026-05-28T12:32:13,DOCUMENT,RV-01
ALT-202605-004515,APP-202605-023538,R0247,2026-05-26T11:31:13,HIGH_VALUE,RV-06
ALT-202605-004516,APP-202605-007900,R0045,2026-05-30T20:18:18,IDENTITY,RV-02
ALT-202605-004517,APP-202605-002263,R0129,2026-05-03T10:37:47,TRANSACTION_MONITORING,RV-06
ALT-202605-004518,APP-202605-062968,R0109,2026-05-04T17:03:57,DOCUMENT,RV-01
ALT-202605-004519,APP-202605-024337,R0252,2026-05-13T17:25:18,HIGH_VALUE,RV-03
ALT-202605-004520,APP-202605-004215,R0129,2026-05-15T17:29:43,IDENTITY,RV-05
ALT-202605-004521,APP-202605-014453,R0142,2026-05-31T09:31:49,TRANSACTION_MONITORING,RV-04
ALT-202605-004522,APP-202605-052821,R0130,2026-05-21T09:16:23,DOCUMENT,RV-01
ALT-202605-004523,APP-202605-063857,R0001,2026-05-11T09:03:00,HIGH_VALUE,RV-02
ALT-202605-004524,APP-202605-060617,R0129,2026-05-08T08:01:44,IDENTITY,RV-01
ALT-202605-004525,APP-202605-037634,R0142,2026-05-05T16:50:17,TRANSACTION_MONITORING,RV-05
ALT-202605-004526,APP-202605-037896,R0250,2026-05-21T12:26:38,DOCUMENT,RV-02
ALT-202605-004527,APP-202605-055596,R0071,2026-05-19T22:35:40,HIGH_VALUE,RV-03
ALT-202605-004528,APP-202605-041513,R0313,2026-05-12T08:24:55,IDENTITY,RV-04
ALT-202605-004529,APP-202605-009828,R0002,2026-05-29T15:31:27,TRANSACTION_MONITORING,RV-04
ALT-202605-004530,APP-202605-018605,R0002,2026-05-12T09:24:36,DOCUMENT,RV-01
ALT-202605-004531,APP-202605-072040,R0335,2026-05-25T20:38:13,HIGH_VALUE,RV-05
ALT-202605-004532,APP-202605-073278,R0070,2026-05-09T13:46:34,IDENTITY,RV-02
ALT-202605-004533,APP-202605-014118,R0247,2026-05-02T06:09:20,TRANSACTION_MONITORING,RV-06
ALT-202605-004534,APP-202605-058353,R0261,2026-05-22T07:39:58,DOCUMENT,RV-04
ALT-202605-004535,APP-202605-067504,R0261,2026-05-31T19:33:46,HIGH_VALUE,RV-05
ALT-202605-004536,APP-202605-061943,R0142,2026-05-20T12:34:43,IDENTITY,RV-04
ALT-202605-004537,APP-202605-010056,R0071,2026-05-10T11:40:41,TRANSACTION_MONITORING,RV-01
ALT-202605-004538,APP-202605-074025,R0250,2026-05-21T22:27:12,DOCUMENT,RV-02
ALT-202605-004539,APP-202605-048413,R0002,2026-05-07T21:11:38,HIGH_VALUE,RV-01
ALT-202605-004540,APP-202605-065414,R0252,2026-05-08T21:23:21,IDENTITY,RV-02
ALT-202605-004541,APP-202605-015813,R0129,2026-05-02T11:54:18,TRANSACTION_MONITORING,RV-04
ALT-202605-004542,APP-202605-028294,R0079,2026-05-09T10:54:28,DOCUMENT,RV-03
ALT-202605-004543,APP-202605-028029,R0217,2026-05-04T08:32:08,HIGH_VALUE,RV-05
ALT-202605-004544,APP-202605-010118,R0076,2026-05-23T07:23:50,IDENTITY,RV-03
ALT-202605-004545,APP-202605-039581,R0322,2026-05-26T13:47:15,TRANSACTION_MONITORING,RV-03
ALT-202605-004546,APP-202605-051686,R0079,2026-05-29T10:46:04,DOCUMENT,RV-02
ALT-202605-004547,APP-202605-058651,R0079,2026-05-24T06:14:29,HIGH_VALUE,RV-01
ALT-202605-004548,APP-202605-073866,R0158,2026-05-21T11:18:15,IDENTITY,RV-01
ALT-202605-004549,APP-202605-053070,R0261,2026-05-18T12:17:31,TRANSACTION_MONITORING,RV-02
ALT-202605-004550,APP-202605-010191,R0064,2026-05-29T14:16:21,DOCUMENT,RV-04
ALT-202605-004551,APP-202605-043728,R0335,2026-05-25T06:16:26,HIGH_VALUE,RV-05
ALT-202605-004552,APP-202605-014353,R0031,2026-05-31T14:45:30,IDENTITY,RV-04
ALT-202605-004553,APP-202605-055263,R0158,2026-05-28T16:52:24,TRANSACTION_MONITORING,RV-05
ALT-202605-004554,APP-202605-001584,R0130,2026-05-30T08:25:49,DOCUMENT,RV-02
ALT-202605-004555,APP-202605-011993,R0273,2026-05-06T17:58:26,HIGH_VALUE,RV-04
ALT-202605-004556,APP-202605-032309,R0261,2026-05-25T11:26:42,IDENTITY,RV-01
ALT-202605-004557,APP-202605-055449,R0252,2026-05-11T16:45:44,TRANSACTION_MONITORING,RV-01
ALT-202605-004558,APP-202605-022966,R0109,2026-05-25T17:28:35,DOCUMENT,RV-03
ALT-202605-004559,APP-202605-053888,R0281,2026-05-17T13:03:05,HIGH_VALUE,RV-01
ALT-202605-004560,APP-202605-025739,R0129,2026-05-04T20:13:57,IDENTITY,RV-01
ALT-202605-004561,APP-202605-067838,R0064,2026-05-05T19:58:12,TRANSACTION_MONITORING,RV-01
ALT-202605-004562,APP-202605-024248,R0002,2026-05-18T13:02:13,DOCUMENT,RV-05
ALT-202605-004563,APP-202605-039050,R0261,2026-05-11T07:02:18,HIGH_VALUE,RV-02
ALT-202605-004564,APP-202605-067972,R0071,2026-05-19T07:58:56,IDENTITY,RV-05
ALT-202605-004565,APP-202605-015989,R0261,2026-05-11T18:14:00,TRANSACTION_MONITORING,RV-02
ALT-202605-004566,APP-202605-011779,R0281,2026-05-19T21:06:36,DOCUMENT,RV-03
ALT-202605-004567,APP-202605-071030,R0079,2026-05-17T09:35:23,HIGH_VALUE,RV-05
ALT-202605-004568,APP-202605-049418,R0031,2026-05-14T14:57:09,IDENTITY,RV-05
ALT-202605-004569,APP-202605-073457,R0158,2026-05-10T14:06:36,TRANSACTION_MONITORING,RV-02
ALT-202605-004570,APP-202605-004214,R0081,2026-05-03T17:04:36,DOCUMENT,RV-05
ALT-202605-004571,APP-202605-022712,R0129,2026-05-27T16:17:03,HIGH_VALUE,RV-01
ALT-202605-004572,APP-202605-042972,R0129,2026-05-15T16:46:03,IDENTITY,RV-03
ALT-202605-004573,APP-202605-054288,R0129,2026-05-01T06:53:59,TRANSACTION_MONITORING,RV-06
ALT-202605-004574,APP-202605-046767,R0115,2026-05-27T18:36:29,DOCUMENT,RV-01
ALT-202605-004575,APP-202605-070080,R0322,2026-05-31T17:55:49,HIGH_VALUE,RV-05
ALT-202605-004576,APP-202605-033845,R0129,2026-05-18T10:41:19,IDENTITY,RV-05
ALT-202605-004577,APP-202605-016096,R0076,2026-05-23T18:21:39,TRANSACTION_MONITORING,RV-06
ALT-202605-004578,APP-202605-052700,R0335,2026-05-07T20:37:19,DOCUMENT,RV-03
ALT-202605-004579,APP-202605-043326,R0001,2026-05-05T07:37:31,HIGH_VALUE,RV-03
ALT-202605-004580,APP-202605-023367,R0001,2026-05-11T12:05:06,IDENTITY,RV-02
ALT-202605-004581,APP-202605-066542,R0071,2026-05-25T14:12:51,TRANSACTION_MONITORING,RV-05
ALT-202605-004582,APP-202605-024816,R0142,2026-05-23T09:24:33,DOCUMENT,RV-04
ALT-202605-004583,APP-202605-009108,R0079,2026-05-31T09:27:19,HIGH_VALUE,RV-05
ALT-202605-004584,APP-202605-044050,R0129,2026-05-22T13:23:37,IDENTITY,RV-03
ALT-202605-004585,APP-202605-044841,R0315,2026-05-15T16:28:33,TRANSACTION_MONITORING,RV-01
ALT-202605-004586,APP-202605-018175,R0079,2026-05-23T22:47:46,DOCUMENT,RV-04
ALT-202605-004587,APP-202605-025653,R0129,2026-05-12T08:55:13,HIGH_VALUE,RV-04
ALT-202605-004588,APP-202605-051941,R0217,2026-05-06T07:34:56,IDENTITY,RV-01
ALT-202605-004589,APP-202605-062308,R0322,2026-05-26T14:31:25,TRANSACTION_MONITORING,RV-04
ALT-202605-004590,APP-202605-023741,R0335,2026-05-15T16:17:57,DOCUMENT,RV-01
ALT-202605-004591,APP-202605-022436,R0142,2026-05-15T17:56:30,HIGH_VALUE,RV-05
ALT-202605-004592,APP-202605-012420,R0261,2026-05-16T09:49:19,IDENTITY,RV-06
ALT-202605-004593,APP-202605-044654,R0079,2026-05-15T21:18:13,TRANSACTION_MONITORING,RV-01
ALT-202605-004594,APP-202605-058787,R0081,2026-05-02T08:58:04,DOCUMENT,RV-01
ALT-202605-004595,APP-202605-051360,R0142,2026-05-17T07:23:20,HIGH_VALUE,RV-04
ALT-202605-004596,APP-202605-015250,R0079,2026-05-18T14:27:15,IDENTITY,RV-02
ALT-202605-004597,APP-202605-067670,R0261,2026-05-07T14:55:51,TRANSACTION_MONITORING,RV-02
ALT-202605-004598,APP-202605-040534,R0247,2026-05-03T11:37:40,DOCUMENT,RV-06
ALT-202605-004599,APP-202605-005425,R0261,2026-05-10T22:42:13,HIGH_VALUE,RV-03
ALT-202605-004600,APP-202605-050797,R0109,2026-05-15T08:12:39,IDENTITY,RV-01
ALT-202605-004601,APP-202605-025633,R0261,2026-05-24T19:18:57,TRANSACTION_MONITORING,RV-02
ALT-202605-004602,APP-202605-010420,R0273,2026-05-16T10:46:19,DOCUMENT,RV-02
ALT-202605-004603,APP-202605-052201,R0064,2026-05-29T18:27:24,HIGH_VALUE,RV-04
ALT-202605-004604,APP-202605-030332,R0109,2026-05-13T11:51:07,IDENTITY,RV-02
ALT-202605-004605,APP-202605-031060,R0079,2026-05-25T21:45:05,TRANSACTION_MONITORING,RV-03
ALT-202605-004606,APP-202605-061147,R0079,2026-05-30T10:13:56,DOCUMENT,RV-05
ALT-202605-004607,APP-202605-043089,R0079,2026-05-08T11:02:55,HIGH_VALUE,RV-05
ALT-202605-004608,APP-202605-008256,R0335,2026-05-14T21:53:59,IDENTITY,RV-04
ALT-202605-004609,APP-202605-007551,R0071,2026-05-07T17:40:55,TRANSACTION_MONITORING,RV-03
ALT-202605-004610,APP-202605-053254,R0261,2026-05-27T18:55:22,DOCUMENT,RV-01
ALT-202605-004611,APP-202605-052376,R0071,2026-05-12T15:24:36,HIGH_VALUE,RV-06
ALT-202605-004612,APP-202605-044580,R0252,2026-05-02T08:08:04,IDENTITY,RV-03
ALT-202605-004613,APP-202605-015555,R0322,2026-05-08T07:07:08,TRANSACTION_MONITORING,RV-06
ALT-202605-004614,APP-202605-012181,R0129,2026-05-15T20:54:58,DOCUMENT,RV-03
ALT-202605-004615,APP-202605-025765,R0247,2026-05-15T18:44:56,HIGH_VALUE,RV-04
ALT-202605-004616,APP-202605-035128,R0129,2026-05-05T13:09:56,IDENTITY,RV-06
ALT-202605-004617,APP-202605-047133,R0129,2026-05-08T14:07:06,TRANSACTION_MONITORING,RV-05
ALT-202605-004618,APP-202605-035190,R0247,2026-05-10T15:29:33,DOCUMENT,RV-02
ALT-202605-004619,APP-202605-041756,R0115,2026-05-09T16:52:32,HIGH_VALUE,RV-06
ALT-202605-004620,APP-202605-032116,R0129,2026-05-14T21:42:35,IDENTITY,RV-04
ALT-202605-004621,APP-202605-073212,R0335,2026-05-10T06:27:01,TRANSACTION_MONITORING,RV-04
ALT-202605-004622,APP-202605-061765,R0313,2026-05-15T11:49:59,DOCUMENT,RV-04
ALT-202605-004623,APP-202605-012534,R0081,2026-05-29T11:27:32,HIGH_VALUE,RV-02
ALT-202605-004624,APP-202605-026377,R0302,2026-05-03T21:22:11,IDENTITY,RV-01
ALT-202605-004625,APP-202605-052831,R0130,2026-05-10T19:10:40,TRANSACTION_MONITORING,RV-03
ALT-202605-004626,APP-202605-058013,R0335,2026-05-23T06:44:41,DOCUMENT,RV-03
ALT-202605-004627,APP-202605-057945,R0335,2026-05-28T18:23:19,HIGH_VALUE,RV-01
ALT-202605-004628,APP-202605-005287,R0313,2026-05-02T13:57:01,IDENTITY,RV-02
ALT-202605-004629,APP-202605-029183,R0261,2026-05-26T07:15:03,TRANSACTION_MONITORING,RV-06
ALT-202605-004630,APP-202605-055544,R0273,2026-05-31T21:43:36,DOCUMENT,RV-05
ALT-202605-004631,APP-202605-000692,R0079,2026-05-27T19:21:08,HIGH_VALUE,RV-03
ALT-202605-004632,APP-202605-044688,R0252,2026-05-28T11:30:14,IDENTITY,RV-06
ALT-202605-004633,APP-202605-034254,R0261,2026-05-23T15:16:24,TRANSACTION_MONITORING,RV-06
ALT-202605-004634,APP-202605-050631,R0281,2026-05-02T11:41:17,DOCUMENT,RV-04
ALT-202605-004635,APP-202605-074680,R0038,2026-05-13T18:18:21,HIGH_VALUE,RV-05
ALT-202605-004636,APP-202605-060739,R0079,2026-05-08T07:27:48,IDENTITY,RV-02
ALT-202605-004637,APP-202605-014915,R0002,2026-05-05T11:34:50,TRANSACTION_MONITORING,RV-05
ALT-202605-004638,APP-202605-051542,R0217,2026-05-09T19:53:33,DOCUMENT,RV-01
ALT-202605-004639,APP-202605-073631,R0001,2026-05-31T15:43:50,HIGH_VALUE,RV-05
ALT-202605-004640,APP-202605-061014,R0335,2026-05-24T22:41:44,IDENTITY,RV-04
ALT-202605-004641,APP-202605-006261,R0261,2026-05-05T11:44:00,TRANSACTION_MONITORING,RV-03
ALT-202605-004642,APP-202605-068566,R0109,2026-05-11T09:15:07,DOCUMENT,RV-03
ALT-202605-004643,APP-202605-037804,R0302,2026-05-04T11:46:11,HIGH_VALUE,RV-05
ALT-202605-004644,APP-202605-041756,R0130,2026-05-14T11:19:26,IDENTITY,RV-04
ALT-202605-004645,APP-202605-071968,R0071,2026-05-22T09:14:00,TRANSACTION_MONITORING,RV-06
ALT-202605-004646,APP-202605-018610,R0130,2026-05-17T18:42:54,DOCUMENT,RV-02
ALT-202605-004647,APP-202605-071973,R0079,2026-05-27T18:05:12,HIGH_VALUE,RV-01
ALT-202605-004648,APP-202605-056284,R0252,2026-05-05T15:40:59,IDENTITY,RV-02
ALT-202605-004649,APP-202605-013350,R0335,2026-05-28T17:54:38,TRANSACTION_MONITORING,RV-01
ALT-202605-004650,APP-202605-020979,R0129,2026-05-26T09:57:10,DOCUMENT,RV-05
ALT-202605-004651,APP-202605-048622,R0079,2026-05-09T14:36:02,HIGH_VALUE,RV-05
ALT-202605-004652,APP-202605-010286,R0129,2026-05-22T19:40:48,IDENTITY,RV-01
ALT-202605-004653,APP-202605-031505,R0002,2026-05-31T13:18:30,TRANSACTION_MONITORING,RV-06
ALT-202605-004654,APP-202605-033834,R0142,2026-05-20T12:58:09,DOCUMENT,RV-03
ALT-202605-004655,APP-202605-072772,R0335,2026-05-31T17:28:46,HIGH_VALUE,RV-02
ALT-202605-004656,APP-202605-032013,R0129,2026-05-23T17:12:12,IDENTITY,RV-02
ALT-202605-004657,APP-202605-004644,R0115,2026-05-02T18:50:49,TRANSACTION_MONITORING,RV-04
ALT-202605-004658,APP-202605-029222,R0247,2026-05-08T08:46:50,DOCUMENT,RV-03
ALT-202605-004659,APP-202605-048659,R0261,2026-05-23T22:17:15,HIGH_VALUE,RV-02
ALT-202605-004660,APP-202605-006866,R0129,2026-05-25T17:04:14,IDENTITY,RV-05
ALT-202605-004661,APP-202605-058798,R0064,2026-05-05T17:05:27,TRANSACTION_MONITORING,RV-06
ALT-202605-004662,APP-202605-064299,R0070,2026-05-12T06:21:38,DOCUMENT,RV-04
ALT-202605-004663,APP-202605-039288,R0002,2026-05-15T10:22:05,HIGH_VALUE,RV-01
ALT-202605-004664,APP-202605-047290,R0079,2026-05-14T17:53:26,IDENTITY,RV-05
ALT-202605-004665,APP-202605-022895,R0335,2026-05-03T09:14:26,TRANSACTION_MONITORING,RV-04
ALT-202605-004666,APP-202605-039520,R0129,2026-05-25T19:22:59,DOCUMENT,RV-02
ALT-202605-004667,APP-202605-038606,R0247,2026-05-01T21:28:00,HIGH_VALUE,RV-06
ALT-202605-004668,APP-202605-074050,R0313,2026-05-05T06:13:23,IDENTITY,RV-06
ALT-202605-004669,APP-202605-025875,R0261,2026-05-08T20:40:06,TRANSACTION_MONITORING,RV-06
ALT-202605-004670,APP-202605-005131,R0261,2026-05-17T11:55:41,DOCUMENT,RV-05
ALT-202605-004671,APP-202605-062555,R0081,2026-05-17T19:17:00,HIGH_VALUE,RV-03
ALT-202605-004672,APP-202605-019601,R0247,2026-05-28T11:17:08,IDENTITY,RV-05
ALT-202605-004673,APP-202605-042081,R0129,2026-05-19T11:44:32,TRANSACTION_MONITORING,RV-02
ALT-202605-004674,APP-202605-016633,R0064,2026-05-01T22:21:31,DOCUMENT,RV-03
ALT-202605-004675,APP-202605-069716,R0079,2026-05-26T18:01:29,HIGH_VALUE,RV-06
ALT-202605-004676,APP-202605-013122,R0109,2026-05-16T22:49:21,IDENTITY,RV-01
ALT-202605-004677,APP-202605-029770,R0079,2026-05-31T14:31:51,TRANSACTION_MONITORING,RV-02
ALT-202605-004678,APP-202605-015747,R0109,2026-05-16T20:12:16,DOCUMENT,RV-05
ALT-202605-004679,APP-202605-050495,R0129,2026-05-27T17:39:48,HIGH_VALUE,RV-05
ALT-202605-004680,APP-202605-046913,R0142,2026-05-15T16:05:06,IDENTITY,RV-01
ALT-202605-004681,APP-202605-056356,R0261,2026-05-31T10:19:01,TRANSACTION_MONITORING,RV-04
ALT-202605-004682,APP-202605-054024,R0002,2026-05-19T11:07:54,DOCUMENT,RV-05
ALT-202605-004683,APP-202605-028593,R0313,2026-05-04T07:47:10,HIGH_VALUE,RV-03
ALT-202605-004684,APP-202605-010115,R0247,2026-05-25T16:09:25,IDENTITY,RV-02
ALT-202605-004685,APP-202605-039591,R0158,2026-05-26T09:12:46,TRANSACTION_MONITORING,RV-03
ALT-202605-004686,APP-202605-039244,R0335,2026-05-14T22:22:07,DOCUMENT,RV-02
ALT-202605-004687,APP-202605-052792,R0322,2026-05-18T11:45:59,HIGH_VALUE,RV-01
ALT-202605-004688,APP-202605-035841,R0322,2026-05-21T14:20:27,IDENTITY,RV-01
ALT-202605-004689,APP-202605-046006,R0261,2026-05-07T13:43:56,TRANSACTION_MONITORING,RV-05
ALT-202605-004690,APP-202605-025479,R0076,2026-05-30T10:07:13,DOCUMENT,RV-03
ALT-202605-004691,APP-202605-007558,R0322,2026-05-10T18:58:30,HIGH_VALUE,RV-05
ALT-202605-004692,APP-202605-036017,R0273,2026-05-24T14:16:27,IDENTITY,RV-02
ALT-202605-004693,APP-202605-058050,R0247,2026-05-04T18:10:10,TRANSACTION_MONITORING,RV-01
ALT-202605-004694,APP-202605-041420,R0322,2026-05-10T11:54:42,DOCUMENT,RV-01
ALT-202605-004695,APP-202605-010177,R0079,2026-05-30T09:10:21,HIGH_VALUE,RV-05
ALT-202605-004696,APP-202605-002825,R0335,2026-05-25T07:32:01,IDENTITY,RV-04
ALT-202605-004697,APP-202605-074337,R0313,2026-05-16T11:57:38,TRANSACTION_MONITORING,RV-02
ALT-202605-004698,APP-202605-010167,R0130,2026-05-16T20:58:21,DOCUMENT,RV-06
ALT-202605-004699,APP-202605-065972,R0130,2026-05-06T10:05:11,HIGH_VALUE,RV-01
ALT-202605-004700,APP-202605-003396,R0252,2026-05-13T22:57:16,IDENTITY,RV-04
ALT-202605-004701,APP-202605-022233,R0129,2026-05-06T16:49:59,TRANSACTION_MONITORING,RV-04
ALT-202605-004702,APP-202605-056305,R0261,2026-05-12T19:58:44,DOCUMENT,RV-03
ALT-202605-004703,APP-202605-029716,R0064,2026-05-03T21:13:23,HIGH_VALUE,RV-05
ALT-202605-004704,APP-202605-043124,R0261,2026-05-31T09:56:49,IDENTITY,RV-05
ALT-202605-004705,APP-202605-011850,R0129,2026-05-03T11:44:56,TRANSACTION_MONITORING,RV-06
ALT-202605-004706,APP-202605-015046,R0129,2026-05-19T06:19:09,DOCUMENT,RV-01
ALT-202605-004707,APP-202605-042764,R0079,2026-05-18T16:45:28,HIGH_VALUE,RV-01
ALT-202605-004708,APP-202605-053789,R0129,2026-05-06T21:54:52,IDENTITY,RV-02
ALT-202605-004709,APP-202605-016789,R0071,2026-05-21T17:24:27,TRANSACTION_MONITORING,RV-01
ALT-202605-004710,APP-202605-056052,R0281,2026-05-18T11:48:59,DOCUMENT,RV-05
ALT-202605-004711,APP-202605-062718,R0130,2026-05-09T22:08:29,HIGH_VALUE,RV-06
ALT-202605-004712,APP-202605-037230,R0281,2026-05-12T16:25:21,IDENTITY,RV-05
ALT-202605-004713,APP-202605-025624,R0001,2026-05-26T18:37:58,TRANSACTION_MONITORING,RV-01
ALT-202605-004714,APP-202605-034533,R0261,2026-05-07T16:40:01,DOCUMENT,RV-02
ALT-202605-004715,APP-202605-059841,R0322,2026-05-08T14:24:04,HIGH_VALUE,RV-05
ALT-202605-004716,APP-202605-053561,R0079,2026-05-19T10:29:25,IDENTITY,RV-04
ALT-202605-004717,APP-202605-070108,R0335,2026-05-08T09:09:38,TRANSACTION_MONITORING,RV-04
ALT-202605-004718,APP-202605-045008,R0261,2026-05-23T16:47:34,DOCUMENT,RV-04
ALT-202605-004719,APP-202605-048635,R0261,2026-05-30T11:04:13,HIGH_VALUE,RV-04
ALT-202605-004720,APP-202605-011327,R0250,2026-05-18T17:54:02,IDENTITY,RV-02
ALT-202605-004721,APP-202605-030161,R0261,2026-05-18T09:31:29,TRANSACTION_MONITORING,RV-05
ALT-202605-004722,APP-202605-013787,R0079,2026-05-15T09:55:39,DOCUMENT,RV-01
ALT-202605-004723,APP-202605-047974,R0071,2026-05-23T07:28:32,HIGH_VALUE,RV-01
ALT-202605-004724,APP-202605-017158,R0071,2026-05-22T08:53:01,IDENTITY,RV-04
ALT-202605-004725,APP-202605-054228,R0129,2026-05-27T10:31:30,TRANSACTION_MONITORING,RV-03
ALT-202605-004726,APP-202605-011403,R0261,2026-05-23T21:12:57,DOCUMENT,RV-04
ALT-202605-004727,APP-202605-037370,R0335,2026-05-28T20:24:53,HIGH_VALUE,RV-03
ALT-202605-004728,APP-202605-019657,R0045,2026-05-19T22:24:22,IDENTITY,RV-01
ALT-202605-004729,APP-202605-031595,R0250,2026-05-29T14:56:11,TRANSACTION_MONITORING,RV-06
ALT-202605-004730,APP-202605-027807,R0322,2026-05-21T07:11:52,DOCUMENT,RV-02
ALT-202605-004731,APP-202605-060906,R0261,2026-05-22T08:48:49,HIGH_VALUE,RV-05
ALT-202605-004732,APP-202605-043350,R0129,2026-05-12T10:32:17,IDENTITY,RV-05
ALT-202605-004733,APP-202605-044632,R0335,2026-05-31T17:36:50,TRANSACTION_MONITORING,RV-01
ALT-202605-004734,APP-202605-052182,R0273,2026-05-03T10:35:31,DOCUMENT,RV-05
ALT-202605-004735,APP-202605-031502,R0002,2026-05-10T12:27:09,HIGH_VALUE,RV-05
ALT-202605-004736,APP-202605-035691,R0261,2026-05-24T19:51:56,IDENTITY,RV-05
ALT-202605-004737,APP-202605-063570,R0081,2026-05-19T06:46:48,TRANSACTION_MONITORING,RV-03
ALT-202605-004738,APP-202605-030118,R0322,2026-05-27T11:20:45,DOCUMENT,RV-04
ALT-202605-004739,APP-202605-015206,R0252,2026-05-22T17:12:05,HIGH_VALUE,RV-03
ALT-202605-004740,APP-202605-022038,R0045,2026-05-03T19:49:04,IDENTITY,RV-01
ALT-202605-004741,APP-202605-043035,R0261,2026-05-23T16:40:10,TRANSACTION_MONITORING,RV-01
ALT-202605-004742,APP-202605-068007,R0217,2026-05-04T08:40:47,DOCUMENT,RV-01
ALT-202605-004743,APP-202605-009720,R0130,2026-05-31T14:52:43,HIGH_VALUE,RV-01
ALT-202605-004744,APP-202605-038358,R0129,2026-05-09T10:05:01,IDENTITY,RV-05
ALT-202605-004745,APP-202605-050113,R0109,2026-05-03T12:44:28,TRANSACTION_MONITORING,RV-01
ALT-202605-004746,APP-202605-070958,R0322,2026-05-27T21:23:44,DOCUMENT,RV-01
ALT-202605-004747,APP-202605-010728,R0109,2026-05-13T19:19:48,HIGH_VALUE,RV-02
ALT-202605-004748,APP-202605-037682,R0071,2026-05-22T21:53:28,IDENTITY,RV-05
ALT-202605-004749,APP-202605-065702,R0129,2026-05-27T12:34:04,TRANSACTION_MONITORING,RV-04
ALT-202605-004750,APP-202605-050184,R0129,2026-05-21T14:19:00,DOCUMENT,RV-04
ALT-202605-004751,APP-202605-060725,R0335,2026-05-20T13:06:44,HIGH_VALUE,RV-01
ALT-202605-004752,APP-202605-066064,R0217,2026-05-21T20:04:01,IDENTITY,RV-03
ALT-202605-004753,APP-202605-011951,R0071,2026-05-24T11:06:16,TRANSACTION_MONITORING,RV-03
ALT-202605-004754,APP-202605-047707,R0261,2026-05-20T06:10:12,DOCUMENT,RV-01
ALT-202605-004755,APP-202605-070603,R0247,2026-05-17T19:41:45,HIGH_VALUE,RV-05
ALT-202605-004756,APP-202605-057315,R0002,2026-05-25T20:44:23,IDENTITY,RV-01
ALT-202605-004757,APP-202605-041198,R0335,2026-05-11T19:00:14,TRANSACTION_MONITORING,RV-02
ALT-202605-004758,APP-202605-002639,R0002,2026-05-24T21:09:28,DOCUMENT,RV-04
ALT-202605-004759,APP-202605-071070,R0313,2026-05-06T14:21:33,HIGH_VALUE,RV-02
ALT-202605-004760,APP-202605-062676,R0079,2026-05-19T10:23:12,IDENTITY,RV-02
ALT-202605-004761,APP-202605-003203,R0081,2026-05-22T19:24:03,TRANSACTION_MONITORING,RV-03
ALT-202605-004762,APP-202605-048265,R0247,2026-05-09T21:28:52,DOCUMENT,RV-02
ALT-202605-004763,APP-202605-036458,R0129,2026-05-14T19:36:17,HIGH_VALUE,RV-03
ALT-202605-004764,APP-202605-052386,R0130,2026-05-11T17:36:15,IDENTITY,RV-03
ALT-202605-004765,APP-202605-002390,R0252,2026-05-06T20:04:50,TRANSACTION_MONITORING,RV-06
ALT-202605-004766,APP-202605-039753,R0261,2026-05-07T10:13:28,DOCUMENT,RV-06
ALT-202605-004767,APP-202605-007485,R0261,2026-05-05T19:19:28,HIGH_VALUE,RV-06
ALT-202605-004768,APP-202605-061193,R0250,2026-05-08T09:52:29,IDENTITY,RV-01
ALT-202605-004769,APP-202605-069860,R0158,2026-05-25T16:20:27,TRANSACTION_MONITORING,RV-05
ALT-202605-004770,APP-202605-017817,R0031,2026-05-09T19:54:49,DOCUMENT,RV-04
ALT-202605-004771,APP-202605-057100,R0130,2026-05-13T10:51:52,HIGH_VALUE,RV-05
ALT-202605-004772,APP-202605-031722,R0129,2026-05-20T09:04:00,IDENTITY,RV-03
ALT-202605-004773,APP-202605-021050,R0002,2026-05-30T20:07:26,TRANSACTION_MONITORING,RV-06
ALT-202605-004774,APP-202605-073128,R0129,2026-05-07T09:57:41,DOCUMENT,RV-01
ALT-202605-004775,APP-202605-033855,R0315,2026-05-25T13:17:48,HIGH_VALUE,RV-02
ALT-202605-004776,APP-202605-012214,R0252,2026-05-29T18:34:29,IDENTITY,RV-02
ALT-202605-004777,APP-202605-053838,R0335,2026-05-26T10:19:52,TRANSACTION_MONITORING,RV-06
ALT-202605-004778,APP-202605-043090,R0247,2026-05-24T11:14:43,DOCUMENT,RV-05
ALT-202605-004779,APP-202605-048784,R0250,2026-05-23T21:15:22,HIGH_VALUE,RV-06
ALT-202605-004780,APP-202605-046685,R0142,2026-05-12T22:41:40,IDENTITY,RV-01
ALT-202605-004781,APP-202605-066234,R0217,2026-05-14T11:25:28,TRANSACTION_MONITORING,RV-03
ALT-202605-004782,APP-202605-000648,R0064,2026-05-02T15:29:06,DOCUMENT,RV-03
ALT-202605-004783,APP-202605-004390,R0002,2026-05-13T21:46:16,HIGH_VALUE,RV-03
ALT-202605-004784,APP-202605-069394,R0250,2026-05-18T10:44:44,IDENTITY,RV-01
ALT-202605-004785,APP-202605-021257,R0250,2026-05-09T15:07:58,TRANSACTION_MONITORING,RV-06
ALT-202605-004786,APP-202605-025122,R0079,2026-05-04T12:44:55,DOCUMENT,RV-06
ALT-202605-004787,APP-202605-017832,R0147,2026-05-27T07:19:22,HIGH_VALUE,RV-04
ALT-202605-004788,APP-202605-039042,R0081,2026-05-24T17:49:12,IDENTITY,RV-04
ALT-202605-004789,APP-202605-052477,R0250,2026-05-01T06:02:33,TRANSACTION_MONITORING,RV-06
ALT-202605-004790,APP-202605-061178,R0045,2026-05-28T10:21:47,DOCUMENT,RV-05
ALT-202605-004791,APP-202605-008559,R0081,2026-05-04T18:02:57,HIGH_VALUE,RV-02
ALT-202605-004792,APP-202605-024805,R0217,2026-05-17T12:53:08,IDENTITY,RV-01
ALT-202605-004793,APP-202605-022980,R0217,2026-05-11T22:40:16,TRANSACTION_MONITORING,RV-02
ALT-202605-004794,APP-202605-072199,R0142,2026-05-26T17:31:26,DOCUMENT,RV-03
ALT-202605-004795,APP-202605-006888,R0081,2026-05-03T12:40:15,HIGH_VALUE,RV-03
ALT-202605-004796,APP-202605-012155,R0158,2026-05-19T17:00:24,IDENTITY,RV-05
ALT-202605-004797,APP-202605-032203,R0335,2026-05-18T13:26:59,TRANSACTION_MONITORING,RV-05
ALT-202605-004798,APP-202605-042655,R0158,2026-05-10T15:41:53,DOCUMENT,RV-06
ALT-202605-004799,APP-202605-061346,R0261,2026-05-16T11:17:08,HIGH_VALUE,RV-01
ALT-202605-004800,APP-202605-004016,R0002,2026-05-28T15:52:45,IDENTITY,RV-01
ALT-202605-004801,APP-202605-038817,R0129,2026-05-12T17:55:16,TRANSACTION_MONITORING,RV-01
ALT-202605-004802,APP-202605-004530,R0079,2026-05-08T20:17:19,DOCUMENT,RV-01
ALT-202605-004803,APP-202605-021702,R0129,2026-05-01T07:41:08,HIGH_VALUE,RV-02
ALT-202605-004804,APP-202605-000645,R0158,2026-05-09T13:05:16,IDENTITY,RV-03
ALT-202605-004805,APP-202605-004253,R0076,2026-05-24T21:23:36,TRANSACTION_MONITORING,RV-01
ALT-202605-004806,APP-202605-029921,R0129,2026-05-11T17:25:06,DOCUMENT,RV-05
ALT-202605-004807,APP-202605-024965,R0076,2026-05-29T15:26:16,HIGH_VALUE,RV-06
ALT-202605-004808,APP-202605-028497,R0335,2026-05-16T18:40:05,IDENTITY,RV-04
ALT-202605-004809,APP-202605-017634,R0302,2026-05-06T16:05:43,TRANSACTION_MONITORING,RV-04
ALT-202605-004810,APP-202605-025132,R0335,2026-05-04T13:34:29,DOCUMENT,RV-03
ALT-202605-004811,APP-202605-066058,R0081,2026-05-28T19:11:43,HIGH_VALUE,RV-01
ALT-202605-004812,APP-202605-002508,R0129,2026-05-23T17:57:14,IDENTITY,RV-05
ALT-202605-004813,APP-202605-056729,R0247,2026-05-23T19:32:34,TRANSACTION_MONITORING,RV-03
ALT-202605-004814,APP-202605-049743,R0252,2026-05-29T18:46:26,DOCUMENT,RV-01
ALT-202605-004815,APP-202605-024131,R0252,2026-05-03T07:27:36,HIGH_VALUE,RV-02
ALT-202605-004816,APP-202605-030335,R0302,2026-05-30T22:47:54,IDENTITY,RV-03
ALT-202605-004817,APP-202605-002800,R0129,2026-05-28T15:01:19,TRANSACTION_MONITORING,RV-04
ALT-202605-004818,APP-202605-056566,R0335,2026-05-26T06:36:06,DOCUMENT,RV-01
ALT-202605-004819,APP-202605-023305,R0002,2026-05-02T18:33:53,HIGH_VALUE,RV-05
ALT-202605-004820,APP-202605-063223,R0217,2026-05-14T12:49:53,IDENTITY,RV-02
ALT-202605-004821,APP-202605-036081,R0250,2026-05-24T11:59:09,TRANSACTION_MONITORING,RV-04
ALT-202605-004822,APP-202605-070434,R0081,2026-05-23T10:19:14,DOCUMENT,RV-03
ALT-202605-004823,APP-202605-062313,R0140,2026-05-06T07:00:22,HIGH_VALUE,RV-02
ALT-202605-004824,APP-202605-032745,R0071,2026-05-17T19:40:52,IDENTITY,RV-01
ALT-202605-004825,APP-202605-073708,R0038,2026-05-17T14:13:15,TRANSACTION_MONITORING,RV-04
ALT-202605-004826,APP-202605-034436,R0071,2026-05-20T08:01:41,DOCUMENT,RV-03
ALT-202605-004827,APP-202605-001841,R0322,2026-05-20T12:26:58,HIGH_VALUE,RV-03
ALT-202605-004828,APP-202605-022177,R0247,2026-05-11T08:19:36,IDENTITY,RV-01
ALT-202605-004829,APP-202605-016377,R0313,2026-05-16T17:31:00,TRANSACTION_MONITORING,RV-01
ALT-202605-004830,APP-202605-027634,R0129,2026-05-25T10:36:42,DOCUMENT,RV-04
ALT-202605-004831,APP-202605-066114,R0158,2026-05-31T16:07:30,HIGH_VALUE,RV-01
ALT-202605-004832,APP-202605-064995,R0002,2026-05-05T17:32:41,IDENTITY,RV-05
ALT-202605-004833,APP-202605-047944,R0281,2026-05-14T14:01:13,TRANSACTION_MONITORING,RV-01
ALT-202605-004834,APP-202605-042956,R0129,2026-05-18T17:52:57,DOCUMENT,RV-01
ALT-202605-004835,APP-202605-026927,R0261,2026-05-25T20:24:29,HIGH_VALUE,RV-06
ALT-202605-004836,APP-202605-067214,R0079,2026-05-24T16:42:21,IDENTITY,RV-04
ALT-202605-004837,APP-202605-061489,R0261,2026-05-22T17:55:40,TRANSACTION_MONITORING,RV-01
ALT-202605-004838,APP-202605-006487,R0002,2026-05-08T11:02:08,DOCUMENT,RV-03
ALT-202605-004839,APP-202605-000627,R0071,2026-05-11T09:48:15,HIGH_VALUE,RV-03
ALT-202605-004840,APP-202605-028285,R0129,2026-05-19T10:34:49,IDENTITY,RV-01
ALT-202605-004841,APP-202605-016891,R0129,2026-05-13T22:14:43,TRANSACTION_MONITORING,RV-01
ALT-202605-004842,APP-202605-052470,R0079,2026-05-06T08:30:12,DOCUMENT,RV-04
ALT-202605-004843,APP-202605-036408,R0081,2026-05-11T15:32:48,HIGH_VALUE,RV-02
ALT-202605-004844,APP-202605-054107,R0261,2026-05-09T13:26:38,IDENTITY,RV-01
ALT-202605-004845,APP-202605-017465,R0247,2026-05-25T13:22:57,TRANSACTION_MONITORING,RV-01
ALT-202605-004846,APP-202605-070292,R0002,2026-05-17T18:20:23,DOCUMENT,RV-06
ALT-202605-004847,APP-202605-016627,R0335,2026-05-25T09:22:42,HIGH_VALUE,RV-02
ALT-202605-004848,APP-202605-036920,R0031,2026-05-05T09:45:16,IDENTITY,RV-02
ALT-202605-004849,APP-202605-051618,R0313,2026-05-19T17:59:26,TRANSACTION_MONITORING,RV-06
ALT-202605-004850,APP-202605-045581,R0261,2026-05-14T22:32:12,DOCUMENT,RV-05
ALT-202605-004851,APP-202605-015561,R0079,2026-05-24T21:46:22,HIGH_VALUE,RV-02
ALT-202605-004852,APP-202605-065553,R0273,2026-05-28T07:30:58,IDENTITY,RV-04
ALT-202605-004853,APP-202605-034173,R0142,2026-05-29T10:33:33,TRANSACTION_MONITORING,RV-06
ALT-202605-004854,APP-202605-071536,R0250,2026-05-27T11:58:01,DOCUMENT,RV-04
ALT-202605-004855,APP-202605-012719,R0281,2026-05-25T10:40:55,HIGH_VALUE,RV-04
ALT-202605-004856,APP-202605-059940,R0261,2026-05-12T22:12:39,IDENTITY,RV-03
ALT-202605-004857,APP-202605-001709,R0322,2026-05-12T21:45:17,TRANSACTION_MONITORING,RV-04
ALT-202605-004858,APP-202605-006480,R0130,2026-05-02T08:39:27,DOCUMENT,RV-01
ALT-202605-004859,APP-202605-055923,R0129,2026-05-25T19:17:37,HIGH_VALUE,RV-05
ALT-202605-004860,APP-202605-040184,R0130,2026-05-17T06:06:26,IDENTITY,RV-02
ALT-202605-004861,APP-202605-046277,R0247,2026-05-26T16:02:28,TRANSACTION_MONITORING,RV-01
ALT-202605-004862,APP-202605-001794,R0130,2026-05-06T12:54:10,DOCUMENT,RV-04
ALT-202605-004863,APP-202605-040362,R0129,2026-05-14T22:31:27,HIGH_VALUE,RV-03
ALT-202605-004864,APP-202605-073916,R0217,2026-05-10T17:56:35,IDENTITY,RV-04
ALT-202605-004865,APP-202605-051938,R0071,2026-05-02T14:42:54,TRANSACTION_MONITORING,RV-04
ALT-202605-004866,APP-202605-014500,R0261,2026-05-31T11:54:27,DOCUMENT,RV-03
ALT-202605-004867,APP-202605-056996,R0313,2026-05-17T18:24:39,HIGH_VALUE,RV-05
ALT-202605-004868,APP-202605-002316,R0217,2026-05-27T21:30:07,IDENTITY,RV-02
ALT-202605-004869,APP-202605-045448,R0250,2026-05-04T08:04:51,TRANSACTION_MONITORING,RV-03
ALT-202605-004870,APP-202605-019095,R0335,2026-05-09T20:19:52,DOCUMENT,RV-05
ALT-202605-004871,APP-202605-049778,R0247,2026-05-03T07:21:30,HIGH_VALUE,RV-06
ALT-202605-004872,APP-202605-047043,R0261,2026-05-10T12:10:44,IDENTITY,RV-05
ALT-202605-004873,APP-202605-057833,R0081,2026-05-23T19:48:22,TRANSACTION_MONITORING,RV-04
ALT-202605-004874,APP-202605-023097,R0071,2026-05-09T14:02:43,DOCUMENT,RV-02
ALT-202605-004875,APP-202605-033994,R0129,2026-05-09T11:18:48,HIGH_VALUE,RV-03
ALT-202605-004876,APP-202605-006955,R0250,2026-05-30T09:44:35,IDENTITY,RV-05
ALT-202605-004877,APP-202605-028384,R0252,2026-05-06T16:57:33,TRANSACTION_MONITORING,RV-06
ALT-202605-004878,APP-202605-023051,R0081,2026-05-21T22:52:37,DOCUMENT,RV-06
ALT-202605-004879,APP-202605-002222,R0130,2026-05-24T19:02:40,HIGH_VALUE,RV-01
ALT-202605-004880,APP-202605-030278,R0130,2026-05-18T18:29:53,IDENTITY,RV-01
ALT-202605-004881,APP-202605-001380,R0109,2026-05-09T22:07:18,TRANSACTION_MONITORING,RV-03
ALT-202605-004882,APP-202605-003224,R0079,2026-05-11T19:02:27,DOCUMENT,RV-03
ALT-202605-004883,APP-202605-040512,R0064,2026-05-21T07:11:23,HIGH_VALUE,RV-05
ALT-202605-004884,APP-202605-026711,R0076,2026-05-08T18:14:01,IDENTITY,RV-01
ALT-202605-004885,APP-202605-023479,R0129,2026-05-10T17:34:21,TRANSACTION_MONITORING,RV-04
ALT-202605-004886,APP-202605-042037,R0109,2026-05-18T19:01:09,DOCUMENT,RV-06
ALT-202605-004887,APP-202605-028332,R0315,2026-05-25T14:03:49,HIGH_VALUE,RV-06
ALT-202605-004888,APP-202605-031528,R0335,2026-05-11T06:40:32,IDENTITY,RV-02
ALT-202605-004889,APP-202605-007172,R0129,2026-05-31T21:43:15,TRANSACTION_MONITORING,RV-03
ALT-202605-004890,APP-202605-064347,R0335,2026-05-01T20:17:17,DOCUMENT,RV-03
ALT-202605-004891,APP-202605-058659,R0064,2026-05-18T12:09:43,HIGH_VALUE,RV-06
ALT-202605-004892,APP-202605-028763,R0250,2026-05-10T16:28:49,IDENTITY,RV-06
ALT-202605-004893,APP-202605-036116,R0071,2026-05-23T10:25:39,TRANSACTION_MONITORING,RV-02
ALT-202605-004894,APP-202605-037560,R0217,2026-05-26T19:06:42,DOCUMENT,RV-05
ALT-202605-004895,APP-202605-023812,R0322,2026-05-05T19:42:12,HIGH_VALUE,RV-01
ALT-202605-004896,APP-202605-051312,R0071,2026-05-06T21:36:56,IDENTITY,RV-06
ALT-202605-004897,APP-202605-074451,R0217,2026-05-10T22:52:38,TRANSACTION_MONITORING,RV-04
ALT-202605-004898,APP-202605-035017,R0335,2026-05-07T11:36:49,DOCUMENT,RV-01
ALT-202605-004899,APP-202605-064278,R0031,2026-05-24T21:00:11,HIGH_VALUE,RV-05
ALT-202605-004900,APP-202605-047791,R0142,2026-05-06T18:49:16,IDENTITY,RV-03
ALT-202605-004901,APP-202605-007201,R0322,2026-05-20T11:45:27,TRANSACTION_MONITORING,RV-06
ALT-202605-004902,APP-202605-009417,R0129,2026-05-14T10:41:02,DOCUMENT,RV-04
ALT-202605-004903,APP-202605-033081,R0081,2026-05-05T21:06:52,HIGH_VALUE,RV-03
ALT-202605-004904,APP-202605-061989,R0079,2026-05-16T10:11:51,IDENTITY,RV-05
ALT-202605-004905,APP-202605-022834,R0002,2026-05-27T09:24:36,TRANSACTION_MONITORING,RV-05
ALT-202605-004906,APP-202605-057836,R0129,2026-05-21T20:27:06,DOCUMENT,RV-01
ALT-202605-004907,APP-202605-066409,R0322,2026-05-02T09:03:17,HIGH_VALUE,RV-03
ALT-202605-004908,APP-202605-010207,R0142,2026-05-14T11:50:23,IDENTITY,RV-05
ALT-202605-004909,APP-202605-039531,R0071,2026-05-29T13:08:22,TRANSACTION_MONITORING,RV-03
ALT-202605-004910,APP-202605-000686,R0064,2026-05-06T20:39:26,DOCUMENT,RV-01
ALT-202605-004911,APP-202605-012757,R0315,2026-05-01T09:09:32,HIGH_VALUE,RV-02
ALT-202605-004912,APP-202605-074580,R0158,2026-05-12T12:00:00,IDENTITY,RV-03
ALT-202605-004913,APP-202605-033288,R0079,2026-05-21T21:57:05,TRANSACTION_MONITORING,RV-03
ALT-202605-004914,APP-202605-046850,R0142,2026-05-09T07:59:45,DOCUMENT,RV-06
ALT-202605-004915,APP-202605-066041,R0281,2026-05-20T21:32:42,HIGH_VALUE,RV-01
ALT-202605-004916,APP-202605-070345,R0261,2026-05-26T09:33:36,IDENTITY,RV-05
ALT-202605-004917,APP-202605-003661,R0081,2026-05-03T15:36:49,TRANSACTION_MONITORING,RV-02
ALT-202605-004918,APP-202605-034646,R0076,2026-05-06T09:40:06,DOCUMENT,RV-02
ALT-202605-004919,APP-202605-072459,R0081,2026-05-27T06:11:42,HIGH_VALUE,RV-05
ALT-202605-004920,APP-202605-019214,R0273,2026-05-07T12:31:04,IDENTITY,RV-02
ALT-202605-004921,APP-202605-041410,R0002,2026-05-29T21:21:29,TRANSACTION_MONITORING,RV-06
ALT-202605-004922,APP-202605-049941,R0335,2026-05-20T13:53:25,DOCUMENT,RV-01
ALT-202605-004923,APP-202605-035123,R0322,2026-05-13T18:19:05,HIGH_VALUE,RV-02
ALT-202605-004924,APP-202605-037498,R0315,2026-05-30T19:35:24,IDENTITY,RV-05
ALT-202605-004925,APP-202605-024476,R0313,2026-05-07T18:21:41,TRANSACTION_MONITORING,RV-06
ALT-202605-004926,APP-202605-034151,R0252,2026-05-20T15:13:47,DOCUMENT,RV-01
ALT-202605-004927,APP-202605-050223,R0129,2026-05-02T16:07:58,HIGH_VALUE,RV-03
ALT-202605-004928,APP-202605-057558,R0079,2026-05-03T08:35:07,IDENTITY,RV-06
ALT-202605-004929,APP-202605-013767,R0109,2026-05-02T06:35:31,TRANSACTION_MONITORING,RV-04
ALT-202605-004930,APP-202605-067531,R0130,2026-05-03T11:14:42,DOCUMENT,RV-03
ALT-202605-004931,APP-202605-058906,R0129,2026-05-08T08:34:46,HIGH_VALUE,RV-01
ALT-202605-004932,APP-202605-002451,R0129,2026-05-06T10:47:45,IDENTITY,RV-05
ALT-202605-004933,APP-202605-003772,R0045,2026-05-30T08:13:14,TRANSACTION_MONITORING,RV-06
ALT-202605-004934,APP-202605-063780,R0247,2026-05-22T07:44:04,DOCUMENT,RV-02
ALT-202605-004935,APP-202605-062913,R0079,2026-05-01T22:20:09,HIGH_VALUE,RV-03
ALT-202605-004936,APP-202605-030210,R0261,2026-05-11T18:23:21,IDENTITY,RV-03
ALT-202605-004937,APP-202605-049665,R0081,2026-05-08T21:36:31,TRANSACTION_MONITORING,RV-04
ALT-202605-004938,APP-202605-002495,R0115,2026-05-04T15:08:24,DOCUMENT,RV-01
ALT-202605-004939,APP-202605-046317,R0313,2026-05-02T22:30:45,HIGH_VALUE,RV-04
ALT-202605-004940,APP-202605-062401,R0273,2026-05-19T06:00:20,IDENTITY,RV-01
ALT-202605-004941,APP-202605-004455,R0335,2026-05-04T17:24:55,TRANSACTION_MONITORING,RV-03
ALT-202605-004942,APP-202605-050869,R0335,2026-05-20T12:38:42,DOCUMENT,RV-03
ALT-202605-004943,APP-202605-074480,R0071,2026-05-03T08:47:30,HIGH_VALUE,RV-06
ALT-202605-004944,APP-202605-030319,R0261,2026-05-29T07:21:45,IDENTITY,RV-03
ALT-202605-004945,APP-202605-057787,R0158,2026-05-14T17:50:58,TRANSACTION_MONITORING,RV-05
ALT-202605-004946,APP-202605-065179,R0217,2026-05-02T12:51:43,DOCUMENT,RV-04
ALT-202605-004947,APP-202605-033181,R0335,2026-05-05T08:17:56,HIGH_VALUE,RV-02
ALT-202605-004948,APP-202605-057510,R0261,2026-05-10T19:32:30,IDENTITY,RV-05
ALT-202605-004949,APP-202605-016667,R0335,2026-05-06T11:54:58,TRANSACTION_MONITORING,RV-06
ALT-202605-004950,APP-202605-055780,R0250,2026-05-13T11:30:58,DOCUMENT,RV-03
ALT-202605-004951,APP-202605-010185,R0247,2026-05-11T21:13:23,HIGH_VALUE,RV-04
ALT-202605-004952,APP-202605-034674,R0335,2026-05-11T22:36:37,IDENTITY,RV-03
ALT-202605-004953,APP-202605-006820,R0038,2026-05-25T19:45:15,TRANSACTION_MONITORING,RV-06
ALT-202605-004954,APP-202605-009591,R0281,2026-05-07T06:50:00,DOCUMENT,RV-03
ALT-202605-004955,APP-202605-005119,R0142,2026-05-27T09:11:46,HIGH_VALUE,RV-03
ALT-202605-004956,APP-202605-047397,R0076,2026-05-21T11:23:12,IDENTITY,RV-06
ALT-202605-004957,APP-202605-073467,R0129,2026-05-24T14:18:47,TRANSACTION_MONITORING,RV-04
ALT-202605-004958,APP-202605-035951,R0335,2026-05-31T09:53:49,DOCUMENT,RV-06
ALT-202605-004959,APP-202605-034615,R0129,2026-05-28T20:43:28,HIGH_VALUE,RV-01
ALT-202605-004960,APP-202605-022500,R0302,2026-05-05T13:03:29,IDENTITY,RV-06
ALT-202605-004961,APP-202605-054141,R0079,2026-05-16T14:20:21,TRANSACTION_MONITORING,RV-06
ALT-202605-004962,APP-202605-056262,R0217,2026-05-06T15:47:13,DOCUMENT,RV-02
ALT-202605-004963,APP-202605-019087,R0247,2026-05-17T18:02:49,HIGH_VALUE,RV-06
ALT-202605-004964,APP-202605-000119,R0281,2026-05-18T21:07:20,IDENTITY,RV-01
ALT-202605-004965,APP-202605-054588,R0252,2026-05-04T06:11:40,TRANSACTION_MONITORING,RV-03
ALT-202605-004966,APP-202605-030493,R0261,2026-05-16T22:25:54,DOCUMENT,RV-04
ALT-202605-004967,APP-202605-046189,R0252,2026-05-03T06:34:50,HIGH_VALUE,RV-02
ALT-202605-004968,APP-202605-035144,R0130,2026-05-29T07:56:42,IDENTITY,RV-02
ALT-202605-004969,APP-202605-036058,R0002,2026-05-20T10:38:17,TRANSACTION_MONITORING,RV-04
ALT-202605-004970,APP-202605-073022,R0002,2026-05-20T13:35:07,DOCUMENT,RV-01
ALT-202605-004971,APP-202605-043557,R0247,2026-05-15T08:06:37,HIGH_VALUE,RV-06
ALT-202605-004972,APP-202605-040761,R0071,2026-05-14T06:51:44,IDENTITY,RV-04
ALT-202605-004973,APP-202605-019629,R0247,2026-05-02T06:37:31,TRANSACTION_MONITORING,RV-04
ALT-202605-004974,APP-202605-041598,R0217,2026-05-15T12:32:05,DOCUMENT,RV-06
ALT-202605-004975,APP-202605-006317,R0261,2026-05-14T15:18:58,HIGH_VALUE,RV-01
ALT-202605-004976,APP-202605-050739,R0247,2026-05-13T15:58:45,IDENTITY,RV-04
ALT-202605-004977,APP-202605-072925,R0129,2026-05-27T22:13:03,TRANSACTION_MONITORING,RV-02
ALT-202605-004978,APP-202605-073608,R0140,2026-05-05T06:52:05,DOCUMENT,RV-03
ALT-202605-004979,APP-202605-048148,R0002,2026-05-25T11:48:19,HIGH_VALUE,RV-04
ALT-202605-004980,APP-202605-005906,R0079,2026-05-29T18:50:13,IDENTITY,RV-06
ALT-202605-004981,APP-202605-073591,R0261,2026-05-03T15:58:42,TRANSACTION_MONITORING,RV-04
ALT-202605-004982,APP-202605-035840,R0247,2026-05-06T21:59:04,DOCUMENT,RV-04
ALT-202605-004983,APP-202605-028520,R0261,2026-05-08T22:29:46,HIGH_VALUE,RV-04
ALT-202605-004984,APP-202605-018396,R0335,2026-05-22T22:19:27,IDENTITY,RV-03
ALT-202605-004985,APP-202605-032545,R0081,2026-05-29T22:28:04,TRANSACTION_MONITORING,RV-04
ALT-202605-004986,APP-202605-021907,R0217,2026-05-05T06:35:16,DOCUMENT,RV-03
ALT-202605-004987,APP-202605-016187,R0002,2026-05-27T11:30:33,HIGH_VALUE,RV-06
ALT-202605-004988,APP-202605-056929,R0302,2026-05-18T07:54:45,IDENTITY,RV-06
ALT-202605-004989,APP-202605-006142,R0129,2026-05-29T06:42:03,TRANSACTION_MONITORING,RV-05
ALT-202605-004990,APP-202605-007762,R0158,2026-05-12T18:42:10,DOCUMENT,RV-04
ALT-202605-004991,APP-202605-066499,R0071,2026-05-23T20:35:25,HIGH_VALUE,RV-02
ALT-202605-004992,APP-202605-026247,R0217,2026-05-26T12:28:39,IDENTITY,RV-05
ALT-202605-004993,APP-202605-057316,R0079,2026-05-29T11:04:34,TRANSACTION_MONITORING,RV-01
ALT-202605-004994,APP-202605-025738,R0130,2026-05-15T12:20:55,DOCUMENT,RV-05
ALT-202605-004995,APP-202605-071964,R0064,2026-05-02T15:57:15,HIGH_VALUE,RV-06
ALT-202605-004996,APP-202605-000630,R0261,2026-05-16T07:27:51,IDENTITY,RV-02
ALT-202605-004997,APP-202605-038474,R0261,2026-05-17T12:54:07,TRANSACTION_MONITORING,RV-04
ALT-202605-004998,APP-202605-015739,R0002,2026-05-17T10:33:54,DOCUMENT,RV-04
ALT-202605-004999,APP-202605-061593,R0250,2026-05-02T19:30:17,HIGH_VALUE,RV-05
ALT-202605-005000,APP-202605-049492,R0217,2026-05-19T17:43:43,IDENTITY,RV-03
ALT-202605-005001,APP-202605-037078,R0322,2026-05-03T20:34:49,TRANSACTION_MONITORING,RV-04
ALT-202605-005002,APP-202605-046995,R0335,2026-05-29T13:24:46,DOCUMENT,RV-04
ALT-202605-005003,APP-202605-029135,R0142,2026-05-01T16:18:28,HIGH_VALUE,RV-01
ALT-202605-005004,APP-202605-025933,R0247,2026-05-11T16:30:46,IDENTITY,RV-01
ALT-202605-005005,APP-202605-034549,R0129,2026-05-10T16:56:40,TRANSACTION_MONITORING,RV-05
ALT-202605-005006,APP-202605-048129,R0064,2026-05-22T20:00:02,DOCUMENT,RV-06
ALT-202605-005007,APP-202605-065596,R0217,2026-05-28T20:05:11,HIGH_VALUE,RV-06
ALT-202605-005008,APP-202605-016584,R0273,2026-05-20T07:47:06,IDENTITY,RV-01
ALT-202605-005009,APP-202605-064380,R0081,2026-05-28T21:57:10,TRANSACTION_MONITORING,RV-02
ALT-202605-005010,APP-202605-052445,R0129,2026-05-13T20:56:22,DOCUMENT,RV-03
ALT-202605-005011,APP-202605-026098,R0261,2026-05-03T14:52:38,HIGH_VALUE,RV-04
ALT-202605-005012,APP-202605-032588,R0313,2026-05-19T13:11:59,IDENTITY,RV-05
ALT-202605-005013,APP-202605-007668,R0129,2026-05-11T16:00:49,TRANSACTION_MONITORING,RV-04
ALT-202605-005014,APP-202605-006763,R0079,2026-05-26T21:43:51,DOCUMENT,RV-04
ALT-202605-005015,APP-202605-020361,R0130,2026-05-16T15:44:54,HIGH_VALUE,RV-03
ALT-202605-005016,APP-202605-061131,R0335,2026-05-03T21:53:40,IDENTITY,RV-01
ALT-202605-005017,APP-202605-022795,R0217,2026-05-03T15:47:49,TRANSACTION_MONITORING,RV-04
ALT-202605-005018,APP-202605-073956,R0247,2026-05-04T13:19:25,DOCUMENT,RV-06
ALT-202605-005019,APP-202605-045958,R0076,2026-05-08T18:27:39,HIGH_VALUE,RV-03
ALT-202605-005020,APP-202605-000041,R0261,2026-05-26T21:24:53,IDENTITY,RV-05
ALT-202605-005021,APP-202605-023712,R0335,2026-05-18T22:56:41,TRANSACTION_MONITORING,RV-05
ALT-202605-005022,APP-202605-032620,R0129,2026-05-25T15:55:04,DOCUMENT,RV-04
ALT-202605-005023,APP-202605-048831,R0261,2026-05-06T18:06:07,HIGH_VALUE,RV-05
ALT-202605-005024,APP-202605-020793,R0076,2026-05-24T15:22:55,IDENTITY,RV-01
ALT-202605-005025,APP-202605-001503,R0247,2026-05-27T15:10:47,TRANSACTION_MONITORING,RV-02
ALT-202605-005026,APP-202605-070240,R0002,2026-05-11T14:05:58,DOCUMENT,RV-01
ALT-202605-005027,APP-202605-038587,R0158,2026-05-03T13:21:08,HIGH_VALUE,RV-01
ALT-202605-005028,APP-202605-070937,R0250,2026-05-31T18:46:01,IDENTITY,RV-03
ALT-202605-005029,APP-202605-025300,R0130,2026-05-29T16:47:57,TRANSACTION_MONITORING,RV-04
ALT-202605-005030,APP-202605-028118,R0109,2026-05-30T18:59:57,DOCUMENT,RV-01
ALT-202605-005031,APP-202605-019973,R0115,2026-05-31T19:24:30,HIGH_VALUE,RV-04
ALT-202605-005032,APP-202605-073973,R0261,2026-05-11T10:14:43,IDENTITY,RV-06
ALT-202605-005033,APP-202605-007785,R0129,2026-05-11T14:07:24,TRANSACTION_MONITORING,RV-05
ALT-202605-005034,APP-202605-014575,R0313,2026-05-29T13:18:20,DOCUMENT,RV-04
ALT-202605-005035,APP-202605-064731,R0247,2026-05-11T14:47:55,HIGH_VALUE,RV-02
ALT-202605-005036,APP-202605-069178,R0130,2026-05-07T10:41:04,IDENTITY,RV-06
ALT-202605-005037,APP-202605-031536,R0002,2026-05-01T19:08:45,TRANSACTION_MONITORING,RV-01
ALT-202605-005038,APP-202605-028103,R0079,2026-05-25T21:20:15,DOCUMENT,RV-06
ALT-202605-005039,APP-202605-059132,R0217,2026-05-12T17:19:41,HIGH_VALUE,RV-04
ALT-202605-005040,APP-202605-006158,R0273,2026-05-11T07:35:04,IDENTITY,RV-06
ALT-202605-005041,APP-202605-060594,R0322,2026-05-01T16:39:24,TRANSACTION_MONITORING,RV-01
ALT-202605-005042,APP-202605-002634,R0129,2026-05-24T14:07:30,DOCUMENT,RV-06
ALT-202605-005043,APP-202605-005323,R0079,2026-05-17T20:41:25,HIGH_VALUE,RV-05
ALT-202605-005044,APP-202605-054297,R0129,2026-05-26T12:50:08,IDENTITY,RV-04
ALT-202605-005045,APP-202605-061672,R0129,2026-05-23T14:20:56,TRANSACTION_MONITORING,RV-02
ALT-202605-005046,APP-202605-033744,R0081,2026-05-28T21:32:02,DOCUMENT,RV-02
ALT-202605-005047,APP-202605-052413,R0079,2026-05-01T09:27:48,HIGH_VALUE,RV-01
ALT-202605-005048,APP-202605-046414,R0038,2026-05-10T14:13:45,IDENTITY,RV-03
ALT-202605-005049,APP-202605-073931,R0261,2026-05-15T13:02:17,TRANSACTION_MONITORING,RV-04
ALT-202605-005050,APP-202605-054819,R0064,2026-05-09T22:55:53,DOCUMENT,RV-06
ALT-202605-005051,APP-202605-022089,R0002,2026-05-09T16:39:15,HIGH_VALUE,RV-06
ALT-202605-005052,APP-202605-065251,R0002,2026-05-11T06:07:48,IDENTITY,RV-03
ALT-202605-005053,APP-202605-026589,R0036,2026-05-17T13:39:47,TRANSACTION_MONITORING,RV-05
ALT-202605-005054,APP-202605-046121,R0261,2026-05-23T08:36:17,DOCUMENT,RV-04
ALT-202605-005055,APP-202605-042991,R0315,2026-05-29T22:11:39,HIGH_VALUE,RV-01
ALT-202605-005056,APP-202605-033410,R0322,2026-05-30T08:43:49,IDENTITY,RV-04
ALT-202605-005057,APP-202605-059739,R0322,2026-05-08T15:58:00,TRANSACTION_MONITORING,RV-02
ALT-202605-005058,APP-202605-035077,R0250,2026-05-20T20:21:34,DOCUMENT,RV-06
ALT-202605-005059,APP-202605-014671,R0310,2026-05-05T06:14:51,HIGH_VALUE,RV-02
ALT-202605-005060,APP-202605-028668,R0129,2026-05-18T16:09:36,IDENTITY,RV-01
ALT-202605-005061,APP-202605-064806,R0335,2026-05-03T20:08:36,TRANSACTION_MONITORING,RV-03
ALT-202605-005062,APP-202605-042316,R0129,2026-05-14T16:23:13,DOCUMENT,RV-03
ALT-202605-005063,APP-202605-040630,R0261,2026-05-21T15:34:00,HIGH_VALUE,RV-05
ALT-202605-005064,APP-202605-001216,R0158,2026-05-28T20:24:21,IDENTITY,RV-04
ALT-202605-005065,APP-202605-037724,R0081,2026-05-10T14:54:31,TRANSACTION_MONITORING,RV-06
ALT-202605-005066,APP-202605-063202,R0076,2026-05-17T09:33:06,DOCUMENT,RV-05
ALT-202605-005067,APP-202605-010137,R0129,2026-05-21T19:56:14,HIGH_VALUE,RV-05
ALT-202605-005068,APP-202605-050314,R0076,2026-05-25T07:12:24,IDENTITY,RV-03
ALT-202605-005069,APP-202605-031362,R0322,2026-05-30T06:09:42,TRANSACTION_MONITORING,RV-04
ALT-202605-005070,APP-202605-022947,R0142,2026-05-06T11:40:52,DOCUMENT,RV-06
ALT-202605-005071,APP-202605-023947,R0281,2026-05-15T12:06:01,HIGH_VALUE,RV-04
ALT-202605-005072,APP-202605-044447,R0079,2026-05-11T17:43:01,IDENTITY,RV-04
ALT-202605-005073,APP-202605-026887,R0079,2026-05-25T11:05:16,TRANSACTION_MONITORING,RV-04
ALT-202605-005074,APP-202605-027659,R0079,2026-05-29T13:25:17,DOCUMENT,RV-05
ALT-202605-005075,APP-202605-026670,R0217,2026-05-06T13:01:43,HIGH_VALUE,RV-04
ALT-202605-005076,APP-202605-049350,R0247,2026-05-27T15:06:40,IDENTITY,RV-04
ALT-202605-005077,APP-202605-020577,R0129,2026-05-07T16:55:53,TRANSACTION_MONITORING,RV-04
ALT-202605-005078,APP-202605-009609,R0071,2026-05-22T13:38:04,DOCUMENT,RV-01
ALT-202605-005079,APP-202605-054273,R0071,2026-05-12T09:50:01,HIGH_VALUE,RV-02
ALT-202605-005080,APP-202605-044213,R0261,2026-05-05T17:38:10,IDENTITY,RV-05
ALT-202605-005081,APP-202605-033283,R0079,2026-05-18T14:57:47,TRANSACTION_MONITORING,RV-05
ALT-202605-005082,APP-202605-017403,R0247,2026-05-01T16:01:04,DOCUMENT,RV-06
ALT-202605-005083,APP-202605-045041,R0158,2026-05-24T21:45:34,HIGH_VALUE,RV-01
ALT-202605-005084,APP-202605-065654,R0129,2026-05-05T14:40:05,IDENTITY,RV-01
ALT-202605-005085,APP-202605-029118,R0217,2026-05-21T07:49:33,TRANSACTION_MONITORING,RV-05
ALT-202605-005086,APP-202605-040699,R0335,2026-05-07T17:42:48,DOCUMENT,RV-05
ALT-202605-005087,APP-202605-068625,R0158,2026-05-24T06:55:29,HIGH_VALUE,RV-05
ALT-202605-005088,APP-202605-017041,R0064,2026-05-12T08:19:38,IDENTITY,RV-01
ALT-202605-005089,APP-202605-042990,R0322,2026-05-29T12:27:28,TRANSACTION_MONITORING,RV-05
ALT-202605-005090,APP-202605-065408,R0158,2026-05-12T17:55:58,DOCUMENT,RV-05
ALT-202605-005091,APP-202605-015302,R0261,2026-05-27T20:45:35,HIGH_VALUE,RV-05
ALT-202605-005092,APP-202605-037401,R0250,2026-05-18T13:38:42,IDENTITY,RV-04
ALT-202605-005093,APP-202605-009841,R0142,2026-05-25T18:25:04,TRANSACTION_MONITORING,RV-01
ALT-202605-005094,APP-202605-020981,R0129,2026-05-11T12:15:35,DOCUMENT,RV-06
ALT-202605-005095,APP-202605-060709,R0250,2026-05-30T08:55:00,HIGH_VALUE,RV-04
ALT-202605-005096,APP-202605-021525,R0109,2026-05-31T21:26:47,IDENTITY,RV-05
ALT-202605-005097,APP-202605-005131,R0129,2026-05-08T15:42:52,TRANSACTION_MONITORING,RV-01
ALT-202605-005098,APP-202605-007669,R0079,2026-05-19T19:46:10,DOCUMENT,RV-03
ALT-202605-005099,APP-202605-041182,R0313,2026-05-16T09:43:44,HIGH_VALUE,RV-04
ALT-202605-005100,APP-202605-034559,R0002,2026-05-17T14:44:13,IDENTITY,RV-01
ALT-202605-005101,APP-202605-062988,R0081,2026-05-19T10:47:51,TRANSACTION_MONITORING,RV-01
ALT-202605-005102,APP-202605-032854,R0130,2026-05-07T08:46:13,DOCUMENT,RV-06
ALT-202605-005103,APP-202605-016352,R0142,2026-05-01T18:00:37,HIGH_VALUE,RV-04
ALT-202605-005104,APP-202605-064489,R0250,2026-05-21T18:12:23,IDENTITY,RV-06
ALT-202605-005105,APP-202605-049235,R0158,2026-05-29T22:35:35,TRANSACTION_MONITORING,RV-01
ALT-202605-005106,APP-202605-015031,R0335,2026-05-10T08:02:21,DOCUMENT,RV-06
ALT-202605-005107,APP-202605-036832,R0252,2026-05-02T16:19:12,HIGH_VALUE,RV-01
ALT-202605-005108,APP-202605-031921,R0302,2026-05-11T08:55:18,IDENTITY,RV-03
ALT-202605-005109,APP-202605-000196,R0217,2026-05-29T19:57:52,TRANSACTION_MONITORING,RV-02
ALT-202605-005110,APP-202605-053348,R0079,2026-05-04T19:18:56,DOCUMENT,RV-03
ALT-202605-005111,APP-202605-055528,R0158,2026-05-18T16:50:51,HIGH_VALUE,RV-04
ALT-202605-005112,APP-202605-021576,R0129,2026-05-11T21:42:53,IDENTITY,RV-05
ALT-202605-005113,APP-202605-028876,R0158,2026-05-23T20:21:08,TRANSACTION_MONITORING,RV-02
ALT-202605-005114,APP-202605-025452,R0109,2026-05-10T16:52:40,DOCUMENT,RV-02
ALT-202605-005115,APP-202605-047290,R0130,2026-05-20T20:10:56,HIGH_VALUE,RV-03
ALT-202605-005116,APP-202605-003514,R0129,2026-05-31T09:40:28,IDENTITY,RV-02
ALT-202605-005117,APP-202605-014651,R0322,2026-05-07T20:12:52,TRANSACTION_MONITORING,RV-06
ALT-202605-005118,APP-202605-069916,R0250,2026-05-05T14:36:11,DOCUMENT,RV-01
ALT-202605-005119,APP-202605-064265,R0129,2026-05-22T07:31:16,HIGH_VALUE,RV-03
ALT-202605-005120,APP-202605-054815,R0076,2026-05-07T08:28:17,IDENTITY,RV-03
ALT-202605-005121,APP-202605-011387,R0247,2026-05-22T22:35:15,TRANSACTION_MONITORING,RV-02
ALT-202605-005122,APP-202605-011777,R0096,2026-05-30T22:30:55,DOCUMENT,RV-02
ALT-202605-005123,APP-202605-072224,R0247,2026-05-24T06:11:23,HIGH_VALUE,RV-02
ALT-202605-005124,APP-202605-058292,R0273,2026-05-14T06:55:53,IDENTITY,RV-06
ALT-202605-005125,APP-202605-060303,R0315,2026-05-10T10:58:19,TRANSACTION_MONITORING,RV-05
ALT-202605-005126,APP-202605-021897,R0313,2026-05-23T18:07:15,DOCUMENT,RV-01
ALT-202605-005127,APP-202605-034230,R0281,2026-05-04T19:03:15,HIGH_VALUE,RV-01
ALT-202605-005128,APP-202605-036737,R0002,2026-05-17T12:18:37,IDENTITY,RV-06
ALT-202605-005129,APP-202605-024044,R0281,2026-05-13T08:21:29,TRANSACTION_MONITORING,RV-06
ALT-202605-005130,APP-202605-029686,R0079,2026-05-31T08:32:33,DOCUMENT,RV-05
ALT-202605-005131,APP-202605-024213,R0109,2026-05-03T16:25:59,HIGH_VALUE,RV-04
ALT-202605-005132,APP-202605-064817,R0158,2026-05-20T13:05:41,IDENTITY,RV-04
ALT-202605-005133,APP-202605-048922,R0247,2026-05-25T11:07:20,TRANSACTION_MONITORING,RV-01
ALT-202605-005134,APP-202605-020741,R0250,2026-05-16T08:06:00,DOCUMENT,RV-06
ALT-202605-005135,APP-202605-032586,R0250,2026-05-14T06:56:02,HIGH_VALUE,RV-04
ALT-202605-005136,APP-202605-073483,R0096,2026-05-04T12:32:51,IDENTITY,RV-03
ALT-202605-005137,APP-202605-018184,R0129,2026-05-04T15:34:14,TRANSACTION_MONITORING,RV-04
ALT-202605-005138,APP-202605-027802,R0217,2026-05-16T12:42:35,DOCUMENT,RV-02
ALT-202605-005139,APP-202605-065713,R0261,2026-05-24T20:06:28,HIGH_VALUE,RV-01
ALT-202605-005140,APP-202605-066257,R0250,2026-05-01T21:40:21,IDENTITY,RV-04
ALT-202605-005141,APP-202605-025360,R0129,2026-05-19T09:52:02,TRANSACTION_MONITORING,RV-02
ALT-202605-005142,APP-202605-023019,R0322,2026-05-30T16:46:59,DOCUMENT,RV-01
ALT-202605-005143,APP-202605-056951,R0071,2026-05-21T12:25:09,HIGH_VALUE,RV-02
ALT-202605-005144,APP-202605-069860,R0129,2026-05-05T12:56:14,IDENTITY,RV-06
ALT-202605-005145,APP-202605-061162,R0129,2026-05-01T17:24:14,TRANSACTION_MONITORING,RV-04
ALT-202605-005146,APP-202605-036992,R0002,2026-05-24T07:53:35,DOCUMENT,RV-04
ALT-202605-005147,APP-202605-072507,R0129,2026-05-19T09:06:24,HIGH_VALUE,RV-06
ALT-202605-005148,APP-202605-014877,R0129,2026-05-07T16:00:24,IDENTITY,RV-06
ALT-202605-005149,APP-202605-008573,R0217,2026-05-31T07:56:08,TRANSACTION_MONITORING,RV-06
ALT-202605-005150,APP-202605-016759,R0002,2026-05-05T19:14:36,DOCUMENT,RV-02
ALT-202605-005151,APP-202605-073499,R0313,2026-05-06T15:06:28,HIGH_VALUE,RV-03
ALT-202605-005152,APP-202605-019468,R0076,2026-05-29T20:22:50,IDENTITY,RV-06
ALT-202605-005153,APP-202605-023810,R0261,2026-05-05T19:05:34,TRANSACTION_MONITORING,RV-05
ALT-202605-005154,APP-202605-032207,R0142,2026-05-20T15:11:43,DOCUMENT,RV-03
ALT-202605-005155,APP-202605-012978,R0335,2026-05-06T21:02:36,HIGH_VALUE,RV-05
ALT-202605-005156,APP-202605-066071,R0079,2026-05-15T06:06:29,IDENTITY,RV-05
ALT-202605-005157,APP-202605-051594,R0261,2026-05-04T08:17:51,TRANSACTION_MONITORING,RV-02
ALT-202605-005158,APP-202605-024302,R0250,2026-05-20T22:11:31,DOCUMENT,RV-01
ALT-202605-005159,APP-202605-074810,R0130,2026-05-23T16:56:03,HIGH_VALUE,RV-02
ALT-202605-005160,APP-202605-074973,R0322,2026-05-09T08:28:06,IDENTITY,RV-03
ALT-202605-005161,APP-202605-066377,R0064,2026-05-31T10:30:19,TRANSACTION_MONITORING,RV-03
ALT-202605-005162,APP-202605-002735,R0335,2026-05-27T21:43:34,DOCUMENT,RV-04
ALT-202605-005163,APP-202605-001554,R0045,2026-05-20T06:39:38,HIGH_VALUE,RV-03
ALT-202605-005164,APP-202605-057170,R0001,2026-05-23T06:33:59,IDENTITY,RV-02
ALT-202605-005165,APP-202605-040781,R0064,2026-05-14T13:25:29,TRANSACTION_MONITORING,RV-01
ALT-202605-005166,APP-202605-074444,R0335,2026-05-21T12:32:21,DOCUMENT,RV-03
ALT-202605-005167,APP-202605-020426,R0261,2026-05-02T21:03:15,HIGH_VALUE,RV-06
ALT-202605-005168,APP-202605-029750,R0247,2026-05-26T19:38:43,IDENTITY,RV-04
ALT-202605-005169,APP-202605-044283,R0261,2026-05-25T21:36:20,TRANSACTION_MONITORING,RV-02
ALT-202605-005170,APP-202605-037728,R0079,2026-05-29T16:22:26,DOCUMENT,RV-02
ALT-202605-005171,APP-202605-031191,R0315,2026-05-23T15:23:07,HIGH_VALUE,RV-04
ALT-202605-005172,APP-202605-022403,R0129,2026-05-14T16:56:49,IDENTITY,RV-05
ALT-202605-005173,APP-202605-032260,R0129,2026-05-20T15:44:00,TRANSACTION_MONITORING,RV-05
ALT-202605-005174,APP-202605-043964,R0129,2026-05-24T22:01:15,DOCUMENT,RV-04
ALT-202605-005175,APP-202605-023015,R0129,2026-05-30T07:42:45,HIGH_VALUE,RV-01
ALT-202605-005176,APP-202605-062590,R0147,2026-05-16T19:09:10,IDENTITY,RV-06
ALT-202605-005177,APP-202605-059629,R0261,2026-05-14T12:50:55,TRANSACTION_MONITORING,RV-05
ALT-202605-005178,APP-202605-056654,R0076,2026-05-02T08:39:28,DOCUMENT,RV-05
ALT-202605-005179,APP-202605-032896,R0096,2026-05-05T12:04:23,HIGH_VALUE,RV-06
ALT-202605-005180,APP-202605-027929,R0071,2026-05-16T21:06:22,IDENTITY,RV-04
ALT-202605-005181,APP-202605-041932,R0130,2026-05-19T13:23:41,TRANSACTION_MONITORING,RV-01
ALT-202605-005182,APP-202605-033674,R0335,2026-05-31T12:03:49,DOCUMENT,RV-03
ALT-202605-005183,APP-202605-056801,R0247,2026-05-17T17:36:10,HIGH_VALUE,RV-06
ALT-202605-005184,APP-202605-050335,R0252,2026-05-12T17:20:21,IDENTITY,RV-02
ALT-202605-005185,APP-202605-009694,R0247,2026-05-11T12:31:53,TRANSACTION_MONITORING,RV-02
ALT-202605-005186,APP-202605-037321,R0064,2026-05-27T09:14:18,DOCUMENT,RV-05
ALT-202605-005187,APP-202605-011903,R0247,2026-05-08T10:43:21,HIGH_VALUE,RV-01
ALT-202605-005188,APP-202605-016170,R0002,2026-05-05T12:46:42,IDENTITY,RV-02
ALT-202605-005189,APP-202605-053021,R0045,2026-05-11T11:27:36,TRANSACTION_MONITORING,RV-02
ALT-202605-005190,APP-202605-037718,R0252,2026-05-16T15:01:39,DOCUMENT,RV-04
ALT-202605-005191,APP-202605-047719,R0129,2026-05-08T11:29:22,HIGH_VALUE,RV-04
ALT-202605-005192,APP-202605-023038,R0130,2026-05-18T13:40:03,IDENTITY,RV-06
ALT-202605-005193,APP-202605-018587,R0130,2026-05-19T08:20:18,TRANSACTION_MONITORING,RV-06
ALT-202605-005194,APP-202605-056494,R0045,2026-05-05T22:37:40,DOCUMENT,RV-01
ALT-202605-005195,APP-202605-074280,R0261,2026-05-31T19:39:28,HIGH_VALUE,RV-05
ALT-202605-005196,APP-202605-003649,R0302,2026-05-12T15:06:54,IDENTITY,RV-01
ALT-202605-005197,APP-202605-072395,R0109,2026-05-05T14:02:54,TRANSACTION_MONITORING,RV-02
ALT-202605-005198,APP-202605-003059,R0079,2026-05-21T19:48:03,DOCUMENT,RV-01
ALT-202605-005199,APP-202605-053862,R0322,2026-05-17T18:53:24,HIGH_VALUE,RV-02
ALT-202605-005200,APP-202605-029863,R0273,2026-05-29T13:49:17,IDENTITY,RV-05
ALT-202605-005201,APP-202605-001592,R0335,2026-05-30T11:41:05,TRANSACTION_MONITORING,RV-05
ALT-202605-005202,APP-202605-058006,R0335,2026-05-10T21:28:34,DOCUMENT,RV-03
ALT-202605-005203,APP-202605-070866,R0158,2026-05-02T18:05:46,HIGH_VALUE,RV-06
ALT-202605-005204,APP-202605-065280,R0129,2026-05-01T12:46:12,IDENTITY,RV-05
ALT-202605-005205,APP-202605-073794,R0001,2026-05-21T11:41:41,TRANSACTION_MONITORING,RV-02
ALT-202605-005206,APP-202605-002322,R0109,2026-05-20T09:08:13,DOCUMENT,RV-05
ALT-202605-005207,APP-202605-071996,R0129,2026-05-03T16:44:52,HIGH_VALUE,RV-06
ALT-202605-005208,APP-202605-014569,R0315,2026-05-11T18:29:11,IDENTITY,RV-06
ALT-202605-005209,APP-202605-050399,R0247,2026-05-10T19:33:41,TRANSACTION_MONITORING,RV-02
ALT-202605-005210,APP-202605-052884,R0130,2026-05-11T15:18:48,DOCUMENT,RV-02
ALT-202605-005211,APP-202605-073636,R0129,2026-05-04T10:10:09,HIGH_VALUE,RV-01
ALT-202605-005212,APP-202605-043785,R0261,2026-05-04T08:01:17,IDENTITY,RV-05
ALT-202605-005213,APP-202605-010127,R0250,2026-05-12T19:24:29,TRANSACTION_MONITORING,RV-04
ALT-202605-005214,APP-202605-019255,R0281,2026-05-09T22:32:17,DOCUMENT,RV-01
ALT-202605-005215,APP-202605-067771,R0129,2026-05-29T20:29:53,HIGH_VALUE,RV-01
ALT-202605-005216,APP-202605-011399,R0129,2026-05-27T20:32:47,IDENTITY,RV-04
ALT-202605-005217,APP-202605-065301,R0217,2026-05-18T11:17:16,TRANSACTION_MONITORING,RV-01
ALT-202605-005218,APP-202605-027419,R0247,2026-05-17T09:58:12,DOCUMENT,RV-04
ALT-202605-005219,APP-202605-055958,R0250,2026-05-27T12:19:58,HIGH_VALUE,RV-01
ALT-202605-005220,APP-202605-009724,R0250,2026-05-22T13:12:39,IDENTITY,RV-05
ALT-202605-005221,APP-202605-024314,R0261,2026-05-18T20:28:05,TRANSACTION_MONITORING,RV-05
ALT-202605-005222,APP-202605-020523,R0322,2026-05-31T20:41:52,DOCUMENT,RV-04
ALT-202605-005223,APP-202605-012606,R0322,2026-05-13T15:03:38,HIGH_VALUE,RV-06
ALT-202605-005224,APP-202605-044718,R0109,2026-05-01T08:13:48,IDENTITY,RV-05
ALT-202605-005225,APP-202605-006313,R0002,2026-05-05T20:22:44,TRANSACTION_MONITORING,RV-01
ALT-202605-005226,APP-202605-006482,R0315,2026-05-04T11:46:00,DOCUMENT,RV-05
ALT-202605-005227,APP-202605-064508,R0322,2026-05-07T07:03:25,HIGH_VALUE,RV-01
ALT-202605-005228,APP-202605-024385,R0322,2026-05-04T07:57:05,IDENTITY,RV-01
ALT-202605-005229,APP-202605-011534,R0252,2026-05-15T20:15:35,TRANSACTION_MONITORING,RV-04
ALT-202605-005230,APP-202605-012340,R0281,2026-05-09T10:38:19,DOCUMENT,RV-05
ALT-202605-005231,APP-202605-021317,R0129,2026-05-17T14:03:08,HIGH_VALUE,RV-04
ALT-202605-005232,APP-202605-063843,R0335,2026-05-31T17:40:50,IDENTITY,RV-05
ALT-202605-005233,APP-202605-006385,R0335,2026-05-08T22:31:14,TRANSACTION_MONITORING,RV-06
ALT-202605-005234,APP-202605-055554,R0322,2026-05-23T13:27:44,DOCUMENT,RV-03
ALT-202605-005235,APP-202605-045029,R0115,2026-05-27T09:48:05,HIGH_VALUE,RV-03
ALT-202605-005236,APP-202605-032697,R0130,2026-05-22T08:48:56,IDENTITY,RV-04
ALT-202605-005237,APP-202605-057139,R0247,2026-05-16T08:14:29,TRANSACTION_MONITORING,RV-03
ALT-202605-005238,APP-202605-036741,R0217,2026-05-11T11:34:08,DOCUMENT,RV-05
ALT-202605-005239,APP-202605-068400,R0079,2026-05-04T19:02:00,HIGH_VALUE,RV-01
ALT-202605-005240,APP-202605-028633,R0217,2026-05-30T19:59:08,IDENTITY,RV-06
ALT-202605-005241,APP-202605-004133,R0261,2026-05-26T21:00:23,TRANSACTION_MONITORING,RV-02
ALT-202605-005242,APP-202605-039019,R0129,2026-05-08T14:34:46,DOCUMENT,RV-04
ALT-202605-005243,APP-202605-045315,R0129,2026-05-01T14:46:33,HIGH_VALUE,RV-03
ALT-202605-005244,APP-202605-062269,R0250,2026-05-29T11:16:05,IDENTITY,RV-01
ALT-202605-005245,APP-202605-049569,R0247,2026-05-01T18:07:30,TRANSACTION_MONITORING,RV-06
ALT-202605-005246,APP-202605-068176,R0261,2026-05-20T08:02:47,DOCUMENT,RV-03
ALT-202605-005247,APP-202605-020475,R0071,2026-05-24T17:32:50,HIGH_VALUE,RV-01
ALT-202605-005248,APP-202605-025805,R0129,2026-05-26T10:40:49,IDENTITY,RV-03
ALT-202605-005249,APP-202605-060568,R0129,2026-05-10T17:30:48,TRANSACTION_MONITORING,RV-04
ALT-202605-005250,APP-202605-055551,R0261,2026-05-19T08:20:44,DOCUMENT,RV-03
ALT-202605-005251,APP-202605-063806,R0081,2026-05-22T17:22:48,HIGH_VALUE,RV-05
ALT-202605-005252,APP-202605-039412,R0081,2026-05-30T08:27:43,IDENTITY,RV-02
ALT-202605-005253,APP-202605-068282,R0079,2026-05-04T12:52:35,TRANSACTION_MONITORING,RV-06
ALT-202605-005254,APP-202605-028178,R0217,2026-05-31T15:13:42,DOCUMENT,RV-04
ALT-202605-005255,APP-202605-043129,R0302,2026-05-19T22:31:49,HIGH_VALUE,RV-05
ALT-202605-005256,APP-202605-009323,R0142,2026-05-02T17:28:50,IDENTITY,RV-01
ALT-202605-005257,APP-202605-062700,R0217,2026-05-12T10:41:41,TRANSACTION_MONITORING,RV-01
ALT-202605-005258,APP-202605-043197,R0045,2026-05-01T22:29:01,DOCUMENT,RV-01
ALT-202605-005259,APP-202605-059286,R0250,2026-05-01T20:49:41,HIGH_VALUE,RV-05
ALT-202605-005260,APP-202605-044237,R0129,2026-05-20T12:01:19,IDENTITY,RV-04
ALT-202605-005261,APP-202605-016968,R0076,2026-05-01T16:10:46,TRANSACTION_MONITORING,RV-02
ALT-202605-005262,APP-202605-049094,R0130,2026-05-20T19:40:59,DOCUMENT,RV-06
ALT-202605-005263,APP-202605-031773,R0322,2026-05-30T07:54:26,HIGH_VALUE,RV-03
ALT-202605-005264,APP-202605-023173,R0129,2026-05-13T18:22:34,IDENTITY,RV-01
ALT-202605-005265,APP-202605-032206,R0250,2026-05-06T10:21:16,TRANSACTION_MONITORING,RV-05
ALT-202605-005266,APP-202605-024158,R0158,2026-05-12T20:03:32,DOCUMENT,RV-02
ALT-202605-005267,APP-202605-008446,R0322,2026-05-26T08:04:15,HIGH_VALUE,RV-04
ALT-202605-005268,APP-202605-070512,R0002,2026-05-01T10:39:41,IDENTITY,RV-03
ALT-202605-005269,APP-202605-025519,R0130,2026-05-06T20:58:21,TRANSACTION_MONITORING,RV-04
ALT-202605-005270,APP-202605-026466,R0129,2026-05-15T14:45:25,DOCUMENT,RV-04
ALT-202605-005271,APP-202605-065984,R0142,2026-05-17T06:26:10,HIGH_VALUE,RV-03
ALT-202605-005272,APP-202605-013598,R0252,2026-05-12T18:36:24,IDENTITY,RV-05
ALT-202605-005273,APP-202605-027897,R0315,2026-05-29T12:59:51,TRANSACTION_MONITORING,RV-02
ALT-202605-005274,APP-202605-070444,R0079,2026-05-16T16:25:20,DOCUMENT,RV-01
ALT-202605-005275,APP-202605-020203,R0158,2026-05-05T14:33:54,HIGH_VALUE,RV-06
ALT-202605-005276,APP-202605-015813,R0079,2026-05-17T19:52:24,IDENTITY,RV-06
ALT-202605-005277,APP-202605-027413,R0261,2026-05-18T08:46:18,TRANSACTION_MONITORING,RV-02
ALT-202605-005278,APP-202605-068009,R0081,2026-05-30T12:34:27,DOCUMENT,RV-02
ALT-202605-005279,APP-202605-071317,R0076,2026-05-23T08:17:36,HIGH_VALUE,RV-04
ALT-202605-005280,APP-202605-072626,R0130,2026-05-03T13:35:32,IDENTITY,RV-01
ALT-202605-005281,APP-202605-062041,R0247,2026-05-11T17:32:52,TRANSACTION_MONITORING,RV-03
ALT-202605-005282,APP-202605-025227,R0261,2026-05-31T10:45:34,DOCUMENT,RV-02
ALT-202605-005283,APP-202605-041160,R0079,2026-05-06T06:38:34,HIGH_VALUE,RV-06
ALT-202605-005284,APP-202605-022450,R0129,2026-05-31T12:04:18,IDENTITY,RV-04
ALT-202605-005285,APP-202605-029527,R0142,2026-05-11T08:17:31,TRANSACTION_MONITORING,RV-01
ALT-202605-005286,APP-202605-074263,R0217,2026-05-16T06:40:23,DOCUMENT,RV-01
ALT-202605-005287,APP-202605-041261,R0335,2026-05-05T22:12:09,HIGH_VALUE,RV-03
ALT-202605-005288,APP-202605-037712,R0045,2026-05-17T07:01:17,IDENTITY,RV-02
ALT-202605-005289,APP-202605-036748,R0130,2026-05-23T18:59:22,TRANSACTION_MONITORING,RV-02
ALT-202605-005290,APP-202605-009777,R0079,2026-05-12T07:59:57,DOCUMENT,RV-04
ALT-202605-005291,APP-202605-070731,R0313,2026-05-31T10:55:13,HIGH_VALUE,RV-02
ALT-202605-005292,APP-202605-050385,R0217,2026-05-23T22:49:55,IDENTITY,RV-06
ALT-202605-005293,APP-202605-018391,R0064,2026-05-01T15:09:53,TRANSACTION_MONITORING,RV-02
ALT-202605-005294,APP-202605-010710,R0250,2026-05-05T19:36:30,DOCUMENT,RV-06
ALT-202605-005295,APP-202605-073688,R0031,2026-05-12T17:45:12,HIGH_VALUE,RV-01
ALT-202605-005296,APP-202605-020689,R0129,2026-05-08T16:13:12,IDENTITY,RV-04
ALT-202605-005297,APP-202605-000572,R0140,2026-05-09T18:43:33,TRANSACTION_MONITORING,RV-01
ALT-202605-005298,APP-202605-055590,R0129,2026-05-06T12:49:56,DOCUMENT,RV-02
ALT-202605-005299,APP-202605-057384,R0129,2026-05-17T18:41:59,HIGH_VALUE,RV-01
ALT-202605-005300,APP-202605-027541,R0142,2026-05-07T09:25:20,IDENTITY,RV-04
ALT-202605-005301,APP-202605-043787,R0335,2026-05-25T20:59:02,TRANSACTION_MONITORING,RV-05
ALT-202605-005302,APP-202605-054324,R0129,2026-05-27T07:38:42,DOCUMENT,RV-04
ALT-202605-005303,APP-202605-023391,R0217,2026-05-05T20:59:11,HIGH_VALUE,RV-04
ALT-202605-005304,APP-202605-063590,R0335,2026-05-01T14:45:06,IDENTITY,RV-06
ALT-202605-005305,APP-202605-048235,R0129,2026-05-20T12:14:17,TRANSACTION_MONITORING,RV-04
ALT-202605-005306,APP-202605-010658,R0158,2026-05-22T18:29:31,DOCUMENT,RV-06
ALT-202605-005307,APP-202605-071192,R0002,2026-05-25T15:51:43,HIGH_VALUE,RV-01
ALT-202605-005308,APP-202605-056025,R0081,2026-05-14T16:32:30,IDENTITY,RV-03
ALT-202605-005309,APP-202605-073736,R0335,2026-05-27T13:52:40,TRANSACTION_MONITORING,RV-02
ALT-202605-005310,APP-202605-001850,R0261,2026-05-23T12:18:47,DOCUMENT,RV-05
ALT-202605-005311,APP-202605-017139,R0261,2026-05-17T19:22:07,HIGH_VALUE,RV-04
ALT-202605-005312,APP-202605-056870,R0158,2026-05-10T19:26:23,IDENTITY,RV-05
ALT-202605-005313,APP-202605-009588,R0281,2026-05-18T14:49:20,TRANSACTION_MONITORING,RV-03
ALT-202605-005314,APP-202605-002548,R0261,2026-05-23T17:52:30,DOCUMENT,RV-02
ALT-202605-005315,APP-202605-031201,R0079,2026-05-25T15:05:30,HIGH_VALUE,RV-02
ALT-202605-005316,APP-202605-066141,R0335,2026-05-08T07:23:26,IDENTITY,RV-04
ALT-202605-005317,APP-202605-071404,R0109,2026-05-31T16:29:13,TRANSACTION_MONITORING,RV-01
ALT-202605-005318,APP-202605-070530,R0129,2026-05-14T14:01:03,DOCUMENT,RV-03
ALT-202605-005319,APP-202605-074708,R0158,2026-05-19T08:29:10,HIGH_VALUE,RV-06
ALT-202605-005320,APP-202605-033179,R0064,2026-05-06T08:43:24,IDENTITY,RV-03
ALT-202605-005321,APP-202605-041656,R0261,2026-05-27T13:33:43,TRANSACTION_MONITORING,RV-04
ALT-202605-005322,APP-202605-018086,R0109,2026-05-21T15:30:13,DOCUMENT,RV-03
ALT-202605-005323,APP-202605-070917,R0129,2026-05-15T06:08:33,HIGH_VALUE,RV-06
ALT-202605-005324,APP-202605-015387,R0115,2026-05-30T09:28:22,IDENTITY,RV-06
ALT-202605-005325,APP-202605-005236,R0129,2026-05-27T07:59:25,TRANSACTION_MONITORING,RV-05
ALT-202605-005326,APP-202605-062052,R0158,2026-05-10T14:00:23,DOCUMENT,RV-01
ALT-202605-005327,APP-202605-018645,R0322,2026-05-20T22:23:11,HIGH_VALUE,RV-04
ALT-202605-005328,APP-202605-068083,R0247,2026-05-17T15:07:06,IDENTITY,RV-04
ALT-202605-005329,APP-202605-066450,R0064,2026-05-20T10:40:27,TRANSACTION_MONITORING,RV-01
ALT-202605-005330,APP-202605-031121,R0252,2026-05-08T13:57:48,DOCUMENT,RV-01
ALT-202605-005331,APP-202605-059130,R0322,2026-05-21T17:48:35,HIGH_VALUE,RV-05
ALT-202605-005332,APP-202605-025562,R0252,2026-05-05T22:10:56,IDENTITY,RV-04
ALT-202605-005333,APP-202605-002811,R0252,2026-05-12T17:41:06,TRANSACTION_MONITORING,RV-02
ALT-202605-005334,APP-202605-065929,R0130,2026-05-31T16:55:53,DOCUMENT,RV-01
ALT-202605-005335,APP-202605-028393,R0322,2026-05-17T14:20:19,HIGH_VALUE,RV-01
ALT-202605-005336,APP-202605-005644,R0129,2026-05-21T09:00:15,IDENTITY,RV-04
ALT-202605-005337,APP-202605-029331,R0109,2026-05-22T15:03:40,TRANSACTION_MONITORING,RV-03
ALT-202605-005338,APP-202605-019963,R0322,2026-05-08T11:52:20,DOCUMENT,RV-05
ALT-202605-005339,APP-202605-037560,R0335,2026-05-08T20:20:18,HIGH_VALUE,RV-04
ALT-202605-005340,APP-202605-061697,R0081,2026-05-06T11:52:39,IDENTITY,RV-01
ALT-202605-005341,APP-202605-069462,R0079,2026-05-18T07:46:35,TRANSACTION_MONITORING,RV-06
ALT-202605-005342,APP-202605-052423,R0129,2026-05-07T17:07:06,DOCUMENT,RV-02
ALT-202605-005343,APP-202605-013020,R0115,2026-05-11T17:24:56,HIGH_VALUE,RV-03
ALT-202605-005344,APP-202605-009672,R0076,2026-05-05T20:18:49,IDENTITY,RV-03
ALT-202605-005345,APP-202605-034991,R0071,2026-05-10T20:44:03,TRANSACTION_MONITORING,RV-05
ALT-202605-005346,APP-202605-027591,R0247,2026-05-13T11:04:32,DOCUMENT,RV-03
ALT-202605-005347,APP-202605-009058,R0079,2026-05-13T15:51:31,HIGH_VALUE,RV-01
ALT-202605-005348,APP-202605-033742,R0079,2026-05-11T08:53:42,IDENTITY,RV-04
ALT-202605-005349,APP-202605-043653,R0252,2026-05-05T10:41:25,TRANSACTION_MONITORING,RV-05
ALT-202605-005350,APP-202605-015114,R0261,2026-05-24T22:49:22,DOCUMENT,RV-01
ALT-202605-005351,APP-202605-054986,R0315,2026-05-01T17:16:56,HIGH_VALUE,RV-02
ALT-202605-005352,APP-202605-020311,R0109,2026-05-22T19:11:16,IDENTITY,RV-06
ALT-202605-005353,APP-202605-035685,R0071,2026-05-08T11:23:33,TRANSACTION_MONITORING,RV-01
ALT-202605-005354,APP-202605-025644,R0247,2026-05-19T07:53:18,DOCUMENT,RV-01
ALT-202605-005355,APP-202605-073357,R0217,2026-05-10T09:57:40,HIGH_VALUE,RV-04
ALT-202605-005356,APP-202605-027057,R0322,2026-05-24T06:54:19,IDENTITY,RV-04
ALT-202605-005357,APP-202605-019535,R0142,2026-05-14T16:17:56,TRANSACTION_MONITORING,RV-06
ALT-202605-005358,APP-202605-018636,R0261,2026-05-07T18:34:59,DOCUMENT,RV-02
ALT-202605-005359,APP-202605-017670,R0079,2026-05-13T17:38:08,HIGH_VALUE,RV-01
ALT-202605-005360,APP-202605-074283,R0335,2026-05-13T10:17:34,IDENTITY,RV-04
ALT-202605-005361,APP-202605-072258,R0109,2026-05-21T20:36:28,TRANSACTION_MONITORING,RV-02
ALT-202605-005362,APP-202605-045259,R0247,2026-05-16T13:42:35,DOCUMENT,RV-06
ALT-202605-005363,APP-202605-007415,R0247,2026-05-09T13:56:00,HIGH_VALUE,RV-06
ALT-202605-005364,APP-202605-035197,R0158,2026-05-04T20:18:13,IDENTITY,RV-06
ALT-202605-005365,APP-202605-025581,R0129,2026-05-11T07:17:03,TRANSACTION_MONITORING,RV-06
ALT-202605-005366,APP-202605-057934,R0071,2026-05-10T12:46:49,DOCUMENT,RV-03
ALT-202605-005367,APP-202605-044720,R0070,2026-05-30T20:03:37,HIGH_VALUE,RV-02
ALT-202605-005368,APP-202605-056224,R0129,2026-05-12T21:51:35,IDENTITY,RV-05
ALT-202605-005369,APP-202605-000425,R0322,2026-05-21T20:55:56,TRANSACTION_MONITORING,RV-01
ALT-202605-005370,APP-202605-033444,R0079,2026-05-22T07:08:23,DOCUMENT,RV-04
ALT-202605-005371,APP-202605-039234,R0129,2026-05-12T21:50:32,HIGH_VALUE,RV-05
ALT-202605-005372,APP-202605-010428,R0250,2026-05-05T15:22:05,IDENTITY,RV-03
ALT-202605-005373,APP-202605-019270,R0002,2026-05-12T15:23:37,TRANSACTION_MONITORING,RV-03
ALT-202605-005374,APP-202605-013490,R0247,2026-05-10T18:56:49,DOCUMENT,RV-05
ALT-202605-005375,APP-202605-018158,R0129,2026-05-23T20:41:11,HIGH_VALUE,RV-04
ALT-202605-005376,APP-202605-014558,R0079,2026-05-21T18:25:00,IDENTITY,RV-02
ALT-202605-005377,APP-202605-005264,R0002,2026-05-18T18:40:30,TRANSACTION_MONITORING,RV-02
ALT-202605-005378,APP-202605-069372,R0129,2026-05-10T13:40:14,DOCUMENT,RV-02
ALT-202605-005379,APP-202605-039617,R0079,2026-05-14T22:28:55,HIGH_VALUE,RV-04
ALT-202605-005380,APP-202605-067331,R0315,2026-05-27T06:09:46,IDENTITY,RV-03
ALT-202605-005381,APP-202605-032733,R0261,2026-05-17T17:20:50,TRANSACTION_MONITORING,RV-06
ALT-202605-005382,APP-202605-058668,R0335,2026-05-17T18:24:37,DOCUMENT,RV-01
ALT-202605-005383,APP-202605-005442,R0322,2026-05-30T15:45:19,HIGH_VALUE,RV-02
ALT-202605-005384,APP-202605-058417,R0315,2026-05-29T15:09:26,IDENTITY,RV-04
ALT-202605-005385,APP-202605-024286,R0322,2026-05-26T20:03:22,TRANSACTION_MONITORING,RV-04
ALT-202605-005386,APP-202605-033469,R0129,2026-05-20T08:21:47,DOCUMENT,RV-02
ALT-202605-005387,APP-202605-057229,R0129,2026-05-24T10:06:37,HIGH_VALUE,RV-02
ALT-202605-005388,APP-202605-020770,R0001,2026-05-12T13:27:56,IDENTITY,RV-05
ALT-202605-005389,APP-202605-033636,R0115,2026-05-23T17:53:22,TRANSACTION_MONITORING,RV-02
ALT-202605-005390,APP-202605-016305,R0129,2026-05-20T10:07:12,DOCUMENT,RV-06
ALT-202605-005391,APP-202605-045746,R0081,2026-05-15T17:04:46,HIGH_VALUE,RV-03
ALT-202605-005392,APP-202605-036396,R0079,2026-05-09T13:12:10,IDENTITY,RV-03
ALT-202605-005393,APP-202605-004629,R0252,2026-05-20T11:03:15,TRANSACTION_MONITORING,RV-02
ALT-202605-005394,APP-202605-002987,R0081,2026-05-18T20:40:53,DOCUMENT,RV-01
ALT-202605-005395,APP-202605-031768,R0281,2026-05-26T06:36:25,HIGH_VALUE,RV-02
ALT-202605-005396,APP-202605-001420,R0129,2026-05-05T13:32:37,IDENTITY,RV-06
ALT-202605-005397,APP-202605-034697,R0252,2026-05-17T15:28:35,TRANSACTION_MONITORING,RV-03
ALT-202605-005398,APP-202605-017407,R0079,2026-05-07T06:32:09,DOCUMENT,RV-04
ALT-202605-005399,APP-202605-063396,R0129,2026-05-21T17:22:54,HIGH_VALUE,RV-02
ALT-202605-005400,APP-202605-058309,R0217,2026-05-02T18:53:39,IDENTITY,RV-05
ALT-202605-005401,APP-202605-034124,R0158,2026-05-11T08:19:56,TRANSACTION_MONITORING,RV-01
ALT-202605-005402,APP-202605-055721,R0261,2026-05-26T12:26:45,DOCUMENT,RV-06
ALT-202605-005403,APP-202605-072037,R0261,2026-05-10T08:20:38,HIGH_VALUE,RV-06
ALT-202605-005404,APP-202605-012102,R0079,2026-05-05T09:14:00,IDENTITY,RV-02
ALT-202605-005405,APP-202605-033652,R0079,2026-05-13T19:35:58,TRANSACTION_MONITORING,RV-03
ALT-202605-005406,APP-202605-056866,R0261,2026-05-26T18:44:08,DOCUMENT,RV-05
ALT-202605-005407,APP-202605-052194,R0076,2026-05-30T21:04:59,HIGH_VALUE,RV-02
ALT-202605-005408,APP-202605-053684,R0081,2026-05-13T11:50:46,IDENTITY,RV-01
ALT-202605-005409,APP-202605-036211,R0315,2026-05-30T17:03:27,TRANSACTION_MONITORING,RV-04
ALT-202605-005410,APP-202605-066675,R0079,2026-05-02T07:18:13,DOCUMENT,RV-03
ALT-202605-005411,APP-202605-004009,R0130,2026-05-31T20:40:13,HIGH_VALUE,RV-01
ALT-202605-005412,APP-202605-004484,R0322,2026-05-29T13:24:12,IDENTITY,RV-04
ALT-202605-005413,APP-202605-049798,R0079,2026-05-22T09:00:39,TRANSACTION_MONITORING,RV-02
ALT-202605-005414,APP-202605-000884,R0247,2026-05-27T14:59:39,DOCUMENT,RV-04
ALT-202605-005415,APP-202605-020556,R0129,2026-05-14T20:12:37,HIGH_VALUE,RV-06
ALT-202605-005416,APP-202605-065067,R0036,2026-05-24T14:44:23,IDENTITY,RV-06
ALT-202605-005417,APP-202605-033625,R0129,2026-05-17T07:09:57,TRANSACTION_MONITORING,RV-06
ALT-202605-005418,APP-202605-039173,R0281,2026-05-30T19:32:44,DOCUMENT,RV-05
ALT-202605-005419,APP-202605-059659,R0115,2026-05-02T16:03:08,HIGH_VALUE,RV-05
ALT-202605-005420,APP-202605-072211,R0129,2026-05-25T07:05:22,IDENTITY,RV-06
ALT-202605-005421,APP-202605-060727,R0129,2026-05-04T13:38:57,TRANSACTION_MONITORING,RV-02
ALT-202605-005422,APP-202605-047792,R0071,2026-05-24T20:59:34,DOCUMENT,RV-06
ALT-202605-005423,APP-202605-064353,R0129,2026-05-16T14:39:20,HIGH_VALUE,RV-05
ALT-202605-005424,APP-202605-007184,R0335,2026-05-22T14:02:33,IDENTITY,RV-01
ALT-202605-005425,APP-202605-019076,R0247,2026-05-22T17:42:58,TRANSACTION_MONITORING,RV-04
ALT-202605-005426,APP-202605-008516,R0079,2026-05-07T15:18:30,DOCUMENT,RV-05
ALT-202605-005427,APP-202605-029155,R0322,2026-05-03T08:15:23,HIGH_VALUE,RV-06
ALT-202605-005428,APP-202605-029425,R0158,2026-05-21T16:43:44,IDENTITY,RV-02
ALT-202605-005429,APP-202605-063024,R0109,2026-05-01T20:42:05,TRANSACTION_MONITORING,RV-05
ALT-202605-005430,APP-202605-052072,R0129,2026-05-09T18:31:41,DOCUMENT,RV-05
ALT-202605-005431,APP-202605-052717,R0217,2026-05-02T06:12:31,HIGH_VALUE,RV-01
ALT-202605-005432,APP-202605-066127,R0079,2026-05-25T12:28:53,IDENTITY,RV-01
ALT-202605-005433,APP-202605-034727,R0217,2026-05-10T06:31:49,TRANSACTION_MONITORING,RV-02
ALT-202605-005434,APP-202605-064800,R0071,2026-05-09T21:15:25,DOCUMENT,RV-02
ALT-202605-005435,APP-202605-005770,R0250,2026-05-18T09:10:07,HIGH_VALUE,RV-03
ALT-202605-005436,APP-202605-001310,R0129,2026-05-20T09:02:29,IDENTITY,RV-06
ALT-202605-005437,APP-202605-052040,R0322,2026-05-09T17:48:33,TRANSACTION_MONITORING,RV-04
ALT-202605-005438,APP-202605-000087,R0130,2026-05-27T21:05:32,DOCUMENT,RV-05
ALT-202605-005439,APP-202605-048551,R0064,2026-05-20T21:38:44,HIGH_VALUE,RV-05
ALT-202605-005440,APP-202605-014526,R0002,2026-05-10T22:27:28,IDENTITY,RV-02
ALT-202605-005441,APP-202605-074559,R0322,2026-05-22T21:52:41,TRANSACTION_MONITORING,RV-04
ALT-202605-005442,APP-202605-057812,R0158,2026-05-03T15:02:48,DOCUMENT,RV-01
ALT-202605-005443,APP-202605-015862,R0252,2026-05-03T19:29:28,HIGH_VALUE,RV-06
ALT-202605-005444,APP-202605-000750,R0335,2026-05-07T06:57:58,IDENTITY,RV-03
ALT-202605-005445,APP-202605-002196,R0129,2026-05-18T15:55:24,TRANSACTION_MONITORING,RV-04
ALT-202605-005446,APP-202605-010286,R0250,2026-05-01T06:39:34,DOCUMENT,RV-02
ALT-202605-005447,APP-202605-031675,R0335,2026-05-07T06:28:01,HIGH_VALUE,RV-05
ALT-202605-005448,APP-202605-011717,R0002,2026-05-25T16:33:47,IDENTITY,RV-06
ALT-202605-005449,APP-202605-070685,R0129,2026-05-31T10:13:29,TRANSACTION_MONITORING,RV-05
ALT-202605-005450,APP-202605-037914,R0129,2026-05-30T20:40:47,DOCUMENT,RV-04
ALT-202605-005451,APP-202605-070814,R0079,2026-05-13T21:04:29,HIGH_VALUE,RV-04
ALT-202605-005452,APP-202605-006529,R0079,2026-05-08T10:29:28,IDENTITY,RV-03
ALT-202605-005453,APP-202605-042273,R0261,2026-05-05T14:22:41,TRANSACTION_MONITORING,RV-04
ALT-202605-005454,APP-202605-005225,R0129,2026-05-03T21:41:39,DOCUMENT,RV-06
ALT-202605-005455,APP-202605-000244,R0096,2026-05-03T18:29:28,HIGH_VALUE,RV-04
ALT-202605-005456,APP-202605-041391,R0064,2026-05-02T08:34:18,IDENTITY,RV-03
ALT-202605-005457,APP-202605-030307,R0081,2026-05-22T21:01:27,TRANSACTION_MONITORING,RV-02
ALT-202605-005458,APP-202605-060123,R0261,2026-05-15T08:44:35,DOCUMENT,RV-05
ALT-202605-005459,APP-202605-032111,R0273,2026-05-13T12:10:59,HIGH_VALUE,RV-04
ALT-202605-005460,APP-202605-051190,R0142,2026-05-25T22:58:34,IDENTITY,RV-04
ALT-202605-005461,APP-202605-045476,R0261,2026-05-28T21:22:23,TRANSACTION_MONITORING,RV-05
ALT-202605-005462,APP-202605-011588,R0129,2026-05-05T18:51:44,DOCUMENT,RV-01
ALT-202605-005463,APP-202605-073809,R0002,2026-05-30T12:40:17,HIGH_VALUE,RV-03
ALT-202605-005464,APP-202605-027789,R0261,2026-05-18T19:51:08,IDENTITY,RV-02
ALT-202605-005465,APP-202605-030226,R0335,2026-05-13T15:27:50,TRANSACTION_MONITORING,RV-04
ALT-202605-005466,APP-202605-065285,R0079,2026-05-01T12:15:32,DOCUMENT,RV-02
ALT-202605-005467,APP-202605-046285,R0247,2026-05-31T15:25:15,HIGH_VALUE,RV-05
ALT-202605-005468,APP-202605-056995,R0129,2026-05-13T17:07:03,IDENTITY,RV-04
ALT-202605-005469,APP-202605-053126,R0250,2026-05-18T08:42:40,TRANSACTION_MONITORING,RV-01
ALT-202605-005470,APP-202605-029421,R0071,2026-05-07T19:19:28,DOCUMENT,RV-04
ALT-202605-005471,APP-202605-043780,R0129,2026-05-16T09:29:47,HIGH_VALUE,RV-01
ALT-202605-005472,APP-202605-033033,R0261,2026-05-30T16:53:56,IDENTITY,RV-02
ALT-202605-005473,APP-202605-033403,R0322,2026-05-09T10:59:05,TRANSACTION_MONITORING,RV-06
ALT-202605-005474,APP-202605-045177,R0217,2026-05-04T14:37:51,DOCUMENT,RV-06
ALT-202605-005475,APP-202605-060100,R0247,2026-05-15T08:45:03,HIGH_VALUE,RV-06
ALT-202605-005476,APP-202605-052582,R0129,2026-05-26T08:18:10,IDENTITY,RV-05
ALT-202605-005477,APP-202605-035343,R0261,2026-05-05T06:58:05,TRANSACTION_MONITORING,RV-04
ALT-202605-005478,APP-202605-047107,R0109,2026-05-22T21:33:13,DOCUMENT,RV-03
ALT-202605-005479,APP-202605-004899,R0322,2026-05-05T17:56:25,HIGH_VALUE,RV-05
ALT-202605-005480,APP-202605-044882,R0261,2026-05-03T21:30:40,IDENTITY,RV-05
ALT-202605-005481,APP-202605-052643,R0250,2026-05-31T10:37:04,TRANSACTION_MONITORING,RV-05
ALT-202605-005482,APP-202605-057405,R0076,2026-05-12T07:02:29,DOCUMENT,RV-01
ALT-202605-005483,APP-202605-055496,R0079,2026-05-04T18:38:27,HIGH_VALUE,RV-01
ALT-202605-005484,APP-202605-013706,R0261,2026-05-13T19:58:41,IDENTITY,RV-03
ALT-202605-005485,APP-202605-032879,R0129,2026-05-13T19:46:43,TRANSACTION_MONITORING,RV-04
ALT-202605-005486,APP-202605-062968,R0002,2026-05-02T17:21:22,DOCUMENT,RV-03
ALT-202605-005487,APP-202605-053735,R0250,2026-05-01T08:18:59,HIGH_VALUE,RV-05
ALT-202605-005488,APP-202605-058668,R0261,2026-05-18T17:48:49,IDENTITY,RV-03
ALT-202605-005489,APP-202605-013344,R0079,2026-05-30T06:36:07,TRANSACTION_MONITORING,RV-05
ALT-202605-005490,APP-202605-041157,R0071,2026-05-27T15:59:22,DOCUMENT,RV-05
ALT-202605-005491,APP-202605-018023,R0129,2026-05-24T11:44:21,HIGH_VALUE,RV-01
ALT-202605-005492,APP-202605-039759,R0261,2026-05-19T18:40:26,IDENTITY,RV-04
ALT-202605-005493,APP-202605-073270,R0081,2026-05-15T11:22:22,TRANSACTION_MONITORING,RV-02
ALT-202605-005494,APP-202605-067836,R0142,2026-05-02T21:03:45,DOCUMENT,RV-01
ALT-202605-005495,APP-202605-049948,R0335,2026-05-03T20:45:23,HIGH_VALUE,RV-04
ALT-202605-005496,APP-202605-051661,R0002,2026-05-14T18:52:36,IDENTITY,RV-06
ALT-202605-005497,APP-202605-023124,R0081,2026-05-02T17:08:49,TRANSACTION_MONITORING,RV-05
ALT-202605-005498,APP-202605-003274,R0261,2026-05-03T20:45:48,DOCUMENT,RV-03
ALT-202605-005499,APP-202605-072158,R0081,2026-05-23T16:05:24,HIGH_VALUE,RV-02
ALT-202605-005500,APP-202605-058404,R0322,2026-05-14T18:43:18,IDENTITY,RV-01
ALT-202605-005501,APP-202605-004841,R0322,2026-05-19T09:19:16,TRANSACTION_MONITORING,RV-01
ALT-202605-005502,APP-202605-065218,R0070,2026-05-05T10:14:44,DOCUMENT,RV-06
ALT-202605-005503,APP-202605-010247,R0252,2026-05-10T20:08:52,HIGH_VALUE,RV-06
ALT-202605-005504,APP-202605-074942,R0261,2026-05-15T15:53:45,IDENTITY,RV-01
ALT-202605-005505,APP-202605-030897,R0322,2026-05-23T13:23:52,TRANSACTION_MONITORING,RV-02
ALT-202605-005506,APP-202605-069449,R0322,2026-05-03T12:07:33,DOCUMENT,RV-05
ALT-202605-005507,APP-202605-063766,R0129,2026-05-13T08:02:41,HIGH_VALUE,RV-06
ALT-202605-005508,APP-202605-029680,R0322,2026-05-08T10:49:34,IDENTITY,RV-02
ALT-202605-005509,APP-202605-021425,R0002,2026-05-10T14:35:52,TRANSACTION_MONITORING,RV-01
ALT-202605-005510,APP-202605-027232,R0129,2026-05-29T21:23:35,DOCUMENT,RV-02
ALT-202605-005511,APP-202605-010899,R0313,2026-05-02T11:53:10,HIGH_VALUE,RV-02
ALT-202605-005512,APP-202605-059925,R0261,2026-05-20T07:07:34,IDENTITY,RV-06
ALT-202605-005513,APP-202605-040743,R0335,2026-05-18T21:16:13,TRANSACTION_MONITORING,RV-01
ALT-202605-005514,APP-202605-001646,R0129,2026-05-20T22:59:17,DOCUMENT,RV-05
ALT-202605-005515,APP-202605-021398,R0071,2026-05-24T16:18:49,HIGH_VALUE,RV-02
ALT-202605-005516,APP-202605-055010,R0079,2026-05-06T07:33:16,IDENTITY,RV-03
ALT-202605-005517,APP-202605-066224,R0130,2026-05-13T21:58:25,TRANSACTION_MONITORING,RV-01
ALT-202605-005518,APP-202605-048104,R0261,2026-05-20T20:51:50,DOCUMENT,RV-05
ALT-202605-005519,APP-202605-052892,R0252,2026-05-30T13:42:25,HIGH_VALUE,RV-05
ALT-202605-005520,APP-202605-070416,R0302,2026-05-26T17:36:13,IDENTITY,RV-03
ALT-202605-005521,APP-202605-003182,R0322,2026-05-09T18:14:32,TRANSACTION_MONITORING,RV-05
ALT-202605-005522,APP-202605-059237,R0322,2026-05-19T08:14:37,DOCUMENT,RV-02
ALT-202605-005523,APP-202605-055426,R0158,2026-05-14T22:54:24,HIGH_VALUE,RV-01
ALT-202605-005524,APP-202605-059224,R0002,2026-05-08T21:00:21,IDENTITY,RV-05
ALT-202605-005525,APP-202605-022750,R0071,2026-05-29T08:18:53,TRANSACTION_MONITORING,RV-06
ALT-202605-005526,APP-202605-052888,R0261,2026-05-11T10:04:23,DOCUMENT,RV-04
ALT-202605-005527,APP-202605-014119,R0079,2026-05-10T14:32:20,HIGH_VALUE,RV-06
ALT-202605-005528,APP-202605-000142,R0335,2026-05-03T09:33:00,IDENTITY,RV-05
ALT-202605-005529,APP-202605-019299,R0079,2026-05-06T07:18:36,TRANSACTION_MONITORING,RV-04
ALT-202605-005530,APP-202605-025011,R0281,2026-05-02T07:28:03,DOCUMENT,RV-06
ALT-202605-005531,APP-202605-067212,R0129,2026-05-22T18:19:05,HIGH_VALUE,RV-03
ALT-202605-005532,APP-202605-029303,R0335,2026-05-28T15:08:31,IDENTITY,RV-06
ALT-202605-005533,APP-202605-015700,R0281,2026-05-06T08:40:05,TRANSACTION_MONITORING,RV-06
ALT-202605-005534,APP-202605-042704,R0079,2026-05-26T19:49:50,DOCUMENT,RV-01
ALT-202605-005535,APP-202605-007299,R0322,2026-05-27T09:54:32,HIGH_VALUE,RV-06
ALT-202605-005536,APP-202605-074519,R0079,2026-05-08T18:15:46,IDENTITY,RV-01
ALT-202605-005537,APP-202605-024867,R0315,2026-05-17T17:11:16,TRANSACTION_MONITORING,RV-05
ALT-202605-005538,APP-202605-045369,R0335,2026-05-24T18:51:50,DOCUMENT,RV-06
ALT-202605-005539,APP-UNKNOWN-000001,R0999,2026-05-31T13:16:52,IDENTITY,RV-01
