review_id,alert_id,reviewer_id,decided_at,outcome,outcome_reason_code
RVW-202605-000001,ALT-202605-000001,RV-01,2026-05-29T14:13:11,CLEARED_FALSE_POSITIVE,KNOWN_DEVICE
RVW-202605-000002,ALT-202605-000002,RV-03,2026-06-09T07:02:47,CONFIRMED_FRAUD,ATO_CONFIRMED
RVW-202605-000003,ALT-202605-000003,RV-06,2026-06-07T06:31:26,CLEARED_FALSE_POSITIVE,CUSTOMER_CONTACTED
RVW-202605-000004,ALT-202605-000004,RV-06,2026-06-06T08:09:28,CLEARED_FALSE_POSITIVE,KNOWN_DEVICE
RVW-202605-000005,ALT-202605-000005,RV-04,2026-05-08T19:41:35,INSUFFICIENT_EVIDENCE,AGED_OUT
RVW-202605-000006,ALT-202605-000006,RV-06,2026-05-30T18:19:05,CONFIRMED_FRAUD,MULE_CONFIRMED
RVW-202605-000007,ALT-202605-000007,RV-04,2026-06-02T06:12:29,CLEARED_FALSE_POSITIVE,CUSTOMER_CONTACTED
RVW-202605-000008,ALT-202605-000008,RV-01,2026-05-25T07:13:26,CLEARED_FALSE_POSITIVE,ID_VERIFIED
RVW-202605-000009,ALT-202605-000009,RV-01,2026-05-20T08:03:24,CLEARED_FALSE_POSITIVE,CUSTOMER_CONTACTED
RVW-202605-000010,ALT-202605-000011,RV-06,2026-05-19T16:29:24,CLEARED_FALSE_POSITIVE,KNOWN_DEVICE
RVW-202605-000011,ALT-202605-000012,RV-05,2026-05-12T12:08:41,CONFIRMED_FRAUD,DOC_FORGED
RVW-202605-000012,ALT-202605-000013,RV-04,2026-05-12T21:23:31,CLEARED_FALSE_POSITIVE,KNOWN_DEVICE
RVW-202605-000013,ALT-202605-000014,RV-01,2026-05-14T14:26:03,CLEARED_FALSE_POSITIVE,KNOWN_DEVICE
RVW-202605-000014,ALT-202605-000016,RV-04,2026-05-26T08:19:05,INSUFFICIENT_EVIDENCE,NO_CONTACT
RVW-202605-000015,ALT-202605-000017,RV-03,2026-05-13T17:22:32,CLEARED_FALSE_POSITIVE,CUSTOMER_CONTACTED
RVW-202605-000016,ALT-202605-000018,RV-01,2026-05-20T19:58:30,CLEARED_FALSE_POSITIVE,CUSTOMER_CONTACTED
RVW-202605-000017,ALT-202605-000019,RV-02,2026-05-15T16:36:26,CONFIRMED_FRAUD,DOC_FORGED
RVW-202605-000018,ALT-202605-000020,RV-01,2026-05-15T15:44:51,CLEARED_FALSE_POSITIVE,KNOWN_DEVICE
RVW-202605-000019,ALT-202605-000021,RV-04,2026-05-26T06:51:22,CONFIRMED_FRAUD,DOC_FORGED
RVW-202605-000020,ALT-202605-000022,RV-03,2026-05-15T21:03:58,CLEARED_FALSE_POSITIVE,KNOWN_DEVICE
RVW-202605-000021,ALT-202605-000023,RV-03,2026-05-19T20:31:01,CLEARED_FALSE_POSITIVE,DOC_VALID
RVW-202605-000022,ALT-202605-000024,RV-03,2026-05-23T20:06:05,INSUFFICIENT_EVIDENCE,DATA_UNAVAILABLE
RVW-202605-000023,ALT-202605-000025,RV-04,2026-06-01T07:06:29,CLEARED_FALSE_POSITIVE,KNOWN_DEVICE
RVW-202605-000024,ALT-202605-000026,RV-05,2026-05-28T19:55:55,INSUFFICIENT_EVIDENCE,AGED_OUT
RVW-202605-000025,ALT-202605-000027,RV-01,2026-05-25T07:58:31,INSUFFICIENT_EVIDENCE,NO_CONTACT
RVW-202605-000026,ALT-202605-000028,RV-03,2026-05-31T13:11:38,CLEARED_FALSE_POSITIVE,ID_VERIFIED
RVW-202605-000027,ALT-202605-000029,RV-06,2026-05-27T12:30:59,CLEARED_FALSE_POSITIVE,DOC_VALID
RVW-202605-000028,ALT-202605-000030,RV-05,2026-06-01T13:39:41,CLEARED_FALSE_POSITIVE,CUSTOMER_CONTACTED
RVW-202605-000029,ALT-202605-000031,RV-03,2026-06-01T06:59:29,CLEARED_FALSE_POSITIVE,ID_VERIFIED
RVW-202605-000030,ALT-202605-000032,RV-06,2026-06-07T06:36:11,CONFIRMED_FRAUD,MULE_CONFIRMED
RVW-202605-000031,ALT-202605-000033,RV-06,2026-05-20T06:04:41,CLEARED_FALSE_POSITIVE,ID_VERIFIED
RVW-202605-000032,ALT-202605-000034,RV-04,2026-05-29T08:01:45,CLEARED_FALSE_POSITIVE,CUSTOMER_CONTACTED
RVW-202605-000033,ALT-202605-000035,RV-03,2026-05-25T15:25:18,CLEARED_FALSE_POSITIVE,ID_VERIFIED
RVW-202605-000034,ALT-202605-000036,RV-05,2026-05-12T20:18:53,CLEARED_FALSE_POSITIVE,KNOWN_DEVICE
RVW-202605-000035,ALT-202605-000037,RV-01,2026-05-26T08:05:34,CLEARED_FALSE_POSITIVE,CUSTOMER_CONTACTED
RVW-202605-000036,ALT-202605-000038,RV-05,2026-05-19T10:27:02,CONFIRMED_FRAUD,SYNTH_ID_CONFIRMED
RVW-202605-000037,ALT-202605-000039,RV-01,2026-05-29T11:46:05,CLEARED_FALSE_POSITIVE,DOC_VALID
RVW-202605-000038,ALT-202605-000040,RV-02,2026-05-19T07:59:51,CLEARED_FALSE_POSITIVE,CUSTOMER_CONTACTED
RVW-202605-000039,ALT-202605-000041,RV-02,2026-05-24T16:21:50,CLEARED_FALSE_POSITIVE,KNOWN_DEVICE
RVW-202605-000040,ALT-202605-000042,RV-01,2026-06-11T11:04:58,CLEARED_FALSE_POSITIVE,ID_VERIFIED
RVW-202605-000041,ALT-202605-000044,RV-04,2026-05-28T13:17:12,CLEARED_FALSE_POSITIVE,DOC_VALID
RVW-202605-000042,ALT-202605-000045,RV-03,2026-05-28T07:34:41,CLEARED_FALSE_POSITIVE,ID_VERIFIED
RVW-202605-000043,ALT-202605-000046,RV-01,2026-06-07T14:45:10,CLEARED_FALSE_POSITIVE,ID_VERIFIED
RVW-202605-000044,ALT-202605-000048,RV-01,2026-05-28T22:30:12,CLEARED_FALSE_POSITIVE,DOC_VALID
RVW-202605-000045,ALT-202605-000050,RV-03,2026-05-19T19:07:21,CONFIRMED_FRAUD,SYNTH_ID_CONFIRMED
RVW-202605-000046,ALT-202605-000051,RV-03,2026-05-30T08:47:55,CONFIRMED_FRAUD,MULE_CONFIRMED
RVW-202605-000047,ALT-202605-000052,RV-04,2026-06-11T16:00:00,CLEARED_FALSE_POSITIVE,ID_VERIFIED
RVW-202605-000048,ALT-202605-000053,RV-05,2026-05-19T15:04:34,CLEARED_FALSE_POSITIVE,ID_VERIFIED
RVW-202605-000049,ALT-202605-000054,RV-03,2026-05-14T20:08:02,CLEARED_FALSE_POSITIVE,KNOWN_DEVICE
RVW-202605-000050,ALT-202605-000055,RV-03,2026-05-21T14:32:59,INSUFFICIENT_EVIDENCE,DATA_UNAVAILABLE
RVW-202605-000051,ALT-202605-000056,RV-06,2026-05-27T13:48:52,CLEARED_FALSE_POSITIVE,CUSTOMER_CONTACTED
RVW-202605-000052,ALT-202605-000057,RV-01,2026-05-13T08:19:21,CLEARED_FALSE_POSITIVE,DOC_VALID
RVW-202605-000053,ALT-202605-000058,RV-02,2026-05-09T22:30:09,CLEARED_FALSE_POSITIVE,DOC_VALID
RVW-202605-000054,ALT-202605-000059,RV-02,2026-05-24T16:46:03,CLEARED_FALSE_POSITIVE,KNOWN_DEVICE
RVW-202605-000055,ALT-202605-000061,RV-04,2026-06-05T06:13:23,INSUFFICIENT_EVIDENCE,NO_CONTACT
RVW-202605-000056,ALT-202605-000062,RV-06,2026-05-07T19:29:11,CLEARED_FALSE_POSITIVE,ID_VERIFIED
RVW-202605-000057,ALT-202605-000063,RV-01,2026-05-15T21:06:52,CLEARED_FALSE_POSITIVE,ID_VERIFIED
RVW-202605-000058,ALT-202605-000064,RV-05,2026-05-23T21:35:28,INSUFFICIENT_EVIDENCE,AGED_OUT
RVW-202605-000059,ALT-202605-000065,RV-06,2026-05-29T15:06:44,CLEARED_FALSE_POSITIVE,DOC_VALID
RVW-202605-000060,ALT-202605-000066,RV-06,2026-06-11T16:28:48,CLEARED_FALSE_POSITIVE,CUSTOMER_CONTACTED
RVW-202605-000061,ALT-202605-000067,RV-01,2026-06-05T20:19:12,CLEARED_FALSE_POSITIVE,DOC_VALID
RVW-202605-000062,ALT-202605-000068,RV-05,2026-05-27T06:00:55,CLEARED_FALSE_POSITIVE,DOC_VALID
RVW-202605-000063,ALT-202605-000069,RV-03,2026-06-01T15:52:07,CLEARED_FALSE_POSITIVE,DOC_VALID
RVW-202605-000064,ALT-202605-000070,RV-01,2026-05-31T18:32:32,CLEARED_FALSE_POSITIVE,ID_VERIFIED
RVW-202605-000065,ALT-202605-000072,RV-05,2026-06-03T07:27:36,CLEARED_FALSE_POSITIVE,DOC_VALID
RVW-202605-000066,ALT-202605-000073,RV-02,2026-05-11T16:50:40,CLEARED_FALSE_POSITIVE,CUSTOMER_CONTACTED
RVW-202605-000067,ALT-202605-000074,RV-05,2026-05-11T09:01:54,CLEARED_FALSE_POSITIVE,ID_VERIFIED
RVW-202605-000068,ALT-202605-000075,RV-03,2026-05-24T13:33:45,CONFIRMED_FRAUD,MULE_CONFIRMED
RVW-202605-000069,ALT-202605-000076,RV-01,2026-05-31T17:56:28,CLEARED_FALSE_POSITIVE,ID_VERIFIED
RVW-202605-000070,ALT-202605-000077,RV-01,2026-05-19T16:30:27,CLEARED_FALSE_POSITIVE,KNOWN_DEVICE
RVW-202605-000071,ALT-202605-000078,RV-02,2026-05-15T13:11:23,CLEARED_FALSE_POSITIVE,DOC_VALID
RVW-202605-000072,ALT-202605-000079,RV-04,2026-05-30T06:40:30,CLEARED_FALSE_POSITIVE,ID_VERIFIED
RVW-202605-000073,ALT-202605-000080,RV-04,2026-05-29T20:28:45,INSUFFICIENT_EVIDENCE,DATA_UNAVAILABLE
RVW-202605-000074,ALT-202605-000081,RV-04,2026-05-18T13:11:58,CLEARED_FALSE_POSITIVE,ID_VERIFIED
RVW-202605-000075,ALT-202605-000082,RV-01,2026-05-21T12:00:36,CONFIRMED_FRAUD,DOC_FORGED
RVW-202605-000076,ALT-202605-000083,RV-05,2026-05-11T09:46:52,CLEARED_FALSE_POSITIVE,CUSTOMER_CONTACTED
RVW-202605-000077,ALT-202605-000084,RV-01,2026-05-19T18:01:27,CLEARED_FALSE_POSITIVE,KNOWN_DEVICE
RVW-202605-000078,ALT-202605-000085,RV-06,2026-05-23T14:57:34,CLEARED_FALSE_POSITIVE,DOC_VALID
RVW-202605-000079,ALT-202605-000086,RV-05,2026-05-13T17:33:38,CONFIRMED_FRAUD,ATO_CONFIRMED
RVW-202605-000080,ALT-202605-000087,RV-01,2026-05-15T18:29:52,CLEARED_FALSE_POSITIVE,ID_VERIFIED
RVW-202605-000081,ALT-202605-000088,RV-02,2026-05-31T21:38:56,CLEARED_FALSE_POSITIVE,KNOWN_DEVICE
RVW-202605-000082,ALT-202605-000089,RV-05,2026-05-31T14:39:32,CLEARED_FALSE_POSITIVE,ID_VERIFIED
RVW-202605-000083,ALT-202605-000090,RV-02,2026-06-05T09:18:34,CONFIRMED_FRAUD,SYNTH_ID_CONFIRMED
RVW-202605-000084,ALT-202605-000091,RV-01,2026-05-17T15:16:03,CLEARED_FALSE_POSITIVE,CUSTOMER_CONTACTED
RVW-202605-000085,ALT-202605-000092,RV-02,2026-05-24T14:49:12,CLEARED_FALSE_POSITIVE,DOC_VALID
RVW-202605-000086,ALT-202605-000093,RV-06,2026-05-31T20:42:03,CLEARED_FALSE_POSITIVE,ID_VERIFIED
RVW-202605-000087,ALT-202605-000094,RV-01,2026-05-10T22:55:40,CLEARED_FALSE_POSITIVE,DOC_VALID
RVW-202605-000088,ALT-202605-000095,RV-04,2026-05-18T11:40:19,CLEARED_FALSE_POSITIVE,DOC_VALID
RVW-202605-000089,ALT-202605-000096,RV-03,2026-05-23T20:33:36,CLEARED_FALSE_POSITIVE,CUSTOMER_CONTACTED
RVW-202605-000090,ALT-202605-000097,RV-02,2026-06-02T11:42:50,CLEARED_FALSE_POSITIVE,ID_VERIFIED
RVW-202605-000091,ALT-202605-000098,RV-06,2026-05-21T15:24:19,CLEARED_FALSE_POSITIVE,KNOWN_DEVICE
RVW-202605-000092,ALT-202605-000099,RV-01,2026-05-22T12:22:19,CLEARED_FALSE_POSITIVE,CUSTOMER_CONTACTED
RVW-202605-000093,ALT-202605-000100,RV-02,2026-05-11T09:23:21,CLEARED_FALSE_POSITIVE,DOC_VALID
RVW-202605-000094,ALT-202605-000101,RV-06,2026-05-21T14:59:41,CLEARED_FALSE_POSITIVE,KNOWN_DEVICE
RVW-202605-000095,ALT-202605-000102,RV-02,2026-05-28T19:34:57,CLEARED_FALSE_POSITIVE,ID_VERIFIED
RVW-202605-000096,ALT-202605-000103,RV-01,2026-05-04T17:39:07,CLEARED_FALSE_POSITIVE,KNOWN_DEVICE
RVW-202605-000097,ALT-202605-000104,RV-04,2026-05-20T12:51:44,CLEARED_FALSE_POSITIVE,KNOWN_DEVICE
RVW-202605-000098,ALT-202605-000105,RV-03,2026-05-08T20:08:23,CLEARED_FALSE_POSITIVE,CUSTOMER_CONTACTED
RVW-202605-000099,ALT-202605-000106,RV-05,2026-05-06T22:49:14,CONFIRMED_FRAUD,DOC_FORGED
RVW-202605-000100,ALT-202605-000107,RV-03,2026-05-27T19:14:40,CLEARED_FALSE_POSITIVE,DOC_VALID
RVW-202605-000101,ALT-202605-000108,RV-01,2026-06-07T17:22:58,INSUFFICIENT_EVIDENCE,DATA_UNAVAILABLE
RVW-202605-000102,ALT-202605-000109,RV-01,2026-05-18T21:14:51,INSUFFICIENT_EVIDENCE,DATA_UNAVAILABLE
RVW-202605-000103,ALT-202605-000110,RV-03,2026-05-27T11:55:14,CLEARED_FALSE_POSITIVE,DOC_VALID
RVW-202605-000104,ALT-202605-000111,RV-03,2026-05-28T19:44:59,CONFIRMED_FRAUD,SYNTH_ID_CONFIRMED
RVW-202605-000105,ALT-202605-000112,RV-03,2026-05-15T11:02:25,CLEARED_FALSE_POSITIVE,CUSTOMER_CONTACTED
RVW-202605-000106,ALT-202605-000113,RV-03,2026-05-07T18:00:11,CLEARED_FALSE_POSITIVE,CUSTOMER_CONTACTED
RVW-202605-000107,ALT-202605-000114,RV-04,2026-05-28T21:17:36,CONFIRMED_FRAUD,ATO_CONFIRMED
RVW-202605-000108,ALT-202605-000115,RV-06,2026-05-22T10:01:20,CLEARED_FALSE_POSITIVE,DOC_VALID
RVW-202605-000109,ALT-202605-000116,RV-05,2026-05-31T10:40:59,CLEARED_FALSE_POSITIVE,DOC_VALID
RVW-202605-000110,ALT-202605-000117,RV-01,2026-05-20T08:08:40,CLEARED_FALSE_POSITIVE,CUSTOMER_CONTACTED
RVW-202605-000111,ALT-202605-000118,RV-01,2026-06-07T10:33:46,CLEARED_FALSE_POSITIVE,ID_VERIFIED
RVW-202605-000112,ALT-202605-000119,RV-06,2026-06-08T12:17:59,CLEARED_FALSE_POSITIVE,CUSTOMER_CONTACTED
RVW-202605-000113,ALT-202605-000120,RV-06,2026-05-05T11:47:01,CONFIRMED_FRAUD,SYNTH_ID_CONFIRMED
RVW-202605-000114,ALT-202605-000121,RV-06,2026-05-14T13:41:11,CLEARED_FALSE_POSITIVE,CUSTOMER_CONTACTED
RVW-202605-000115,ALT-202605-000122,RV-03,2026-05-10T13:06:44,CLEARED_FALSE_POSITIVE,DOC_VALID
RVW-202605-000116,ALT-202605-000123,RV-03,2026-05-19T20:42:48,CONFIRMED_FRAUD,ATO_CONFIRMED
RVW-202605-000117,ALT-202605-000124,RV-04,2026-05-22T08:37:40,CLEARED_FALSE_POSITIVE,CUSTOMER_CONTACTED
RVW-202605-000118,ALT-202605-000125,RV-04,2026-05-29T15:47:56,CLEARED_FALSE_POSITIVE,DOC_VALID
RVW-202605-000119,ALT-202605-000126,RV-03,2026-05-28T15:48:37,INSUFFICIENT_EVIDENCE,NO_CONTACT
RVW-202605-000120,ALT-202605-000127,RV-03,2026-05-15T15:22:44,CLEARED_FALSE_POSITIVE,ID_VERIFIED
RVW-202605-000121,ALT-202605-000128,RV-01,2026-05-09T16:56:47,CLEARED_FALSE_POSITIVE,KNOWN_DEVICE
RVW-202605-000122,ALT-202605-000129,RV-02,2026-05-16T18:20:45,CLEARED_FALSE_POSITIVE,CUSTOMER_CONTACTED
RVW-202605-000123,ALT-202605-000130,RV-04,2026-05-14T07:32:21,INSUFFICIENT_EVIDENCE,NO_CONTACT
RVW-202605-000124,ALT-202605-000131,RV-05,2026-05-25T11:02:56,CLEARED_FALSE_POSITIVE,DOC_VALID
RVW-202605-000125,ALT-202605-000132,RV-03,2026-05-22T15:05:08,CLEARED_FALSE_POSITIVE,KNOWN_DEVICE
RVW-202605-000126,ALT-202605-000133,RV-02,2026-05-11T09:39:04,CLEARED_FALSE_POSITIVE,KNOWN_DEVICE
RVW-202605-000127,ALT-202605-000134,RV-01,2026-05-05T13:28:11,INSUFFICIENT_EVIDENCE,NO_CONTACT
RVW-202605-000128,ALT-202605-000135,RV-02,2026-05-30T07:03:23,CLEARED_FALSE_POSITIVE,ID_VERIFIED
RVW-202605-000129,ALT-202605-000136,RV-01,2026-06-04T18:05:42,CONFIRMED_FRAUD,DOC_FORGED
RVW-202605-000130,ALT-202605-000137,RV-02,2026-05-21T15:13:06,INSUFFICIENT_EVIDENCE,AGED_OUT
RVW-202605-000131,ALT-202605-000138,RV-03,2026-05-13T19:20:24,CLEARED_FALSE_POSITIVE,ID_VERIFIED
RVW-202605-000132,ALT-202605-000139,RV-04,2026-06-06T10:38:14,CONFIRMED_FRAUD,DOC_FORGED
RVW-202605-000133,ALT-202605-000140,RV-05,2026-05-30T08:40:39,CLEARED_FALSE_POSITIVE,KNOWN_DEVICE
RVW-202605-000134,ALT-202605-000141,RV-06,2026-05-26T21:15:53,CONFIRMED_FRAUD,DOC_FORGED
RVW-202605-000135,ALT-202605-000142,RV-02,2026-06-03T14:08:17,CLEARED_FALSE_POSITIVE,DOC_VALID
RVW-202605-000136,ALT-202605-000143,RV-01,2026-06-05T16:26:35,CLEARED_FALSE_POSITIVE,DOC_VALID
RVW-202605-000137,ALT-202605-000144,RV-01,2026-05-19T12:27:56,CLEARED_FALSE_POSITIVE,ID_VERIFIED
RVW-202605-000138,ALT-202605-000145,RV-04,2026-05-24T08:23:38,CONFIRMED_FRAUD,DOC_FORGED
RVW-202605-000139,ALT-202605-000146,RV-06,2026-05-25T18:08:09,CLEARED_FALSE_POSITIVE,DOC_VALID
RVW-202605-000140,ALT-202605-000147,RV-04,2026-05-12T06:24:32,CLEARED_FALSE_POSITIVE,KNOWN_DEVICE
RVW-202605-000141,ALT-202605-000148,RV-02,2026-05-08T16:02:59,CLEARED_FALSE_POSITIVE,ID_VERIFIED
RVW-202605-000142,ALT-202605-000149,RV-05,2026-05-23T22:25:37,CLEARED_FALSE_POSITIVE,DOC_VALID
RVW-202605-000143,ALT-202605-000151,RV-03,2026-05-20T14:40:43,CLEARED_FALSE_POSITIVE,CUSTOMER_CONTACTED
RVW-202605-000144,ALT-202605-000152,RV-04,2026-05-12T09:46:35,INSUFFICIENT_EVIDENCE,AGED_OUT
RVW-202605-000145,ALT-202605-000153,RV-01,2026-05-24T18:56:52,INSUFFICIENT_EVIDENCE,NO_CONTACT
RVW-202605-000146,ALT-202605-000154,RV-05,2026-05-26T14:50:17,CONFIRMED_FRAUD,SYNTH_ID_CONFIRMED
RVW-202605-000147,ALT-202605-000155,RV-01,2026-05-25T09:44:04,CLEARED_FALSE_POSITIVE,ID_VERIFIED
RVW-202605-000148,ALT-202605-000156,RV-03,2026-05-20T08:50:01,CLEARED_FALSE_POSITIVE,CUSTOMER_CONTACTED
RVW-202605-000149,ALT-202605-000157,RV-06,2026-05-13T19:54:03,CLEARED_FALSE_POSITIVE,KNOWN_DEVICE
RVW-202605-000150,ALT-202605-000158,RV-01,2026-05-16T19:08:11,CLEARED_FALSE_POSITIVE,CUSTOMER_CONTACTED
RVW-202605-000151,ALT-202605-000159,RV-06,2026-05-26T16:55:47,CLEARED_FALSE_POSITIVE,ID_VERIFIED
RVW-202605-000152,ALT-202605-000160,RV-01,2026-05-23T20:49:28,CONFIRMED_FRAUD,DOC_FORGED
RVW-202605-000153,ALT-202605-000161,RV-03,2026-05-12T15:30:58,INSUFFICIENT_EVIDENCE,AGED_OUT
RVW-202605-000154,ALT-202605-000162,RV-05,2026-05-19T18:38:05,CLEARED_FALSE_POSITIVE,CUSTOMER_CONTACTED
RVW-202605-000155,ALT-202605-000163,RV-04,2026-05-07T06:41:04,CLEARED_FALSE_POSITIVE,KNOWN_DEVICE
RVW-202605-000156,ALT-202605-000164,RV-01,2026-05-27T19:07:08,CLEARED_FALSE_POSITIVE,ID_VERIFIED
RVW-202605-000157,ALT-202605-000165,RV-03,2026-05-04T13:58:49,CONFIRMED_FRAUD,SYNTH_ID_CONFIRMED
RVW-202605-000158,ALT-202605-000166,RV-03,2026-05-21T11:39:06,CONFIRMED_FRAUD,MULE_CONFIRMED
RVW-202605-000159,ALT-202605-000167,RV-05,2026-05-10T21:59:45,CONFIRMED_FRAUD,MULE_CONFIRMED
RVW-202605-000160,ALT-202605-000168,RV-06,2026-05-12T21:05:17,CLEARED_FALSE_POSITIVE,ID_VERIFIED
RVW-202605-000161,ALT-202605-000169,RV-06,2026-06-02T10:02:26,CLEARED_FALSE_POSITIVE,ID_VERIFIED
RVW-202605-000162,ALT-202605-000170,RV-03,2026-05-27T17:53:32,CLEARED_FALSE_POSITIVE,ID_VERIFIED
RVW-202605-000163,ALT-202605-000171,RV-03,2026-05-20T06:36:05,CLEARED_FALSE_POSITIVE,DOC_VALID
RVW-202605-000164,ALT-202605-000172,RV-05,2026-05-08T22:29:20,CLEARED_FALSE_POSITIVE,DOC_VALID
RVW-202605-000165,ALT-202605-000173,RV-06,2026-05-31T14:40:38,CLEARED_FALSE_POSITIVE,ID_VERIFIED
RVW-202605-000166,ALT-202605-000174,RV-05,2026-05-08T22:43:43,CLEARED_FALSE_POSITIVE,CUSTOMER_CONTACTED
RVW-202605-000167,ALT-202605-000175,RV-06,2026-05-17T06:09:12,CLEARED_FALSE_POSITIVE,KNOWN_DEVICE
RVW-202605-000168,ALT-202605-000176,RV-04,2026-05-04T09:00:15,CLEARED_FALSE_POSITIVE,KNOWN_DEVICE
RVW-202605-000169,ALT-202605-000177,RV-05,2026-05-07T22:25:24,CLEARED_FALSE_POSITIVE,CUSTOMER_CONTACTED
RVW-202605-000170,ALT-202605-000178,RV-04,2026-05-19T22:08:16,CLEARED_FALSE_POSITIVE,CUSTOMER_CONTACTED
RVW-202605-000171,ALT-202605-000179,RV-03,2026-05-08T21:37:06,CONFIRMED_FRAUD,SYNTH_ID_CONFIRMED
RVW-202605-000172,ALT-202605-000180,RV-01,2026-06-09T19:31:28,CLEARED_FALSE_POSITIVE,DOC_VALID
RVW-202605-000173,ALT-202605-000181,RV-06,2026-05-24T20:52:13,CLEARED_FALSE_POSITIVE,KNOWN_DEVICE
RVW-202605-000174,ALT-202605-000182,RV-05,2026-05-31T12:20:10,CLEARED_FALSE_POSITIVE,KNOWN_DEVICE
RVW-202605-000175,ALT-202605-000183,RV-03,2026-06-02T17:39:10,INSUFFICIENT_EVIDENCE,NO_CONTACT
RVW-202605-000176,ALT-202605-000184,RV-02,2026-06-01T19:38:20,INSUFFICIENT_EVIDENCE,AGED_OUT
RVW-202605-000177,ALT-202605-000185,RV-01,2026-05-19T16:23:11,CONFIRMED_FRAUD,ATO_CONFIRMED
RVW-202605-000178,ALT-202605-000187,RV-05,2026-06-05T06:35:11,INSUFFICIENT_EVIDENCE,AGED_OUT
RVW-202605-000179,ALT-202605-000188,RV-03,2026-05-25T08:47:15,CLEARED_FALSE_POSITIVE,CUSTOMER_CONTACTED
RVW-202605-000180,ALT-202605-000189,RV-04,2026-05-11T07:50:42,CLEARED_FALSE_POSITIVE,CUSTOMER_CONTACTED
RVW-202605-000181,ALT-202605-000190,RV-06,2026-05-26T11:41:40,INSUFFICIENT_EVIDENCE,DATA_UNAVAILABLE
RVW-202605-000182,ALT-202605-000191,RV-06,2026-05-30T08:42:42,CLEARED_FALSE_POSITIVE,ID_VERIFIED
RVW-202605-000183,ALT-202605-000192,RV-04,2026-06-05T20:39:55,CLEARED_FALSE_POSITIVE,ID_VERIFIED
RVW-202605-000184,ALT-202605-000193,RV-03,2026-05-07T21:27:13,CONFIRMED_FRAUD,ATO_CONFIRMED
RVW-202605-000185,ALT-202605-000195,RV-03,2026-05-25T06:17:07,CLEARED_FALSE_POSITIVE,ID_VERIFIED
RVW-202605-000186,ALT-202605-000196,RV-05,2026-06-02T10:54:16,CONFIRMED_FRAUD,SYNTH_ID_CONFIRMED
RVW-202605-000187,ALT-202605-000197,RV-02,2026-05-14T15:10:23,INSUFFICIENT_EVIDENCE,AGED_OUT
RVW-202605-000188,ALT-202605-000198,RV-05,2026-05-08T11:05:33,CLEARED_FALSE_POSITIVE,KNOWN_DEVICE
RVW-202605-000189,ALT-202605-000199,RV-04,2026-05-13T22:16:58,CLEARED_FALSE_POSITIVE,KNOWN_DEVICE
RVW-202605-000190,ALT-202605-000200,RV-06,2026-05-10T12:35:27,CLEARED_FALSE_POSITIVE,DOC_VALID
RVW-202605-000191,ALT-202605-000201,RV-01,2026-05-31T14:55:27,CLEARED_FALSE_POSITIVE,KNOWN_DEVICE
RVW-202605-000192,ALT-202605-000202,RV-06,2026-05-19T19:30:46,CLEARED_FALSE_POSITIVE,ID_VERIFIED
RVW-202605-000193,ALT-202605-000203,RV-02,2026-05-16T11:59:34,CLEARED_FALSE_POSITIVE,CUSTOMER_CONTACTED
RVW-202605-000194,ALT-202605-000204,RV-02,2026-05-29T08:17:22,CONFIRMED_FRAUD,DOC_FORGED
RVW-202605-000195,ALT-202605-000205,RV-06,2026-05-20T13:50:51,CLEARED_FALSE_POSITIVE,CUSTOMER_CONTACTED
RVW-202605-000196,ALT-202605-000206,RV-02,2026-05-08T11:24:18,CLEARED_FALSE_POSITIVE,KNOWN_DEVICE
RVW-202605-000197,ALT-202605-000207,RV-03,2026-05-24T07:15:38,CLEARED_FALSE_POSITIVE,DOC_VALID
RVW-202605-000198,ALT-202605-000208,RV-02,2026-06-02T06:18:46,CLEARED_FALSE_POSITIVE,KNOWN_DEVICE
RVW-202605-000199,ALT-202605-000209,RV-02,2026-05-31T22:38:30,CLEARED_FALSE_POSITIVE,KNOWN_DEVICE
RVW-202605-000200,ALT-202605-000210,RV-01,2026-05-03T15:26:17,CLEARED_FALSE_POSITIVE,DOC_VALID
RVW-202605-000201,ALT-202605-000211,RV-06,2026-05-26T11:02:47,CLEARED_FALSE_POSITIVE,ID_VERIFIED
RVW-202605-000202,ALT-202605-000212,RV-02,2026-05-09T15:24:25,CLEARED_FALSE_POSITIVE,CUSTOMER_CONTACTED
RVW-202605-000203,ALT-202605-000213,RV-01,2026-05-26T15:46:47,CLEARED_FALSE_POSITIVE,DOC_VALID
RVW-202605-000204,ALT-202605-000214,RV-05,2026-05-27T13:48:23,CONFIRMED_FRAUD,MULE_CONFIRMED
RVW-202605-000205,ALT-202605-000215,RV-05,2026-05-22T13:35:06,CLEARED_FALSE_POSITIVE,ID_VERIFIED
RVW-202605-000206,ALT-202605-000216,RV-03,2026-06-04T06:15:53,CLEARED_FALSE_POSITIVE,KNOWN_DEVICE
RVW-202605-000207,ALT-202605-000217,RV-02,2026-06-02T16:37:07,CLEARED_FALSE_POSITIVE,ID_VERIFIED
RVW-202605-000208,ALT-202605-000218,RV-03,2026-05-12T14:01:22,INSUFFICIENT_EVIDENCE,DATA_UNAVAILABLE
RVW-202605-000209,ALT-202605-000220,RV-05,2026-05-28T16:04:02,CLEARED_FALSE_POSITIVE,DOC_VALID
RVW-202605-000210,ALT-202605-000221,RV-01,2026-06-03T15:26:47,CLEARED_FALSE_POSITIVE,KNOWN_DEVICE
RVW-202605-000211,ALT-202605-000222,RV-02,2026-05-12T15:53:46,CLEARED_FALSE_POSITIVE,KNOWN_DEVICE
RVW-202605-000212,ALT-202605-000223,RV-05,2026-05-17T15:50:29,CLEARED_FALSE_POSITIVE,KNOWN_DEVICE
RVW-202605-000213,ALT-202605-000224,RV-01,2026-05-13T17:22:53,CLEARED_FALSE_POSITIVE,CUSTOMER_CONTACTED
RVW-202605-000214,ALT-202605-000225,RV-05,2026-05-29T10:54:52,CLEARED_FALSE_POSITIVE,KNOWN_DEVICE
RVW-202605-000215,ALT-202605-000226,RV-02,2026-05-02T18:52:19,CONFIRMED_FRAUD,DOC_FORGED
RVW-202605-000216,ALT-202605-000227,RV-04,2026-05-18T18:02:42,CLEARED_FALSE_POSITIVE,DOC_VALID
RVW-202605-000217,ALT-202605-000228,RV-03,2026-05-29T10:47:59,CLEARED_FALSE_POSITIVE,ID_VERIFIED
RVW-202605-000218,ALT-202605-000229,RV-03,2026-06-01T19:22:32,INSUFFICIENT_EVIDENCE,NO_CONTACT
RVW-202605-000219,ALT-202605-000230,RV-04,2026-05-12T16:27:12,CONFIRMED_FRAUD,MULE_CONFIRMED
RVW-202605-000220,ALT-202605-000231,RV-03,2026-05-30T12:12:57,CONFIRMED_FRAUD,ATO_CONFIRMED
RVW-202605-000221,ALT-202605-000232,RV-02,2026-05-28T06:58:31,CLEARED_FALSE_POSITIVE,DOC_VALID
RVW-202605-000222,ALT-202605-000233,RV-02,2026-05-25T13:22:47,CLEARED_FALSE_POSITIVE,DOC_VALID
RVW-202605-000223,ALT-202605-000234,RV-04,2026-06-05T12:28:25,CLEARED_FALSE_POSITIVE,ID_VERIFIED
RVW-202605-000224,ALT-202605-000235,RV-06,2026-05-22T11:56:21,CLEARED_FALSE_POSITIVE,ID_VERIFIED
RVW-202605-000225,ALT-202605-000236,RV-02,2026-06-01T15:40:21,CLEARED_FALSE_POSITIVE,DOC_VALID
RVW-202605-000226,ALT-202605-000237,RV-02,2026-05-17T12:45:09,CLEARED_FALSE_POSITIVE,CUSTOMER_CONTACTED
RVW-202605-000227,ALT-202605-000238,RV-06,2026-06-05T20:11:32,CLEARED_FALSE_POSITIVE,ID_VERIFIED
RVW-202605-000228,ALT-202605-000239,RV-02,2026-05-02T13:51:41,CLEARED_FALSE_POSITIVE,ID_VERIFIED
RVW-202605-000229,ALT-202605-000240,RV-03,2026-05-24T22:37:11,CLEARED_FALSE_POSITIVE,ID_VERIFIED
RVW-202605-000230,ALT-202605-000241,RV-04,2026-05-27T22:12:50,INSUFFICIENT_EVIDENCE,DATA_UNAVAILABLE
RVW-202605-000231,ALT-202605-000242,RV-06,2026-05-13T12:22:25,CLEARED_FALSE_POSITIVE,KNOWN_DEVICE
RVW-202605-000232,ALT-202605-000243,RV-05,2026-05-07T15:28:13,CLEARED_FALSE_POSITIVE,DOC_VALID
RVW-202605-000233,ALT-202605-000245,RV-06,2026-05-07T22:15:07,CLEARED_FALSE_POSITIVE,KNOWN_DEVICE
RVW-202605-000234,ALT-202605-000246,RV-02,2026-05-10T08:17:51,CLEARED_FALSE_POSITIVE,CUSTOMER_CONTACTED
RVW-202605-000235,ALT-202605-000247,RV-03,2026-05-18T16:52:51,CLEARED_FALSE_POSITIVE,DOC_VALID
RVW-202605-000236,ALT-202605-000248,RV-01,2026-05-29T10:00:49,CLEARED_FALSE_POSITIVE,KNOWN_DEVICE
RVW-202605-000237,ALT-202605-000249,RV-02,2026-05-16T17:35:47,CLEARED_FALSE_POSITIVE,ID_VERIFIED
RVW-202605-000238,ALT-202605-000250,RV-05,2026-06-04T11:54:24,CLEARED_FALSE_POSITIVE,DOC_VALID
RVW-202605-000239,ALT-202605-000251,RV-01,2026-05-18T17:23:03,CONFIRMED_FRAUD,ATO_CONFIRMED
RVW-202605-000240,ALT-202605-000252,RV-06,2026-05-23T22:09:11,INSUFFICIENT_EVIDENCE,NO_CONTACT
RVW-202605-000241,ALT-202605-000253,RV-03,2026-05-31T19:16:01,INSUFFICIENT_EVIDENCE,NO_CONTACT
RVW-202605-000242,ALT-202605-000254,RV-05,2026-06-05T09:53:12,CONFIRMED_FRAUD,ATO_CONFIRMED
RVW-202605-000243,ALT-202605-000255,RV-04,2026-05-24T19:52:43,CLEARED_FALSE_POSITIVE,CUSTOMER_CONTACTED
RVW-202605-000244,ALT-202605-000256,RV-04,2026-05-04T09:50:48,CLEARED_FALSE_POSITIVE,KNOWN_DEVICE
RVW-202605-000245,ALT-202605-000257,RV-06,2026-06-01T15:27:04,CLEARED_FALSE_POSITIVE,KNOWN_DEVICE
RVW-202605-000246,ALT-202605-000258,RV-01,2026-06-04T19:39:49,CLEARED_FALSE_POSITIVE,ID_VERIFIED
RVW-202605-000247,ALT-202605-000260,RV-02,2026-05-11T06:53:14,CLEARED_FALSE_POSITIVE,CUSTOMER_CONTACTED
RVW-202605-000248,ALT-202605-000261,RV-04,2026-06-01T07:07:32,CLEARED_FALSE_POSITIVE,DOC_VALID
RVW-202605-000249,ALT-202605-000262,RV-06,2026-05-20T14:55:04,CLEARED_FALSE_POSITIVE,KNOWN_DEVICE
RVW-202605-000250,ALT-202605-000263,RV-02,2026-05-30T18:27:01,INSUFFICIENT_EVIDENCE,NO_CONTACT
RVW-202605-000251,ALT-202605-000264,RV-01,2026-05-12T16:46:37,CLEARED_FALSE_POSITIVE,DOC_VALID
RVW-202605-000252,ALT-202605-000265,RV-06,2026-05-16T10:40:09,CLEARED_FALSE_POSITIVE,ID_VERIFIED
RVW-202605-000253,ALT-202605-000266,RV-05,2026-05-09T16:37:35,CLEARED_FALSE_POSITIVE,ID_VERIFIED
RVW-202605-000254,ALT-202605-000267,RV-01,2026-05-25T06:59:29,CLEARED_FALSE_POSITIVE,KNOWN_DEVICE
RVW-202605-000255,ALT-202605-000268,RV-05,2026-05-27T12:00:55,CLEARED_FALSE_POSITIVE,DOC_VALID
RVW-202605-000256,ALT-202605-000269,RV-05,2026-05-19T07:46:38,INSUFFICIENT_EVIDENCE,DATA_UNAVAILABLE
RVW-202605-000257,ALT-202605-000270,RV-06,2026-05-16T12:13:39,CLEARED_FALSE_POSITIVE,KNOWN_DEVICE
RVW-202605-000258,ALT-202605-000271,RV-03,2026-05-06T09:19:26,CLEARED_FALSE_POSITIVE,KNOWN_DEVICE
RVW-202605-000259,ALT-202605-000272,RV-01,2026-05-25T14:02:37,CLEARED_FALSE_POSITIVE,KNOWN_DEVICE
RVW-202605-000260,ALT-202605-000273,RV-05,2026-05-21T09:07:47,CONFIRMED_FRAUD,ATO_CONFIRMED
RVW-202605-000261,ALT-202605-000275,RV-05,2026-05-25T07:58:59,CLEARED_FALSE_POSITIVE,KNOWN_DEVICE
RVW-202605-000262,ALT-202605-000277,RV-04,2026-05-18T18:19:42,CLEARED_FALSE_POSITIVE,CUSTOMER_CONTACTED
RVW-202605-000263,ALT-202605-000278,RV-03,2026-06-03T08:57:06,CLEARED_FALSE_POSITIVE,CUSTOMER_CONTACTED
RVW-202605-000264,ALT-202605-000281,RV-05,2026-05-15T14:59:26,CONFIRMED_FRAUD,DOC_FORGED
RVW-202605-000265,ALT-202605-000282,RV-02,2026-05-30T07:23:17,CLEARED_FALSE_POSITIVE,KNOWN_DEVICE
RVW-202605-000266,ALT-202605-000283,RV-04,2026-05-24T22:01:21,CLEARED_FALSE_POSITIVE,CUSTOMER_CONTACTED
RVW-202605-000267,ALT-202605-000284,RV-01,2026-06-03T08:49:36,CONFIRMED_FRAUD,ATO_CONFIRMED
RVW-202605-000268,ALT-202605-000285,RV-06,2026-05-29T19:14:24,CONFIRMED_FRAUD,ATO_CONFIRMED
RVW-202605-000269,ALT-202605-000286,RV-05,2026-05-14T14:50:54,CLEARED_FALSE_POSITIVE,CUSTOMER_CONTACTED
RVW-202605-000270,ALT-202605-000287,RV-06,2026-05-27T13:33:35,CLEARED_FALSE_POSITIVE,DOC_VALID
RVW-202605-000271,ALT-202605-000288,RV-06,2026-05-30T11:42:22,CLEARED_FALSE_POSITIVE,CUSTOMER_CONTACTED
RVW-202605-000272,ALT-202605-000290,RV-02,2026-05-28T21:55:30,CLEARED_FALSE_POSITIVE,CUSTOMER_CONTACTED
RVW-202605-000273,ALT-202605-000291,RV-03,2026-05-12T20:27:53,CLEARED_FALSE_POSITIVE,KNOWN_DEVICE
RVW-202605-000274,ALT-202605-000292,RV-06,2026-05-31T15:18:45,CLEARED_FALSE_POSITIVE,CUSTOMER_CONTACTED
RVW-202605-000275,ALT-202605-000294,RV-03,2026-06-11T12:30:53,CLEARED_FALSE_POSITIVE,ID_VERIFIED
RVW-202605-000276,ALT-202605-000295,RV-04,2026-05-14T18:31:07,CLEARED_FALSE_POSITIVE,DOC_VALID
RVW-202605-000277,ALT-202605-000296,RV-02,2026-05-12T22:43:39,CLEARED_FALSE_POSITIVE,KNOWN_DEVICE
RVW-202605-000278,ALT-202605-000297,RV-01,2026-06-06T09:10:17,CLEARED_FALSE_POSITIVE,KNOWN_DEVICE
RVW-202605-000279,ALT-202605-000298,RV-04,2026-05-26T12:17:19,CLEARED_FALSE_POSITIVE,CUSTOMER_CONTACTED
RVW-202605-000280,ALT-202605-000299,RV-04,2026-05-23T12:56:15,CLEARED_FALSE_POSITIVE,CUSTOMER_CONTACTED
RVW-202605-000281,ALT-202605-000300,RV-04,2026-06-10T11:44:10,CLEARED_FALSE_POSITIVE,ID_VERIFIED
RVW-202605-000282,ALT-202605-000301,RV-04,2026-05-29T09:01:08,CLEARED_FALSE_POSITIVE,DOC_VALID
RVW-202605-000283,ALT-202605-000302,RV-01,2026-05-11T19:28:11,CLEARED_FALSE_POSITIVE,DOC_VALID
RVW-202605-000284,ALT-202605-000303,RV-05,2026-05-30T22:05:28,CLEARED_FALSE_POSITIVE,ID_VERIFIED
RVW-202605-000285,ALT-202605-000304,RV-04,2026-05-26T20:53:48,CONFIRMED_FRAUD,SYNTH_ID_CONFIRMED
RVW-202605-000286,ALT-202605-000305,RV-06,2026-05-24T22:45:42,CLEARED_FALSE_POSITIVE,ID_VERIFIED
RVW-202605-000287,ALT-202605-000306,RV-04,2026-05-26T18:39:43,CLEARED_FALSE_POSITIVE,ID_VERIFIED
RVW-202605-000288,ALT-202605-000307,RV-01,2026-05-03T06:12:02,CONFIRMED_FRAUD,MULE_CONFIRMED
RVW-202605-000289,ALT-202605-000308,RV-01,2026-05-21T19:30:50,CONFIRMED_FRAUD,MULE_CONFIRMED
RVW-202605-000290,ALT-202605-000309,RV-06,2026-05-18T18:31:47,CONFIRMED_FRAUD,DOC_FORGED
RVW-202605-000291,ALT-202605-000310,RV-04,2026-05-22T22:45:06,CLEARED_FALSE_POSITIVE,CUSTOMER_CONTACTED
RVW-202605-000292,ALT-202605-000311,RV-01,2026-05-10T14:32:53,CONFIRMED_FRAUD,ATO_CONFIRMED
RVW-202605-000293,ALT-202605-000312,RV-02,2026-06-05T07:22:00,CLEARED_FALSE_POSITIVE,DOC_VALID
RVW-202605-000294,ALT-202605-000313,RV-02,2026-05-20T14:48:52,CONFIRMED_FRAUD,SYNTH_ID_CONFIRMED
RVW-202605-000295,ALT-202605-000314,RV-05,2026-05-14T17:43:09,CONFIRMED_FRAUD,MULE_CONFIRMED
RVW-202605-000296,ALT-202605-000315,RV-03,2026-05-20T16:50:31,CONFIRMED_FRAUD,ATO_CONFIRMED
RVW-202605-000297,ALT-202605-000318,RV-03,2026-06-05T18:40:56,CLEARED_FALSE_POSITIVE,CUSTOMER_CONTACTED
RVW-202605-000298,ALT-202605-000319,RV-02,2026-05-10T11:30:35,CLEARED_FALSE_POSITIVE,KNOWN_DEVICE
RVW-202605-000299,ALT-202605-000320,RV-06,2026-05-07T16:50:15,CONFIRMED_FRAUD,ATO_CONFIRMED
RVW-202605-000300,ALT-202605-000322,RV-03,2026-05-05T06:19:29,CONFIRMED_FRAUD,SYNTH_ID_CONFIRMED
RVW-202605-000301,ALT-202605-000323,RV-01,2026-05-21T17:41:34,CLEARED_FALSE_POSITIVE,KNOWN_DEVICE
RVW-202605-000302,ALT-202605-000324,RV-02,2026-05-26T08:15:18,CONFIRMED_FRAUD,MULE_CONFIRMED
RVW-202605-000303,ALT-202605-000325,RV-02,2026-06-03T16:01:50,INSUFFICIENT_EVIDENCE,NO_CONTACT
RVW-202605-000304,ALT-202605-000326,RV-06,2026-06-08T10:26:06,CLEARED_FALSE_POSITIVE,CUSTOMER_CONTACTED
RVW-202605-000305,ALT-202605-000327,RV-05,2026-06-01T08:19:22,CLEARED_FALSE_POSITIVE,CUSTOMER_CONTACTED
RVW-202605-000306,ALT-202605-000328,RV-02,2026-05-11T20:25:31,CLEARED_FALSE_POSITIVE,DOC_VALID
RVW-202605-000307,ALT-202605-000329,RV-03,2026-05-11T18:56:50,CLEARED_FALSE_POSITIVE,ID_VERIFIED
RVW-202605-000308,ALT-202605-000330,RV-03,2026-05-17T06:54:49,CONFIRMED_FRAUD,MULE_CONFIRMED
RVW-202605-000309,ALT-202605-000331,RV-03,2026-05-27T22:27:22,CLEARED_FALSE_POSITIVE,CUSTOMER_CONTACTED
RVW-202605-000310,ALT-202605-000332,RV-03,2026-06-03T16:11:53,CLEARED_FALSE_POSITIVE,CUSTOMER_CONTACTED
RVW-202605-000311,ALT-202605-000333,RV-05,2026-05-30T18:53:20,CLEARED_FALSE_POSITIVE,DOC_VALID
RVW-202605-000312,ALT-202605-000334,RV-03,2026-05-21T12:32:48,CLEARED_FALSE_POSITIVE,DOC_VALID
RVW-202605-000313,ALT-202605-000335,RV-02,2026-05-28T18:39:10,CONFIRMED_FRAUD,DOC_FORGED
RVW-202605-000314,ALT-202605-000336,RV-06,2026-05-22T11:06:45,CLEARED_FALSE_POSITIVE,ID_VERIFIED
RVW-202605-000315,ALT-202605-000337,RV-06,2026-05-18T10:08:13,CONFIRMED_FRAUD,SYNTH_ID_CONFIRMED
RVW-202605-000316,ALT-202605-000338,RV-04,2026-06-09T12:27:12,INSUFFICIENT_EVIDENCE,NO_CONTACT
RVW-202605-000317,ALT-202605-000339,RV-06,2026-05-30T19:51:22,CLEARED_FALSE_POSITIVE,CUSTOMER_CONTACTED
RVW-202605-000318,ALT-202605-000341,RV-06,2026-05-16T11:53:48,CLEARED_FALSE_POSITIVE,CUSTOMER_CONTACTED
RVW-202605-000319,ALT-202605-000343,RV-01,2026-05-22T15:20:07,CLEARED_FALSE_POSITIVE,KNOWN_DEVICE
RVW-202605-000320,ALT-202605-000344,RV-04,2026-05-09T20:38:47,CONFIRMED_FRAUD,MULE_CONFIRMED
RVW-202605-000321,ALT-202605-000345,RV-06,2026-05-18T14:40:41,CONFIRMED_FRAUD,SYNTH_ID_CONFIRMED
RVW-202605-000322,ALT-202605-000348,RV-05,2026-05-04T10:11:25,CLEARED_FALSE_POSITIVE,ID_VERIFIED
RVW-202605-000323,ALT-202605-000349,RV-03,2026-06-07T14:06:21,CLEARED_FALSE_POSITIVE,DOC_VALID
RVW-202605-000324,ALT-202605-000350,RV-02,2026-05-17T18:17:57,INSUFFICIENT_EVIDENCE,NO_CONTACT
RVW-202605-000325,ALT-202605-000351,RV-06,2026-05-13T10:39:51,INSUFFICIENT_EVIDENCE,NO_CONTACT
RVW-202605-000326,ALT-202605-000352,RV-02,2026-05-21T08:15:13,CLEARED_FALSE_POSITIVE,CUSTOMER_CONTACTED
RVW-202605-000327,ALT-202605-000353,RV-04,2026-05-22T12:14:47,CLEARED_FALSE_POSITIVE,KNOWN_DEVICE
RVW-202605-000328,ALT-202605-000354,RV-04,2026-05-19T07:37:58,CLEARED_FALSE_POSITIVE,DOC_VALID
RVW-202605-000329,ALT-202605-000355,RV-01,2026-06-03T22:30:36,INSUFFICIENT_EVIDENCE,AGED_OUT
RVW-202605-000330,ALT-202605-000356,RV-06,2026-05-25T12:16:15,CLEARED_FALSE_POSITIVE,KNOWN_DEVICE
RVW-202605-000331,ALT-202605-000357,RV-04,2026-05-07T08:01:10,CLEARED_FALSE_POSITIVE,DOC_VALID
RVW-202605-000332,ALT-202605-000358,RV-01,2026-06-03T19:48:26,CONFIRMED_FRAUD,SYNTH_ID_CONFIRMED
RVW-202605-000333,ALT-202605-000359,RV-02,2026-05-16T21:33:02,CLEARED_FALSE_POSITIVE,ID_VERIFIED
RVW-202605-000334,ALT-202605-000360,RV-05,2026-05-23T22:28:53,CLEARED_FALSE_POSITIVE,KNOWN_DEVICE
RVW-202605-000335,ALT-202605-000361,RV-03,2026-05-11T12:09:55,CLEARED_FALSE_POSITIVE,ID_VERIFIED
RVW-202605-000336,ALT-202605-000362,RV-02,2026-05-17T07:45:56,CONFIRMED_FRAUD,ATO_CONFIRMED
RVW-202605-000337,ALT-202605-000363,RV-02,2026-05-06T14:37:49,CLEARED_FALSE_POSITIVE,DOC_VALID
RVW-202605-000338,ALT-202605-000364,RV-01,2026-05-14T18:45:19,CONFIRMED_FRAUD,ATO_CONFIRMED
RVW-202605-000339,ALT-202605-000365,RV-03,2026-05-11T07:11:23,CLEARED_FALSE_POSITIVE,CUSTOMER_CONTACTED
RVW-202605-000340,ALT-202605-000366,RV-05,2026-05-14T11:41:58,CLEARED_FALSE_POSITIVE,KNOWN_DEVICE
RVW-202605-000341,ALT-202605-000367,RV-06,2026-05-18T14:42:47,CLEARED_FALSE_POSITIVE,KNOWN_DEVICE
RVW-202605-000342,ALT-202605-000368,RV-06,2026-05-20T19:09:12,INSUFFICIENT_EVIDENCE,DATA_UNAVAILABLE
RVW-202605-000343,ALT-202605-000369,RV-02,2026-05-22T13:55:14,CLEARED_FALSE_POSITIVE,KNOWN_DEVICE
RVW-202605-000344,ALT-202605-000370,RV-04,2026-05-13T13:28:05,CONFIRMED_FRAUD,ATO_CONFIRMED
RVW-202605-000345,ALT-202605-000371,RV-02,2026-05-25T13:53:15,CLEARED_FALSE_POSITIVE,DOC_VALID
RVW-202605-000346,ALT-202605-000373,RV-06,2026-05-21T18:01:56,CLEARED_FALSE_POSITIVE,DOC_VALID
RVW-202605-000347,ALT-202605-000374,RV-06,2026-05-15T06:36:07,CLEARED_FALSE_POSITIVE,ID_VERIFIED
RVW-202605-000348,ALT-202605-000375,RV-04,2026-05-15T16:11:52,INSUFFICIENT_EVIDENCE,DATA_UNAVAILABLE
RVW-202605-000349,ALT-202605-000376,RV-06,2026-05-12T18:56:24,CLEARED_FALSE_POSITIVE,DOC_VALID
RVW-202605-000350,ALT-202605-000377,RV-04,2026-05-19T13:37:51,CLEARED_FALSE_POSITIVE,CUSTOMER_CONTACTED
RVW-202605-000351,ALT-202605-000378,RV-03,2026-05-12T21:38:19,CONFIRMED_FRAUD,ATO_CONFIRMED
RVW-202605-000352,ALT-202605-000379,RV-02,2026-05-21T17:00:25,CLEARED_FALSE_POSITIVE,CUSTOMER_CONTACTED
RVW-202605-000353,ALT-202605-000380,RV-06,2026-06-08T13:02:46,CLEARED_FALSE_POSITIVE,KNOWN_DEVICE
RVW-202605-000354,ALT-202605-000381,RV-06,2026-05-12T07:07:04,CONFIRMED_FRAUD,MULE_CONFIRMED
RVW-202605-000355,ALT-202605-000382,RV-03,2026-05-20T11:34:05,INSUFFICIENT_EVIDENCE,DATA_UNAVAILABLE
RVW-202605-000356,ALT-202605-000383,RV-01,2026-06-06T14:30:19,CLEARED_FALSE_POSITIVE,ID_VERIFIED
RVW-202605-000357,ALT-202605-000385,RV-03,2026-06-02T14:07:58,CLEARED_FALSE_POSITIVE,CUSTOMER_CONTACTED
RVW-202605-000358,ALT-202605-000386,RV-06,2026-05-07T15:17:54,CLEARED_FALSE_POSITIVE,DOC_VALID
RVW-202605-000359,ALT-202605-000387,RV-06,2026-05-21T08:47:54,CONFIRMED_FRAUD,DOC_FORGED
RVW-202605-000360,ALT-202605-000388,RV-02,2026-06-07T08:26:06,CLEARED_FALSE_POSITIVE,DOC_VALID
RVW-202605-000361,ALT-202605-000389,RV-01,2026-05-12T22:59:26,CLEARED_FALSE_POSITIVE,CUSTOMER_CONTACTED
RVW-202605-000362,ALT-202605-000390,RV-05,2026-05-30T06:48:12,CLEARED_FALSE_POSITIVE,KNOWN_DEVICE
RVW-202605-000363,ALT-202605-000391,RV-03,2026-05-25T15:51:51,CLEARED_FALSE_POSITIVE,CUSTOMER_CONTACTED
RVW-202605-000364,ALT-202605-000392,RV-06,2026-05-20T19:17:24,CLEARED_FALSE_POSITIVE,CUSTOMER_CONTACTED
RVW-202605-000365,ALT-202605-000393,RV-06,2026-05-22T22:15:53,CLEARED_FALSE_POSITIVE,ID_VERIFIED
RVW-202605-000366,ALT-202605-000394,RV-06,2026-06-07T16:25:50,CLEARED_FALSE_POSITIVE,DOC_VALID
RVW-202605-000367,ALT-202605-000395,RV-04,2026-06-06T13:47:24,CLEARED_FALSE_POSITIVE,ID_VERIFIED
RVW-202605-000368,ALT-202605-000396,RV-05,2026-05-23T20:56:50,CLEARED_FALSE_POSITIVE,ID_VERIFIED
RVW-202605-000369,ALT-202605-000397,RV-04,2026-05-30T16:07:14,CLEARED_FALSE_POSITIVE,CUSTOMER_CONTACTED
RVW-202605-000370,ALT-202605-000398,RV-06,2026-05-25T08:53:48,CLEARED_FALSE_POSITIVE,DOC_VALID
RVW-202605-000371,ALT-202605-000400,RV-04,2026-05-21T06:01:40,CLEARED_FALSE_POSITIVE,CUSTOMER_CONTACTED
RVW-202605-000372,ALT-202605-000401,RV-03,2026-05-30T09:48:55,CONFIRMED_FRAUD,DOC_FORGED
RVW-202605-000373,ALT-202605-000402,RV-05,2026-05-22T12:40:09,CLEARED_FALSE_POSITIVE,CUSTOMER_CONTACTED
RVW-202605-000374,ALT-202605-000403,RV-01,2026-05-27T07:11:10,INSUFFICIENT_EVIDENCE,DATA_UNAVAILABLE
RVW-202605-000375,ALT-202605-000404,RV-03,2026-05-29T15:54:19,CLEARED_FALSE_POSITIVE,DOC_VALID
RVW-202605-000376,ALT-202605-000405,RV-03,2026-06-03T06:17:58,CLEARED_FALSE_POSITIVE,CUSTOMER_CONTACTED
RVW-202605-000377,ALT-202605-000406,RV-05,2026-05-21T22:25:56,CLEARED_FALSE_POSITIVE,DOC_VALID
RVW-202605-000378,ALT-202605-000407,RV-04,2026-05-26T13:59:51,CONFIRMED_FRAUD,SYNTH_ID_CONFIRMED
RVW-202605-000379,ALT-202605-000408,RV-03,2026-05-30T18:00:28,CLEARED_FALSE_POSITIVE,CUSTOMER_CONTACTED
RVW-202605-000380,ALT-202605-000409,RV-02,2026-05-03T17:31:24,CLEARED_FALSE_POSITIVE,CUSTOMER_CONTACTED
RVW-202605-000381,ALT-202605-000410,RV-05,2026-05-21T17:01:37,CLEARED_FALSE_POSITIVE,CUSTOMER_CONTACTED
RVW-202605-000382,ALT-202605-000411,RV-05,2026-05-12T12:31:00,CLEARED_FALSE_POSITIVE,CUSTOMER_CONTACTED
RVW-202605-000383,ALT-202605-000412,RV-05,2026-05-11T17:50:21,CLEARED_FALSE_POSITIVE,DOC_VALID
RVW-202605-000384,ALT-202605-000413,RV-03,2026-05-13T15:15:56,CLEARED_FALSE_POSITIVE,DOC_VALID
RVW-202605-000385,ALT-202605-000414,RV-02,2026-05-11T07:51:34,CLEARED_FALSE_POSITIVE,KNOWN_DEVICE
RVW-202605-000386,ALT-202605-000415,RV-03,2026-05-19T22:18:22,CLEARED_FALSE_POSITIVE,CUSTOMER_CONTACTED
RVW-202605-000387,ALT-202605-000416,RV-06,2026-05-29T11:03:21,CLEARED_FALSE_POSITIVE,ID_VERIFIED
RVW-202605-000388,ALT-202605-000417,RV-06,2026-05-09T16:47:58,INSUFFICIENT_EVIDENCE,AGED_OUT
RVW-202605-000389,ALT-202605-000418,RV-05,2026-06-08T14:34:39,CLEARED_FALSE_POSITIVE,DOC_VALID
RVW-202605-000390,ALT-202605-000419,RV-03,2026-05-22T09:00:03,INSUFFICIENT_EVIDENCE,NO_CONTACT
RVW-202605-000391,ALT-202605-000420,RV-02,2026-05-19T13:14:22,CLEARED_FALSE_POSITIVE,DOC_VALID
RVW-202605-000392,ALT-202605-000421,RV-01,2026-05-17T10:22:27,CLEARED_FALSE_POSITIVE,KNOWN_DEVICE
RVW-202605-000393,ALT-202605-000422,RV-01,2026-06-02T14:39:20,INSUFFICIENT_EVIDENCE,NO_CONTACT
RVW-202605-000394,ALT-202605-000423,RV-06,2026-05-07T11:03:15,INSUFFICIENT_EVIDENCE,AGED_OUT
RVW-202605-000395,ALT-202605-000424,RV-06,2026-05-26T11:04:01,CLEARED_FALSE_POSITIVE,KNOWN_DEVICE
RVW-202605-000396,ALT-202605-000425,RV-01,2026-05-27T09:42:07,CLEARED_FALSE_POSITIVE,KNOWN_DEVICE
RVW-202605-000397,ALT-202605-000426,RV-01,2026-06-03T20:26:21,CLEARED_FALSE_POSITIVE,ID_VERIFIED
RVW-202605-000398,ALT-202605-000427,RV-02,2026-05-23T10:19:19,CLEARED_FALSE_POSITIVE,DOC_VALID
RVW-202605-000399,ALT-202605-000428,RV-02,2026-05-22T17:38:37,CLEARED_FALSE_POSITIVE,CUSTOMER_CONTACTED
RVW-202605-000400,ALT-202605-000429,RV-05,2026-05-12T12:16:47,CLEARED_FALSE_POSITIVE,CUSTOMER_CONTACTED
RVW-202605-000401,ALT-202605-000430,RV-03,2026-05-07T21:31:56,CLEARED_FALSE_POSITIVE,KNOWN_DEVICE
RVW-202605-000402,ALT-202605-000431,RV-04,2026-05-06T06:15:54,CLEARED_FALSE_POSITIVE,ID_VERIFIED
RVW-202605-000403,ALT-202605-000432,RV-04,2026-05-20T13:51:46,CLEARED_FALSE_POSITIVE,KNOWN_DEVICE
RVW-202605-000404,ALT-202605-000433,RV-04,2026-05-18T18:31:49,CLEARED_FALSE_POSITIVE,CUSTOMER_CONTACTED
RVW-202605-000405,ALT-202605-000434,RV-01,2026-06-05T17:23:32,CLEARED_FALSE_POSITIVE,DOC_VALID
RVW-202605-000406,ALT-202605-000435,RV-06,2026-05-10T16:01:32,CLEARED_FALSE_POSITIVE,ID_VERIFIED
RVW-202605-000407,ALT-202605-000437,RV-01,2026-05-26T12:01:54,CONFIRMED_FRAUD,MULE_CONFIRMED
RVW-202605-000408,ALT-202605-000438,RV-01,2026-06-09T14:13:55,CLEARED_FALSE_POSITIVE,ID_VERIFIED
RVW-202605-000409,ALT-202605-000439,RV-05,2026-05-22T17:02:04,INSUFFICIENT_EVIDENCE,AGED_OUT
RVW-202605-000410,ALT-202605-000440,RV-06,2026-05-28T12:20:23,CLEARED_FALSE_POSITIVE,CUSTOMER_CONTACTED
RVW-202605-000411,ALT-202605-000441,RV-01,2026-05-11T16:05:00,CLEARED_FALSE_POSITIVE,CUSTOMER_CONTACTED
RVW-202605-000412,ALT-202605-000442,RV-03,2026-05-13T21:07:38,CLEARED_FALSE_POSITIVE,DOC_VALID
RVW-202605-000413,ALT-202605-000443,RV-06,2026-06-04T08:18:02,INSUFFICIENT_EVIDENCE,DATA_UNAVAILABLE
RVW-202605-000414,ALT-202605-000444,RV-05,2026-05-06T09:13:22,CLEARED_FALSE_POSITIVE,ID_VERIFIED
RVW-202605-000415,ALT-202605-000445,RV-05,2026-05-15T19:26:50,CLEARED_FALSE_POSITIVE,KNOWN_DEVICE
RVW-202605-000416,ALT-202605-000446,RV-01,2026-05-03T08:34:08,CONFIRMED_FRAUD,SYNTH_ID_CONFIRMED
RVW-202605-000417,ALT-202605-000447,RV-05,2026-05-30T12:23:23,CLEARED_FALSE_POSITIVE,CUSTOMER_CONTACTED
RVW-202605-000418,ALT-202605-000448,RV-03,2026-05-24T06:06:15,CLEARED_FALSE_POSITIVE,ID_VERIFIED
RVW-202605-000419,ALT-202605-000449,RV-01,2026-06-01T08:04:08,CLEARED_FALSE_POSITIVE,DOC_VALID
RVW-202605-000420,ALT-202605-000450,RV-06,2026-06-04T11:01:48,CLEARED_FALSE_POSITIVE,ID_VERIFIED
RVW-202605-000421,ALT-202605-000451,RV-04,2026-05-08T18:49:30,CLEARED_FALSE_POSITIVE,KNOWN_DEVICE
RVW-202605-000422,ALT-202605-000452,RV-05,2026-05-10T12:17:55,CLEARED_FALSE_POSITIVE,ID_VERIFIED
RVW-202605-000423,ALT-202605-000453,RV-03,2026-05-26T11:46:12,INSUFFICIENT_EVIDENCE,DATA_UNAVAILABLE
RVW-202605-000424,ALT-202605-000454,RV-05,2026-05-24T13:14:38,CLEARED_FALSE_POSITIVE,KNOWN_DEVICE
RVW-202605-000425,ALT-202605-000455,RV-03,2026-05-09T06:17:01,CLEARED_FALSE_POSITIVE,DOC_VALID
RVW-202605-000426,ALT-202605-000456,RV-03,2026-05-18T12:01:14,CLEARED_FALSE_POSITIVE,DOC_VALID
RVW-202605-000427,ALT-202605-000457,RV-01,2026-06-09T09:01:38,CLEARED_FALSE_POSITIVE,KNOWN_DEVICE
RVW-202605-000428,ALT-202605-000458,RV-03,2026-05-23T15:53:02,CLEARED_FALSE_POSITIVE,ID_VERIFIED
RVW-202605-000429,ALT-202605-000459,RV-06,2026-06-08T10:51:09,CLEARED_FALSE_POSITIVE,CUSTOMER_CONTACTED
RVW-202605-000430,ALT-202605-000460,RV-05,2026-05-15T12:13:00,CLEARED_FALSE_POSITIVE,ID_VERIFIED
RVW-202605-000431,ALT-202605-000461,RV-02,2026-05-30T20:32:05,CLEARED_FALSE_POSITIVE,CUSTOMER_CONTACTED
RVW-202605-000432,ALT-202605-000462,RV-02,2026-06-01T09:01:17,CLEARED_FALSE_POSITIVE,DOC_VALID
RVW-202605-000433,ALT-202605-000463,RV-03,2026-05-14T13:01:16,CLEARED_FALSE_POSITIVE,KNOWN_DEVICE
RVW-202605-000434,ALT-202605-000464,RV-02,2026-05-16T11:38:15,CLEARED_FALSE_POSITIVE,ID_VERIFIED
RVW-202605-000435,ALT-202605-000465,RV-01,2026-06-08T10:44:10,CLEARED_FALSE_POSITIVE,DOC_VALID
RVW-202605-000436,ALT-202605-000466,RV-04,2026-05-28T07:59:36,CONFIRMED_FRAUD,ATO_CONFIRMED
RVW-202605-000437,ALT-202605-000467,RV-06,2026-05-23T12:03:51,INSUFFICIENT_EVIDENCE,AGED_OUT
RVW-202605-000438,ALT-202605-000468,RV-06,2026-05-17T20:53:45,CLEARED_FALSE_POSITIVE,ID_VERIFIED
RVW-202605-000439,ALT-202605-000469,RV-01,2026-06-06T08:33:30,CLEARED_FALSE_POSITIVE,CUSTOMER_CONTACTED
RVW-202605-000440,ALT-202605-000470,RV-04,2026-05-28T13:27:45,INSUFFICIENT_EVIDENCE,DATA_UNAVAILABLE
RVW-202605-000441,ALT-202605-000471,RV-03,2026-05-12T08:36:39,CONFIRMED_FRAUD,DOC_FORGED
RVW-202605-000442,ALT-202605-000472,RV-02,2026-05-20T18:02:01,CLEARED_FALSE_POSITIVE,KNOWN_DEVICE
RVW-202605-000443,ALT-202605-000473,RV-05,2026-05-24T09:34:21,INSUFFICIENT_EVIDENCE,NO_CONTACT
RVW-202605-000444,ALT-202605-000474,RV-03,2026-06-03T08:25:02,CLEARED_FALSE_POSITIVE,CUSTOMER_CONTACTED
RVW-202605-000445,ALT-202605-000476,RV-03,2026-05-04T16:56:11,CLEARED_FALSE_POSITIVE,CUSTOMER_CONTACTED
RVW-202605-000446,ALT-202605-000477,RV-03,2026-05-09T11:55:41,CLEARED_FALSE_POSITIVE,ID_VERIFIED
RVW-202605-000447,ALT-202605-000478,RV-03,2026-05-13T21:48:17,CLEARED_FALSE_POSITIVE,CUSTOMER_CONTACTED
RVW-202605-000448,ALT-202605-000479,RV-01,2026-05-11T18:54:57,CLEARED_FALSE_POSITIVE,KNOWN_DEVICE
RVW-202605-000449,ALT-202605-000480,RV-05,2026-05-12T20:55:55,CLEARED_FALSE_POSITIVE,KNOWN_DEVICE
RVW-202605-000450,ALT-202605-000481,RV-02,2026-05-12T19:52:32,CLEARED_FALSE_POSITIVE,KNOWN_DEVICE
RVW-202605-000451,ALT-202605-000482,RV-02,2026-05-30T07:12:52,CLEARED_FALSE_POSITIVE,KNOWN_DEVICE
RVW-202605-000452,ALT-202605-000483,RV-02,2026-05-30T17:30:28,CLEARED_FALSE_POSITIVE,ID_VERIFIED
RVW-202605-000453,ALT-202605-000484,RV-04,2026-05-15T19:44:29,CLEARED_FALSE_POSITIVE,CUSTOMER_CONTACTED
RVW-202605-000454,ALT-202605-000486,RV-04,2026-05-20T14:27:46,CLEARED_FALSE_POSITIVE,ID_VERIFIED
RVW-202605-000455,ALT-202605-000487,RV-03,2026-05-23T18:22:47,CLEARED_FALSE_POSITIVE,ID_VERIFIED
RVW-202605-000456,ALT-202605-000488,RV-05,2026-06-08T22:23:25,CONFIRMED_FRAUD,SYNTH_ID_CONFIRMED
RVW-202605-000457,ALT-202605-000489,RV-02,2026-05-11T18:08:49,CLEARED_FALSE_POSITIVE,ID_VERIFIED
RVW-202605-000458,ALT-202605-000491,RV-03,2026-05-18T15:22:59,CLEARED_FALSE_POSITIVE,DOC_VALID
RVW-202605-000459,ALT-202605-000492,RV-06,2026-05-08T06:44:55,INSUFFICIENT_EVIDENCE,AGED_OUT
RVW-202605-000460,ALT-202605-000493,RV-02,2026-05-15T22:36:46,CLEARED_FALSE_POSITIVE,CUSTOMER_CONTACTED
RVW-202605-000461,ALT-202605-000495,RV-04,2026-05-15T17:26:59,CLEARED_FALSE_POSITIVE,DOC_VALID
RVW-202605-000462,ALT-202605-000496,RV-04,2026-05-27T17:20:36,INSUFFICIENT_EVIDENCE,DATA_UNAVAILABLE
RVW-202605-000463,ALT-202605-000497,RV-03,2026-05-15T16:33:51,CLEARED_FALSE_POSITIVE,DOC_VALID
RVW-202605-000464,ALT-202605-000498,RV-03,2026-05-29T21:04:57,INSUFFICIENT_EVIDENCE,DATA_UNAVAILABLE
RVW-202605-000465,ALT-202605-000499,RV-06,2026-06-05T11:22:40,CONFIRMED_FRAUD,ATO_CONFIRMED
RVW-202605-000466,ALT-202605-000500,RV-06,2026-05-27T21:58:31,CONFIRMED_FRAUD,DOC_FORGED
RVW-202605-000467,ALT-202605-000501,RV-05,2026-06-04T06:21:26,CLEARED_FALSE_POSITIVE,KNOWN_DEVICE
RVW-202605-000468,ALT-202605-000502,RV-05,2026-05-11T16:07:36,CONFIRMED_FRAUD,DOC_FORGED
RVW-202605-000469,ALT-202605-000503,RV-03,2026-05-21T10:10:07,INSUFFICIENT_EVIDENCE,AGED_OUT
RVW-202605-000470,ALT-202605-000504,RV-06,2026-06-04T11:43:52,INSUFFICIENT_EVIDENCE,DATA_UNAVAILABLE
RVW-202605-000471,ALT-202605-000505,RV-03,2026-06-05T11:45:44,CLEARED_FALSE_POSITIVE,CUSTOMER_CONTACTED
RVW-202605-000472,ALT-202605-000507,RV-03,2026-05-16T09:45:16,CONFIRMED_FRAUD,DOC_FORGED
RVW-202605-000473,ALT-202605-000508,RV-01,2026-05-09T14:42:19,CLEARED_FALSE_POSITIVE,DOC_VALID
RVW-202605-000474,ALT-202605-000509,RV-06,2026-05-16T19:28:52,CLEARED_FALSE_POSITIVE,KNOWN_DEVICE
RVW-202605-000475,ALT-202605-000510,RV-02,2026-05-25T08:40:15,CONFIRMED_FRAUD,SYNTH_ID_CONFIRMED
RVW-202605-000476,ALT-202605-000511,RV-03,2026-06-04T21:47:58,CLEARED_FALSE_POSITIVE,KNOWN_DEVICE
RVW-202605-000477,ALT-202605-000512,RV-05,2026-05-14T11:08:56,INSUFFICIENT_EVIDENCE,DATA_UNAVAILABLE
RVW-202605-000478,ALT-202605-000513,RV-02,2026-05-12T20:16:31,CLEARED_FALSE_POSITIVE,CUSTOMER_CONTACTED
RVW-202605-000479,ALT-202605-000514,RV-03,2026-05-29T10:24:22,CLEARED_FALSE_POSITIVE,DOC_VALID
RVW-202605-000480,ALT-202605-000515,RV-01,2026-05-29T10:06:31,CLEARED_FALSE_POSITIVE,ID_VERIFIED
RVW-202605-000481,ALT-202605-000516,RV-01,2026-05-21T17:45:19,CLEARED_FALSE_POSITIVE,CUSTOMER_CONTACTED
RVW-202605-000482,ALT-202605-000517,RV-06,2026-05-21T17:37:18,CONFIRMED_FRAUD,ATO_CONFIRMED
RVW-202605-000483,ALT-202605-000518,RV-02,2026-05-18T11:49:58,INSUFFICIENT_EVIDENCE,NO_CONTACT
RVW-202605-000484,ALT-202605-000519,RV-02,2026-06-06T09:39:12,CLEARED_FALSE_POSITIVE,ID_VERIFIED
RVW-202605-000485,ALT-202605-000520,RV-04,2026-05-23T18:21:12,CONFIRMED_FRAUD,ATO_CONFIRMED
RVW-202605-000486,ALT-202605-000521,RV-01,2026-05-21T14:26:49,CLEARED_FALSE_POSITIVE,DOC_VALID
RVW-202605-000487,ALT-202605-000522,RV-03,2026-05-10T10:09:53,CLEARED_FALSE_POSITIVE,DOC_VALID
RVW-202605-000488,ALT-202605-000523,RV-06,2026-06-03T21:45:50,INSUFFICIENT_EVIDENCE,DATA_UNAVAILABLE
RVW-202605-000489,ALT-202605-000524,RV-06,2026-06-04T22:54:32,CLEARED_FALSE_POSITIVE,CUSTOMER_CONTACTED
RVW-202605-000490,ALT-202605-000525,RV-05,2026-05-25T22:43:20,CLEARED_FALSE_POSITIVE,KNOWN_DEVICE
RVW-202605-000491,ALT-202605-000526,RV-01,2026-05-17T13:42:41,CLEARED_FALSE_POSITIVE,DOC_VALID
RVW-202605-000492,ALT-202605-000527,RV-03,2026-06-06T09:33:18,CLEARED_FALSE_POSITIVE,ID_VERIFIED
RVW-202605-000493,ALT-202605-000528,RV-04,2026-05-30T17:34:58,CLEARED_FALSE_POSITIVE,DOC_VALID
RVW-202605-000494,ALT-202605-000530,RV-05,2026-05-29T20:56:04,INSUFFICIENT_EVIDENCE,AGED_OUT
RVW-202605-000495,ALT-202605-000531,RV-03,2026-05-20T19:28:45,CLEARED_FALSE_POSITIVE,ID_VERIFIED
RVW-202605-000496,ALT-202605-000532,RV-02,2026-06-02T22:36:58,CLEARED_FALSE_POSITIVE,KNOWN_DEVICE
RVW-202605-000497,ALT-202605-000533,RV-06,2026-05-30T15:50:12,CLEARED_FALSE_POSITIVE,KNOWN_DEVICE
RVW-202605-000498,ALT-202605-000534,RV-06,2026-05-23T06:38:57,INSUFFICIENT_EVIDENCE,AGED_OUT
RVW-202605-000499,ALT-202605-000535,RV-06,2026-05-18T17:33:33,CLEARED_FALSE_POSITIVE,DOC_VALID
RVW-202605-000500,ALT-202605-000536,RV-03,2026-05-30T21:43:24,CLEARED_FALSE_POSITIVE,KNOWN_DEVICE
RVW-202605-000501,ALT-202605-000537,RV-03,2026-06-01T09:17:24,CLEARED_FALSE_POSITIVE,ID_VERIFIED
RVW-202605-000502,ALT-202605-000538,RV-06,2026-05-25T21:26:23,CLEARED_FALSE_POSITIVE,ID_VERIFIED
RVW-202605-000503,ALT-202605-000539,RV-02,2026-06-11T09:07:15,CLEARED_FALSE_POSITIVE,ID_VERIFIED
RVW-202605-000504,ALT-202605-000540,RV-03,2026-05-09T08:55:03,CLEARED_FALSE_POSITIVE,CUSTOMER_CONTACTED
RVW-202605-000505,ALT-202605-000541,RV-04,2026-05-07T07:33:06,CONFIRMED_FRAUD,ATO_CONFIRMED
RVW-202605-000506,ALT-202605-000542,RV-01,2026-05-26T11:20:45,CONFIRMED_FRAUD,MULE_CONFIRMED
RVW-202605-000507,ALT-202605-000543,RV-05,2026-06-01T13:21:22,CLEARED_FALSE_POSITIVE,CUSTOMER_CONTACTED
RVW-202605-000508,ALT-202605-000544,RV-05,2026-05-22T09:03:51,CLEARED_FALSE_POSITIVE,CUSTOMER_CONTACTED
RVW-202605-000509,ALT-202605-000545,RV-02,2026-05-22T19:01:59,CLEARED_FALSE_POSITIVE,CUSTOMER_CONTACTED
RVW-202605-000510,ALT-202605-000546,RV-01,2026-05-18T10:18:58,CLEARED_FALSE_POSITIVE,ID_VERIFIED
RVW-202605-000511,ALT-202605-000547,RV-06,2026-06-03T09:48:49,CLEARED_FALSE_POSITIVE,ID_VERIFIED
RVW-202605-000512,ALT-202605-000548,RV-04,2026-05-25T14:35:13,CLEARED_FALSE_POSITIVE,KNOWN_DEVICE
RVW-202605-000513,ALT-202605-000549,RV-02,2026-06-05T18:28:48,CONFIRMED_FRAUD,DOC_FORGED
RVW-202605-000514,ALT-202605-000550,RV-06,2026-05-27T07:30:29,INSUFFICIENT_EVIDENCE,DATA_UNAVAILABLE
RVW-202605-000515,ALT-202605-000551,RV-03,2026-05-24T13:31:48,CLEARED_FALSE_POSITIVE,DOC_VALID
RVW-202605-000516,ALT-202605-000552,RV-02,2026-05-06T14:58:42,CONFIRMED_FRAUD,MULE_CONFIRMED
RVW-202605-000517,ALT-202605-000553,RV-03,2026-05-26T07:10:14,CONFIRMED_FRAUD,ATO_CONFIRMED
RVW-202605-000518,ALT-202605-000554,RV-02,2026-05-21T09:14:28,CLEARED_FALSE_POSITIVE,KNOWN_DEVICE
RVW-202605-000519,ALT-202605-000555,RV-03,2026-05-24T16:15:19,CLEARED_FALSE_POSITIVE,DOC_VALID
RVW-202605-000520,ALT-202605-000556,RV-03,2026-05-07T16:41:29,CONFIRMED_FRAUD,MULE_CONFIRMED
RVW-202605-000521,ALT-202605-000557,RV-04,2026-05-10T07:58:55,CLEARED_FALSE_POSITIVE,ID_VERIFIED
RVW-202605-000522,ALT-202605-000558,RV-03,2026-05-26T07:53:15,CLEARED_FALSE_POSITIVE,ID_VERIFIED
RVW-202605-000523,ALT-202605-000559,RV-05,2026-05-26T10:21:12,CONFIRMED_FRAUD,DOC_FORGED
RVW-202605-000524,ALT-202605-000560,RV-06,2026-06-03T17:15:24,CONFIRMED_FRAUD,DOC_FORGED
RVW-202605-000525,ALT-202605-000561,RV-03,2026-05-12T14:54:31,CLEARED_FALSE_POSITIVE,ID_VERIFIED
RVW-202605-000526,ALT-202605-000562,RV-04,2026-05-21T08:44:22,CLEARED_FALSE_POSITIVE,DOC_VALID
RVW-202605-000527,ALT-202605-000563,RV-03,2026-06-06T07:30:39,CLEARED_FALSE_POSITIVE,DOC_VALID
RVW-202605-000528,ALT-202605-000564,RV-06,2026-05-09T08:56:21,CLEARED_FALSE_POSITIVE,ID_VERIFIED
RVW-202605-000529,ALT-202605-000565,RV-03,2026-05-28T06:35:21,CLEARED_FALSE_POSITIVE,DOC_VALID
RVW-202605-000530,ALT-202605-000566,RV-02,2026-05-17T10:28:47,CLEARED_FALSE_POSITIVE,DOC_VALID
RVW-202605-000531,ALT-202605-000567,RV-05,2026-05-13T20:13:44,INSUFFICIENT_EVIDENCE,NO_CONTACT
RVW-202605-000532,ALT-202605-000568,RV-06,2026-05-23T14:58:23,CLEARED_FALSE_POSITIVE,CUSTOMER_CONTACTED
RVW-202605-000533,ALT-202605-000569,RV-06,2026-05-19T06:55:13,CLEARED_FALSE_POSITIVE,CUSTOMER_CONTACTED
RVW-202605-000534,ALT-202605-000570,RV-06,2026-05-28T07:43:07,CLEARED_FALSE_POSITIVE,ID_VERIFIED
RVW-202605-000535,ALT-202605-000571,RV-06,2026-06-02T12:31:19,CLEARED_FALSE_POSITIVE,DOC_VALID
RVW-202605-000536,ALT-202605-000572,RV-01,2026-06-08T12:00:14,CLEARED_FALSE_POSITIVE,KNOWN_DEVICE
RVW-202605-000537,ALT-202605-000573,RV-03,2026-05-13T18:04:19,CLEARED_FALSE_POSITIVE,CUSTOMER_CONTACTED
RVW-202605-000538,ALT-202605-000574,RV-05,2026-05-24T06:42:18,CONFIRMED_FRAUD,ATO_CONFIRMED
RVW-202605-000539,ALT-202605-000575,RV-01,2026-05-07T08:22:47,CLEARED_FALSE_POSITIVE,DOC_VALID
RVW-202605-000540,ALT-202605-000576,RV-04,2026-05-22T18:40:49,CONFIRMED_FRAUD,DOC_FORGED
RVW-202605-000541,ALT-202605-000577,RV-05,2026-05-27T16:35:30,CLEARED_FALSE_POSITIVE,ID_VERIFIED
RVW-202605-000542,ALT-202605-000578,RV-03,2026-05-07T10:45:48,CONFIRMED_FRAUD,SYNTH_ID_CONFIRMED
RVW-202605-000543,ALT-202605-000579,RV-03,2026-05-21T13:50:09,INSUFFICIENT_EVIDENCE,DATA_UNAVAILABLE
RVW-202605-000544,ALT-202605-000580,RV-03,2026-05-27T09:17:41,INSUFFICIENT_EVIDENCE,DATA_UNAVAILABLE
RVW-202605-000545,ALT-202605-000581,RV-03,2026-06-01T15:20:55,CLEARED_FALSE_POSITIVE,CUSTOMER_CONTACTED
RVW-202605-000546,ALT-202605-000582,RV-06,2026-06-01T14:17:32,CLEARED_FALSE_POSITIVE,ID_VERIFIED
RVW-202605-000547,ALT-202605-000583,RV-02,2026-05-28T11:26:41,CLEARED_FALSE_POSITIVE,DOC_VALID
RVW-202605-000548,ALT-202605-000584,RV-03,2026-05-23T14:13:09,CLEARED_FALSE_POSITIVE,CUSTOMER_CONTACTED
RVW-202605-000549,ALT-202605-000585,RV-05,2026-05-02T06:11:36,CLEARED_FALSE_POSITIVE,CUSTOMER_CONTACTED
RVW-202605-000550,ALT-202605-000586,RV-01,2026-06-01T19:32:43,CONFIRMED_FRAUD,ATO_CONFIRMED
RVW-202605-000551,ALT-202605-000587,RV-01,2026-06-04T07:23:43,CONFIRMED_FRAUD,ATO_CONFIRMED
RVW-202605-000552,ALT-202605-000588,RV-02,2026-06-03T06:00:34,CLEARED_FALSE_POSITIVE,KNOWN_DEVICE
RVW-202605-000553,ALT-202605-000589,RV-02,2026-05-12T07:39:19,CONFIRMED_FRAUD,SYNTH_ID_CONFIRMED
RVW-202605-000554,ALT-202605-000591,RV-01,2026-05-25T16:02:28,CLEARED_FALSE_POSITIVE,KNOWN_DEVICE
RVW-202605-000555,ALT-202605-000592,RV-01,2026-05-20T17:14:02,CLEARED_FALSE_POSITIVE,CUSTOMER_CONTACTED
RVW-202605-000556,ALT-202605-000593,RV-03,2026-06-01T21:27:43,CLEARED_FALSE_POSITIVE,CUSTOMER_CONTACTED
RVW-202605-000557,ALT-202605-000594,RV-05,2026-06-06T14:13:40,CLEARED_FALSE_POSITIVE,CUSTOMER_CONTACTED
RVW-202605-000558,ALT-202605-000595,RV-05,2026-05-25T18:33:20,CLEARED_FALSE_POSITIVE,KNOWN_DEVICE
RVW-202605-000559,ALT-202605-000596,RV-02,2026-05-22T09:14:15,CLEARED_FALSE_POSITIVE,CUSTOMER_CONTACTED
RVW-202605-000560,ALT-202605-000597,RV-05,2026-05-29T20:24:46,CLEARED_FALSE_POSITIVE,DOC_VALID
RVW-202605-000561,ALT-202605-000598,RV-03,2026-05-25T07:26:40,CLEARED_FALSE_POSITIVE,DOC_VALID
RVW-202605-000562,ALT-202605-000599,RV-06,2026-05-02T11:59:57,CLEARED_FALSE_POSITIVE,DOC_VALID
RVW-202605-000563,ALT-202605-000600,RV-06,2026-05-30T20:21:39,CONFIRMED_FRAUD,MULE_CONFIRMED
RVW-202605-000564,ALT-202605-000601,RV-01,2026-05-22T07:27:13,CLEARED_FALSE_POSITIVE,CUSTOMER_CONTACTED
RVW-202605-000565,ALT-202605-000602,RV-05,2026-06-03T12:29:46,CONFIRMED_FRAUD,DOC_FORGED
RVW-202605-000566,ALT-202605-000603,RV-06,2026-05-25T17:58:10,INSUFFICIENT_EVIDENCE,NO_CONTACT
RVW-202605-000567,ALT-202605-000604,RV-03,2026-06-01T13:51:45,CLEARED_FALSE_POSITIVE,KNOWN_DEVICE
RVW-202605-000568,ALT-202605-000605,RV-01,2026-06-03T22:02:51,CONFIRMED_FRAUD,DOC_FORGED
RVW-202605-000569,ALT-202605-000606,RV-05,2026-05-12T08:49:30,CLEARED_FALSE_POSITIVE,ID_VERIFIED
RVW-202605-000570,ALT-202605-000607,RV-01,2026-05-24T13:06:50,CONFIRMED_FRAUD,DOC_FORGED
RVW-202605-000571,ALT-202605-000608,RV-05,2026-05-08T20:39:00,CLEARED_FALSE_POSITIVE,DOC_VALID
RVW-202605-000572,ALT-202605-000609,RV-01,2026-05-06T21:17:44,CLEARED_FALSE_POSITIVE,DOC_VALID
RVW-202605-000573,ALT-202605-000610,RV-01,2026-05-25T21:08:25,CLEARED_FALSE_POSITIVE,KNOWN_DEVICE
RVW-202605-000574,ALT-202605-000611,RV-01,2026-06-02T19:10:39,CONFIRMED_FRAUD,SYNTH_ID_CONFIRMED
RVW-202605-000575,ALT-202605-000612,RV-06,2026-05-20T17:20:48,CLEARED_FALSE_POSITIVE,KNOWN_DEVICE
RVW-202605-000576,ALT-202605-000613,RV-01,2026-05-18T18:03:26,CLEARED_FALSE_POSITIVE,ID_VERIFIED
RVW-202605-000577,ALT-202605-000614,RV-05,2026-05-30T22:16:30,CONFIRMED_FRAUD,SYNTH_ID_CONFIRMED
RVW-202605-000578,ALT-202605-000615,RV-04,2026-05-17T14:01:55,CLEARED_FALSE_POSITIVE,CUSTOMER_CONTACTED
RVW-202605-000579,ALT-202605-000616,RV-02,2026-05-12T06:17:04,CLEARED_FALSE_POSITIVE,ID_VERIFIED
RVW-202605-000580,ALT-202605-000617,RV-03,2026-05-29T17:11:51,CLEARED_FALSE_POSITIVE,DOC_VALID
RVW-202605-000581,ALT-202605-000618,RV-04,2026-05-21T13:51:54,CLEARED_FALSE_POSITIVE,CUSTOMER_CONTACTED
RVW-202605-000582,ALT-202605-000619,RV-02,2026-05-10T19:52:55,CLEARED_FALSE_POSITIVE,DOC_VALID
RVW-202605-000583,ALT-202605-000620,RV-01,2026-06-01T11:09:48,CLEARED_FALSE_POSITIVE,DOC_VALID
RVW-202605-000584,ALT-202605-000621,RV-03,2026-05-05T19:09:15,CONFIRMED_FRAUD,SYNTH_ID_CONFIRMED
RVW-202605-000585,ALT-202605-000622,RV-03,2026-05-18T17:41:15,INSUFFICIENT_EVIDENCE,DATA_UNAVAILABLE
RVW-202605-000586,ALT-202605-000624,RV-02,2026-05-19T17:52:15,CLEARED_FALSE_POSITIVE,KNOWN_DEVICE
RVW-202605-000587,ALT-202605-000625,RV-05,2026-06-01T17:28:55,CLEARED_FALSE_POSITIVE,ID_VERIFIED
RVW-202605-000588,ALT-202605-000626,RV-03,2026-05-14T08:27:03,CLEARED_FALSE_POSITIVE,ID_VERIFIED
RVW-202605-000589,ALT-202605-000627,RV-01,2026-06-06T12:10:40,CONFIRMED_FRAUD,SYNTH_ID_CONFIRMED
RVW-202605-000590,ALT-202605-000628,RV-02,2026-05-22T13:22:13,CONFIRMED_FRAUD,MULE_CONFIRMED
RVW-202605-000591,ALT-202605-000630,RV-04,2026-05-16T17:37:07,CLEARED_FALSE_POSITIVE,KNOWN_DEVICE
RVW-202605-000592,ALT-202605-000631,RV-03,2026-05-28T17:24:58,CLEARED_FALSE_POSITIVE,CUSTOMER_CONTACTED
RVW-202605-000593,ALT-202605-000632,RV-02,2026-06-06T17:30:44,CLEARED_FALSE_POSITIVE,KNOWN_DEVICE
RVW-202605-000594,ALT-202605-000634,RV-01,2026-05-24T10:49:00,CLEARED_FALSE_POSITIVE,DOC_VALID
RVW-202605-000595,ALT-202605-000635,RV-02,2026-05-31T16:19:56,CONFIRMED_FRAUD,ATO_CONFIRMED
RVW-202605-000596,ALT-202605-000636,RV-05,2026-05-10T16:40:57,CLEARED_FALSE_POSITIVE,CUSTOMER_CONTACTED
RVW-202605-000597,ALT-202605-000637,RV-03,2026-06-09T15:33:27,CLEARED_FALSE_POSITIVE,DOC_VALID
RVW-202605-000598,ALT-202605-000638,RV-05,2026-05-27T08:34:50,CLEARED_FALSE_POSITIVE,DOC_VALID
RVW-202605-000599,ALT-202605-000639,RV-03,2026-05-08T15:28:31,CLEARED_FALSE_POSITIVE,DOC_VALID
RVW-202605-000600,ALT-202605-000640,RV-02,2026-06-07T12:40:13,CLEARED_FALSE_POSITIVE,KNOWN_DEVICE
RVW-202605-000601,ALT-202605-000642,RV-03,2026-05-31T08:19:41,CLEARED_FALSE_POSITIVE,CUSTOMER_CONTACTED
RVW-202605-000602,ALT-202605-000643,RV-03,2026-06-10T16:31:16,CLEARED_FALSE_POSITIVE,ID_VERIFIED
RVW-202605-000603,ALT-202605-000644,RV-04,2026-05-10T22:01:15,CONFIRMED_FRAUD,SYNTH_ID_CONFIRMED
RVW-202605-000604,ALT-202605-000645,RV-03,2026-05-04T11:14:53,CLEARED_FALSE_POSITIVE,ID_VERIFIED
RVW-202605-000605,ALT-202605-000646,RV-02,2026-05-04T20:53:06,CLEARED_FALSE_POSITIVE,ID_VERIFIED
RVW-202605-000606,ALT-202605-000647,RV-03,2026-05-26T16:21:46,CLEARED_FALSE_POSITIVE,CUSTOMER_CONTACTED
RVW-202605-000607,ALT-202605-000648,RV-04,2026-05-15T21:52:51,CLEARED_FALSE_POSITIVE,ID_VERIFIED
RVW-202605-000608,ALT-202605-000649,RV-02,2026-05-13T09:23:30,CLEARED_FALSE_POSITIVE,CUSTOMER_CONTACTED
RVW-202605-000609,ALT-202605-000650,RV-03,2026-05-11T10:22:16,CLEARED_FALSE_POSITIVE,CUSTOMER_CONTACTED
RVW-202605-000610,ALT-202605-000651,RV-05,2026-05-17T08:29:01,CONFIRMED_FRAUD,DOC_FORGED
RVW-202605-000611,ALT-202605-000653,RV-03,2026-06-01T19:13:38,CLEARED_FALSE_POSITIVE,KNOWN_DEVICE
RVW-202605-000612,ALT-202605-000654,RV-05,2026-05-21T14:13:56,CLEARED_FALSE_POSITIVE,ID_VERIFIED
RVW-202605-000613,ALT-202605-000655,RV-05,2026-05-06T19:43:11,CLEARED_FALSE_POSITIVE,DOC_VALID
RVW-202605-000614,ALT-202605-000656,RV-02,2026-05-12T16:50:30,CLEARED_FALSE_POSITIVE,CUSTOMER_CONTACTED
RVW-202605-000615,ALT-202605-000657,RV-04,2026-05-10T14:09:55,INSUFFICIENT_EVIDENCE,AGED_OUT
RVW-202605-000616,ALT-202605-000658,RV-05,2026-05-08T20:36:58,CLEARED_FALSE_POSITIVE,ID_VERIFIED
RVW-202605-000617,ALT-202605-000659,RV-05,2026-05-15T06:59:46,CLEARED_FALSE_POSITIVE,ID_VERIFIED
RVW-202605-000618,ALT-202605-000660,RV-01,2026-05-13T09:50:18,INSUFFICIENT_EVIDENCE,AGED_OUT
RVW-202605-000619,ALT-202605-000661,RV-05,2026-05-21T06:23:52,CLEARED_FALSE_POSITIVE,DOC_VALID
RVW-202605-000620,ALT-202605-000662,RV-04,2026-05-26T15:15:00,INSUFFICIENT_EVIDENCE,AGED_OUT
RVW-202605-000621,ALT-202605-000664,RV-01,2026-05-14T16:41:35,INSUFFICIENT_EVIDENCE,AGED_OUT
RVW-202605-000622,ALT-202605-000665,RV-05,2026-05-11T17:49:52,CLEARED_FALSE_POSITIVE,DOC_VALID
RVW-202605-000623,ALT-202605-000666,RV-05,2026-05-10T13:13:24,CLEARED_FALSE_POSITIVE,DOC_VALID
RVW-202605-000624,ALT-202605-000667,RV-04,2026-05-30T06:43:58,CLEARED_FALSE_POSITIVE,ID_VERIFIED
RVW-202605-000625,ALT-202605-000668,RV-03,2026-05-10T16:33:24,CLEARED_FALSE_POSITIVE,DOC_VALID
RVW-202605-000626,ALT-202605-000669,RV-03,2026-06-03T08:44:05,CLEARED_FALSE_POSITIVE,CUSTOMER_CONTACTED
RVW-202605-000627,ALT-202605-000670,RV-03,2026-05-06T16:07:01,CONFIRMED_FRAUD,MULE_CONFIRMED
RVW-202605-000628,ALT-202605-000671,RV-05,2026-05-27T13:08:58,INSUFFICIENT_EVIDENCE,AGED_OUT
RVW-202605-000629,ALT-202605-000672,RV-04,2026-06-03T08:25:46,INSUFFICIENT_EVIDENCE,AGED_OUT
RVW-202605-000630,ALT-202605-000674,RV-06,2026-05-15T07:38:13,CLEARED_FALSE_POSITIVE,DOC_VALID
RVW-202605-000631,ALT-202605-000675,RV-02,2026-06-03T08:05:23,CLEARED_FALSE_POSITIVE,CUSTOMER_CONTACTED
RVW-202605-000632,ALT-202605-000676,RV-05,2026-05-25T11:01:59,CLEARED_FALSE_POSITIVE,ID_VERIFIED
RVW-202605-000633,ALT-202605-000677,RV-02,2026-05-21T12:44:34,CLEARED_FALSE_POSITIVE,ID_VERIFIED
RVW-202605-000634,ALT-202605-000678,RV-03,2026-05-18T16:20:35,CLEARED_FALSE_POSITIVE,CUSTOMER_CONTACTED
RVW-202605-000635,ALT-202605-000679,RV-05,2026-05-11T06:31:16,CLEARED_FALSE_POSITIVE,DOC_VALID
RVW-202605-000636,ALT-202605-000681,RV-01,2026-05-24T10:05:37,CLEARED_FALSE_POSITIVE,CUSTOMER_CONTACTED
RVW-202605-000637,ALT-202605-000682,RV-02,2026-05-29T09:38:42,CONFIRMED_FRAUD,SYNTH_ID_CONFIRMED
RVW-202605-000638,ALT-202605-000683,RV-04,2026-05-10T09:02:10,INSUFFICIENT_EVIDENCE,AGED_OUT
RVW-202605-000639,ALT-202605-000684,RV-01,2026-05-18T08:18:00,CLEARED_FALSE_POSITIVE,DOC_VALID
RVW-202605-000640,ALT-202605-000685,RV-06,2026-05-24T15:38:12,CONFIRMED_FRAUD,SYNTH_ID_CONFIRMED
RVW-202605-000641,ALT-202605-000686,RV-02,2026-05-29T17:34:03,CONFIRMED_FRAUD,MULE_CONFIRMED
RVW-202605-000642,ALT-202605-000687,RV-06,2026-05-12T21:43:26,CLEARED_FALSE_POSITIVE,ID_VERIFIED
RVW-202605-000643,ALT-202605-000688,RV-04,2026-06-07T15:26:05,CONFIRMED_FRAUD,MULE_CONFIRMED
RVW-202605-000644,ALT-202605-000689,RV-03,2026-05-30T14:17:08,CLEARED_FALSE_POSITIVE,DOC_VALID
RVW-202605-000645,ALT-202605-000691,RV-06,2026-06-02T15:11:28,CONFIRMED_FRAUD,SYNTH_ID_CONFIRMED
RVW-202605-000646,ALT-202605-000692,RV-03,2026-05-09T15:51:05,CLEARED_FALSE_POSITIVE,DOC_VALID
RVW-202605-000647,ALT-202605-000693,RV-02,2026-05-31T11:23:00,CLEARED_FALSE_POSITIVE,DOC_VALID
RVW-202605-000648,ALT-202605-000694,RV-01,2026-05-23T21:37:32,CLEARED_FALSE_POSITIVE,KNOWN_DEVICE
RVW-202605-000649,ALT-202605-000695,RV-03,2026-05-14T20:32:37,CLEARED_FALSE_POSITIVE,KNOWN_DEVICE
RVW-202605-000650,ALT-202605-000696,RV-01,2026-05-29T21:40:35,INSUFFICIENT_EVIDENCE,DATA_UNAVAILABLE
RVW-202605-000651,ALT-202605-000697,RV-04,2026-05-11T18:26:58,CLEARED_FALSE_POSITIVE,CUSTOMER_CONTACTED
RVW-202605-000652,ALT-202605-000698,RV-06,2026-05-12T18:12:48,CLEARED_FALSE_POSITIVE,KNOWN_DEVICE
RVW-202605-000653,ALT-202605-000699,RV-02,2026-05-31T12:44:52,CONFIRMED_FRAUD,MULE_CONFIRMED
RVW-202605-000654,ALT-202605-000700,RV-05,2026-05-22T18:33:22,INSUFFICIENT_EVIDENCE,DATA_UNAVAILABLE
RVW-202605-000655,ALT-202605-000701,RV-02,2026-05-12T16:53:35,CLEARED_FALSE_POSITIVE,ID_VERIFIED
RVW-202605-000656,ALT-202605-000702,RV-03,2026-05-27T06:34:53,CONFIRMED_FRAUD,ATO_CONFIRMED
RVW-202605-000657,ALT-202605-000703,RV-02,2026-05-13T12:23:37,CLEARED_FALSE_POSITIVE,CUSTOMER_CONTACTED
RVW-202605-000658,ALT-202605-000704,RV-02,2026-05-21T19:20:38,CLEARED_FALSE_POSITIVE,KNOWN_DEVICE
RVW-202605-000659,ALT-202605-000705,RV-02,2026-05-26T10:25:15,CLEARED_FALSE_POSITIVE,DOC_VALID
RVW-202605-000660,ALT-202605-000706,RV-02,2026-05-23T15:46:34,CLEARED_FALSE_POSITIVE,CUSTOMER_CONTACTED
RVW-202605-000661,ALT-202605-000707,RV-04,2026-05-21T10:05:24,CLEARED_FALSE_POSITIVE,ID_VERIFIED
RVW-202605-000662,ALT-202605-000708,RV-06,2026-05-30T12:19:53,CLEARED_FALSE_POSITIVE,KNOWN_DEVICE
RVW-202605-000663,ALT-202605-000709,RV-03,2026-05-14T19:33:06,CLEARED_FALSE_POSITIVE,ID_VERIFIED
RVW-202605-000664,ALT-202605-000710,RV-04,2026-05-17T18:18:52,INSUFFICIENT_EVIDENCE,AGED_OUT
RVW-202605-000665,ALT-202605-000711,RV-05,2026-05-20T11:09:30,CLEARED_FALSE_POSITIVE,ID_VERIFIED
RVW-202605-000666,ALT-202605-000713,RV-03,2026-05-15T07:34:27,CLEARED_FALSE_POSITIVE,CUSTOMER_CONTACTED
RVW-202605-000667,ALT-202605-000715,RV-01,2026-06-01T08:36:41,CLEARED_FALSE_POSITIVE,CUSTOMER_CONTACTED
RVW-202605-000668,ALT-202605-000716,RV-01,2026-05-31T07:03:01,CONFIRMED_FRAUD,MULE_CONFIRMED
RVW-202605-000669,ALT-202605-000717,RV-01,2026-05-28T08:10:41,CLEARED_FALSE_POSITIVE,CUSTOMER_CONTACTED
RVW-202605-000670,ALT-202605-000718,RV-06,2026-05-18T16:19:46,CLEARED_FALSE_POSITIVE,ID_VERIFIED
RVW-202605-000671,ALT-202605-000719,RV-03,2026-05-10T19:37:04,INSUFFICIENT_EVIDENCE,AGED_OUT
RVW-202605-000672,ALT-202605-000720,RV-02,2026-05-15T10:37:02,INSUFFICIENT_EVIDENCE,NO_CONTACT
RVW-202605-000673,ALT-202605-000721,RV-03,2026-06-03T10:48:26,CLEARED_FALSE_POSITIVE,ID_VERIFIED
RVW-202605-000674,ALT-202605-000722,RV-01,2026-06-03T10:16:52,CLEARED_FALSE_POSITIVE,ID_VERIFIED
RVW-202605-000675,ALT-202605-000723,RV-04,2026-05-27T17:16:33,CLEARED_FALSE_POSITIVE,KNOWN_DEVICE
RVW-202605-000676,ALT-202605-000724,RV-06,2026-05-12T21:32:02,CLEARED_FALSE_POSITIVE,CUSTOMER_CONTACTED
RVW-202605-000677,ALT-202605-000725,RV-05,2026-05-30T07:19:27,CLEARED_FALSE_POSITIVE,KNOWN_DEVICE
RVW-202605-000678,ALT-202605-000726,RV-05,2026-05-07T09:55:54,CLEARED_FALSE_POSITIVE,DOC_VALID
RVW-202605-000679,ALT-202605-000727,RV-05,2026-05-30T06:18:26,CLEARED_FALSE_POSITIVE,KNOWN_DEVICE
RVW-202605-000680,ALT-202605-000728,RV-02,2026-05-12T10:37:42,CONFIRMED_FRAUD,ATO_CONFIRMED
RVW-202605-000681,ALT-202605-000729,RV-02,2026-05-06T10:55:51,CLEARED_FALSE_POSITIVE,CUSTOMER_CONTACTED
RVW-202605-000682,ALT-202605-000730,RV-01,2026-05-02T19:57:29,CLEARED_FALSE_POSITIVE,CUSTOMER_CONTACTED
RVW-202605-000683,ALT-202605-000731,RV-06,2026-05-09T12:22:28,CLEARED_FALSE_POSITIVE,KNOWN_DEVICE
RVW-202605-000684,ALT-202605-000732,RV-06,2026-05-12T16:38:20,INSUFFICIENT_EVIDENCE,DATA_UNAVAILABLE
RVW-202605-000685,ALT-202605-000733,RV-02,2026-05-24T06:58:34,CLEARED_FALSE_POSITIVE,KNOWN_DEVICE
RVW-202605-000686,ALT-202605-000734,RV-03,2026-05-05T08:24:06,CLEARED_FALSE_POSITIVE,ID_VERIFIED
RVW-202605-000687,ALT-202605-000735,RV-01,2026-05-13T20:13:32,CLEARED_FALSE_POSITIVE,DOC_VALID
RVW-202605-000688,ALT-202605-000736,RV-02,2026-05-09T16:44:54,CLEARED_FALSE_POSITIVE,CUSTOMER_CONTACTED
RVW-202605-000689,ALT-202605-000737,RV-02,2026-06-04T13:21:31,CONFIRMED_FRAUD,DOC_FORGED
RVW-202605-000690,ALT-202605-000739,RV-01,2026-05-16T06:34:27,CLEARED_FALSE_POSITIVE,KNOWN_DEVICE
RVW-202605-000691,ALT-202605-000740,RV-05,2026-05-21T13:10:47,CLEARED_FALSE_POSITIVE,DOC_VALID
RVW-202605-000692,ALT-202605-000741,RV-05,2026-05-24T09:36:41,CLEARED_FALSE_POSITIVE,DOC_VALID
RVW-202605-000693,ALT-202605-000742,RV-02,2026-05-28T06:05:12,CLEARED_FALSE_POSITIVE,ID_VERIFIED
RVW-202605-000694,ALT-202605-000743,RV-01,2026-05-19T09:10:26,INSUFFICIENT_EVIDENCE,DATA_UNAVAILABLE
RVW-202605-000695,ALT-202605-000744,RV-02,2026-06-07T09:02:40,INSUFFICIENT_EVIDENCE,DATA_UNAVAILABLE
RVW-202605-000696,ALT-202605-000746,RV-01,2026-06-04T20:44:37,CLEARED_FALSE_POSITIVE,ID_VERIFIED
RVW-202605-000697,ALT-202605-000750,RV-03,2026-05-17T22:04:48,CONFIRMED_FRAUD,DOC_FORGED
RVW-202605-000698,ALT-202605-000751,RV-06,2026-06-03T15:31:06,INSUFFICIENT_EVIDENCE,NO_CONTACT
RVW-202605-000699,ALT-202605-000752,RV-02,2026-06-01T08:52:05,CLEARED_FALSE_POSITIVE,KNOWN_DEVICE
RVW-202605-000700,ALT-202605-000754,RV-04,2026-05-25T18:52:37,CLEARED_FALSE_POSITIVE,ID_VERIFIED
RVW-202605-000701,ALT-202605-000755,RV-05,2026-06-01T08:47:32,CLEARED_FALSE_POSITIVE,KNOWN_DEVICE
RVW-202605-000702,ALT-202605-000756,RV-02,2026-05-06T20:44:55,CONFIRMED_FRAUD,DOC_FORGED
RVW-202605-000703,ALT-202605-000758,RV-04,2026-05-13T18:46:55,CLEARED_FALSE_POSITIVE,ID_VERIFIED
RVW-202605-000704,ALT-202605-000760,RV-03,2026-05-12T11:29:36,CONFIRMED_FRAUD,MULE_CONFIRMED
RVW-202605-000705,ALT-202605-000761,RV-06,2026-06-01T12:58:52,CLEARED_FALSE_POSITIVE,ID_VERIFIED
RVW-202605-000706,ALT-202605-000762,RV-01,2026-05-27T22:34:14,CLEARED_FALSE_POSITIVE,CUSTOMER_CONTACTED
RVW-202605-000707,ALT-202605-000763,RV-05,2026-05-24T10:56:25,CONFIRMED_FRAUD,SYNTH_ID_CONFIRMED
RVW-202605-000708,ALT-202605-000764,RV-05,2026-05-27T12:26:58,CLEARED_FALSE_POSITIVE,ID_VERIFIED
RVW-202605-000709,ALT-202605-000765,RV-05,2026-06-03T11:53:59,INSUFFICIENT_EVIDENCE,NO_CONTACT
RVW-202605-000710,ALT-202605-000766,RV-02,2026-06-08T14:52:29,CLEARED_FALSE_POSITIVE,CUSTOMER_CONTACTED
RVW-202605-000711,ALT-202605-000767,RV-03,2026-05-28T19:36:41,CLEARED_FALSE_POSITIVE,KNOWN_DEVICE
RVW-202605-000712,ALT-202605-000768,RV-03,2026-05-28T16:10:53,CLEARED_FALSE_POSITIVE,ID_VERIFIED
RVW-202605-000713,ALT-202605-000769,RV-05,2026-06-01T07:28:54,CLEARED_FALSE_POSITIVE,CUSTOMER_CONTACTED
RVW-202605-000714,ALT-202605-000770,RV-01,2026-05-31T08:28:36,CLEARED_FALSE_POSITIVE,DOC_VALID
RVW-202605-000715,ALT-202605-000771,RV-06,2026-05-30T19:48:03,CLEARED_FALSE_POSITIVE,KNOWN_DEVICE
RVW-202605-000716,ALT-202605-000772,RV-03,2026-05-06T20:51:26,CLEARED_FALSE_POSITIVE,CUSTOMER_CONTACTED
RVW-202605-000717,ALT-202605-000773,RV-06,2026-06-03T07:56:07,CLEARED_FALSE_POSITIVE,CUSTOMER_CONTACTED
RVW-202605-000718,ALT-202605-000774,RV-02,2026-06-01T22:38:28,CLEARED_FALSE_POSITIVE,KNOWN_DEVICE
RVW-202605-000719,ALT-202605-000775,RV-01,2026-06-01T19:02:21,CLEARED_FALSE_POSITIVE,KNOWN_DEVICE
RVW-202605-000720,ALT-202605-000776,RV-02,2026-05-25T22:33:14,CLEARED_FALSE_POSITIVE,ID_VERIFIED
RVW-202605-000721,ALT-202605-000777,RV-02,2026-05-12T14:03:34,CLEARED_FALSE_POSITIVE,ID_VERIFIED
RVW-202605-000722,ALT-202605-000778,RV-01,2026-05-16T20:19:16,CLEARED_FALSE_POSITIVE,CUSTOMER_CONTACTED
RVW-202605-000723,ALT-202605-000779,RV-01,2026-05-31T06:04:54,CLEARED_FALSE_POSITIVE,ID_VERIFIED
RVW-202605-000724,ALT-202605-000780,RV-03,2026-06-04T16:59:05,CONFIRMED_FRAUD,MULE_CONFIRMED
RVW-202605-000725,ALT-202605-000781,RV-03,2026-05-09T20:56:18,CLEARED_FALSE_POSITIVE,CUSTOMER_CONTACTED
RVW-202605-000726,ALT-202605-000783,RV-03,2026-05-14T11:00:48,CLEARED_FALSE_POSITIVE,CUSTOMER_CONTACTED
RVW-202605-000727,ALT-202605-000784,RV-03,2026-06-08T17:44:36,CLEARED_FALSE_POSITIVE,CUSTOMER_CONTACTED
RVW-202605-000728,ALT-202605-000786,RV-05,2026-05-17T16:13:29,CLEARED_FALSE_POSITIVE,KNOWN_DEVICE
RVW-202605-000729,ALT-202605-000787,RV-03,2026-05-10T19:12:13,CLEARED_FALSE_POSITIVE,CUSTOMER_CONTACTED
RVW-202605-000730,ALT-202605-000788,RV-06,2026-05-11T17:39:29,CLEARED_FALSE_POSITIVE,KNOWN_DEVICE
RVW-202605-000731,ALT-202605-000789,RV-05,2026-05-24T12:21:39,INSUFFICIENT_EVIDENCE,DATA_UNAVAILABLE
RVW-202605-000732,ALT-202605-000790,RV-04,2026-05-17T13:14:24,CLEARED_FALSE_POSITIVE,DOC_VALID
RVW-202605-000733,ALT-202605-000791,RV-01,2026-05-06T10:02:21,CLEARED_FALSE_POSITIVE,DOC_VALID
RVW-202605-000734,ALT-202605-000792,RV-01,2026-05-09T19:37:59,CLEARED_FALSE_POSITIVE,DOC_VALID
RVW-202605-000735,ALT-202605-000793,RV-05,2026-05-27T08:22:01,CLEARED_FALSE_POSITIVE,DOC_VALID
RVW-202605-000736,ALT-202605-000794,RV-02,2026-05-30T22:31:51,CLEARED_FALSE_POSITIVE,ID_VERIFIED
RVW-202605-000737,ALT-202605-000795,RV-02,2026-05-11T09:19:23,CLEARED_FALSE_POSITIVE,CUSTOMER_CONTACTED
RVW-202605-000738,ALT-202605-000796,RV-02,2026-05-15T20:27:03,INSUFFICIENT_EVIDENCE,AGED_OUT
RVW-202605-000739,ALT-202605-000797,RV-05,2026-05-08T21:16:48,CONFIRMED_FRAUD,ATO_CONFIRMED
RVW-202605-000740,ALT-202605-000798,RV-03,2026-05-18T16:04:42,CLEARED_FALSE_POSITIVE,DOC_VALID
RVW-202605-000741,ALT-202605-000799,RV-05,2026-05-07T21:33:18,INSUFFICIENT_EVIDENCE,NO_CONTACT
RVW-202605-000742,ALT-202605-000800,RV-05,2026-06-02T09:00:00,CLEARED_FALSE_POSITIVE,KNOWN_DEVICE
RVW-202605-000743,ALT-202605-000801,RV-05,2026-05-21T17:39:11,CLEARED_FALSE_POSITIVE,ID_VERIFIED
RVW-202605-000744,ALT-202605-000802,RV-02,2026-06-02T22:24:43,CLEARED_FALSE_POSITIVE,DOC_VALID
RVW-202605-000745,ALT-202605-000803,RV-02,2026-05-24T10:02:47,CLEARED_FALSE_POSITIVE,CUSTOMER_CONTACTED
RVW-202605-000746,ALT-202605-000804,RV-03,2026-05-13T22:32:40,CONFIRMED_FRAUD,ATO_CONFIRMED
RVW-202605-000747,ALT-202605-000805,RV-02,2026-05-14T15:13:03,CLEARED_FALSE_POSITIVE,KNOWN_DEVICE
RVW-202605-000748,ALT-202605-000806,RV-06,2026-05-25T10:52:45,CLEARED_FALSE_POSITIVE,ID_VERIFIED
RVW-202605-000749,ALT-202605-000807,RV-01,2026-05-10T14:35:46,CLEARED_FALSE_POSITIVE,DOC_VALID
RVW-202605-000750,ALT-202605-000808,RV-04,2026-05-10T07:39:18,CLEARED_FALSE_POSITIVE,DOC_VALID
RVW-202605-000751,ALT-202605-000809,RV-04,2026-05-16T11:15:58,CLEARED_FALSE_POSITIVE,CUSTOMER_CONTACTED
RVW-202605-000752,ALT-202605-000811,RV-02,2026-05-26T13:33:22,CLEARED_FALSE_POSITIVE,KNOWN_DEVICE
RVW-202605-000753,ALT-202605-000812,RV-04,2026-06-05T06:27:34,CLEARED_FALSE_POSITIVE,KNOWN_DEVICE
RVW-202605-000754,ALT-202605-000813,RV-06,2026-05-04T11:48:42,CLEARED_FALSE_POSITIVE,ID_VERIFIED
RVW-202605-000755,ALT-202605-000814,RV-03,2026-05-27T18:43:30,INSUFFICIENT_EVIDENCE,NO_CONTACT
RVW-202605-000756,ALT-202605-000815,RV-01,2026-05-28T09:09:57,CLEARED_FALSE_POSITIVE,DOC_VALID
RVW-202605-000757,ALT-202605-000816,RV-04,2026-06-09T17:08:14,CONFIRMED_FRAUD,DOC_FORGED
RVW-202605-000758,ALT-202605-000817,RV-02,2026-05-28T21:27:11,INSUFFICIENT_EVIDENCE,NO_CONTACT
RVW-202605-000759,ALT-202605-000818,RV-03,2026-05-25T06:17:11,CONFIRMED_FRAUD,MULE_CONFIRMED
RVW-202605-000760,ALT-202605-000819,RV-01,2026-05-31T18:33:45,CLEARED_FALSE_POSITIVE,DOC_VALID
RVW-202605-000761,ALT-202605-000820,RV-03,2026-05-31T15:41:06,CLEARED_FALSE_POSITIVE,CUSTOMER_CONTACTED
RVW-202605-000762,ALT-202605-000821,RV-03,2026-06-09T18:53:25,INSUFFICIENT_EVIDENCE,AGED_OUT
RVW-202605-000763,ALT-202605-000822,RV-05,2026-06-04T08:51:38,CLEARED_FALSE_POSITIVE,KNOWN_DEVICE
RVW-202605-000764,ALT-202605-000823,RV-04,2026-05-29T13:28:03,CONFIRMED_FRAUD,MULE_CONFIRMED
RVW-202605-000765,ALT-202605-000824,RV-02,2026-05-14T18:42:12,CLEARED_FALSE_POSITIVE,ID_VERIFIED
RVW-202605-000766,ALT-202605-000825,RV-01,2026-05-07T21:13:38,INSUFFICIENT_EVIDENCE,AGED_OUT
RVW-202605-000767,ALT-202605-000826,RV-06,2026-05-31T16:35:30,CLEARED_FALSE_POSITIVE,KNOWN_DEVICE
RVW-202605-000768,ALT-202605-000827,RV-05,2026-05-09T15:13:07,CLEARED_FALSE_POSITIVE,DOC_VALID
RVW-202605-000769,ALT-202605-000828,RV-06,2026-05-26T08:08:51,CLEARED_FALSE_POSITIVE,CUSTOMER_CONTACTED
RVW-202605-000770,ALT-202605-000829,RV-04,2026-05-13T09:57:07,CONFIRMED_FRAUD,MULE_CONFIRMED
RVW-202605-000771,ALT-202605-000830,RV-05,2026-05-09T15:52:23,CONFIRMED_FRAUD,SYNTH_ID_CONFIRMED
RVW-202605-000772,ALT-202605-000831,RV-06,2026-05-14T20:38:04,CLEARED_FALSE_POSITIVE,KNOWN_DEVICE
RVW-202605-000773,ALT-202605-000832,RV-03,2026-05-19T07:54:41,CLEARED_FALSE_POSITIVE,KNOWN_DEVICE
RVW-202605-000774,ALT-202605-000833,RV-05,2026-05-08T09:36:13,CLEARED_FALSE_POSITIVE,DOC_VALID
RVW-202605-000775,ALT-202605-000834,RV-01,2026-05-28T22:31:43,CONFIRMED_FRAUD,MULE_CONFIRMED
RVW-202605-000776,ALT-202605-000835,RV-05,2026-05-31T06:19:23,CLEARED_FALSE_POSITIVE,CUSTOMER_CONTACTED
RVW-202605-000777,ALT-202605-000836,RV-05,2026-05-25T11:25:06,CLEARED_FALSE_POSITIVE,DOC_VALID
RVW-202605-000778,ALT-202605-000837,RV-06,2026-05-23T18:05:46,CLEARED_FALSE_POSITIVE,ID_VERIFIED
RVW-202605-000779,ALT-202605-000838,RV-03,2026-06-03T22:48:07,INSUFFICIENT_EVIDENCE,NO_CONTACT
RVW-202605-000780,ALT-202605-000840,RV-02,2026-05-23T11:37:13,CLEARED_FALSE_POSITIVE,KNOWN_DEVICE
RVW-202605-000781,ALT-202605-000841,RV-03,2026-05-26T17:08:49,CONFIRMED_FRAUD,DOC_FORGED
RVW-202605-000782,ALT-202605-000842,RV-05,2026-05-12T16:39:50,CLEARED_FALSE_POSITIVE,CUSTOMER_CONTACTED
RVW-202605-000783,ALT-202605-000844,RV-06,2026-05-31T15:02:36,CONFIRMED_FRAUD,ATO_CONFIRMED
RVW-202605-000784,ALT-202605-000845,RV-02,2026-06-02T08:08:33,CLEARED_FALSE_POSITIVE,KNOWN_DEVICE
RVW-202605-000785,ALT-202605-000846,RV-06,2026-05-15T10:01:48,CLEARED_FALSE_POSITIVE,CUSTOMER_CONTACTED
RVW-202605-000786,ALT-202605-000847,RV-04,2026-06-01T19:17:50,INSUFFICIENT_EVIDENCE,AGED_OUT
RVW-202605-000787,ALT-202605-000848,RV-06,2026-05-07T15:53:53,CLEARED_FALSE_POSITIVE,DOC_VALID
RVW-202605-000788,ALT-202605-000849,RV-01,2026-05-13T10:30:41,CLEARED_FALSE_POSITIVE,KNOWN_DEVICE
RVW-202605-000789,ALT-202605-000850,RV-04,2026-05-31T17:56:26,CLEARED_FALSE_POSITIVE,DOC_VALID
RVW-202605-000790,ALT-202605-000851,RV-05,2026-05-14T13:56:53,CLEARED_FALSE_POSITIVE,CUSTOMER_CONTACTED
RVW-202605-000791,ALT-202605-000852,RV-03,2026-05-05T08:43:23,CLEARED_FALSE_POSITIVE,CUSTOMER_CONTACTED
RVW-202605-000792,ALT-202605-000853,RV-01,2026-05-23T06:39:12,CLEARED_FALSE_POSITIVE,CUSTOMER_CONTACTED
RVW-202605-000793,ALT-202605-000854,RV-03,2026-05-20T09:41:50,CLEARED_FALSE_POSITIVE,KNOWN_DEVICE
RVW-202605-000794,ALT-202605-000855,RV-02,2026-06-02T09:57:50,CONFIRMED_FRAUD,ATO_CONFIRMED
RVW-202605-000795,ALT-202605-000857,RV-01,2026-05-26T06:08:49,CLEARED_FALSE_POSITIVE,CUSTOMER_CONTACTED
RVW-202605-000796,ALT-202605-000858,RV-04,2026-05-13T09:37:24,CLEARED_FALSE_POSITIVE,ID_VERIFIED
RVW-202605-000797,ALT-202605-000859,RV-05,2026-06-03T20:50:44,CONFIRMED_FRAUD,DOC_FORGED
RVW-202605-000798,ALT-202605-000860,RV-06,2026-05-19T10:10:25,CLEARED_FALSE_POSITIVE,ID_VERIFIED
RVW-202605-000799,ALT-202605-000861,RV-05,2026-05-04T15:19:25,CLEARED_FALSE_POSITIVE,DOC_VALID
RVW-202605-000800,ALT-202605-000862,RV-06,2026-05-31T06:10:07,CONFIRMED_FRAUD,ATO_CONFIRMED
RVW-202605-000801,ALT-202605-000864,RV-02,2026-05-09T20:47:35,CLEARED_FALSE_POSITIVE,KNOWN_DEVICE
RVW-202605-000802,ALT-202605-000865,RV-02,2026-06-04T21:35:42,CONFIRMED_FRAUD,MULE_CONFIRMED
RVW-202605-000803,ALT-202605-000866,RV-02,2026-05-05T17:04:15,CONFIRMED_FRAUD,ATO_CONFIRMED
RVW-202605-000804,ALT-202605-000867,RV-01,2026-05-19T17:38:49,CLEARED_FALSE_POSITIVE,KNOWN_DEVICE
RVW-202605-000805,ALT-202605-000868,RV-05,2026-05-30T19:04:40,CLEARED_FALSE_POSITIVE,CUSTOMER_CONTACTED
RVW-202605-000806,ALT-202605-000869,RV-02,2026-05-10T10:32:38,CONFIRMED_FRAUD,ATO_CONFIRMED
RVW-202605-000807,ALT-202605-000870,RV-04,2026-05-18T09:07:34,CLEARED_FALSE_POSITIVE,ID_VERIFIED
RVW-202605-000808,ALT-202605-000871,RV-03,2026-05-26T21:10:38,INSUFFICIENT_EVIDENCE,DATA_UNAVAILABLE
RVW-202605-000809,ALT-202605-000873,RV-02,2026-05-13T19:51:48,CLEARED_FALSE_POSITIVE,KNOWN_DEVICE
RVW-202605-000810,ALT-202605-000874,RV-02,2026-05-16T18:03:25,CONFIRMED_FRAUD,DOC_FORGED
RVW-202605-000811,ALT-202605-000875,RV-02,2026-05-18T13:27:49,CLEARED_FALSE_POSITIVE,DOC_VALID
RVW-202605-000812,ALT-202605-000876,RV-01,2026-05-25T21:35:44,CONFIRMED_FRAUD,DOC_FORGED
RVW-202605-000813,ALT-202605-000877,RV-01,2026-06-06T14:28:18,CONFIRMED_FRAUD,MULE_CONFIRMED
RVW-202605-000814,ALT-202605-000878,RV-02,2026-06-05T08:46:23,CLEARED_FALSE_POSITIVE,CUSTOMER_CONTACTED
RVW-202605-000815,ALT-202605-000879,RV-03,2026-05-19T14:29:23,CONFIRMED_FRAUD,SYNTH_ID_CONFIRMED
RVW-202605-000816,ALT-202605-000880,RV-01,2026-05-18T15:02:21,INSUFFICIENT_EVIDENCE,NO_CONTACT
RVW-202605-000817,ALT-202605-000881,RV-02,2026-06-05T17:59:04,CLEARED_FALSE_POSITIVE,DOC_VALID
RVW-202605-000818,ALT-202605-000882,RV-04,2026-05-31T10:40:11,CLEARED_FALSE_POSITIVE,KNOWN_DEVICE
RVW-202605-000819,ALT-202605-000883,RV-02,2026-05-21T19:19:03,CLEARED_FALSE_POSITIVE,CUSTOMER_CONTACTED
RVW-202605-000820,ALT-202605-000884,RV-03,2026-05-06T18:34:06,INSUFFICIENT_EVIDENCE,DATA_UNAVAILABLE
RVW-202605-000821,ALT-202605-000885,RV-05,2026-05-24T10:12:29,CLEARED_FALSE_POSITIVE,DOC_VALID
RVW-202605-000822,ALT-202605-000886,RV-03,2026-05-17T19:00:32,INSUFFICIENT_EVIDENCE,DATA_UNAVAILABLE
RVW-202605-000823,ALT-202605-000887,RV-05,2026-05-21T08:26:57,CONFIRMED_FRAUD,SYNTH_ID_CONFIRMED
RVW-202605-000824,ALT-202605-000888,RV-06,2026-05-26T14:05:19,CLEARED_FALSE_POSITIVE,DOC_VALID
RVW-202605-000825,ALT-202605-000889,RV-01,2026-05-08T07:00:58,CONFIRMED_FRAUD,MULE_CONFIRMED
RVW-202605-000826,ALT-202605-000890,RV-02,2026-05-18T17:47:08,CLEARED_FALSE_POSITIVE,ID_VERIFIED
RVW-202605-000827,ALT-202605-000891,RV-01,2026-05-27T12:36:59,CONFIRMED_FRAUD,DOC_FORGED
RVW-202605-000828,ALT-202605-000892,RV-05,2026-05-15T13:39:13,CLEARED_FALSE_POSITIVE,CUSTOMER_CONTACTED
RVW-202605-000829,ALT-202605-000893,RV-03,2026-05-21T22:32:15,CLEARED_FALSE_POSITIVE,ID_VERIFIED
RVW-202605-000830,ALT-202605-000894,RV-02,2026-05-20T22:57:49,INSUFFICIENT_EVIDENCE,DATA_UNAVAILABLE
RVW-202605-000831,ALT-202605-000895,RV-05,2026-05-08T21:32:39,CLEARED_FALSE_POSITIVE,CUSTOMER_CONTACTED
RVW-202605-000832,ALT-202605-000896,RV-04,2026-05-21T16:42:43,CONFIRMED_FRAUD,MULE_CONFIRMED
RVW-202605-000833,ALT-202605-000898,RV-01,2026-05-09T07:52:36,CONFIRMED_FRAUD,DOC_FORGED
RVW-202605-000834,ALT-202605-000899,RV-02,2026-05-04T13:16:54,CLEARED_FALSE_POSITIVE,ID_VERIFIED
RVW-202605-000835,ALT-202605-000901,RV-05,2026-05-29T07:14:30,CLEARED_FALSE_POSITIVE,CUSTOMER_CONTACTED
RVW-202605-000836,ALT-202605-000902,RV-04,2026-05-13T22:37:35,CLEARED_FALSE_POSITIVE,DOC_VALID
RVW-202605-000837,ALT-202605-000903,RV-05,2026-05-21T13:56:20,CLEARED_FALSE_POSITIVE,CUSTOMER_CONTACTED
RVW-202605-000838,ALT-202605-000904,RV-03,2026-06-02T19:56:41,CLEARED_FALSE_POSITIVE,CUSTOMER_CONTACTED
RVW-202605-000839,ALT-202605-000905,RV-03,2026-06-02T18:42:47,CLEARED_FALSE_POSITIVE,KNOWN_DEVICE
RVW-202605-000840,ALT-202605-000906,RV-06,2026-05-06T17:03:57,CLEARED_FALSE_POSITIVE,CUSTOMER_CONTACTED
RVW-202605-000841,ALT-202605-000907,RV-05,2026-05-24T16:14:54,CLEARED_FALSE_POSITIVE,CUSTOMER_CONTACTED
RVW-202605-000842,ALT-202605-000908,RV-01,2026-05-08T16:52:42,CONFIRMED_FRAUD,DOC_FORGED
RVW-202605-000843,ALT-202605-000909,RV-06,2026-05-20T06:03:40,CONFIRMED_FRAUD,SYNTH_ID_CONFIRMED
RVW-202605-000844,ALT-202605-000910,RV-04,2026-05-27T08:42:54,CLEARED_FALSE_POSITIVE,KNOWN_DEVICE
RVW-202605-000845,ALT-202605-000911,RV-04,2026-05-21T13:24:04,INSUFFICIENT_EVIDENCE,DATA_UNAVAILABLE
RVW-202605-000846,ALT-202605-000913,RV-01,2026-05-22T15:31:29,CLEARED_FALSE_POSITIVE,KNOWN_DEVICE
RVW-202605-000847,ALT-202605-000914,RV-05,2026-05-23T14:34:21,CLEARED_FALSE_POSITIVE,DOC_VALID
RVW-202605-000848,ALT-202605-000915,RV-03,2026-05-14T08:43:09,CLEARED_FALSE_POSITIVE,DOC_VALID
RVW-202605-000849,ALT-202605-000916,RV-06,2026-05-29T21:52:31,CLEARED_FALSE_POSITIVE,CUSTOMER_CONTACTED
RVW-202605-000850,ALT-202605-000917,RV-06,2026-05-11T18:02:17,CLEARED_FALSE_POSITIVE,CUSTOMER_CONTACTED
RVW-202605-000851,ALT-202605-000918,RV-06,2026-05-21T17:30:31,CLEARED_FALSE_POSITIVE,DOC_VALID
RVW-202605-000852,ALT-202605-000919,RV-03,2026-05-31T08:19:08,INSUFFICIENT_EVIDENCE,DATA_UNAVAILABLE
RVW-202605-000853,ALT-202605-000920,RV-05,2026-05-23T15:50:31,CLEARED_FALSE_POSITIVE,DOC_VALID
RVW-202605-000854,ALT-202605-000922,RV-04,2026-05-26T22:05:03,INSUFFICIENT_EVIDENCE,NO_CONTACT
RVW-202605-000855,ALT-202605-000923,RV-01,2026-05-10T10:47:03,CLEARED_FALSE_POSITIVE,DOC_VALID
RVW-202605-000856,ALT-202605-000925,RV-05,2026-05-16T08:45:24,INSUFFICIENT_EVIDENCE,AGED_OUT
RVW-202605-000857,ALT-202605-000926,RV-03,2026-05-26T11:42:09,CLEARED_FALSE_POSITIVE,DOC_VALID
RVW-202605-000858,ALT-202605-000927,RV-05,2026-05-27T09:25:07,CLEARED_FALSE_POSITIVE,DOC_VALID
RVW-202605-000859,ALT-202605-000928,RV-01,2026-06-04T08:55:19,CLEARED_FALSE_POSITIVE,ID_VERIFIED
RVW-202605-000860,ALT-202605-000929,RV-03,2026-05-24T13:59:24,CONFIRMED_FRAUD,ATO_CONFIRMED
RVW-202605-000861,ALT-202605-000930,RV-06,2026-05-24T20:00:08,CLEARED_FALSE_POSITIVE,KNOWN_DEVICE
RVW-202605-000862,ALT-202605-000931,RV-05,2026-05-28T18:04:55,CLEARED_FALSE_POSITIVE,KNOWN_DEVICE
RVW-202605-000863,ALT-202605-000932,RV-02,2026-05-14T10:00:09,CLEARED_FALSE_POSITIVE,ID_VERIFIED
RVW-202605-000864,ALT-202605-000933,RV-03,2026-05-17T10:33:55,CLEARED_FALSE_POSITIVE,KNOWN_DEVICE
RVW-202605-000865,ALT-202605-000934,RV-05,2026-05-11T18:07:10,CLEARED_FALSE_POSITIVE,CUSTOMER_CONTACTED
RVW-202605-000866,ALT-202605-000935,RV-06,2026-05-28T20:23:32,INSUFFICIENT_EVIDENCE,DATA_UNAVAILABLE
RVW-202605-000867,ALT-202605-000936,RV-04,2026-05-20T15:42:50,CLEARED_FALSE_POSITIVE,CUSTOMER_CONTACTED
RVW-202605-000868,ALT-202605-000938,RV-06,2026-05-21T19:14:36,CLEARED_FALSE_POSITIVE,DOC_VALID
RVW-202605-000869,ALT-202605-000939,RV-02,2026-05-14T15:22:55,CLEARED_FALSE_POSITIVE,CUSTOMER_CONTACTED
RVW-202605-000870,ALT-202605-000940,RV-01,2026-05-18T11:47:09,CONFIRMED_FRAUD,DOC_FORGED
RVW-202605-000871,ALT-202605-000941,RV-05,2026-05-16T18:11:20,CONFIRMED_FRAUD,MULE_CONFIRMED
RVW-202605-000872,ALT-202605-000942,RV-03,2026-06-04T08:13:22,CLEARED_FALSE_POSITIVE,KNOWN_DEVICE
RVW-202605-000873,ALT-202605-000943,RV-01,2026-05-08T08:05:24,CLEARED_FALSE_POSITIVE,CUSTOMER_CONTACTED
RVW-202605-000874,ALT-202605-000944,RV-02,2026-05-04T14:09:33,CLEARED_FALSE_POSITIVE,CUSTOMER_CONTACTED
RVW-202605-000875,ALT-202605-000945,RV-03,2026-05-23T15:37:27,CLEARED_FALSE_POSITIVE,KNOWN_DEVICE
RVW-202605-000876,ALT-202605-000946,RV-03,2026-05-17T22:13:09,CLEARED_FALSE_POSITIVE,DOC_VALID
RVW-202605-000877,ALT-202605-000947,RV-03,2026-05-18T10:56:49,CLEARED_FALSE_POSITIVE,CUSTOMER_CONTACTED
RVW-202605-000878,ALT-202605-000948,RV-06,2026-05-20T16:31:54,CONFIRMED_FRAUD,ATO_CONFIRMED
RVW-202605-000879,ALT-202605-000949,RV-06,2026-05-19T06:04:11,CLEARED_FALSE_POSITIVE,DOC_VALID
RVW-202605-000880,ALT-202605-000950,RV-04,2026-05-06T09:08:23,CONFIRMED_FRAUD,ATO_CONFIRMED
RVW-202605-000881,ALT-202605-000951,RV-03,2026-06-02T19:10:18,INSUFFICIENT_EVIDENCE,AGED_OUT
RVW-202605-000882,ALT-202605-000952,RV-06,2026-06-02T17:46:36,CLEARED_FALSE_POSITIVE,KNOWN_DEVICE
RVW-202605-000883,ALT-202605-000953,RV-02,2026-05-05T19:25:11,CONFIRMED_FRAUD,MULE_CONFIRMED
RVW-202605-000884,ALT-202605-000954,RV-04,2026-05-09T19:54:36,CLEARED_FALSE_POSITIVE,ID_VERIFIED
RVW-202605-000885,ALT-202605-000955,RV-02,2026-06-01T07:37:42,CLEARED_FALSE_POSITIVE,ID_VERIFIED
RVW-202605-000886,ALT-202605-000956,RV-04,2026-05-20T19:11:35,CLEARED_FALSE_POSITIVE,KNOWN_DEVICE
RVW-202605-000887,ALT-202605-000957,RV-06,2026-06-02T22:27:48,CLEARED_FALSE_POSITIVE,ID_VERIFIED
RVW-202605-000888,ALT-202605-000958,RV-04,2026-05-05T11:00:08,INSUFFICIENT_EVIDENCE,NO_CONTACT
RVW-202605-000889,ALT-202605-000959,RV-03,2026-06-01T13:35:54,INSUFFICIENT_EVIDENCE,DATA_UNAVAILABLE
RVW-202605-000890,ALT-202605-000961,RV-04,2026-05-09T11:55:27,CLEARED_FALSE_POSITIVE,CUSTOMER_CONTACTED
RVW-202605-000891,ALT-202605-000962,RV-05,2026-05-09T19:20:20,CLEARED_FALSE_POSITIVE,CUSTOMER_CONTACTED
RVW-202605-000892,ALT-202605-000963,RV-04,2026-06-05T12:52:17,INSUFFICIENT_EVIDENCE,DATA_UNAVAILABLE
RVW-202605-000893,ALT-202605-000964,RV-06,2026-05-21T12:55:06,CLEARED_FALSE_POSITIVE,CUSTOMER_CONTACTED
RVW-202605-000894,ALT-202605-000965,RV-04,2026-05-31T11:59:00,INSUFFICIENT_EVIDENCE,AGED_OUT
RVW-202605-000895,ALT-202605-000967,RV-04,2026-05-10T15:13:25,CLEARED_FALSE_POSITIVE,CUSTOMER_CONTACTED
RVW-202605-000896,ALT-202605-000968,RV-06,2026-05-21T13:26:03,CLEARED_FALSE_POSITIVE,ID_VERIFIED
RVW-202605-000897,ALT-202605-000969,RV-02,2026-05-27T18:16:52,INSUFFICIENT_EVIDENCE,DATA_UNAVAILABLE
RVW-202605-000898,ALT-202605-000970,RV-04,2026-05-25T13:29:39,CLEARED_FALSE_POSITIVE,KNOWN_DEVICE
RVW-202605-000899,ALT-202605-000971,RV-02,2026-05-20T12:03:51,CLEARED_FALSE_POSITIVE,CUSTOMER_CONTACTED
RVW-202605-000900,ALT-202605-000972,RV-05,2026-05-27T22:13:13,CLEARED_FALSE_POSITIVE,KNOWN_DEVICE
RVW-202605-000901,ALT-202605-000974,RV-03,2026-05-22T18:22:54,CLEARED_FALSE_POSITIVE,DOC_VALID
RVW-202605-000902,ALT-202605-000975,RV-01,2026-05-25T22:45:50,CLEARED_FALSE_POSITIVE,CUSTOMER_CONTACTED
RVW-202605-000903,ALT-202605-000976,RV-01,2026-05-28T11:34:04,CLEARED_FALSE_POSITIVE,KNOWN_DEVICE
RVW-202605-000904,ALT-202605-000977,RV-04,2026-05-29T09:55:21,CLEARED_FALSE_POSITIVE,ID_VERIFIED
RVW-202605-000905,ALT-202605-000978,RV-03,2026-05-05T17:39:51,CLEARED_FALSE_POSITIVE,CUSTOMER_CONTACTED
RVW-202605-000906,ALT-202605-000979,RV-05,2026-05-31T13:03:26,CONFIRMED_FRAUD,MULE_CONFIRMED
RVW-202605-000907,ALT-202605-000980,RV-03,2026-06-04T11:00:50,CLEARED_FALSE_POSITIVE,KNOWN_DEVICE
RVW-202605-000908,ALT-202605-000981,RV-04,2026-06-01T20:36:23,CONFIRMED_FRAUD,SYNTH_ID_CONFIRMED
RVW-202605-000909,ALT-202605-000982,RV-03,2026-05-08T17:57:48,INSUFFICIENT_EVIDENCE,NO_CONTACT
RVW-202605-000910,ALT-202605-000983,RV-04,2026-05-17T17:08:01,CLEARED_FALSE_POSITIVE,KNOWN_DEVICE
RVW-202605-000911,ALT-202605-000984,RV-05,2026-05-07T17:32:40,CLEARED_FALSE_POSITIVE,ID_VERIFIED
RVW-202605-000912,ALT-202605-000985,RV-06,2026-06-02T22:41:54,INSUFFICIENT_EVIDENCE,AGED_OUT
RVW-202605-000913,ALT-202605-000986,RV-05,2026-05-13T09:14:20,CONFIRMED_FRAUD,SYNTH_ID_CONFIRMED
RVW-202605-000914,ALT-202605-000987,RV-01,2026-06-01T18:35:05,CLEARED_FALSE_POSITIVE,DOC_VALID
RVW-202605-000915,ALT-202605-000988,RV-01,2026-05-14T11:45:30,CLEARED_FALSE_POSITIVE,DOC_VALID
RVW-202605-000916,ALT-202605-000989,RV-02,2026-05-22T13:24:48,CLEARED_FALSE_POSITIVE,CUSTOMER_CONTACTED
RVW-202605-000917,ALT-202605-000990,RV-04,2026-06-02T17:28:19,CLEARED_FALSE_POSITIVE,KNOWN_DEVICE
RVW-202605-000918,ALT-202605-000991,RV-03,2026-05-12T20:36:31,CLEARED_FALSE_POSITIVE,DOC_VALID
RVW-202605-000919,ALT-202605-000992,RV-02,2026-05-14T06:50:55,CONFIRMED_FRAUD,ATO_CONFIRMED
RVW-202605-000920,ALT-202605-000993,RV-06,2026-06-03T07:37:28,CONFIRMED_FRAUD,ATO_CONFIRMED
RVW-202605-000921,ALT-202605-000994,RV-06,2026-05-12T07:08:43,CLEARED_FALSE_POSITIVE,ID_VERIFIED
RVW-202605-000922,ALT-202605-000995,RV-05,2026-05-29T12:39:22,CLEARED_FALSE_POSITIVE,DOC_VALID
RVW-202605-000923,ALT-202605-000996,RV-01,2026-05-17T06:42:03,CLEARED_FALSE_POSITIVE,ID_VERIFIED
RVW-202605-000924,ALT-202605-000997,RV-05,2026-05-09T22:04:59,CLEARED_FALSE_POSITIVE,DOC_VALID
RVW-202605-000925,ALT-202605-000999,RV-02,2026-05-13T15:37:54,CLEARED_FALSE_POSITIVE,DOC_VALID
RVW-202605-000926,ALT-202605-001000,RV-05,2026-05-09T22:43:58,CLEARED_FALSE_POSITIVE,DOC_VALID
RVW-202605-000927,ALT-202605-001001,RV-04,2026-05-31T08:20:06,CLEARED_FALSE_POSITIVE,CUSTOMER_CONTACTED
RVW-202605-000928,ALT-202605-001002,RV-01,2026-05-20T07:32:30,CLEARED_FALSE_POSITIVE,CUSTOMER_CONTACTED
RVW-202605-000929,ALT-202605-001003,RV-05,2026-05-14T22:13:04,CLEARED_FALSE_POSITIVE,CUSTOMER_CONTACTED
RVW-202605-000930,ALT-202605-001004,RV-02,2026-05-31T10:31:19,CLEARED_FALSE_POSITIVE,CUSTOMER_CONTACTED
RVW-202605-000931,ALT-202605-001005,RV-02,2026-05-17T16:11:08,INSUFFICIENT_EVIDENCE,AGED_OUT
RVW-202605-000932,ALT-202605-001006,RV-04,2026-06-01T11:58:59,CLEARED_FALSE_POSITIVE,ID_VERIFIED
RVW-202605-000933,ALT-202605-001007,RV-06,2026-06-07T07:04:31,CLEARED_FALSE_POSITIVE,DOC_VALID
RVW-202605-000934,ALT-202605-001008,RV-02,2026-05-08T12:12:42,CONFIRMED_FRAUD,DOC_FORGED
RVW-202605-000935,ALT-202605-001009,RV-01,2026-05-23T13:34:51,CLEARED_FALSE_POSITIVE,KNOWN_DEVICE
RVW-202605-000936,ALT-202605-001010,RV-06,2026-05-07T13:31:17,CLEARED_FALSE_POSITIVE,CUSTOMER_CONTACTED
RVW-202605-000937,ALT-202605-001011,RV-03,2026-05-24T20:57:13,CLEARED_FALSE_POSITIVE,CUSTOMER_CONTACTED
RVW-202605-000938,ALT-202605-001012,RV-05,2026-05-30T21:05:51,CLEARED_FALSE_POSITIVE,KNOWN_DEVICE
RVW-202605-000939,ALT-202605-001013,RV-04,2026-05-16T16:47:15,CLEARED_FALSE_POSITIVE,CUSTOMER_CONTACTED
RVW-202605-000940,ALT-202605-001014,RV-01,2026-06-02T17:29:18,CLEARED_FALSE_POSITIVE,DOC_VALID
RVW-202605-000941,ALT-202605-001016,RV-01,2026-06-08T21:00:48,CLEARED_FALSE_POSITIVE,KNOWN_DEVICE
RVW-202605-000942,ALT-202605-001017,RV-04,2026-05-18T16:54:44,CONFIRMED_FRAUD,ATO_CONFIRMED
RVW-202605-000943,ALT-202605-001018,RV-05,2026-06-04T19:57:35,CONFIRMED_FRAUD,ATO_CONFIRMED
RVW-202605-000944,ALT-202605-001019,RV-06,2026-05-24T12:55:16,CLEARED_FALSE_POSITIVE,DOC_VALID
RVW-202605-000945,ALT-202605-001020,RV-05,2026-05-11T09:19:25,CLEARED_FALSE_POSITIVE,CUSTOMER_CONTACTED
RVW-202605-000946,ALT-202605-001021,RV-01,2026-05-13T12:12:56,CLEARED_FALSE_POSITIVE,CUSTOMER_CONTACTED
RVW-202605-000947,ALT-202605-001022,RV-06,2026-05-20T12:43:41,CLEARED_FALSE_POSITIVE,CUSTOMER_CONTACTED
RVW-202605-000948,ALT-202605-001023,RV-04,2026-05-21T20:13:23,CONFIRMED_FRAUD,MULE_CONFIRMED
RVW-202605-000949,ALT-202605-001024,RV-04,2026-05-14T08:00:05,CLEARED_FALSE_POSITIVE,ID_VERIFIED
RVW-202605-000950,ALT-202605-001025,RV-05,2026-06-04T15:33:13,CLEARED_FALSE_POSITIVE,ID_VERIFIED
RVW-202605-000951,ALT-202605-001026,RV-02,2026-05-04T15:54:30,CLEARED_FALSE_POSITIVE,CUSTOMER_CONTACTED
RVW-202605-000952,ALT-202605-001027,RV-03,2026-05-19T08:15:03,INSUFFICIENT_EVIDENCE,NO_CONTACT
RVW-202605-000953,ALT-202605-001028,RV-02,2026-05-13T15:37:49,CLEARED_FALSE_POSITIVE,DOC_VALID
RVW-202605-000954,ALT-202605-001029,RV-06,2026-05-07T13:06:43,CONFIRMED_FRAUD,SYNTH_ID_CONFIRMED
RVW-202605-000955,ALT-202605-001030,RV-03,2026-06-06T22:29:05,CLEARED_FALSE_POSITIVE,DOC_VALID
RVW-202605-000956,ALT-202605-001031,RV-06,2026-05-07T07:49:58,CLEARED_FALSE_POSITIVE,ID_VERIFIED
RVW-202605-000957,ALT-202605-001032,RV-01,2026-06-07T17:55:17,CLEARED_FALSE_POSITIVE,KNOWN_DEVICE
RVW-202605-000958,ALT-202605-001033,RV-05,2026-06-01T09:51:41,CLEARED_FALSE_POSITIVE,ID_VERIFIED
RVW-202605-000959,ALT-202605-001034,RV-05,2026-06-03T20:04:18,INSUFFICIENT_EVIDENCE,DATA_UNAVAILABLE
RVW-202605-000960,ALT-202605-001035,RV-04,2026-05-18T12:08:52,CLEARED_FALSE_POSITIVE,CUSTOMER_CONTACTED
RVW-202605-000961,ALT-202605-001036,RV-02,2026-06-05T21:01:06,CONFIRMED_FRAUD,ATO_CONFIRMED
RVW-202605-000962,ALT-202605-001037,RV-01,2026-05-21T12:13:30,CONFIRMED_FRAUD,MULE_CONFIRMED
RVW-202605-000963,ALT-202605-001038,RV-05,2026-05-12T18:30:28,CONFIRMED_FRAUD,DOC_FORGED
RVW-202605-000964,ALT-202605-001039,RV-01,2026-05-13T19:54:20,CLEARED_FALSE_POSITIVE,KNOWN_DEVICE
RVW-202605-000965,ALT-202605-001040,RV-06,2026-05-29T18:18:05,CLEARED_FALSE_POSITIVE,ID_VERIFIED
RVW-202605-000966,ALT-202605-001041,RV-05,2026-05-07T18:33:31,CLEARED_FALSE_POSITIVE,CUSTOMER_CONTACTED
RVW-202605-000967,ALT-202605-001044,RV-04,2026-05-22T07:25:54,CLEARED_FALSE_POSITIVE,KNOWN_DEVICE
RVW-202605-000968,ALT-202605-001045,RV-03,2026-05-11T21:13:12,CLEARED_FALSE_POSITIVE,ID_VERIFIED
RVW-202605-000969,ALT-202605-001046,RV-02,2026-05-18T16:13:44,CONFIRMED_FRAUD,MULE_CONFIRMED
RVW-202605-000970,ALT-202605-001047,RV-04,2026-05-19T19:23:25,CLEARED_FALSE_POSITIVE,ID_VERIFIED
RVW-202605-000971,ALT-202605-001048,RV-06,2026-05-17T16:58:35,CLEARED_FALSE_POSITIVE,ID_VERIFIED
RVW-202605-000972,ALT-202605-001049,RV-02,2026-06-04T07:15:54,CLEARED_FALSE_POSITIVE,ID_VERIFIED
RVW-202605-000973,ALT-202605-001050,RV-01,2026-05-11T07:00:23,CLEARED_FALSE_POSITIVE,DOC_VALID
RVW-202605-000974,ALT-202605-001051,RV-04,2026-05-20T17:23:54,CLEARED_FALSE_POSITIVE,DOC_VALID
RVW-202605-000975,ALT-202605-001052,RV-01,2026-05-23T15:56:52,CLEARED_FALSE_POSITIVE,CUSTOMER_CONTACTED
RVW-202605-000976,ALT-202605-001053,RV-05,2026-05-19T10:28:45,CONFIRMED_FRAUD,DOC_FORGED
RVW-202605-000977,ALT-202605-001054,RV-01,2026-05-10T07:16:43,CONFIRMED_FRAUD,SYNTH_ID_CONFIRMED
RVW-202605-000978,ALT-202605-001055,RV-01,2026-05-28T11:10:01,CLEARED_FALSE_POSITIVE,ID_VERIFIED
RVW-202605-000979,ALT-202605-001056,RV-02,2026-05-12T13:43:05,CONFIRMED_FRAUD,ATO_CONFIRMED
RVW-202605-000980,ALT-202605-001059,RV-02,2026-05-23T11:47:58,CLEARED_FALSE_POSITIVE,DOC_VALID
RVW-202605-000981,ALT-202605-001060,RV-05,2026-05-25T11:00:24,CLEARED_FALSE_POSITIVE,KNOWN_DEVICE
RVW-202605-000982,ALT-202605-001061,RV-05,2026-05-15T12:52:21,CONFIRMED_FRAUD,DOC_FORGED
RVW-202605-000983,ALT-202605-001062,RV-01,2026-06-01T08:36:23,CLEARED_FALSE_POSITIVE,ID_VERIFIED
RVW-202605-000984,ALT-202605-001063,RV-03,2026-05-18T14:48:28,CLEARED_FALSE_POSITIVE,KNOWN_DEVICE
RVW-202605-000985,ALT-202605-001064,RV-02,2026-05-25T19:31:48,CONFIRMED_FRAUD,SYNTH_ID_CONFIRMED
RVW-202605-000986,ALT-202605-001065,RV-01,2026-05-20T22:55:09,CONFIRMED_FRAUD,ATO_CONFIRMED
RVW-202605-000987,ALT-202605-001066,RV-01,2026-05-21T16:56:58,CONFIRMED_FRAUD,SYNTH_ID_CONFIRMED
RVW-202605-000988,ALT-202605-001067,RV-03,2026-05-14T22:31:10,CLEARED_FALSE_POSITIVE,CUSTOMER_CONTACTED
RVW-202605-000989,ALT-202605-001068,RV-03,2026-05-13T12:14:52,CLEARED_FALSE_POSITIVE,KNOWN_DEVICE
RVW-202605-000990,ALT-202605-001069,RV-01,2026-05-28T13:51:03,CLEARED_FALSE_POSITIVE,DOC_VALID
RVW-202605-000991,ALT-202605-001070,RV-05,2026-05-23T07:41:30,CLEARED_FALSE_POSITIVE,DOC_VALID
RVW-202605-000992,ALT-202605-001071,RV-04,2026-05-22T07:11:34,CLEARED_FALSE_POSITIVE,DOC_VALID
RVW-202605-000993,ALT-202605-001072,RV-04,2026-05-29T15:09:04,CLEARED_FALSE_POSITIVE,ID_VERIFIED
RVW-202605-000994,ALT-202605-001073,RV-05,2026-05-22T19:48:17,INSUFFICIENT_EVIDENCE,AGED_OUT
RVW-202605-000995,ALT-202605-001074,RV-05,2026-05-07T12:05:12,CLEARED_FALSE_POSITIVE,CUSTOMER_CONTACTED
RVW-202605-000996,ALT-202605-001075,RV-04,2026-05-13T20:30:34,CLEARED_FALSE_POSITIVE,CUSTOMER_CONTACTED
RVW-202605-000997,ALT-202605-001076,RV-04,2026-05-23T08:31:06,CLEARED_FALSE_POSITIVE,KNOWN_DEVICE
RVW-202605-000998,ALT-202605-001077,RV-04,2026-05-26T21:32:11,CONFIRMED_FRAUD,MULE_CONFIRMED
RVW-202605-000999,ALT-202605-001078,RV-05,2026-06-07T20:30:47,CONFIRMED_FRAUD,DOC_FORGED
RVW-202605-001000,ALT-202605-001079,RV-04,2026-05-29T08:38:45,CLEARED_FALSE_POSITIVE,ID_VERIFIED
RVW-202605-001001,ALT-202605-001081,RV-01,2026-05-04T08:54:53,CLEARED_FALSE_POSITIVE,CUSTOMER_CONTACTED
RVW-202605-001002,ALT-202605-001082,RV-04,2026-06-06T17:19:36,INSUFFICIENT_EVIDENCE,NO_CONTACT
RVW-202605-001003,ALT-202605-001083,RV-04,2026-06-03T11:17:43,CLEARED_FALSE_POSITIVE,ID_VERIFIED
RVW-202605-001004,ALT-202605-001084,RV-01,2026-05-31T10:16:08,CLEARED_FALSE_POSITIVE,ID_VERIFIED
RVW-202605-001005,ALT-202605-001085,RV-02,2026-05-30T21:06:48,CLEARED_FALSE_POSITIVE,CUSTOMER_CONTACTED
RVW-202605-001006,ALT-202605-001086,RV-01,2026-05-15T16:46:09,CLEARED_FALSE_POSITIVE,KNOWN_DEVICE
RVW-202605-001007,ALT-202605-001087,RV-06,2026-06-06T22:53:39,CLEARED_FALSE_POSITIVE,CUSTOMER_CONTACTED
RVW-202605-001008,ALT-202605-001088,RV-06,2026-06-02T15:30:54,CLEARED_FALSE_POSITIVE,CUSTOMER_CONTACTED
RVW-202605-001009,ALT-202605-001089,RV-05,2026-05-18T16:11:50,CLEARED_FALSE_POSITIVE,DOC_VALID
RVW-202605-001010,ALT-202605-001090,RV-06,2026-05-16T09:36:29,CLEARED_FALSE_POSITIVE,KNOWN_DEVICE
RVW-202605-001011,ALT-202605-001091,RV-05,2026-06-02T08:36:10,CLEARED_FALSE_POSITIVE,DOC_VALID
RVW-202605-001012,ALT-202605-001092,RV-02,2026-06-11T15:21:47,CONFIRMED_FRAUD,MULE_CONFIRMED
RVW-202605-001013,ALT-202605-001093,RV-05,2026-06-03T11:20:15,CLEARED_FALSE_POSITIVE,DOC_VALID
RVW-202605-001014,ALT-202605-001094,RV-04,2026-05-18T16:34:49,CONFIRMED_FRAUD,MULE_CONFIRMED
RVW-202605-001015,ALT-202605-001095,RV-05,2026-05-23T11:14:42,CLEARED_FALSE_POSITIVE,CUSTOMER_CONTACTED
RVW-202605-001016,ALT-202605-001096,RV-06,2026-05-21T13:59:57,CLEARED_FALSE_POSITIVE,KNOWN_DEVICE
RVW-202605-001017,ALT-202605-001097,RV-02,2026-05-18T09:18:12,INSUFFICIENT_EVIDENCE,NO_CONTACT
RVW-202605-001018,ALT-202605-001098,RV-05,2026-06-03T21:05:59,CONFIRMED_FRAUD,MULE_CONFIRMED
RVW-202605-001019,ALT-202605-001099,RV-01,2026-05-22T21:50:09,CONFIRMED_FRAUD,SYNTH_ID_CONFIRMED
RVW-202605-001020,ALT-202605-001100,RV-01,2026-05-12T19:21:27,CLEARED_FALSE_POSITIVE,KNOWN_DEVICE
RVW-202605-001021,ALT-202605-001101,RV-01,2026-05-10T08:46:20,INSUFFICIENT_EVIDENCE,AGED_OUT
RVW-202605-001022,ALT-202605-001102,RV-04,2026-05-16T06:47:53,CLEARED_FALSE_POSITIVE,DOC_VALID
RVW-202605-001023,ALT-202605-001104,RV-05,2026-05-31T06:13:23,CLEARED_FALSE_POSITIVE,DOC_VALID
RVW-202605-001024,ALT-202605-001105,RV-06,2026-05-16T20:37:15,CONFIRMED_FRAUD,DOC_FORGED
RVW-202605-001025,ALT-202605-001106,RV-02,2026-05-25T11:14:50,CONFIRMED_FRAUD,DOC_FORGED
RVW-202605-001026,ALT-202605-001107,RV-05,2026-05-11T09:27:28,CLEARED_FALSE_POSITIVE,KNOWN_DEVICE
RVW-202605-001027,ALT-202605-001108,RV-05,2026-05-22T06:52:10,CONFIRMED_FRAUD,MULE_CONFIRMED
RVW-202605-001028,ALT-202605-001109,RV-05,2026-05-19T07:58:30,CLEARED_FALSE_POSITIVE,KNOWN_DEVICE
RVW-202605-001029,ALT-202605-001110,RV-05,2026-05-24T19:55:19,CLEARED_FALSE_POSITIVE,KNOWN_DEVICE
RVW-202605-001030,ALT-202605-001111,RV-04,2026-05-22T10:19:04,CLEARED_FALSE_POSITIVE,DOC_VALID
RVW-202605-001031,ALT-202605-001112,RV-04,2026-06-04T06:30:42,CLEARED_FALSE_POSITIVE,ID_VERIFIED
RVW-202605-001032,ALT-202605-001113,RV-01,2026-06-01T22:43:45,INSUFFICIENT_EVIDENCE,AGED_OUT
RVW-202605-001033,ALT-202605-001114,RV-03,2026-05-05T19:25:10,CLEARED_FALSE_POSITIVE,KNOWN_DEVICE
RVW-202605-001034,ALT-202605-001115,RV-05,2026-05-14T07:06:58,CONFIRMED_FRAUD,SYNTH_ID_CONFIRMED
RVW-202605-001035,ALT-202605-001116,RV-06,2026-05-31T18:49:06,CLEARED_FALSE_POSITIVE,ID_VERIFIED
RVW-202605-001036,ALT-202605-001118,RV-01,2026-05-10T07:49:10,INSUFFICIENT_EVIDENCE,NO_CONTACT
RVW-202605-001037,ALT-202605-001119,RV-05,2026-05-07T21:51:38,CLEARED_FALSE_POSITIVE,DOC_VALID
RVW-202605-001038,ALT-202605-001120,RV-02,2026-05-17T10:03:10,CLEARED_FALSE_POSITIVE,CUSTOMER_CONTACTED
RVW-202605-001039,ALT-202605-001121,RV-05,2026-06-10T15:59:04,CLEARED_FALSE_POSITIVE,KNOWN_DEVICE
RVW-202605-001040,ALT-202605-001122,RV-05,2026-05-11T17:34:02,CLEARED_FALSE_POSITIVE,ID_VERIFIED
RVW-202605-001041,ALT-202605-001123,RV-04,2026-05-18T07:13:59,CONFIRMED_FRAUD,DOC_FORGED
RVW-202605-001042,ALT-202605-001124,RV-06,2026-05-23T16:26:36,CLEARED_FALSE_POSITIVE,DOC_VALID
RVW-202605-001043,ALT-202605-001125,RV-01,2026-06-01T09:09:27,CONFIRMED_FRAUD,ATO_CONFIRMED
RVW-202605-001044,ALT-202605-001126,RV-03,2026-05-15T12:54:57,CLEARED_FALSE_POSITIVE,CUSTOMER_CONTACTED
RVW-202605-001045,ALT-202605-001127,RV-05,2026-05-31T16:32:36,CLEARED_FALSE_POSITIVE,ID_VERIFIED
RVW-202605-001046,ALT-202605-001128,RV-02,2026-05-20T08:43:40,CLEARED_FALSE_POSITIVE,ID_VERIFIED
RVW-202605-001047,ALT-202605-001129,RV-05,2026-05-15T11:39:09,CLEARED_FALSE_POSITIVE,KNOWN_DEVICE
RVW-202605-001048,ALT-202605-001130,RV-06,2026-05-30T18:33:17,CLEARED_FALSE_POSITIVE,CUSTOMER_CONTACTED
RVW-202605-001049,ALT-202605-001131,RV-04,2026-05-25T14:57:25,CLEARED_FALSE_POSITIVE,CUSTOMER_CONTACTED
RVW-202605-001050,ALT-202605-001132,RV-06,2026-05-12T19:39:56,CLEARED_FALSE_POSITIVE,ID_VERIFIED
RVW-202605-001051,ALT-202605-001133,RV-01,2026-05-10T11:03:51,CLEARED_FALSE_POSITIVE,ID_VERIFIED
RVW-202605-001052,ALT-202605-001134,RV-01,2026-05-31T21:11:28,CLEARED_FALSE_POSITIVE,DOC_VALID
RVW-202605-001053,ALT-202605-001135,RV-02,2026-05-19T19:33:25,CLEARED_FALSE_POSITIVE,CUSTOMER_CONTACTED
RVW-202605-001054,ALT-202605-001136,RV-04,2026-06-01T11:49:20,CLEARED_FALSE_POSITIVE,KNOWN_DEVICE
RVW-202605-001055,ALT-202605-001137,RV-05,2026-06-04T19:10:27,CLEARED_FALSE_POSITIVE,KNOWN_DEVICE
RVW-202605-001056,ALT-202605-001138,RV-06,2026-05-14T15:26:39,CLEARED_FALSE_POSITIVE,ID_VERIFIED
RVW-202605-001057,ALT-202605-001139,RV-05,2026-05-09T13:30:51,CLEARED_FALSE_POSITIVE,KNOWN_DEVICE
RVW-202605-001058,ALT-202605-001140,RV-02,2026-05-21T09:20:46,CLEARED_FALSE_POSITIVE,DOC_VALID
RVW-202605-001059,ALT-202605-001141,RV-03,2026-05-29T16:02:00,CLEARED_FALSE_POSITIVE,KNOWN_DEVICE
RVW-202605-001060,ALT-202605-001142,RV-03,2026-05-14T20:04:54,CLEARED_FALSE_POSITIVE,ID_VERIFIED
RVW-202605-001061,ALT-202605-001143,RV-06,2026-05-08T19:16:07,CLEARED_FALSE_POSITIVE,CUSTOMER_CONTACTED
RVW-202605-001062,ALT-202605-001144,RV-01,2026-05-17T09:02:13,CLEARED_FALSE_POSITIVE,CUSTOMER_CONTACTED
RVW-202605-001063,ALT-202605-001145,RV-06,2026-05-27T21:37:53,CLEARED_FALSE_POSITIVE,KNOWN_DEVICE
RVW-202605-001064,ALT-202605-001146,RV-05,2026-05-31T08:18:51,CLEARED_FALSE_POSITIVE,ID_VERIFIED
RVW-202605-001065,ALT-202605-001147,RV-03,2026-06-07T11:44:48,CLEARED_FALSE_POSITIVE,KNOWN_DEVICE
RVW-202605-001066,ALT-202605-001149,RV-04,2026-05-05T20:05:57,CLEARED_FALSE_POSITIVE,DOC_VALID
RVW-202605-001067,ALT-202605-001150,RV-06,2026-05-09T17:15:22,CLEARED_FALSE_POSITIVE,KNOWN_DEVICE
RVW-202605-001068,ALT-202605-001152,RV-01,2026-05-26T14:25:25,CLEARED_FALSE_POSITIVE,DOC_VALID
RVW-202605-001069,ALT-202605-001153,RV-02,2026-05-30T18:13:41,CLEARED_FALSE_POSITIVE,DOC_VALID
RVW-202605-001070,ALT-202605-001154,RV-02,2026-05-09T19:01:06,CLEARED_FALSE_POSITIVE,DOC_VALID
RVW-202605-001071,ALT-202605-001155,RV-06,2026-05-17T06:27:48,CONFIRMED_FRAUD,SYNTH_ID_CONFIRMED
RVW-202605-001072,ALT-202605-001156,RV-05,2026-05-29T08:39:41,CONFIRMED_FRAUD,DOC_FORGED
RVW-202605-001073,ALT-202605-001157,RV-02,2026-06-07T21:25:31,CONFIRMED_FRAUD,MULE_CONFIRMED
RVW-202605-001074,ALT-202605-001158,RV-03,2026-05-29T15:39:24,CLEARED_FALSE_POSITIVE,KNOWN_DEVICE
RVW-202605-001075,ALT-202605-001159,RV-06,2026-05-26T09:31:38,CLEARED_FALSE_POSITIVE,DOC_VALID
RVW-202605-001076,ALT-202605-001160,RV-01,2026-05-31T13:52:28,CLEARED_FALSE_POSITIVE,KNOWN_DEVICE
RVW-202605-001077,ALT-202605-001161,RV-04,2026-06-07T08:06:25,CLEARED_FALSE_POSITIVE,KNOWN_DEVICE
RVW-202605-001078,ALT-202605-001162,RV-05,2026-06-10T15:51:02,CLEARED_FALSE_POSITIVE,DOC_VALID
RVW-202605-001079,ALT-202605-001163,RV-01,2026-05-23T20:32:46,CLEARED_FALSE_POSITIVE,DOC_VALID
RVW-202605-001080,ALT-202605-001164,RV-01,2026-05-27T22:21:25,CLEARED_FALSE_POSITIVE,CUSTOMER_CONTACTED
RVW-202605-001081,ALT-202605-001165,RV-02,2026-05-19T08:15:55,CLEARED_FALSE_POSITIVE,ID_VERIFIED
RVW-202605-001082,ALT-202605-001166,RV-01,2026-05-25T17:03:38,CLEARED_FALSE_POSITIVE,CUSTOMER_CONTACTED
RVW-202605-001083,ALT-202605-001167,RV-05,2026-05-23T12:33:54,INSUFFICIENT_EVIDENCE,AGED_OUT
RVW-202605-001084,ALT-202605-001168,RV-06,2026-05-02T20:12:15,CONFIRMED_FRAUD,SYNTH_ID_CONFIRMED
RVW-202605-001085,ALT-202605-001169,RV-03,2026-05-30T19:46:07,CLEARED_FALSE_POSITIVE,ID_VERIFIED
RVW-202605-001086,ALT-202605-001170,RV-05,2026-05-31T22:47:27,CLEARED_FALSE_POSITIVE,KNOWN_DEVICE
RVW-202605-001087,ALT-202605-001171,RV-01,2026-06-05T09:25:08,CLEARED_FALSE_POSITIVE,DOC_VALID
RVW-202605-001088,ALT-202605-001172,RV-05,2026-06-03T12:54:10,CLEARED_FALSE_POSITIVE,KNOWN_DEVICE
RVW-202605-001089,ALT-202605-001173,RV-02,2026-05-26T20:43:15,CLEARED_FALSE_POSITIVE,CUSTOMER_CONTACTED
RVW-202605-001090,ALT-202605-001174,RV-04,2026-05-16T17:59:13,CLEARED_FALSE_POSITIVE,ID_VERIFIED
RVW-202605-001091,ALT-202605-001176,RV-04,2026-05-17T16:42:03,CLEARED_FALSE_POSITIVE,CUSTOMER_CONTACTED
RVW-202605-001092,ALT-202605-001177,RV-06,2026-05-19T06:18:13,CLEARED_FALSE_POSITIVE,DOC_VALID
RVW-202605-001093,ALT-202605-001178,RV-05,2026-05-12T21:22:14,CLEARED_FALSE_POSITIVE,ID_VERIFIED
RVW-202605-001094,ALT-202605-001179,RV-03,2026-05-14T13:51:07,CLEARED_FALSE_POSITIVE,KNOWN_DEVICE
RVW-202605-001095,ALT-202605-001180,RV-03,2026-05-28T17:33:47,CONFIRMED_FRAUD,SYNTH_ID_CONFIRMED
RVW-202605-001096,ALT-202605-001181,RV-05,2026-05-19T17:50:59,CLEARED_FALSE_POSITIVE,CUSTOMER_CONTACTED
RVW-202605-001097,ALT-202605-001182,RV-01,2026-05-30T07:39:46,CLEARED_FALSE_POSITIVE,KNOWN_DEVICE
RVW-202605-001098,ALT-202605-001183,RV-01,2026-05-22T20:16:52,CLEARED_FALSE_POSITIVE,CUSTOMER_CONTACTED
RVW-202605-001099,ALT-202605-001184,RV-04,2026-05-20T16:28:28,INSUFFICIENT_EVIDENCE,NO_CONTACT
RVW-202605-001100,ALT-202605-001185,RV-01,2026-05-27T18:13:49,CLEARED_FALSE_POSITIVE,DOC_VALID
RVW-202605-001101,ALT-202605-001186,RV-01,2026-06-01T19:52:10,CLEARED_FALSE_POSITIVE,KNOWN_DEVICE
RVW-202605-001102,ALT-202605-001187,RV-06,2026-06-04T06:29:02,CLEARED_FALSE_POSITIVE,KNOWN_DEVICE
RVW-202605-001103,ALT-202605-001188,RV-05,2026-06-10T11:38:30,CLEARED_FALSE_POSITIVE,DOC_VALID
RVW-202605-001104,ALT-202605-001189,RV-02,2026-05-12T12:14:39,INSUFFICIENT_EVIDENCE,DATA_UNAVAILABLE
RVW-202605-001105,ALT-202605-001190,RV-01,2026-05-28T14:36:29,CLEARED_FALSE_POSITIVE,DOC_VALID
RVW-202605-001106,ALT-202605-001191,RV-05,2026-05-20T06:21:06,INSUFFICIENT_EVIDENCE,NO_CONTACT
RVW-202605-001107,ALT-202605-001192,RV-01,2026-05-21T17:25:25,CONFIRMED_FRAUD,MULE_CONFIRMED
RVW-202605-001108,ALT-202605-001193,RV-01,2026-05-13T11:09:29,CONFIRMED_FRAUD,DOC_FORGED
RVW-202605-001109,ALT-202605-001194,RV-03,2026-05-16T18:50:36,CLEARED_FALSE_POSITIVE,DOC_VALID
RVW-202605-001110,ALT-202605-001195,RV-05,2026-05-15T12:45:39,CLEARED_FALSE_POSITIVE,KNOWN_DEVICE
RVW-202605-001111,ALT-202605-001196,RV-04,2026-05-22T15:29:53,CLEARED_FALSE_POSITIVE,DOC_VALID
RVW-202605-001112,ALT-202605-001197,RV-06,2026-05-13T11:01:46,INSUFFICIENT_EVIDENCE,NO_CONTACT
RVW-202605-001113,ALT-202605-001198,RV-02,2026-05-18T11:02:38,CLEARED_FALSE_POSITIVE,DOC_VALID
RVW-202605-001114,ALT-202605-001199,RV-03,2026-06-05T14:18:01,CLEARED_FALSE_POSITIVE,ID_VERIFIED
RVW-202605-001115,ALT-202605-001200,RV-05,2026-05-26T11:16:53,CLEARED_FALSE_POSITIVE,CUSTOMER_CONTACTED
RVW-202605-001116,ALT-202605-001201,RV-02,2026-05-26T15:24:33,CLEARED_FALSE_POSITIVE,ID_VERIFIED
RVW-202605-001117,ALT-202605-001202,RV-06,2026-05-15T17:24:58,CONFIRMED_FRAUD,ATO_CONFIRMED
RVW-202605-001118,ALT-202605-001203,RV-05,2026-05-17T15:23:22,INSUFFICIENT_EVIDENCE,DATA_UNAVAILABLE
RVW-202605-001119,ALT-202605-001205,RV-06,2026-05-26T13:13:33,CLEARED_FALSE_POSITIVE,ID_VERIFIED
RVW-202605-001120,ALT-202605-001206,RV-03,2026-05-28T10:39:14,INSUFFICIENT_EVIDENCE,DATA_UNAVAILABLE
RVW-202605-001121,ALT-202605-001207,RV-03,2026-06-03T13:58:59,CLEARED_FALSE_POSITIVE,ID_VERIFIED
RVW-202605-001122,ALT-202605-001208,RV-01,2026-05-13T21:59:46,CONFIRMED_FRAUD,DOC_FORGED
RVW-202605-001123,ALT-202605-001209,RV-01,2026-05-20T13:43:24,CLEARED_FALSE_POSITIVE,KNOWN_DEVICE
RVW-202605-001124,ALT-202605-001210,RV-01,2026-05-31T19:43:07,CLEARED_FALSE_POSITIVE,KNOWN_DEVICE
RVW-202605-001125,ALT-202605-001211,RV-05,2026-05-14T15:26:51,CLEARED_FALSE_POSITIVE,DOC_VALID
RVW-202605-001126,ALT-202605-001212,RV-01,2026-05-13T12:33:52,CLEARED_FALSE_POSITIVE,DOC_VALID
RVW-202605-001127,ALT-202605-001213,RV-01,2026-05-15T12:49:46,CLEARED_FALSE_POSITIVE,CUSTOMER_CONTACTED
RVW-202605-001128,ALT-202605-001214,RV-05,2026-05-08T17:55:41,CLEARED_FALSE_POSITIVE,KNOWN_DEVICE
RVW-202605-001129,ALT-202605-001215,RV-01,2026-05-30T21:06:49,CLEARED_FALSE_POSITIVE,DOC_VALID
RVW-202605-001130,ALT-202605-001216,RV-02,2026-06-02T12:23:17,CONFIRMED_FRAUD,DOC_FORGED
RVW-202605-001131,ALT-202605-001217,RV-02,2026-05-19T14:49:19,CONFIRMED_FRAUD,ATO_CONFIRMED
RVW-202605-001132,ALT-202605-001218,RV-05,2026-05-14T16:26:07,CONFIRMED_FRAUD,MULE_CONFIRMED
RVW-202605-001133,ALT-202605-001219,RV-01,2026-06-07T17:02:08,CLEARED_FALSE_POSITIVE,DOC_VALID
RVW-202605-001134,ALT-202605-001220,RV-03,2026-06-02T13:37:35,CLEARED_FALSE_POSITIVE,KNOWN_DEVICE
RVW-202605-001135,ALT-202605-001221,RV-04,2026-05-15T13:02:24,CLEARED_FALSE_POSITIVE,DOC_VALID
RVW-202605-001136,ALT-202605-001222,RV-05,2026-05-01T06:54:27,CLEARED_FALSE_POSITIVE,KNOWN_DEVICE
RVW-202605-001137,ALT-202605-001223,RV-02,2026-05-09T13:33:10,CLEARED_FALSE_POSITIVE,CUSTOMER_CONTACTED
RVW-202605-001138,ALT-202605-001224,RV-06,2026-05-10T09:57:43,CLEARED_FALSE_POSITIVE,KNOWN_DEVICE
RVW-202605-001139,ALT-202605-001225,RV-01,2026-05-19T21:49:59,CLEARED_FALSE_POSITIVE,KNOWN_DEVICE
RVW-202605-001140,ALT-202605-001226,RV-04,2026-05-30T18:26:48,CONFIRMED_FRAUD,DOC_FORGED
RVW-202605-001141,ALT-202605-001227,RV-05,2026-06-05T07:07:48,CONFIRMED_FRAUD,ATO_CONFIRMED
RVW-202605-001142,ALT-202605-001228,RV-04,2026-05-17T08:36:19,CLEARED_FALSE_POSITIVE,DOC_VALID
RVW-202605-001143,ALT-202605-001229,RV-06,2026-05-22T15:03:37,CLEARED_FALSE_POSITIVE,DOC_VALID
RVW-202605-001144,ALT-202605-001230,RV-05,2026-05-26T21:41:19,CLEARED_FALSE_POSITIVE,CUSTOMER_CONTACTED
RVW-202605-001145,ALT-202605-001231,RV-03,2026-05-20T21:27:19,CLEARED_FALSE_POSITIVE,KNOWN_DEVICE
RVW-202605-001146,ALT-202605-001232,RV-06,2026-06-03T06:30:25,CONFIRMED_FRAUD,SYNTH_ID_CONFIRMED
RVW-202605-001147,ALT-202605-001233,RV-04,2026-05-29T13:52:00,CLEARED_FALSE_POSITIVE,CUSTOMER_CONTACTED
RVW-202605-001148,ALT-202605-001234,RV-04,2026-05-27T07:10:37,CLEARED_FALSE_POSITIVE,KNOWN_DEVICE
RVW-202605-001149,ALT-202605-001235,RV-03,2026-06-10T09:52:35,CLEARED_FALSE_POSITIVE,CUSTOMER_CONTACTED
RVW-202605-001150,ALT-202605-001236,RV-05,2026-05-09T13:24:47,CONFIRMED_FRAUD,MULE_CONFIRMED
RVW-202605-001151,ALT-202605-001237,RV-02,2026-05-21T06:24:59,INSUFFICIENT_EVIDENCE,NO_CONTACT
RVW-202605-001152,ALT-202605-001238,RV-03,2026-05-18T06:50:44,CONFIRMED_FRAUD,MULE_CONFIRMED
RVW-202605-001153,ALT-202605-001239,RV-01,2026-05-23T18:44:23,CLEARED_FALSE_POSITIVE,CUSTOMER_CONTACTED
RVW-202605-001154,ALT-202605-001240,RV-05,2026-05-19T22:35:02,CLEARED_FALSE_POSITIVE,KNOWN_DEVICE
RVW-202605-001155,ALT-202605-001241,RV-05,2026-05-18T17:46:18,CLEARED_FALSE_POSITIVE,CUSTOMER_CONTACTED
RVW-202605-001156,ALT-202605-001242,RV-05,2026-05-15T21:18:32,CONFIRMED_FRAUD,MULE_CONFIRMED
RVW-202605-001157,ALT-202605-001243,RV-06,2026-06-03T17:42:06,CLEARED_FALSE_POSITIVE,DOC_VALID
RVW-202605-001158,ALT-202605-001244,RV-04,2026-05-12T06:40:04,CLEARED_FALSE_POSITIVE,ID_VERIFIED
RVW-202605-001159,ALT-202605-001245,RV-03,2026-05-26T14:07:03,CONFIRMED_FRAUD,SYNTH_ID_CONFIRMED
RVW-202605-001160,ALT-202605-001246,RV-05,2026-05-13T12:47:41,CLEARED_FALSE_POSITIVE,KNOWN_DEVICE
RVW-202605-001161,ALT-202605-001247,RV-01,2026-05-20T18:51:32,CLEARED_FALSE_POSITIVE,CUSTOMER_CONTACTED
RVW-202605-001162,ALT-202605-001249,RV-02,2026-05-16T16:07:39,CLEARED_FALSE_POSITIVE,ID_VERIFIED
RVW-202605-001163,ALT-202605-001250,RV-02,2026-06-05T21:40:53,CONFIRMED_FRAUD,MULE_CONFIRMED
RVW-202605-001164,ALT-202605-001251,RV-03,2026-05-09T09:49:56,CLEARED_FALSE_POSITIVE,DOC_VALID
RVW-202605-001165,ALT-202605-001252,RV-01,2026-05-15T16:30:48,CLEARED_FALSE_POSITIVE,CUSTOMER_CONTACTED
RVW-202605-001166,ALT-202605-001253,RV-01,2026-05-17T21:27:10,CLEARED_FALSE_POSITIVE,ID_VERIFIED
RVW-202605-001167,ALT-202605-001254,RV-04,2026-05-14T06:23:27,CLEARED_FALSE_POSITIVE,DOC_VALID
RVW-202605-001168,ALT-202605-001255,RV-04,2026-05-12T07:48:59,INSUFFICIENT_EVIDENCE,NO_CONTACT
RVW-202605-001169,ALT-202605-001256,RV-03,2026-05-12T18:56:18,CONFIRMED_FRAUD,DOC_FORGED
RVW-202605-001170,ALT-202605-001257,RV-06,2026-05-18T21:15:13,CLEARED_FALSE_POSITIVE,ID_VERIFIED
RVW-202605-001171,ALT-202605-001258,RV-03,2026-05-16T08:20:00,CLEARED_FALSE_POSITIVE,ID_VERIFIED
RVW-202605-001172,ALT-202605-001259,RV-02,2026-05-13T11:29:44,CLEARED_FALSE_POSITIVE,DOC_VALID
RVW-202605-001173,ALT-202605-001260,RV-04,2026-05-08T22:58:19,CLEARED_FALSE_POSITIVE,ID_VERIFIED
RVW-202605-001174,ALT-202605-001261,RV-01,2026-05-21T06:51:00,CLEARED_FALSE_POSITIVE,DOC_VALID
RVW-202605-001175,ALT-202605-001262,RV-06,2026-05-27T10:25:53,INSUFFICIENT_EVIDENCE,DATA_UNAVAILABLE
RVW-202605-001176,ALT-202605-001263,RV-01,2026-05-29T21:34:39,CLEARED_FALSE_POSITIVE,ID_VERIFIED
RVW-202605-001177,ALT-202605-001264,RV-04,2026-06-08T09:37:22,CLEARED_FALSE_POSITIVE,CUSTOMER_CONTACTED
RVW-202605-001178,ALT-202605-001265,RV-04,2026-05-23T08:43:04,CONFIRMED_FRAUD,MULE_CONFIRMED
RVW-202605-001179,ALT-202605-001266,RV-05,2026-05-22T18:38:16,CONFIRMED_FRAUD,ATO_CONFIRMED
RVW-202605-001180,ALT-202605-001267,RV-06,2026-05-28T12:39:09,CONFIRMED_FRAUD,SYNTH_ID_CONFIRMED
RVW-202605-001181,ALT-202605-001268,RV-03,2026-05-31T13:51:03,INSUFFICIENT_EVIDENCE,AGED_OUT
RVW-202605-001182,ALT-202605-001269,RV-02,2026-05-11T14:59:21,CONFIRMED_FRAUD,MULE_CONFIRMED
RVW-202605-001183,ALT-202605-001270,RV-05,2026-05-18T18:08:30,CLEARED_FALSE_POSITIVE,DOC_VALID
RVW-202605-001184,ALT-202605-001271,RV-05,2026-06-02T21:55:45,CONFIRMED_FRAUD,ATO_CONFIRMED
RVW-202605-001185,ALT-202605-001272,RV-05,2026-05-23T21:11:52,CONFIRMED_FRAUD,DOC_FORGED
RVW-202605-001186,ALT-202605-001274,RV-01,2026-05-11T07:07:53,CLEARED_FALSE_POSITIVE,KNOWN_DEVICE
RVW-202605-001187,ALT-202605-001275,RV-01,2026-06-04T11:24:54,CLEARED_FALSE_POSITIVE,ID_VERIFIED
RVW-202605-001188,ALT-202605-001276,RV-05,2026-05-18T14:04:18,CLEARED_FALSE_POSITIVE,ID_VERIFIED
RVW-202605-001189,ALT-202605-001277,RV-05,2026-05-23T21:51:16,CLEARED_FALSE_POSITIVE,ID_VERIFIED
RVW-202605-001190,ALT-202605-001278,RV-02,2026-06-02T22:07:18,CLEARED_FALSE_POSITIVE,ID_VERIFIED
RVW-202605-001191,ALT-202605-001279,RV-02,2026-05-24T07:07:53,CLEARED_FALSE_POSITIVE,DOC_VALID
RVW-202605-001192,ALT-202605-001280,RV-04,2026-05-31T08:23:40,CLEARED_FALSE_POSITIVE,ID_VERIFIED
RVW-202605-001193,ALT-202605-001281,RV-04,2026-05-12T16:41:47,CLEARED_FALSE_POSITIVE,ID_VERIFIED
RVW-202605-001194,ALT-202605-001282,RV-04,2026-05-15T08:47:03,CLEARED_FALSE_POSITIVE,ID_VERIFIED
RVW-202605-001195,ALT-202605-001283,RV-03,2026-05-29T16:25:43,CLEARED_FALSE_POSITIVE,KNOWN_DEVICE
RVW-202605-001196,ALT-202605-001284,RV-05,2026-05-20T17:08:39,CONFIRMED_FRAUD,ATO_CONFIRMED
RVW-202605-001197,ALT-202605-001285,RV-05,2026-05-05T17:37:04,CONFIRMED_FRAUD,MULE_CONFIRMED
RVW-202605-001198,ALT-202605-001286,RV-05,2026-05-10T16:38:35,CLEARED_FALSE_POSITIVE,KNOWN_DEVICE
RVW-202605-001199,ALT-202605-001287,RV-03,2026-05-04T16:02:47,CONFIRMED_FRAUD,ATO_CONFIRMED
RVW-202605-001200,ALT-202605-001289,RV-06,2026-05-23T12:23:58,CLEARED_FALSE_POSITIVE,DOC_VALID
RVW-202605-001201,ALT-202605-001290,RV-02,2026-06-04T22:40:09,CLEARED_FALSE_POSITIVE,ID_VERIFIED
RVW-202605-001202,ALT-202605-001291,RV-06,2026-05-30T06:25:44,CLEARED_FALSE_POSITIVE,KNOWN_DEVICE
RVW-202605-001203,ALT-202605-001292,RV-05,2026-05-24T19:48:22,INSUFFICIENT_EVIDENCE,DATA_UNAVAILABLE
RVW-202605-001204,ALT-202605-001293,RV-03,2026-05-11T08:13:44,CLEARED_FALSE_POSITIVE,CUSTOMER_CONTACTED
RVW-202605-001205,ALT-202605-001294,RV-05,2026-06-01T07:48:15,CLEARED_FALSE_POSITIVE,DOC_VALID
RVW-202605-001206,ALT-202605-001295,RV-06,2026-05-24T18:25:05,CLEARED_FALSE_POSITIVE,ID_VERIFIED
RVW-202605-001207,ALT-202605-001296,RV-01,2026-05-23T22:40:06,CLEARED_FALSE_POSITIVE,CUSTOMER_CONTACTED
RVW-202605-001208,ALT-202605-001297,RV-02,2026-05-21T19:28:51,CONFIRMED_FRAUD,ATO_CONFIRMED
RVW-202605-001209,ALT-202605-001298,RV-02,2026-06-02T22:54:18,CLEARED_FALSE_POSITIVE,DOC_VALID
RVW-202605-001210,ALT-202605-001299,RV-05,2026-05-09T08:38:55,CLEARED_FALSE_POSITIVE,CUSTOMER_CONTACTED
RVW-202605-001211,ALT-202605-001300,RV-06,2026-05-27T21:41:01,CLEARED_FALSE_POSITIVE,KNOWN_DEVICE
RVW-202605-001212,ALT-202605-001301,RV-06,2026-05-25T17:16:52,CONFIRMED_FRAUD,DOC_FORGED
RVW-202605-001213,ALT-202605-001302,RV-05,2026-05-10T12:56:11,CLEARED_FALSE_POSITIVE,CUSTOMER_CONTACTED
RVW-202605-001214,ALT-202605-001303,RV-03,2026-05-23T15:28:25,CONFIRMED_FRAUD,MULE_CONFIRMED
RVW-202605-001215,ALT-202605-001304,RV-06,2026-05-17T09:05:56,CLEARED_FALSE_POSITIVE,KNOWN_DEVICE
RVW-202605-001216,ALT-202605-001305,RV-06,2026-05-09T16:28:09,CLEARED_FALSE_POSITIVE,DOC_VALID
RVW-202605-001217,ALT-202605-001306,RV-04,2026-05-31T20:48:05,INSUFFICIENT_EVIDENCE,NO_CONTACT
RVW-202605-001218,ALT-202605-001307,RV-03,2026-05-04T18:56:11,CLEARED_FALSE_POSITIVE,DOC_VALID
RVW-202605-001219,ALT-202605-001308,RV-02,2026-05-16T15:22:39,CLEARED_FALSE_POSITIVE,ID_VERIFIED
RVW-202605-001220,ALT-202605-001309,RV-01,2026-05-01T07:15:39,CLEARED_FALSE_POSITIVE,KNOWN_DEVICE
RVW-202605-001221,ALT-202605-001310,RV-01,2026-05-08T10:36:32,CLEARED_FALSE_POSITIVE,KNOWN_DEVICE
RVW-202605-001222,ALT-202605-001311,RV-01,2026-05-24T09:25:14,CLEARED_FALSE_POSITIVE,DOC_VALID
RVW-202605-001223,ALT-202605-001312,RV-06,2026-06-04T22:10:38,CLEARED_FALSE_POSITIVE,ID_VERIFIED
RVW-202605-001224,ALT-202605-001313,RV-06,2026-05-08T22:19:27,CLEARED_FALSE_POSITIVE,CUSTOMER_CONTACTED
RVW-202605-001225,ALT-202605-001314,RV-04,2026-05-30T21:37:44,CLEARED_FALSE_POSITIVE,DOC_VALID
RVW-202605-001226,ALT-202605-001315,RV-01,2026-05-30T10:30:25,CLEARED_FALSE_POSITIVE,KNOWN_DEVICE
RVW-202605-001227,ALT-202605-001317,RV-05,2026-05-25T20:25:43,CONFIRMED_FRAUD,MULE_CONFIRMED
RVW-202605-001228,ALT-202605-001318,RV-02,2026-05-25T09:18:33,CLEARED_FALSE_POSITIVE,KNOWN_DEVICE
RVW-202605-001229,ALT-202605-001319,RV-02,2026-05-10T21:24:38,CLEARED_FALSE_POSITIVE,ID_VERIFIED
RVW-202605-001230,ALT-202605-001320,RV-01,2026-05-19T13:11:15,CONFIRMED_FRAUD,DOC_FORGED
RVW-202605-001231,ALT-202605-001322,RV-01,2026-05-22T16:10:04,INSUFFICIENT_EVIDENCE,NO_CONTACT
RVW-202605-001232,ALT-202605-001324,RV-05,2026-05-08T21:23:15,CLEARED_FALSE_POSITIVE,DOC_VALID
RVW-202605-001233,ALT-202605-001325,RV-01,2026-05-26T11:37:31,CLEARED_FALSE_POSITIVE,DOC_VALID
RVW-202605-001234,ALT-202605-001326,RV-03,2026-05-30T14:25:17,CLEARED_FALSE_POSITIVE,CUSTOMER_CONTACTED
RVW-202605-001235,ALT-202605-001327,RV-04,2026-05-30T06:01:00,CLEARED_FALSE_POSITIVE,KNOWN_DEVICE
RVW-202605-001236,ALT-202605-001328,RV-03,2026-06-03T17:19:36,CONFIRMED_FRAUD,ATO_CONFIRMED
RVW-202605-001237,ALT-202605-001329,RV-03,2026-05-04T07:17:47,CONFIRMED_FRAUD,MULE_CONFIRMED
RVW-202605-001238,ALT-202605-001330,RV-03,2026-05-25T15:52:42,CONFIRMED_FRAUD,MULE_CONFIRMED
RVW-202605-001239,ALT-202605-001331,RV-05,2026-06-03T13:35:28,CLEARED_FALSE_POSITIVE,KNOWN_DEVICE
RVW-202605-001240,ALT-202605-001332,RV-05,2026-05-18T16:31:27,CLEARED_FALSE_POSITIVE,CUSTOMER_CONTACTED
RVW-202605-001241,ALT-202605-001333,RV-01,2026-05-22T12:06:04,CLEARED_FALSE_POSITIVE,ID_VERIFIED
RVW-202605-001242,ALT-202605-001334,RV-01,2026-06-02T09:16:35,CONFIRMED_FRAUD,ATO_CONFIRMED
RVW-202605-001243,ALT-202605-001335,RV-06,2026-06-01T09:27:07,CLEARED_FALSE_POSITIVE,KNOWN_DEVICE
RVW-202605-001244,ALT-202605-001336,RV-05,2026-05-23T13:21:13,CLEARED_FALSE_POSITIVE,ID_VERIFIED
RVW-202605-001245,ALT-202605-001337,RV-05,2026-05-17T21:51:20,CLEARED_FALSE_POSITIVE,DOC_VALID
RVW-202605-001246,ALT-202605-001338,RV-06,2026-05-14T22:03:37,CONFIRMED_FRAUD,DOC_FORGED
RVW-202605-001247,ALT-202605-001339,RV-05,2026-06-01T12:10:31,CLEARED_FALSE_POSITIVE,KNOWN_DEVICE
RVW-202605-001248,ALT-202605-001340,RV-02,2026-05-18T21:12:54,CONFIRMED_FRAUD,SYNTH_ID_CONFIRMED
RVW-202605-001249,ALT-202605-001341,RV-03,2026-05-31T17:20:45,CLEARED_FALSE_POSITIVE,KNOWN_DEVICE
RVW-202605-001250,ALT-202605-001342,RV-01,2026-05-29T21:39:43,CLEARED_FALSE_POSITIVE,DOC_VALID
RVW-202605-001251,ALT-202605-001343,RV-03,2026-05-11T13:08:57,CONFIRMED_FRAUD,DOC_FORGED
RVW-202605-001252,ALT-202605-001344,RV-01,2026-06-07T16:58:22,CLEARED_FALSE_POSITIVE,DOC_VALID
RVW-202605-001253,ALT-202605-001345,RV-03,2026-05-21T21:25:53,CONFIRMED_FRAUD,ATO_CONFIRMED
RVW-202605-001254,ALT-202605-001346,RV-01,2026-05-22T06:32:45,CLEARED_FALSE_POSITIVE,CUSTOMER_CONTACTED
RVW-202605-001255,ALT-202605-001347,RV-03,2026-05-26T13:11:55,CLEARED_FALSE_POSITIVE,CUSTOMER_CONTACTED
RVW-202605-001256,ALT-202605-001348,RV-02,2026-05-07T15:33:54,INSUFFICIENT_EVIDENCE,NO_CONTACT
RVW-202605-001257,ALT-202605-001349,RV-06,2026-05-21T09:39:21,INSUFFICIENT_EVIDENCE,AGED_OUT
RVW-202605-001258,ALT-202605-001350,RV-06,2026-05-20T21:43:10,CONFIRMED_FRAUD,MULE_CONFIRMED
RVW-202605-001259,ALT-202605-001351,RV-02,2026-05-23T14:28:16,CLEARED_FALSE_POSITIVE,CUSTOMER_CONTACTED
RVW-202605-001260,ALT-202605-001352,RV-02,2026-05-25T16:51:41,CONFIRMED_FRAUD,DOC_FORGED
RVW-202605-001261,ALT-202605-001353,RV-05,2026-06-06T14:47:31,INSUFFICIENT_EVIDENCE,AGED_OUT
RVW-202605-001262,ALT-202605-001354,RV-02,2026-05-11T09:33:33,CLEARED_FALSE_POSITIVE,DOC_VALID
RVW-202605-001263,ALT-202605-001355,RV-01,2026-05-20T08:37:00,CLEARED_FALSE_POSITIVE,DOC_VALID
RVW-202605-001264,ALT-202605-001356,RV-05,2026-05-10T07:54:59,CLEARED_FALSE_POSITIVE,DOC_VALID
RVW-202605-001265,ALT-202605-001357,RV-06,2026-05-26T12:07:37,CLEARED_FALSE_POSITIVE,DOC_VALID
RVW-202605-001266,ALT-202605-001358,RV-02,2026-06-02T14:19:46,CLEARED_FALSE_POSITIVE,ID_VERIFIED
RVW-202605-001267,ALT-202605-001359,RV-05,2026-05-14T19:15:17,CLEARED_FALSE_POSITIVE,ID_VERIFIED
RVW-202605-001268,ALT-202605-001360,RV-05,2026-06-04T14:36:48,INSUFFICIENT_EVIDENCE,DATA_UNAVAILABLE
RVW-202605-001269,ALT-202605-001361,RV-02,2026-05-22T20:40:50,INSUFFICIENT_EVIDENCE,AGED_OUT
RVW-202605-001270,ALT-202605-001362,RV-03,2026-05-22T21:41:42,CONFIRMED_FRAUD,MULE_CONFIRMED
RVW-202605-001271,ALT-202605-001363,RV-04,2026-05-20T06:49:36,CLEARED_FALSE_POSITIVE,DOC_VALID
RVW-202605-001272,ALT-202605-001364,RV-02,2026-06-05T15:06:05,CLEARED_FALSE_POSITIVE,DOC_VALID
RVW-202605-001273,ALT-202605-001365,RV-04,2026-05-18T14:00:11,CLEARED_FALSE_POSITIVE,KNOWN_DEVICE
RVW-202605-001274,ALT-202605-001367,RV-02,2026-05-26T07:31:21,INSUFFICIENT_EVIDENCE,AGED_OUT
RVW-202605-001275,ALT-202605-001368,RV-04,2026-05-28T06:30:04,CLEARED_FALSE_POSITIVE,ID_VERIFIED
RVW-202605-001276,ALT-202605-001369,RV-03,2026-06-01T10:27:53,CONFIRMED_FRAUD,DOC_FORGED
RVW-202605-001277,ALT-202605-001370,RV-04,2026-05-07T20:12:16,CLEARED_FALSE_POSITIVE,ID_VERIFIED
RVW-202605-001278,ALT-202605-001371,RV-03,2026-05-21T14:09:08,CLEARED_FALSE_POSITIVE,CUSTOMER_CONTACTED
RVW-202605-001279,ALT-202605-001372,RV-05,2026-05-05T13:09:31,CLEARED_FALSE_POSITIVE,CUSTOMER_CONTACTED
RVW-202605-001280,ALT-202605-001373,RV-04,2026-06-08T22:15:23,CLEARED_FALSE_POSITIVE,ID_VERIFIED
RVW-202605-001281,ALT-202605-001374,RV-06,2026-05-26T10:11:24,CONFIRMED_FRAUD,SYNTH_ID_CONFIRMED
RVW-202605-001282,ALT-202605-001375,RV-02,2026-05-19T18:48:16,CLEARED_FALSE_POSITIVE,ID_VERIFIED
RVW-202605-001283,ALT-202605-001376,RV-05,2026-05-24T18:55:58,CLEARED_FALSE_POSITIVE,DOC_VALID
RVW-202605-001284,ALT-202605-001377,RV-02,2026-06-06T13:25:10,CLEARED_FALSE_POSITIVE,ID_VERIFIED
RVW-202605-001285,ALT-202605-001378,RV-01,2026-05-07T19:17:45,CLEARED_FALSE_POSITIVE,CUSTOMER_CONTACTED
RVW-202605-001286,ALT-202605-001379,RV-02,2026-05-31T20:51:02,CLEARED_FALSE_POSITIVE,KNOWN_DEVICE
RVW-202605-001287,ALT-202605-001380,RV-04,2026-05-28T09:53:03,CLEARED_FALSE_POSITIVE,KNOWN_DEVICE
RVW-202605-001288,ALT-202605-001381,RV-05,2026-06-01T08:00:44,CLEARED_FALSE_POSITIVE,ID_VERIFIED
RVW-202605-001289,ALT-202605-001382,RV-02,2026-05-08T19:20:33,CLEARED_FALSE_POSITIVE,DOC_VALID
RVW-202605-001290,ALT-202605-001383,RV-03,2026-05-12T16:59:27,CLEARED_FALSE_POSITIVE,DOC_VALID
RVW-202605-001291,ALT-202605-001384,RV-01,2026-06-02T15:52:58,CLEARED_FALSE_POSITIVE,KNOWN_DEVICE
RVW-202605-001292,ALT-202605-001385,RV-06,2026-05-18T06:32:34,CLEARED_FALSE_POSITIVE,KNOWN_DEVICE
RVW-202605-001293,ALT-202605-001386,RV-06,2026-05-19T16:58:41,CLEARED_FALSE_POSITIVE,KNOWN_DEVICE
RVW-202605-001294,ALT-202605-001387,RV-06,2026-05-28T22:39:09,CLEARED_FALSE_POSITIVE,CUSTOMER_CONTACTED
RVW-202605-001295,ALT-202605-001388,RV-04,2026-05-25T20:38:48,CONFIRMED_FRAUD,DOC_FORGED
RVW-202605-001296,ALT-202605-001389,RV-03,2026-05-14T12:50:24,CONFIRMED_FRAUD,DOC_FORGED
RVW-202605-001297,ALT-202605-001390,RV-04,2026-05-27T06:21:46,CLEARED_FALSE_POSITIVE,CUSTOMER_CONTACTED
RVW-202605-001298,ALT-202605-001391,RV-03,2026-05-22T14:35:48,CLEARED_FALSE_POSITIVE,KNOWN_DEVICE
RVW-202605-001299,ALT-202605-001392,RV-04,2026-05-09T06:50:35,CONFIRMED_FRAUD,MULE_CONFIRMED
RVW-202605-001300,ALT-202605-001393,RV-06,2026-05-09T19:33:44,CLEARED_FALSE_POSITIVE,DOC_VALID
RVW-202605-001301,ALT-202605-001394,RV-01,2026-05-23T08:54:24,CLEARED_FALSE_POSITIVE,DOC_VALID
RVW-202605-001302,ALT-202605-001395,RV-04,2026-05-17T12:11:11,INSUFFICIENT_EVIDENCE,NO_CONTACT
RVW-202605-001303,ALT-202605-001396,RV-04,2026-05-11T13:29:55,CONFIRMED_FRAUD,MULE_CONFIRMED
RVW-202605-001304,ALT-202605-001397,RV-04,2026-05-24T12:10:06,INSUFFICIENT_EVIDENCE,DATA_UNAVAILABLE
RVW-202605-001305,ALT-202605-001398,RV-01,2026-06-02T06:17:28,CLEARED_FALSE_POSITIVE,ID_VERIFIED
RVW-202605-001306,ALT-202605-001399,RV-03,2026-05-14T06:10:21,CLEARED_FALSE_POSITIVE,CUSTOMER_CONTACTED
RVW-202605-001307,ALT-202605-001400,RV-04,2026-05-20T21:23:47,CLEARED_FALSE_POSITIVE,KNOWN_DEVICE
RVW-202605-001308,ALT-202605-001401,RV-04,2026-06-06T15:40:47,CLEARED_FALSE_POSITIVE,DOC_VALID
RVW-202605-001309,ALT-202605-001402,RV-06,2026-05-21T14:54:20,CONFIRMED_FRAUD,ATO_CONFIRMED
RVW-202605-001310,ALT-202605-001403,RV-01,2026-05-16T16:48:31,CLEARED_FALSE_POSITIVE,ID_VERIFIED
RVW-202605-001311,ALT-202605-001404,RV-03,2026-05-09T19:56:49,CONFIRMED_FRAUD,DOC_FORGED
RVW-202605-001312,ALT-202605-001405,RV-06,2026-05-26T10:12:03,CLEARED_FALSE_POSITIVE,KNOWN_DEVICE
RVW-202605-001313,ALT-202605-001406,RV-04,2026-06-03T08:59:43,CLEARED_FALSE_POSITIVE,KNOWN_DEVICE
RVW-202605-001314,ALT-202605-001407,RV-01,2026-05-28T14:38:19,INSUFFICIENT_EVIDENCE,NO_CONTACT
RVW-202605-001315,ALT-202605-001408,RV-03,2026-05-15T17:15:11,CLEARED_FALSE_POSITIVE,ID_VERIFIED
RVW-202605-001316,ALT-202605-001409,RV-04,2026-05-25T22:28:53,CONFIRMED_FRAUD,SYNTH_ID_CONFIRMED
RVW-202605-001317,ALT-202605-001410,RV-05,2026-06-08T14:10:58,CLEARED_FALSE_POSITIVE,DOC_VALID
RVW-202605-001318,ALT-202605-001411,RV-03,2026-05-30T12:44:13,CLEARED_FALSE_POSITIVE,KNOWN_DEVICE
RVW-202605-001319,ALT-202605-001412,RV-04,2026-06-03T16:11:45,CLEARED_FALSE_POSITIVE,ID_VERIFIED
RVW-202605-001320,ALT-202605-001413,RV-02,2026-06-09T12:53:01,CLEARED_FALSE_POSITIVE,DOC_VALID
RVW-202605-001321,ALT-202605-001414,RV-03,2026-05-25T08:05:25,INSUFFICIENT_EVIDENCE,NO_CONTACT
RVW-202605-001322,ALT-202605-001415,RV-04,2026-06-01T07:42:03,CLEARED_FALSE_POSITIVE,DOC_VALID
RVW-202605-001323,ALT-202605-001416,RV-06,2026-05-30T21:11:55,CLEARED_FALSE_POSITIVE,CUSTOMER_CONTACTED
RVW-202605-001324,ALT-202605-001417,RV-05,2026-05-27T08:57:55,CLEARED_FALSE_POSITIVE,ID_VERIFIED
RVW-202605-001325,ALT-202605-001418,RV-04,2026-05-24T08:06:31,CLEARED_FALSE_POSITIVE,CUSTOMER_CONTACTED
RVW-202605-001326,ALT-202605-001419,RV-06,2026-05-18T07:22:09,INSUFFICIENT_EVIDENCE,DATA_UNAVAILABLE
RVW-202605-001327,ALT-202605-001420,RV-02,2026-06-02T08:00:37,CLEARED_FALSE_POSITIVE,CUSTOMER_CONTACTED
RVW-202605-001328,ALT-202605-001422,RV-02,2026-06-02T20:19:20,CONFIRMED_FRAUD,ATO_CONFIRMED
RVW-202605-001329,ALT-202605-001423,RV-05,2026-06-01T14:12:42,CLEARED_FALSE_POSITIVE,KNOWN_DEVICE
RVW-202605-001330,ALT-202605-001424,RV-01,2026-05-29T13:20:30,CLEARED_FALSE_POSITIVE,DOC_VALID
RVW-202605-001331,ALT-202605-001425,RV-02,2026-05-23T10:54:28,INSUFFICIENT_EVIDENCE,AGED_OUT
RVW-202605-001332,ALT-202605-001427,RV-02,2026-06-02T19:38:14,CLEARED_FALSE_POSITIVE,KNOWN_DEVICE
RVW-202605-001333,ALT-202605-001428,RV-04,2026-05-24T08:58:24,INSUFFICIENT_EVIDENCE,DATA_UNAVAILABLE
RVW-202605-001334,ALT-202605-001429,RV-02,2026-05-25T07:06:20,CLEARED_FALSE_POSITIVE,ID_VERIFIED
RVW-202605-001335,ALT-202605-001430,RV-03,2026-05-15T16:52:36,CLEARED_FALSE_POSITIVE,ID_VERIFIED
RVW-202605-001336,ALT-202605-001431,RV-02,2026-05-25T06:47:47,CLEARED_FALSE_POSITIVE,ID_VERIFIED
RVW-202605-001337,ALT-202605-001432,RV-06,2026-05-12T08:40:02,CLEARED_FALSE_POSITIVE,ID_VERIFIED
RVW-202605-001338,ALT-202605-001433,RV-06,2026-05-14T19:03:26,CLEARED_FALSE_POSITIVE,ID_VERIFIED
RVW-202605-001339,ALT-202605-001434,RV-04,2026-05-05T22:53:39,INSUFFICIENT_EVIDENCE,AGED_OUT
RVW-202605-001340,ALT-202605-001435,RV-04,2026-05-21T13:17:29,CLEARED_FALSE_POSITIVE,KNOWN_DEVICE
RVW-202605-001341,ALT-202605-001436,RV-02,2026-06-03T14:29:05,CLEARED_FALSE_POSITIVE,DOC_VALID
RVW-202605-001342,ALT-202605-001437,RV-05,2026-06-03T22:57:00,INSUFFICIENT_EVIDENCE,NO_CONTACT
RVW-202605-001343,ALT-202605-001438,RV-06,2026-05-06T06:04:17,CLEARED_FALSE_POSITIVE,KNOWN_DEVICE
RVW-202605-001344,ALT-202605-001439,RV-05,2026-05-13T19:25:54,CONFIRMED_FRAUD,DOC_FORGED
RVW-202605-001345,ALT-202605-001440,RV-06,2026-05-30T21:09:45,CONFIRMED_FRAUD,ATO_CONFIRMED
RVW-202605-001346,ALT-202605-001441,RV-05,2026-05-23T11:45:20,CLEARED_FALSE_POSITIVE,CUSTOMER_CONTACTED
RVW-202605-001347,ALT-202605-001444,RV-02,2026-05-04T06:54:49,CLEARED_FALSE_POSITIVE,CUSTOMER_CONTACTED
RVW-202605-001348,ALT-202605-001445,RV-03,2026-05-14T08:22:40,INSUFFICIENT_EVIDENCE,NO_CONTACT
RVW-202605-001349,ALT-202605-001446,RV-05,2026-06-03T16:34:21,CONFIRMED_FRAUD,ATO_CONFIRMED
RVW-202605-001350,ALT-202605-001447,RV-05,2026-06-08T18:08:26,CONFIRMED_FRAUD,SYNTH_ID_CONFIRMED
RVW-202605-001351,ALT-202605-001448,RV-01,2026-05-28T10:12:35,CONFIRMED_FRAUD,MULE_CONFIRMED
RVW-202605-001352,ALT-202605-001449,RV-04,2026-05-30T09:46:26,INSUFFICIENT_EVIDENCE,DATA_UNAVAILABLE
RVW-202605-001353,ALT-202605-001450,RV-02,2026-05-24T10:17:33,CLEARED_FALSE_POSITIVE,ID_VERIFIED
RVW-202605-001354,ALT-202605-001451,RV-01,2026-05-23T09:12:28,CLEARED_FALSE_POSITIVE,DOC_VALID
RVW-202605-001355,ALT-202605-001452,RV-02,2026-05-20T18:45:08,CLEARED_FALSE_POSITIVE,DOC_VALID
RVW-202605-001356,ALT-202605-001453,RV-01,2026-05-17T15:11:56,CLEARED_FALSE_POSITIVE,CUSTOMER_CONTACTED
RVW-202605-001357,ALT-202605-001454,RV-05,2026-05-13T20:01:14,CLEARED_FALSE_POSITIVE,DOC_VALID
RVW-202605-001358,ALT-202605-001455,RV-06,2026-05-14T07:50:46,CLEARED_FALSE_POSITIVE,KNOWN_DEVICE
RVW-202605-001359,ALT-202605-001456,RV-01,2026-05-14T09:22:16,CLEARED_FALSE_POSITIVE,ID_VERIFIED
RVW-202605-001360,ALT-202605-001457,RV-02,2026-05-21T10:59:57,CLEARED_FALSE_POSITIVE,ID_VERIFIED
RVW-202605-001361,ALT-202605-001459,RV-01,2026-05-19T19:48:27,CLEARED_FALSE_POSITIVE,KNOWN_DEVICE
RVW-202605-001362,ALT-202605-001460,RV-05,2026-05-15T11:12:04,CLEARED_FALSE_POSITIVE,DOC_VALID
RVW-202605-001363,ALT-202605-001461,RV-04,2026-06-02T12:43:20,CLEARED_FALSE_POSITIVE,DOC_VALID
RVW-202605-001364,ALT-202605-001462,RV-05,2026-05-31T14:11:31,CLEARED_FALSE_POSITIVE,DOC_VALID
RVW-202605-001365,ALT-202605-001463,RV-05,2026-05-13T11:17:14,CLEARED_FALSE_POSITIVE,KNOWN_DEVICE
RVW-202605-001366,ALT-202605-001464,RV-01,2026-05-05T13:13:40,CLEARED_FALSE_POSITIVE,DOC_VALID
RVW-202605-001367,ALT-202605-001465,RV-05,2026-05-23T11:18:15,CLEARED_FALSE_POSITIVE,ID_VERIFIED
RVW-202605-001368,ALT-202605-001466,RV-02,2026-05-04T10:44:30,CLEARED_FALSE_POSITIVE,CUSTOMER_CONTACTED
RVW-202605-001369,ALT-202605-001467,RV-04,2026-05-19T14:07:55,CLEARED_FALSE_POSITIVE,KNOWN_DEVICE
RVW-202605-001370,ALT-202605-001468,RV-01,2026-05-31T14:10:15,CLEARED_FALSE_POSITIVE,DOC_VALID
RVW-202605-001371,ALT-202605-001469,RV-01,2026-05-23T21:50:01,CONFIRMED_FRAUD,SYNTH_ID_CONFIRMED
RVW-202605-001372,ALT-202605-001470,RV-05,2026-05-11T06:48:28,CLEARED_FALSE_POSITIVE,DOC_VALID
RVW-202605-001373,ALT-202605-001471,RV-02,2026-06-03T07:24:57,CLEARED_FALSE_POSITIVE,KNOWN_DEVICE
RVW-202605-001374,ALT-202605-001472,RV-05,2026-05-28T22:57:53,CLEARED_FALSE_POSITIVE,DOC_VALID
RVW-202605-001375,ALT-202605-001473,RV-06,2026-05-22T10:18:14,CLEARED_FALSE_POSITIVE,KNOWN_DEVICE
RVW-202605-001376,ALT-202605-001474,RV-01,2026-05-28T09:14:29,CLEARED_FALSE_POSITIVE,DOC_VALID
RVW-202605-001377,ALT-202605-001475,RV-02,2026-05-12T07:42:02,CONFIRMED_FRAUD,DOC_FORGED
RVW-202605-001378,ALT-202605-001476,RV-01,2026-05-29T14:15:01,CLEARED_FALSE_POSITIVE,CUSTOMER_CONTACTED
RVW-202605-001379,ALT-202605-001477,RV-04,2026-05-21T07:21:43,CLEARED_FALSE_POSITIVE,KNOWN_DEVICE
RVW-202605-001380,ALT-202605-001478,RV-06,2026-05-04T17:08:08,CONFIRMED_FRAUD,MULE_CONFIRMED
RVW-202605-001381,ALT-202605-001479,RV-06,2026-05-13T17:34:50,CLEARED_FALSE_POSITIVE,KNOWN_DEVICE
RVW-202605-001382,ALT-202605-001480,RV-03,2026-05-25T09:06:29,CLEARED_FALSE_POSITIVE,CUSTOMER_CONTACTED
RVW-202605-001383,ALT-202605-001481,RV-05,2026-05-15T06:38:26,CONFIRMED_FRAUD,DOC_FORGED
RVW-202605-001384,ALT-202605-001482,RV-06,2026-05-11T19:30:42,INSUFFICIENT_EVIDENCE,AGED_OUT
RVW-202605-001385,ALT-202605-001483,RV-02,2026-06-03T20:13:53,CONFIRMED_FRAUD,SYNTH_ID_CONFIRMED
RVW-202605-001386,ALT-202605-001484,RV-03,2026-06-01T21:27:13,CONFIRMED_FRAUD,ATO_CONFIRMED
RVW-202605-001387,ALT-202605-001485,RV-02,2026-05-12T12:23:40,INSUFFICIENT_EVIDENCE,DATA_UNAVAILABLE
RVW-202605-001388,ALT-202605-001486,RV-05,2026-05-09T22:37:46,CLEARED_FALSE_POSITIVE,KNOWN_DEVICE
RVW-202605-001389,ALT-202605-001487,RV-04,2026-05-17T10:49:12,CLEARED_FALSE_POSITIVE,CUSTOMER_CONTACTED
RVW-202605-001390,ALT-202605-001488,RV-02,2026-05-29T13:06:23,CLEARED_FALSE_POSITIVE,CUSTOMER_CONTACTED
RVW-202605-001391,ALT-202605-001489,RV-06,2026-05-11T07:26:32,CLEARED_FALSE_POSITIVE,CUSTOMER_CONTACTED
RVW-202605-001392,ALT-202605-001490,RV-02,2026-05-28T22:54:31,CLEARED_FALSE_POSITIVE,ID_VERIFIED
RVW-202605-001393,ALT-202605-001491,RV-02,2026-05-19T06:48:55,CLEARED_FALSE_POSITIVE,DOC_VALID
RVW-202605-001394,ALT-202605-001492,RV-02,2026-05-22T17:22:56,CLEARED_FALSE_POSITIVE,CUSTOMER_CONTACTED
RVW-202605-001395,ALT-202605-001493,RV-05,2026-05-11T10:50:17,CLEARED_FALSE_POSITIVE,DOC_VALID
RVW-202605-001396,ALT-202605-001494,RV-04,2026-05-15T18:45:19,CLEARED_FALSE_POSITIVE,ID_VERIFIED
RVW-202605-001397,ALT-202605-001495,RV-03,2026-05-13T10:29:46,CONFIRMED_FRAUD,DOC_FORGED
RVW-202605-001398,ALT-202605-001497,RV-06,2026-05-16T16:52:36,CLEARED_FALSE_POSITIVE,CUSTOMER_CONTACTED
RVW-202605-001399,ALT-202605-001498,RV-05,2026-06-07T19:24:08,CLEARED_FALSE_POSITIVE,ID_VERIFIED
RVW-202605-001400,ALT-202605-001499,RV-06,2026-06-06T10:44:22,CLEARED_FALSE_POSITIVE,KNOWN_DEVICE
RVW-202605-001401,ALT-202605-001500,RV-04,2026-05-14T10:01:00,CLEARED_FALSE_POSITIVE,DOC_VALID
RVW-202605-001402,ALT-202605-001501,RV-04,2026-05-21T19:16:19,CONFIRMED_FRAUD,DOC_FORGED
RVW-202605-001403,ALT-202605-001502,RV-04,2026-05-24T10:50:58,CONFIRMED_FRAUD,SYNTH_ID_CONFIRMED
RVW-202605-001404,ALT-202605-001503,RV-06,2026-06-06T08:40:10,CLEARED_FALSE_POSITIVE,DOC_VALID
RVW-202605-001405,ALT-202605-001504,RV-03,2026-06-09T07:54:20,CLEARED_FALSE_POSITIVE,KNOWN_DEVICE
RVW-202605-001406,ALT-202605-001506,RV-03,2026-05-27T18:43:17,CLEARED_FALSE_POSITIVE,CUSTOMER_CONTACTED
RVW-202605-001407,ALT-202605-001507,RV-04,2026-06-03T06:38:30,CLEARED_FALSE_POSITIVE,KNOWN_DEVICE
RVW-202605-001408,ALT-202605-001508,RV-05,2026-05-28T07:02:05,CLEARED_FALSE_POSITIVE,ID_VERIFIED
RVW-202605-001409,ALT-202605-001509,RV-06,2026-05-26T21:21:46,CLEARED_FALSE_POSITIVE,ID_VERIFIED
RVW-202605-001410,ALT-202605-001510,RV-01,2026-06-03T15:40:17,CONFIRMED_FRAUD,DOC_FORGED
RVW-202605-001411,ALT-202605-001511,RV-05,2026-05-22T10:33:48,CLEARED_FALSE_POSITIVE,KNOWN_DEVICE
RVW-202605-001412,ALT-202605-001512,RV-05,2026-05-13T06:09:35,CLEARED_FALSE_POSITIVE,ID_VERIFIED
RVW-202605-001413,ALT-202605-001514,RV-03,2026-05-29T17:06:35,CLEARED_FALSE_POSITIVE,KNOWN_DEVICE
RVW-202605-001414,ALT-202605-001515,RV-04,2026-05-05T14:05:32,CLEARED_FALSE_POSITIVE,DOC_VALID
RVW-202605-001415,ALT-202605-001516,RV-03,2026-06-10T14:25:39,INSUFFICIENT_EVIDENCE,NO_CONTACT
RVW-202605-001416,ALT-202605-001517,RV-04,2026-05-30T08:09:48,CLEARED_FALSE_POSITIVE,ID_VERIFIED
RVW-202605-001417,ALT-202605-001519,RV-05,2026-05-09T11:49:39,CLEARED_FALSE_POSITIVE,CUSTOMER_CONTACTED
RVW-202605-001418,ALT-202605-001520,RV-04,2026-05-14T13:55:43,CLEARED_FALSE_POSITIVE,DOC_VALID
RVW-202605-001419,ALT-202605-001521,RV-06,2026-05-05T17:42:36,CLEARED_FALSE_POSITIVE,KNOWN_DEVICE
RVW-202605-001420,ALT-202605-001522,RV-03,2026-05-17T06:56:19,CLEARED_FALSE_POSITIVE,DOC_VALID
RVW-202605-001421,ALT-202605-001523,RV-05,2026-05-30T16:51:39,CLEARED_FALSE_POSITIVE,CUSTOMER_CONTACTED
RVW-202605-001422,ALT-202605-001524,RV-04,2026-05-13T17:42:40,CLEARED_FALSE_POSITIVE,KNOWN_DEVICE
RVW-202605-001423,ALT-202605-001525,RV-01,2026-05-18T21:54:09,CLEARED_FALSE_POSITIVE,CUSTOMER_CONTACTED
RVW-202605-001424,ALT-202605-001526,RV-01,2026-05-18T12:18:51,CONFIRMED_FRAUD,SYNTH_ID_CONFIRMED
RVW-202605-001425,ALT-202605-001527,RV-01,2026-05-11T09:48:07,CLEARED_FALSE_POSITIVE,CUSTOMER_CONTACTED
RVW-202605-001426,ALT-202605-001528,RV-05,2026-05-15T21:27:03,CLEARED_FALSE_POSITIVE,KNOWN_DEVICE
RVW-202605-001427,ALT-202605-001529,RV-03,2026-05-11T22:36:18,CLEARED_FALSE_POSITIVE,CUSTOMER_CONTACTED
RVW-202605-001428,ALT-202605-001530,RV-02,2026-05-13T14:44:22,CONFIRMED_FRAUD,ATO_CONFIRMED
RVW-202605-001429,ALT-202605-001531,RV-02,2026-05-23T16:04:03,CLEARED_FALSE_POSITIVE,DOC_VALID
RVW-202605-001430,ALT-202605-001532,RV-06,2026-06-03T09:15:59,CONFIRMED_FRAUD,MULE_CONFIRMED
RVW-202605-001431,ALT-202605-001533,RV-03,2026-05-28T17:29:40,CLEARED_FALSE_POSITIVE,ID_VERIFIED
RVW-202605-001432,ALT-202605-001534,RV-06,2026-05-29T06:57:47,INSUFFICIENT_EVIDENCE,DATA_UNAVAILABLE
RVW-202605-001433,ALT-202605-001535,RV-05,2026-05-30T18:47:58,CLEARED_FALSE_POSITIVE,CUSTOMER_CONTACTED
RVW-202605-001434,ALT-202605-001537,RV-02,2026-05-27T20:06:07,INSUFFICIENT_EVIDENCE,DATA_UNAVAILABLE
RVW-202605-001435,ALT-202605-001538,RV-01,2026-05-09T20:19:56,CLEARED_FALSE_POSITIVE,DOC_VALID
RVW-202605-001436,ALT-202605-001539,RV-05,2026-05-14T17:23:03,CLEARED_FALSE_POSITIVE,ID_VERIFIED
RVW-202605-001437,ALT-202605-001540,RV-01,2026-05-01T08:14:00,CLEARED_FALSE_POSITIVE,DOC_VALID
RVW-202605-001438,ALT-202605-001541,RV-01,2026-05-24T08:57:46,CLEARED_FALSE_POSITIVE,KNOWN_DEVICE
RVW-202605-001439,ALT-202605-001542,RV-04,2026-05-20T20:37:29,INSUFFICIENT_EVIDENCE,AGED_OUT
RVW-202605-001440,ALT-202605-001543,RV-01,2026-05-15T21:57:58,CONFIRMED_FRAUD,MULE_CONFIRMED
RVW-202605-001441,ALT-202605-001544,RV-03,2026-05-24T13:59:34,CLEARED_FALSE_POSITIVE,ID_VERIFIED
RVW-202605-001442,ALT-202605-001545,RV-06,2026-05-26T16:54:34,CLEARED_FALSE_POSITIVE,CUSTOMER_CONTACTED
RVW-202605-001443,ALT-202605-001546,RV-05,2026-06-10T09:33:38,CLEARED_FALSE_POSITIVE,CUSTOMER_CONTACTED
RVW-202605-001444,ALT-202605-001547,RV-02,2026-05-19T09:10:29,INSUFFICIENT_EVIDENCE,DATA_UNAVAILABLE
RVW-202605-001445,ALT-202605-001548,RV-02,2026-06-03T19:08:37,CLEARED_FALSE_POSITIVE,ID_VERIFIED
RVW-202605-001446,ALT-202605-001550,RV-04,2026-05-26T22:09:33,CLEARED_FALSE_POSITIVE,ID_VERIFIED
RVW-202605-001447,ALT-202605-001551,RV-06,2026-05-28T11:24:50,CLEARED_FALSE_POSITIVE,ID_VERIFIED
RVW-202605-001448,ALT-202605-001552,RV-02,2026-05-29T07:23:53,CLEARED_FALSE_POSITIVE,CUSTOMER_CONTACTED
RVW-202605-001449,ALT-202605-001553,RV-03,2026-06-01T07:34:37,CLEARED_FALSE_POSITIVE,KNOWN_DEVICE
RVW-202605-001450,ALT-202605-001554,RV-02,2026-05-17T07:12:50,CLEARED_FALSE_POSITIVE,CUSTOMER_CONTACTED
RVW-202605-001451,ALT-202605-001555,RV-03,2026-05-31T22:19:36,CLEARED_FALSE_POSITIVE,CUSTOMER_CONTACTED
RVW-202605-001452,ALT-202605-001556,RV-02,2026-05-29T08:07:21,CLEARED_FALSE_POSITIVE,KNOWN_DEVICE
RVW-202605-001453,ALT-202605-001557,RV-02,2026-06-04T16:27:43,CLEARED_FALSE_POSITIVE,CUSTOMER_CONTACTED
RVW-202605-001454,ALT-202605-001558,RV-04,2026-06-01T10:24:47,CLEARED_FALSE_POSITIVE,ID_VERIFIED
RVW-202605-001455,ALT-202605-001559,RV-03,2026-05-24T19:35:02,CLEARED_FALSE_POSITIVE,ID_VERIFIED
RVW-202605-001456,ALT-202605-001560,RV-04,2026-05-27T09:04:29,CLEARED_FALSE_POSITIVE,KNOWN_DEVICE
RVW-202605-001457,ALT-202605-001561,RV-05,2026-06-04T16:01:08,CLEARED_FALSE_POSITIVE,CUSTOMER_CONTACTED
RVW-202605-001458,ALT-202605-001563,RV-01,2026-05-09T22:52:11,INSUFFICIENT_EVIDENCE,AGED_OUT
RVW-202605-001459,ALT-202605-001564,RV-01,2026-05-28T19:13:44,CLEARED_FALSE_POSITIVE,CUSTOMER_CONTACTED
RVW-202605-001460,ALT-202605-001565,RV-01,2026-05-13T20:09:02,CLEARED_FALSE_POSITIVE,KNOWN_DEVICE
RVW-202605-001461,ALT-202605-001566,RV-01,2026-05-27T20:07:26,CLEARED_FALSE_POSITIVE,CUSTOMER_CONTACTED
RVW-202605-001462,ALT-202605-001567,RV-01,2026-05-16T17:01:59,CLEARED_FALSE_POSITIVE,DOC_VALID
RVW-202605-001463,ALT-202605-001568,RV-02,2026-06-01T10:01:07,CLEARED_FALSE_POSITIVE,CUSTOMER_CONTACTED
RVW-202605-001464,ALT-202605-001569,RV-01,2026-05-20T12:31:39,CONFIRMED_FRAUD,DOC_FORGED
RVW-202605-001465,ALT-202605-001570,RV-02,2026-05-08T07:10:19,CLEARED_FALSE_POSITIVE,KNOWN_DEVICE
RVW-202605-001466,ALT-202605-001571,RV-03,2026-05-06T08:35:09,CLEARED_FALSE_POSITIVE,DOC_VALID
RVW-202605-001467,ALT-202605-001572,RV-04,2026-05-25T11:35:16,CLEARED_FALSE_POSITIVE,KNOWN_DEVICE
RVW-202605-001468,ALT-202605-001573,RV-01,2026-05-26T07:40:10,CLEARED_FALSE_POSITIVE,DOC_VALID
RVW-202605-001469,ALT-202605-001574,RV-01,2026-05-13T21:13:43,CLEARED_FALSE_POSITIVE,CUSTOMER_CONTACTED
RVW-202605-001470,ALT-202605-001575,RV-05,2026-05-11T07:20:42,CLEARED_FALSE_POSITIVE,ID_VERIFIED
RVW-202605-001471,ALT-202605-001576,RV-03,2026-06-05T15:39:11,CLEARED_FALSE_POSITIVE,DOC_VALID
RVW-202605-001472,ALT-202605-001577,RV-02,2026-05-17T21:20:50,CONFIRMED_FRAUD,ATO_CONFIRMED
RVW-202605-001473,ALT-202605-001578,RV-05,2026-05-14T11:17:11,CLEARED_FALSE_POSITIVE,CUSTOMER_CONTACTED
RVW-202605-001474,ALT-202605-001579,RV-06,2026-05-29T18:59:45,CLEARED_FALSE_POSITIVE,ID_VERIFIED
RVW-202605-001475,ALT-202605-001580,RV-02,2026-05-11T09:24:01,CLEARED_FALSE_POSITIVE,ID_VERIFIED
RVW-202605-001476,ALT-202605-001581,RV-03,2026-05-10T09:56:14,CLEARED_FALSE_POSITIVE,DOC_VALID
RVW-202605-001477,ALT-202605-001582,RV-04,2026-05-20T17:25:50,CLEARED_FALSE_POSITIVE,DOC_VALID
RVW-202605-001478,ALT-202605-001583,RV-06,2026-06-11T14:14:42,CLEARED_FALSE_POSITIVE,KNOWN_DEVICE
RVW-202605-001479,ALT-202605-001584,RV-03,2026-06-03T17:17:29,CLEARED_FALSE_POSITIVE,ID_VERIFIED
RVW-202605-001480,ALT-202605-001585,RV-06,2026-05-11T07:59:27,CLEARED_FALSE_POSITIVE,KNOWN_DEVICE
RVW-202605-001481,ALT-202605-001586,RV-06,2026-05-31T06:35:18,CLEARED_FALSE_POSITIVE,DOC_VALID
RVW-202605-001482,ALT-202605-001587,RV-05,2026-05-27T07:47:32,CLEARED_FALSE_POSITIVE,ID_VERIFIED
RVW-202605-001483,ALT-202605-001588,RV-06,2026-05-16T10:00:46,CONFIRMED_FRAUD,DOC_FORGED
RVW-202605-001484,ALT-202605-001589,RV-02,2026-05-26T14:48:23,CLEARED_FALSE_POSITIVE,DOC_VALID
RVW-202605-001485,ALT-202605-001590,RV-04,2026-05-15T22:07:05,CONFIRMED_FRAUD,MULE_CONFIRMED
RVW-202605-001486,ALT-202605-001591,RV-01,2026-05-13T12:22:09,CLEARED_FALSE_POSITIVE,ID_VERIFIED
RVW-202605-001487,ALT-202605-001592,RV-05,2026-05-13T08:44:48,CLEARED_FALSE_POSITIVE,DOC_VALID
RVW-202605-001488,ALT-202605-001593,RV-05,2026-05-24T18:42:13,CLEARED_FALSE_POSITIVE,KNOWN_DEVICE
RVW-202605-001489,ALT-202605-001594,RV-06,2026-05-28T17:35:02,CLEARED_FALSE_POSITIVE,ID_VERIFIED
RVW-202605-001490,ALT-202605-001595,RV-04,2026-05-02T19:15:23,INSUFFICIENT_EVIDENCE,AGED_OUT
RVW-202605-001491,ALT-202605-001596,RV-01,2026-05-12T14:39:52,CONFIRMED_FRAUD,ATO_CONFIRMED
RVW-202605-001492,ALT-202605-001597,RV-06,2026-05-15T08:07:44,CLEARED_FALSE_POSITIVE,ID_VERIFIED
RVW-202605-001493,ALT-202605-001598,RV-02,2026-05-03T06:36:43,CLEARED_FALSE_POSITIVE,ID_VERIFIED
RVW-202605-001494,ALT-202605-001599,RV-01,2026-05-25T17:03:37,CONFIRMED_FRAUD,MULE_CONFIRMED
RVW-202605-001495,ALT-202605-001601,RV-02,2026-05-25T15:56:54,CLEARED_FALSE_POSITIVE,KNOWN_DEVICE
RVW-202605-001496,ALT-202605-001602,RV-06,2026-05-03T06:11:22,CONFIRMED_FRAUD,DOC_FORGED
RVW-202605-001497,ALT-202605-001603,RV-06,2026-06-01T19:27:53,CLEARED_FALSE_POSITIVE,DOC_VALID
RVW-202605-001498,ALT-202605-001604,RV-01,2026-05-23T08:06:04,INSUFFICIENT_EVIDENCE,NO_CONTACT
RVW-202605-001499,ALT-202605-001605,RV-06,2026-05-28T12:52:54,CLEARED_FALSE_POSITIVE,ID_VERIFIED
RVW-202605-001500,ALT-202605-001606,RV-03,2026-06-02T13:31:13,CLEARED_FALSE_POSITIVE,CUSTOMER_CONTACTED
RVW-202605-001501,ALT-202605-001607,RV-01,2026-05-09T10:56:22,CLEARED_FALSE_POSITIVE,DOC_VALID
RVW-202605-001502,ALT-202605-001608,RV-05,2026-06-04T15:22:51,CLEARED_FALSE_POSITIVE,DOC_VALID
RVW-202605-001503,ALT-202605-001609,RV-05,2026-05-31T15:18:44,CLEARED_FALSE_POSITIVE,CUSTOMER_CONTACTED
RVW-202605-001504,ALT-202605-001610,RV-06,2026-05-29T15:01:38,CONFIRMED_FRAUD,DOC_FORGED
RVW-202605-001505,ALT-202605-001611,RV-01,2026-06-04T10:43:24,CLEARED_FALSE_POSITIVE,CUSTOMER_CONTACTED
RVW-202605-001506,ALT-202605-001612,RV-04,2026-06-06T22:05:27,INSUFFICIENT_EVIDENCE,NO_CONTACT
RVW-202605-001507,ALT-202605-001613,RV-01,2026-05-17T16:08:55,CLEARED_FALSE_POSITIVE,DOC_VALID
RVW-202605-001508,ALT-202605-001614,RV-05,2026-05-04T14:25:05,CLEARED_FALSE_POSITIVE,DOC_VALID
RVW-202605-001509,ALT-202605-001615,RV-03,2026-05-27T20:24:01,CLEARED_FALSE_POSITIVE,DOC_VALID
RVW-202605-001510,ALT-202605-001616,RV-04,2026-05-28T13:14:58,CLEARED_FALSE_POSITIVE,DOC_VALID
RVW-202605-001511,ALT-202605-001617,RV-01,2026-05-07T20:10:06,CLEARED_FALSE_POSITIVE,ID_VERIFIED
RVW-202605-001512,ALT-202605-001618,RV-06,2026-05-10T06:13:45,CLEARED_FALSE_POSITIVE,DOC_VALID
RVW-202605-001513,ALT-202605-001619,RV-06,2026-05-30T13:56:31,CLEARED_FALSE_POSITIVE,DOC_VALID
RVW-202605-001514,ALT-202605-001620,RV-02,2026-05-14T18:10:07,CLEARED_FALSE_POSITIVE,ID_VERIFIED
RVW-202605-001515,ALT-202605-001622,RV-05,2026-05-27T18:40:35,CLEARED_FALSE_POSITIVE,DOC_VALID
RVW-202605-001516,ALT-202605-001623,RV-03,2026-05-12T15:20:39,CLEARED_FALSE_POSITIVE,CUSTOMER_CONTACTED
RVW-202605-001517,ALT-202605-001624,RV-06,2026-05-02T16:42:39,INSUFFICIENT_EVIDENCE,NO_CONTACT
RVW-202605-001518,ALT-202605-001625,RV-02,2026-05-26T08:58:47,CLEARED_FALSE_POSITIVE,CUSTOMER_CONTACTED
RVW-202605-001519,ALT-202605-001626,RV-06,2026-05-15T08:37:04,CLEARED_FALSE_POSITIVE,KNOWN_DEVICE
RVW-202605-001520,ALT-202605-001627,RV-03,2026-05-21T16:49:00,CLEARED_FALSE_POSITIVE,CUSTOMER_CONTACTED
RVW-202605-001521,ALT-202605-001630,RV-02,2026-05-11T17:21:51,CLEARED_FALSE_POSITIVE,DOC_VALID
RVW-202605-001522,ALT-202605-001631,RV-04,2026-05-18T16:13:10,CLEARED_FALSE_POSITIVE,ID_VERIFIED
RVW-202605-001523,ALT-202605-001632,RV-01,2026-05-20T14:55:34,CLEARED_FALSE_POSITIVE,KNOWN_DEVICE
RVW-202605-001524,ALT-202605-001633,RV-06,2026-05-30T11:07:17,CLEARED_FALSE_POSITIVE,CUSTOMER_CONTACTED
RVW-202605-001525,ALT-202605-001634,RV-03,2026-05-24T20:36:50,INSUFFICIENT_EVIDENCE,NO_CONTACT
RVW-202605-001526,ALT-202605-001635,RV-06,2026-05-05T12:27:51,CLEARED_FALSE_POSITIVE,CUSTOMER_CONTACTED
RVW-202605-001527,ALT-202605-001636,RV-04,2026-05-25T19:54:36,CLEARED_FALSE_POSITIVE,CUSTOMER_CONTACTED
RVW-202605-001528,ALT-202605-001637,RV-04,2026-05-18T22:49:39,CLEARED_FALSE_POSITIVE,DOC_VALID
RVW-202605-001529,ALT-202605-001638,RV-02,2026-05-24T18:53:31,CONFIRMED_FRAUD,SYNTH_ID_CONFIRMED
RVW-202605-001530,ALT-202605-001639,RV-01,2026-05-12T15:31:46,CLEARED_FALSE_POSITIVE,ID_VERIFIED
RVW-202605-001531,ALT-202605-001640,RV-04,2026-05-28T08:47:27,CLEARED_FALSE_POSITIVE,ID_VERIFIED
RVW-202605-001532,ALT-202605-001641,RV-02,2026-05-28T06:51:45,CONFIRMED_FRAUD,ATO_CONFIRMED
RVW-202605-001533,ALT-202605-001642,RV-02,2026-06-03T19:10:30,CLEARED_FALSE_POSITIVE,CUSTOMER_CONTACTED
RVW-202605-001534,ALT-202605-001643,RV-05,2026-05-20T16:40:27,CONFIRMED_FRAUD,SYNTH_ID_CONFIRMED
RVW-202605-001535,ALT-202605-001644,RV-05,2026-05-19T19:40:19,INSUFFICIENT_EVIDENCE,AGED_OUT
RVW-202605-001536,ALT-202605-001645,RV-06,2026-05-30T06:13:51,CLEARED_FALSE_POSITIVE,DOC_VALID
RVW-202605-001537,ALT-202605-001646,RV-01,2026-05-29T15:15:44,CLEARED_FALSE_POSITIVE,KNOWN_DEVICE
RVW-202605-001538,ALT-202605-001647,RV-05,2026-05-25T15:41:01,CLEARED_FALSE_POSITIVE,ID_VERIFIED
RVW-202605-001539,ALT-202605-001648,RV-03,2026-06-03T08:22:30,CLEARED_FALSE_POSITIVE,DOC_VALID
RVW-202605-001540,ALT-202605-001649,RV-01,2026-05-10T18:44:53,CONFIRMED_FRAUD,SYNTH_ID_CONFIRMED
RVW-202605-001541,ALT-202605-001650,RV-03,2026-05-08T19:12:41,CLEARED_FALSE_POSITIVE,ID_VERIFIED
RVW-202605-001542,ALT-202605-001653,RV-06,2026-05-25T15:46:06,CONFIRMED_FRAUD,DOC_FORGED
RVW-202605-001543,ALT-202605-001654,RV-05,2026-05-18T15:08:54,CLEARED_FALSE_POSITIVE,DOC_VALID
RVW-202605-001544,ALT-202605-001656,RV-06,2026-05-09T18:40:50,CLEARED_FALSE_POSITIVE,DOC_VALID
RVW-202605-001545,ALT-202605-001657,RV-06,2026-05-30T11:29:24,INSUFFICIENT_EVIDENCE,NO_CONTACT
RVW-202605-001546,ALT-202605-001658,RV-05,2026-05-12T20:57:00,CLEARED_FALSE_POSITIVE,DOC_VALID
RVW-202605-001547,ALT-202605-001659,RV-04,2026-05-19T10:02:05,CLEARED_FALSE_POSITIVE,CUSTOMER_CONTACTED
RVW-202605-001548,ALT-202605-001660,RV-04,2026-05-28T11:05:39,INSUFFICIENT_EVIDENCE,DATA_UNAVAILABLE
RVW-202605-001549,ALT-202605-001661,RV-04,2026-05-14T07:46:00,CLEARED_FALSE_POSITIVE,CUSTOMER_CONTACTED
RVW-202605-001550,ALT-202605-001662,RV-03,2026-05-09T12:37:48,CLEARED_FALSE_POSITIVE,ID_VERIFIED
RVW-202605-001551,ALT-202605-001663,RV-06,2026-06-08T10:12:41,CONFIRMED_FRAUD,MULE_CONFIRMED
RVW-202605-001552,ALT-202605-001664,RV-04,2026-05-05T11:55:16,CLEARED_FALSE_POSITIVE,ID_VERIFIED
RVW-202605-001553,ALT-202605-001665,RV-04,2026-05-28T19:40:50,CONFIRMED_FRAUD,ATO_CONFIRMED
RVW-202605-001554,ALT-202605-001666,RV-04,2026-06-01T17:42:47,CLEARED_FALSE_POSITIVE,DOC_VALID
RVW-202605-001555,ALT-202605-001667,RV-01,2026-05-28T20:54:47,CONFIRMED_FRAUD,SYNTH_ID_CONFIRMED
RVW-202605-001556,ALT-202605-001668,RV-03,2026-05-08T06:47:29,CLEARED_FALSE_POSITIVE,ID_VERIFIED
RVW-202605-001557,ALT-202605-001669,RV-06,2026-06-05T14:48:10,CLEARED_FALSE_POSITIVE,DOC_VALID
RVW-202605-001558,ALT-202605-001670,RV-02,2026-05-04T13:10:24,INSUFFICIENT_EVIDENCE,DATA_UNAVAILABLE
RVW-202605-001559,ALT-202605-001671,RV-03,2026-05-20T17:11:40,CLEARED_FALSE_POSITIVE,KNOWN_DEVICE
RVW-202605-001560,ALT-202605-001672,RV-04,2026-05-03T07:08:27,CLEARED_FALSE_POSITIVE,ID_VERIFIED
RVW-202605-001561,ALT-202605-001673,RV-06,2026-05-15T17:06:39,CONFIRMED_FRAUD,MULE_CONFIRMED
RVW-202605-001562,ALT-202605-001674,RV-04,2026-05-29T21:28:56,CONFIRMED_FRAUD,MULE_CONFIRMED
RVW-202605-001563,ALT-202605-001675,RV-05,2026-05-06T08:38:58,CLEARED_FALSE_POSITIVE,ID_VERIFIED
RVW-202605-001564,ALT-202605-001676,RV-03,2026-05-28T06:49:44,CLEARED_FALSE_POSITIVE,DOC_VALID
RVW-202605-001565,ALT-202605-001677,RV-05,2026-05-27T10:50:01,CLEARED_FALSE_POSITIVE,DOC_VALID
RVW-202605-001566,ALT-202605-001678,RV-04,2026-05-17T19:27:00,INSUFFICIENT_EVIDENCE,DATA_UNAVAILABLE
RVW-202605-001567,ALT-202605-001679,RV-02,2026-05-06T12:57:01,CLEARED_FALSE_POSITIVE,DOC_VALID
RVW-202605-001568,ALT-202605-001680,RV-02,2026-05-05T10:49:40,CLEARED_FALSE_POSITIVE,DOC_VALID
RVW-202605-001569,ALT-202605-001681,RV-05,2026-05-18T08:06:29,CLEARED_FALSE_POSITIVE,KNOWN_DEVICE
RVW-202605-001570,ALT-202605-001682,RV-01,2026-05-10T09:29:55,CLEARED_FALSE_POSITIVE,ID_VERIFIED
RVW-202605-001571,ALT-202605-001683,RV-01,2026-05-04T14:47:25,CLEARED_FALSE_POSITIVE,CUSTOMER_CONTACTED
RVW-202605-001572,ALT-202605-001684,RV-02,2026-06-03T19:34:07,CLEARED_FALSE_POSITIVE,DOC_VALID
RVW-202605-001573,ALT-202605-001685,RV-03,2026-06-07T20:50:20,CLEARED_FALSE_POSITIVE,DOC_VALID
RVW-202605-001574,ALT-202605-001686,RV-03,2026-05-30T08:14:01,INSUFFICIENT_EVIDENCE,NO_CONTACT
RVW-202605-001575,ALT-202605-001687,RV-06,2026-05-21T16:37:47,CLEARED_FALSE_POSITIVE,ID_VERIFIED
RVW-202605-001576,ALT-202605-001688,RV-04,2026-05-31T17:23:36,CLEARED_FALSE_POSITIVE,KNOWN_DEVICE
RVW-202605-001577,ALT-202605-001690,RV-02,2026-05-14T19:16:35,CLEARED_FALSE_POSITIVE,DOC_VALID
RVW-202605-001578,ALT-202605-001691,RV-02,2026-05-09T17:46:22,CLEARED_FALSE_POSITIVE,KNOWN_DEVICE
RVW-202605-001579,ALT-202605-001692,RV-06,2026-06-05T14:36:41,CLEARED_FALSE_POSITIVE,CUSTOMER_CONTACTED
RVW-202605-001580,ALT-202605-001693,RV-05,2026-05-28T12:25:30,CLEARED_FALSE_POSITIVE,DOC_VALID
RVW-202605-001581,ALT-202605-001694,RV-01,2026-06-08T15:18:10,CLEARED_FALSE_POSITIVE,KNOWN_DEVICE
RVW-202605-001582,ALT-202605-001695,RV-03,2026-05-03T08:45:29,CLEARED_FALSE_POSITIVE,KNOWN_DEVICE
RVW-202605-001583,ALT-202605-001696,RV-03,2026-05-10T21:28:01,CLEARED_FALSE_POSITIVE,CUSTOMER_CONTACTED
RVW-202605-001584,ALT-202605-001697,RV-04,2026-05-04T21:24:30,INSUFFICIENT_EVIDENCE,DATA_UNAVAILABLE
RVW-202605-001585,ALT-202605-001698,RV-04,2026-05-17T10:47:11,CLEARED_FALSE_POSITIVE,DOC_VALID
RVW-202605-001586,ALT-202605-001699,RV-06,2026-05-22T12:42:18,CLEARED_FALSE_POSITIVE,CUSTOMER_CONTACTED
RVW-202605-001587,ALT-202605-001700,RV-01,2026-05-20T06:14:44,CLEARED_FALSE_POSITIVE,ID_VERIFIED
RVW-202605-001588,ALT-202605-001701,RV-01,2026-05-30T14:47:41,CLEARED_FALSE_POSITIVE,DOC_VALID
RVW-202605-001589,ALT-202605-001702,RV-05,2026-05-10T11:56:58,CLEARED_FALSE_POSITIVE,ID_VERIFIED
RVW-202605-001590,ALT-202605-001703,RV-01,2026-05-05T20:00:45,CLEARED_FALSE_POSITIVE,CUSTOMER_CONTACTED
RVW-202605-001591,ALT-202605-001704,RV-03,2026-05-08T06:28:36,INSUFFICIENT_EVIDENCE,AGED_OUT
RVW-202605-001592,ALT-202605-001705,RV-05,2026-05-19T13:56:52,CLEARED_FALSE_POSITIVE,DOC_VALID
RVW-202605-001593,ALT-202605-001706,RV-04,2026-05-16T06:06:41,CLEARED_FALSE_POSITIVE,DOC_VALID
RVW-202605-001594,ALT-202605-001707,RV-03,2026-05-30T11:35:35,CLEARED_FALSE_POSITIVE,CUSTOMER_CONTACTED
RVW-202605-001595,ALT-202605-001708,RV-05,2026-05-23T14:38:41,CONFIRMED_FRAUD,ATO_CONFIRMED
RVW-202605-001596,ALT-202605-001709,RV-03,2026-05-21T20:39:43,CLEARED_FALSE_POSITIVE,KNOWN_DEVICE
RVW-202605-001597,ALT-202605-001710,RV-06,2026-06-03T17:54:29,CLEARED_FALSE_POSITIVE,CUSTOMER_CONTACTED
RVW-202605-001598,ALT-202605-001711,RV-02,2026-05-30T11:02:38,CLEARED_FALSE_POSITIVE,CUSTOMER_CONTACTED
RVW-202605-001599,ALT-202605-001712,RV-03,2026-05-18T17:32:42,CLEARED_FALSE_POSITIVE,CUSTOMER_CONTACTED
RVW-202605-001600,ALT-202605-001713,RV-01,2026-06-02T12:49:09,CONFIRMED_FRAUD,DOC_FORGED
RVW-202605-001601,ALT-202605-001714,RV-04,2026-05-25T20:36:51,CLEARED_FALSE_POSITIVE,ID_VERIFIED
RVW-202605-001602,ALT-202605-001715,RV-04,2026-05-25T12:26:04,INSUFFICIENT_EVIDENCE,DATA_UNAVAILABLE
RVW-202605-001603,ALT-202605-001716,RV-02,2026-05-10T06:50:14,CLEARED_FALSE_POSITIVE,CUSTOMER_CONTACTED
RVW-202605-001604,ALT-202605-001717,RV-03,2026-06-01T21:40:26,CLEARED_FALSE_POSITIVE,ID_VERIFIED
RVW-202605-001605,ALT-202605-001718,RV-05,2026-05-18T12:09:13,CLEARED_FALSE_POSITIVE,ID_VERIFIED
RVW-202605-001606,ALT-202605-001719,RV-05,2026-05-21T13:11:21,CLEARED_FALSE_POSITIVE,ID_VERIFIED
RVW-202605-001607,ALT-202605-001720,RV-05,2026-05-05T16:50:37,CLEARED_FALSE_POSITIVE,KNOWN_DEVICE
RVW-202605-001608,ALT-202605-001721,RV-03,2026-05-20T17:14:30,CLEARED_FALSE_POSITIVE,CUSTOMER_CONTACTED
RVW-202605-001609,ALT-202605-001722,RV-05,2026-06-03T16:48:50,CONFIRMED_FRAUD,ATO_CONFIRMED
RVW-202605-001610,ALT-202605-001724,RV-03,2026-05-28T16:58:53,CLEARED_FALSE_POSITIVE,ID_VERIFIED
RVW-202605-001611,ALT-202605-001725,RV-05,2026-06-04T22:01:04,CLEARED_FALSE_POSITIVE,DOC_VALID
RVW-202605-001612,ALT-202605-001726,RV-03,2026-05-08T12:37:59,CLEARED_FALSE_POSITIVE,DOC_VALID
RVW-202605-001613,ALT-202605-001727,RV-02,2026-05-25T19:21:40,CLEARED_FALSE_POSITIVE,CUSTOMER_CONTACTED
RVW-202605-001614,ALT-202605-001729,RV-04,2026-05-30T10:01:01,CLEARED_FALSE_POSITIVE,DOC_VALID
RVW-202605-001615,ALT-202605-001731,RV-04,2026-05-24T22:35:03,CONFIRMED_FRAUD,MULE_CONFIRMED
RVW-202605-001616,ALT-202605-001732,RV-06,2026-05-13T11:42:05,CLEARED_FALSE_POSITIVE,KNOWN_DEVICE
RVW-202605-001617,ALT-202605-001733,RV-04,2026-05-26T20:45:25,CONFIRMED_FRAUD,SYNTH_ID_CONFIRMED
RVW-202605-001618,ALT-202605-001734,RV-05,2026-05-19T07:11:02,CLEARED_FALSE_POSITIVE,DOC_VALID
RVW-202605-001619,ALT-202605-001735,RV-05,2026-05-13T16:17:15,CLEARED_FALSE_POSITIVE,KNOWN_DEVICE
RVW-202605-001620,ALT-202605-001736,RV-01,2026-05-16T16:54:35,CONFIRMED_FRAUD,MULE_CONFIRMED
RVW-202605-001621,ALT-202605-001737,RV-06,2026-05-19T16:33:35,CLEARED_FALSE_POSITIVE,ID_VERIFIED
RVW-202605-001622,ALT-202605-001738,RV-02,2026-05-19T22:35:44,CLEARED_FALSE_POSITIVE,CUSTOMER_CONTACTED
RVW-202605-001623,ALT-202605-001739,RV-05,2026-05-30T11:04:27,CLEARED_FALSE_POSITIVE,KNOWN_DEVICE
RVW-202605-001624,ALT-202605-001740,RV-02,2026-06-01T08:28:38,CLEARED_FALSE_POSITIVE,DOC_VALID
RVW-202605-001625,ALT-202605-001741,RV-02,2026-05-18T13:36:04,CLEARED_FALSE_POSITIVE,DOC_VALID
RVW-202605-001626,ALT-202605-001742,RV-03,2026-05-09T19:34:13,CLEARED_FALSE_POSITIVE,DOC_VALID
RVW-202605-001627,ALT-202605-001743,RV-03,2026-05-01T20:06:04,INSUFFICIENT_EVIDENCE,DATA_UNAVAILABLE
RVW-202605-001628,ALT-202605-001744,RV-06,2026-05-05T22:14:41,CLEARED_FALSE_POSITIVE,DOC_VALID
RVW-202605-001629,ALT-202605-001745,RV-06,2026-05-26T20:19:02,CLEARED_FALSE_POSITIVE,CUSTOMER_CONTACTED
RVW-202605-001630,ALT-202605-001746,RV-06,2026-05-29T22:52:56,CLEARED_FALSE_POSITIVE,CUSTOMER_CONTACTED
RVW-202605-001631,ALT-202605-001747,RV-03,2026-06-08T09:02:01,CONFIRMED_FRAUD,DOC_FORGED
RVW-202605-001632,ALT-202605-001748,RV-04,2026-05-29T16:11:44,CLEARED_FALSE_POSITIVE,DOC_VALID
RVW-202605-001633,ALT-202605-001749,RV-05,2026-05-28T12:34:15,CLEARED_FALSE_POSITIVE,CUSTOMER_CONTACTED
RVW-202605-001634,ALT-202605-001750,RV-04,2026-05-15T19:54:40,CONFIRMED_FRAUD,MULE_CONFIRMED
RVW-202605-001635,ALT-202605-001751,RV-01,2026-05-24T06:05:36,CLEARED_FALSE_POSITIVE,DOC_VALID
RVW-202605-001636,ALT-202605-001752,RV-03,2026-05-18T17:28:53,INSUFFICIENT_EVIDENCE,NO_CONTACT
RVW-202605-001637,ALT-202605-001753,RV-04,2026-05-16T15:52:45,CLEARED_FALSE_POSITIVE,CUSTOMER_CONTACTED
RVW-202605-001638,ALT-202605-001754,RV-01,2026-05-14T15:05:29,CONFIRMED_FRAUD,ATO_CONFIRMED
RVW-202605-001639,ALT-202605-001755,RV-04,2026-05-28T06:09:46,CLEARED_FALSE_POSITIVE,DOC_VALID
RVW-202605-001640,ALT-202605-001756,RV-05,2026-06-01T17:09:06,CLEARED_FALSE_POSITIVE,DOC_VALID
RVW-202605-001641,ALT-202605-001757,RV-01,2026-05-17T19:56:10,CONFIRMED_FRAUD,ATO_CONFIRMED
RVW-202605-001642,ALT-202605-001758,RV-02,2026-05-29T20:20:56,CLEARED_FALSE_POSITIVE,DOC_VALID
RVW-202605-001643,ALT-202605-001759,RV-04,2026-06-02T12:52:01,INSUFFICIENT_EVIDENCE,DATA_UNAVAILABLE
RVW-202605-001644,ALT-202605-001760,RV-04,2026-05-15T14:17:15,CLEARED_FALSE_POSITIVE,KNOWN_DEVICE
RVW-202605-001645,ALT-202605-001761,RV-04,2026-05-16T14:25:45,CLEARED_FALSE_POSITIVE,KNOWN_DEVICE
RVW-202605-001646,ALT-202605-001762,RV-05,2026-05-18T13:51:54,CLEARED_FALSE_POSITIVE,ID_VERIFIED
RVW-202605-001647,ALT-202605-001763,RV-06,2026-05-08T18:09:22,CLEARED_FALSE_POSITIVE,KNOWN_DEVICE
RVW-202605-001648,ALT-202605-001764,RV-01,2026-05-24T11:07:03,CLEARED_FALSE_POSITIVE,CUSTOMER_CONTACTED
RVW-202605-001649,ALT-202605-001765,RV-02,2026-05-12T19:28:25,CLEARED_FALSE_POSITIVE,ID_VERIFIED
RVW-202605-001650,ALT-202605-001766,RV-06,2026-06-01T22:29:26,CONFIRMED_FRAUD,DOC_FORGED
RVW-202605-001651,ALT-202605-001768,RV-06,2026-05-09T22:06:59,CONFIRMED_FRAUD,DOC_FORGED
RVW-202605-001652,ALT-202605-001769,RV-02,2026-06-01T20:01:49,INSUFFICIENT_EVIDENCE,DATA_UNAVAILABLE
RVW-202605-001653,ALT-202605-001770,RV-05,2026-05-31T11:32:46,CONFIRMED_FRAUD,ATO_CONFIRMED
RVW-202605-001654,ALT-202605-001771,RV-06,2026-05-18T06:06:58,CLEARED_FALSE_POSITIVE,ID_VERIFIED
RVW-202605-001655,ALT-202605-001772,RV-01,2026-05-26T21:52:53,CONFIRMED_FRAUD,DOC_FORGED
RVW-202605-001656,ALT-202605-001774,RV-05,2026-05-12T12:34:23,CLEARED_FALSE_POSITIVE,ID_VERIFIED
RVW-202605-001657,ALT-202605-001775,RV-03,2026-05-15T08:59:35,CONFIRMED_FRAUD,ATO_CONFIRMED
RVW-202605-001658,ALT-202605-001776,RV-03,2026-05-22T08:38:01,CONFIRMED_FRAUD,ATO_CONFIRMED
RVW-202605-001659,ALT-202605-001778,RV-06,2026-05-31T06:23:06,CLEARED_FALSE_POSITIVE,DOC_VALID
RVW-202605-001660,ALT-202605-001779,RV-06,2026-06-07T17:22:18,CLEARED_FALSE_POSITIVE,KNOWN_DEVICE
RVW-202605-001661,ALT-202605-001780,RV-06,2026-05-27T17:41:15,INSUFFICIENT_EVIDENCE,DATA_UNAVAILABLE
RVW-202605-001662,ALT-202605-001781,RV-04,2026-05-25T06:18:02,INSUFFICIENT_EVIDENCE,NO_CONTACT
RVW-202605-001663,ALT-202605-001783,RV-05,2026-05-27T16:48:49,CLEARED_FALSE_POSITIVE,ID_VERIFIED
RVW-202605-001664,ALT-202605-001784,RV-06,2026-05-05T08:32:46,CLEARED_FALSE_POSITIVE,CUSTOMER_CONTACTED
RVW-202605-001665,ALT-202605-001786,RV-01,2026-06-09T14:33:02,CLEARED_FALSE_POSITIVE,CUSTOMER_CONTACTED
RVW-202605-001666,ALT-202605-001787,RV-05,2026-06-05T21:52:56,CLEARED_FALSE_POSITIVE,ID_VERIFIED
RVW-202605-001667,ALT-202605-001788,RV-04,2026-06-02T09:35:07,CLEARED_FALSE_POSITIVE,KNOWN_DEVICE
RVW-202605-001668,ALT-202605-001789,RV-04,2026-05-26T09:01:19,CLEARED_FALSE_POSITIVE,KNOWN_DEVICE
RVW-202605-001669,ALT-202605-001790,RV-01,2026-05-10T15:32:20,CLEARED_FALSE_POSITIVE,CUSTOMER_CONTACTED
RVW-202605-001670,ALT-202605-001791,RV-04,2026-05-25T17:21:52,CLEARED_FALSE_POSITIVE,KNOWN_DEVICE
RVW-202605-001671,ALT-202605-001792,RV-02,2026-05-19T17:29:42,CLEARED_FALSE_POSITIVE,ID_VERIFIED
RVW-202605-001672,ALT-202605-001793,RV-04,2026-05-14T15:19:23,CLEARED_FALSE_POSITIVE,DOC_VALID
RVW-202605-001673,ALT-202605-001794,RV-05,2026-05-19T21:00:03,CLEARED_FALSE_POSITIVE,KNOWN_DEVICE
RVW-202605-001674,ALT-202605-001796,RV-04,2026-05-16T21:06:25,CLEARED_FALSE_POSITIVE,DOC_VALID
RVW-202605-001675,ALT-202605-001797,RV-02,2026-05-14T13:04:55,CLEARED_FALSE_POSITIVE,KNOWN_DEVICE
RVW-202605-001676,ALT-202605-001798,RV-04,2026-06-01T16:00:21,CLEARED_FALSE_POSITIVE,CUSTOMER_CONTACTED
RVW-202605-001677,ALT-202605-001799,RV-06,2026-05-09T17:59:50,CLEARED_FALSE_POSITIVE,CUSTOMER_CONTACTED
RVW-202605-001678,ALT-202605-001800,RV-02,2026-05-08T11:27:55,CLEARED_FALSE_POSITIVE,KNOWN_DEVICE
RVW-202605-001679,ALT-202605-001801,RV-03,2026-05-26T08:17:39,CLEARED_FALSE_POSITIVE,KNOWN_DEVICE
RVW-202605-001680,ALT-202605-001802,RV-02,2026-05-11T17:55:23,CLEARED_FALSE_POSITIVE,DOC_VALID
RVW-202605-001681,ALT-202605-001803,RV-01,2026-05-12T14:01:51,CLEARED_FALSE_POSITIVE,DOC_VALID
RVW-202605-001682,ALT-202605-001805,RV-02,2026-05-16T19:16:45,CONFIRMED_FRAUD,MULE_CONFIRMED
RVW-202605-001683,ALT-202605-001806,RV-04,2026-05-21T09:21:14,CLEARED_FALSE_POSITIVE,ID_VERIFIED
RVW-202605-001684,ALT-202605-001807,RV-04,2026-05-20T12:52:54,CLEARED_FALSE_POSITIVE,KNOWN_DEVICE
RVW-202605-001685,ALT-202605-001808,RV-03,2026-05-24T07:43:12,CLEARED_FALSE_POSITIVE,CUSTOMER_CONTACTED
RVW-202605-001686,ALT-202605-001809,RV-06,2026-05-29T12:45:57,CLEARED_FALSE_POSITIVE,KNOWN_DEVICE
RVW-202605-001687,ALT-202605-001810,RV-05,2026-06-03T06:11:46,CLEARED_FALSE_POSITIVE,ID_VERIFIED
RVW-202605-001688,ALT-202605-001811,RV-03,2026-05-28T20:17:18,CLEARED_FALSE_POSITIVE,KNOWN_DEVICE
RVW-202605-001689,ALT-202605-001812,RV-04,2026-05-18T10:58:38,CLEARED_FALSE_POSITIVE,KNOWN_DEVICE
RVW-202605-001690,ALT-202605-001813,RV-06,2026-05-18T13:53:43,CLEARED_FALSE_POSITIVE,CUSTOMER_CONTACTED
RVW-202605-001691,ALT-202605-001814,RV-06,2026-05-29T09:54:08,CLEARED_FALSE_POSITIVE,KNOWN_DEVICE
RVW-202605-001692,ALT-202605-001815,RV-05,2026-05-17T08:35:45,CLEARED_FALSE_POSITIVE,ID_VERIFIED
RVW-202605-001693,ALT-202605-001817,RV-02,2026-05-15T13:43:38,INSUFFICIENT_EVIDENCE,NO_CONTACT
RVW-202605-001694,ALT-202605-001818,RV-04,2026-05-29T17:23:33,CLEARED_FALSE_POSITIVE,DOC_VALID
RVW-202605-001695,ALT-202605-001821,RV-04,2026-06-04T10:19:30,CLEARED_FALSE_POSITIVE,DOC_VALID
RVW-202605-001696,ALT-202605-001822,RV-04,2026-05-08T19:36:53,CONFIRMED_FRAUD,DOC_FORGED
RVW-202605-001697,ALT-202605-001823,RV-06,2026-05-11T21:25:00,CLEARED_FALSE_POSITIVE,CUSTOMER_CONTACTED
RVW-202605-001698,ALT-202605-001824,RV-06,2026-05-13T15:13:39,CLEARED_FALSE_POSITIVE,KNOWN_DEVICE
RVW-202605-001699,ALT-202605-001825,RV-05,2026-05-21T15:18:47,CONFIRMED_FRAUD,DOC_FORGED
RVW-202605-001700,ALT-202605-001827,RV-05,2026-05-09T18:29:44,CLEARED_FALSE_POSITIVE,ID_VERIFIED
RVW-202605-001701,ALT-202605-001828,RV-04,2026-05-19T18:41:34,INSUFFICIENT_EVIDENCE,NO_CONTACT
RVW-202605-001702,ALT-202605-001829,RV-05,2026-05-29T10:20:31,CLEARED_FALSE_POSITIVE,DOC_VALID
RVW-202605-001703,ALT-202605-001830,RV-04,2026-05-14T19:58:40,CLEARED_FALSE_POSITIVE,DOC_VALID
RVW-202605-001704,ALT-202605-001831,RV-01,2026-05-08T07:30:13,CLEARED_FALSE_POSITIVE,KNOWN_DEVICE
RVW-202605-001705,ALT-202605-001832,RV-05,2026-05-07T18:41:12,CLEARED_FALSE_POSITIVE,KNOWN_DEVICE
RVW-202605-001706,ALT-202605-001833,RV-01,2026-06-09T11:56:40,CLEARED_FALSE_POSITIVE,DOC_VALID
RVW-202605-001707,ALT-202605-001834,RV-02,2026-05-22T10:14:57,INSUFFICIENT_EVIDENCE,NO_CONTACT
RVW-202605-001708,ALT-202605-001835,RV-02,2026-06-07T22:37:03,CONFIRMED_FRAUD,DOC_FORGED
RVW-202605-001709,ALT-202605-001836,RV-06,2026-05-29T21:45:20,INSUFFICIENT_EVIDENCE,NO_CONTACT
RVW-202605-001710,ALT-202605-001837,RV-06,2026-05-17T14:19:51,CLEARED_FALSE_POSITIVE,CUSTOMER_CONTACTED
RVW-202605-001711,ALT-202605-001838,RV-06,2026-05-23T07:22:01,CONFIRMED_FRAUD,MULE_CONFIRMED
RVW-202605-001712,ALT-202605-001839,RV-04,2026-06-07T08:04:40,CLEARED_FALSE_POSITIVE,CUSTOMER_CONTACTED
RVW-202605-001713,ALT-202605-001840,RV-06,2026-06-05T20:51:42,CLEARED_FALSE_POSITIVE,DOC_VALID
RVW-202605-001714,ALT-202605-001841,RV-03,2026-05-03T22:33:40,CONFIRMED_FRAUD,DOC_FORGED
RVW-202605-001715,ALT-202605-001842,RV-05,2026-05-16T06:31:14,INSUFFICIENT_EVIDENCE,DATA_UNAVAILABLE
RVW-202605-001716,ALT-202605-001844,RV-02,2026-05-29T08:23:32,CLEARED_FALSE_POSITIVE,DOC_VALID
RVW-202605-001717,ALT-202605-001846,RV-06,2026-05-17T14:01:23,CLEARED_FALSE_POSITIVE,CUSTOMER_CONTACTED
RVW-202605-001718,ALT-202605-001847,RV-01,2026-06-02T17:25:31,CONFIRMED_FRAUD,MULE_CONFIRMED
RVW-202605-001719,ALT-202605-001848,RV-06,2026-05-13T15:54:58,CLEARED_FALSE_POSITIVE,KNOWN_DEVICE
RVW-202605-001720,ALT-202605-001849,RV-03,2026-06-01T11:02:18,CLEARED_FALSE_POSITIVE,CUSTOMER_CONTACTED
RVW-202605-001721,ALT-202605-001850,RV-05,2026-05-26T07:46:45,CLEARED_FALSE_POSITIVE,KNOWN_DEVICE
RVW-202605-001722,ALT-202605-001851,RV-06,2026-05-30T06:53:18,CLEARED_FALSE_POSITIVE,KNOWN_DEVICE
RVW-202605-001723,ALT-202605-001852,RV-01,2026-05-23T20:15:12,INSUFFICIENT_EVIDENCE,NO_CONTACT
RVW-202605-001724,ALT-202605-001853,RV-01,2026-05-20T06:06:26,CONFIRMED_FRAUD,SYNTH_ID_CONFIRMED
RVW-202605-001725,ALT-202605-001854,RV-03,2026-06-02T11:56:22,CONFIRMED_FRAUD,DOC_FORGED
RVW-202605-001726,ALT-202605-001855,RV-05,2026-05-30T09:24:12,CLEARED_FALSE_POSITIVE,CUSTOMER_CONTACTED
RVW-202605-001727,ALT-202605-001856,RV-05,2026-05-20T17:34:14,INSUFFICIENT_EVIDENCE,AGED_OUT
RVW-202605-001728,ALT-202605-001858,RV-01,2026-05-27T18:02:21,CLEARED_FALSE_POSITIVE,DOC_VALID
RVW-202605-001729,ALT-202605-001859,RV-01,2026-05-30T17:11:22,CLEARED_FALSE_POSITIVE,KNOWN_DEVICE
RVW-202605-001730,ALT-202605-001860,RV-02,2026-05-26T08:28:25,CLEARED_FALSE_POSITIVE,KNOWN_DEVICE
RVW-202605-001731,ALT-202605-001861,RV-01,2026-05-11T08:06:11,CLEARED_FALSE_POSITIVE,DOC_VALID
RVW-202605-001732,ALT-202605-001862,RV-04,2026-05-16T08:50:32,CLEARED_FALSE_POSITIVE,DOC_VALID
RVW-202605-001733,ALT-202605-001863,RV-05,2026-05-30T19:35:14,CLEARED_FALSE_POSITIVE,ID_VERIFIED
RVW-202605-001734,ALT-202605-001864,RV-02,2026-05-21T08:23:32,CLEARED_FALSE_POSITIVE,CUSTOMER_CONTACTED
RVW-202605-001735,ALT-202605-001865,RV-01,2026-05-21T09:59:55,CLEARED_FALSE_POSITIVE,CUSTOMER_CONTACTED
RVW-202605-001736,ALT-202605-001866,RV-05,2026-05-25T07:46:44,CLEARED_FALSE_POSITIVE,ID_VERIFIED
RVW-202605-001737,ALT-202605-001867,RV-06,2026-05-13T06:08:25,CLEARED_FALSE_POSITIVE,CUSTOMER_CONTACTED
RVW-202605-001738,ALT-202605-001868,RV-01,2026-05-30T06:28:50,CLEARED_FALSE_POSITIVE,DOC_VALID
RVW-202605-001739,ALT-202605-001869,RV-01,2026-05-18T12:59:04,CLEARED_FALSE_POSITIVE,ID_VERIFIED
RVW-202605-001740,ALT-202605-001871,RV-04,2026-05-19T16:17:19,CLEARED_FALSE_POSITIVE,DOC_VALID
RVW-202605-001741,ALT-202605-001872,RV-01,2026-05-20T09:02:41,CLEARED_FALSE_POSITIVE,KNOWN_DEVICE
RVW-202605-001742,ALT-202605-001873,RV-03,2026-05-20T09:52:45,CLEARED_FALSE_POSITIVE,DOC_VALID
RVW-202605-001743,ALT-202605-001874,RV-01,2026-05-07T06:33:20,CLEARED_FALSE_POSITIVE,DOC_VALID
RVW-202605-001744,ALT-202605-001875,RV-05,2026-06-01T17:29:08,CLEARED_FALSE_POSITIVE,ID_VERIFIED
RVW-202605-001745,ALT-202605-001876,RV-01,2026-05-17T08:41:47,CLEARED_FALSE_POSITIVE,CUSTOMER_CONTACTED
RVW-202605-001746,ALT-202605-001877,RV-04,2026-05-17T07:11:07,CLEARED_FALSE_POSITIVE,CUSTOMER_CONTACTED
RVW-202605-001747,ALT-202605-001878,RV-03,2026-05-15T18:58:16,CLEARED_FALSE_POSITIVE,CUSTOMER_CONTACTED
RVW-202605-001748,ALT-202605-001879,RV-06,2026-06-09T12:08:22,CLEARED_FALSE_POSITIVE,KNOWN_DEVICE
RVW-202605-001749,ALT-202605-001880,RV-01,2026-05-23T22:58:24,CLEARED_FALSE_POSITIVE,CUSTOMER_CONTACTED
RVW-202605-001750,ALT-202605-001881,RV-04,2026-05-10T14:04:37,CLEARED_FALSE_POSITIVE,KNOWN_DEVICE
RVW-202605-001751,ALT-202605-001882,RV-06,2026-05-11T06:08:10,INSUFFICIENT_EVIDENCE,AGED_OUT
RVW-202605-001752,ALT-202605-001883,RV-01,2026-05-12T20:08:01,CONFIRMED_FRAUD,ATO_CONFIRMED
RVW-202605-001753,ALT-202605-001884,RV-06,2026-05-20T16:02:47,CLEARED_FALSE_POSITIVE,CUSTOMER_CONTACTED
RVW-202605-001754,ALT-202605-001885,RV-05,2026-05-13T15:40:11,CLEARED_FALSE_POSITIVE,ID_VERIFIED
RVW-202605-001755,ALT-202605-001886,RV-06,2026-05-09T07:00:59,CONFIRMED_FRAUD,SYNTH_ID_CONFIRMED
RVW-202605-001756,ALT-202605-001887,RV-02,2026-05-19T15:35:59,CLEARED_FALSE_POSITIVE,KNOWN_DEVICE
RVW-202605-001757,ALT-202605-001888,RV-02,2026-05-11T17:04:44,CLEARED_FALSE_POSITIVE,CUSTOMER_CONTACTED
RVW-202605-001758,ALT-202605-001889,RV-04,2026-05-21T16:52:32,CONFIRMED_FRAUD,MULE_CONFIRMED
RVW-202605-001759,ALT-202605-001890,RV-01,2026-05-22T14:55:05,CLEARED_FALSE_POSITIVE,ID_VERIFIED
RVW-202605-001760,ALT-202605-001891,RV-03,2026-06-09T10:56:36,CLEARED_FALSE_POSITIVE,CUSTOMER_CONTACTED
RVW-202605-001761,ALT-202605-001893,RV-01,2026-05-15T15:54:14,CLEARED_FALSE_POSITIVE,ID_VERIFIED
RVW-202605-001762,ALT-202605-001894,RV-01,2026-06-07T07:27:25,CONFIRMED_FRAUD,ATO_CONFIRMED
RVW-202605-001763,ALT-202605-001895,RV-04,2026-05-19T13:25:37,CLEARED_FALSE_POSITIVE,ID_VERIFIED
RVW-202605-001764,ALT-202605-001897,RV-03,2026-05-13T17:31:19,CONFIRMED_FRAUD,ATO_CONFIRMED
RVW-202605-001765,ALT-202605-001898,RV-02,2026-05-24T12:17:04,CONFIRMED_FRAUD,SYNTH_ID_CONFIRMED
RVW-202605-001766,ALT-202605-001899,RV-04,2026-05-18T16:22:04,CLEARED_FALSE_POSITIVE,CUSTOMER_CONTACTED
RVW-202605-001767,ALT-202605-001900,RV-05,2026-05-26T09:08:54,CLEARED_FALSE_POSITIVE,DOC_VALID
RVW-202605-001768,ALT-202605-001901,RV-06,2026-05-19T15:55:05,INSUFFICIENT_EVIDENCE,NO_CONTACT
RVW-202605-001769,ALT-202605-001903,RV-01,2026-05-18T22:27:36,CLEARED_FALSE_POSITIVE,ID_VERIFIED
RVW-202605-001770,ALT-202605-001904,RV-04,2026-05-29T20:55:19,CLEARED_FALSE_POSITIVE,ID_VERIFIED
RVW-202605-001771,ALT-202605-001905,RV-03,2026-05-14T18:27:46,CONFIRMED_FRAUD,DOC_FORGED
RVW-202605-001772,ALT-202605-001906,RV-05,2026-05-22T16:58:23,CONFIRMED_FRAUD,DOC_FORGED
RVW-202605-001773,ALT-202605-001907,RV-05,2026-05-23T15:36:42,CLEARED_FALSE_POSITIVE,DOC_VALID
RVW-202605-001774,ALT-202605-001908,RV-04,2026-05-28T12:19:34,CONFIRMED_FRAUD,MULE_CONFIRMED
RVW-202605-001775,ALT-202605-001909,RV-03,2026-05-26T14:35:11,CLEARED_FALSE_POSITIVE,CUSTOMER_CONTACTED
RVW-202605-001776,ALT-202605-001910,RV-05,2026-05-15T20:58:11,CLEARED_FALSE_POSITIVE,DOC_VALID
RVW-202605-001777,ALT-202605-001912,RV-04,2026-05-13T06:13:55,CLEARED_FALSE_POSITIVE,ID_VERIFIED
RVW-202605-001778,ALT-202605-001913,RV-05,2026-05-22T12:36:05,CLEARED_FALSE_POSITIVE,DOC_VALID
RVW-202605-001779,ALT-202605-001914,RV-04,2026-06-08T13:07:17,CONFIRMED_FRAUD,DOC_FORGED
RVW-202605-001780,ALT-202605-001916,RV-06,2026-05-23T19:22:30,CLEARED_FALSE_POSITIVE,DOC_VALID
RVW-202605-001781,ALT-202605-001917,RV-05,2026-05-28T22:34:46,CLEARED_FALSE_POSITIVE,KNOWN_DEVICE
RVW-202605-001782,ALT-202605-001918,RV-03,2026-05-27T15:51:32,CLEARED_FALSE_POSITIVE,CUSTOMER_CONTACTED
RVW-202605-001783,ALT-202605-001919,RV-04,2026-05-15T15:00:39,INSUFFICIENT_EVIDENCE,AGED_OUT
RVW-202605-001784,ALT-202605-001920,RV-06,2026-05-09T15:54:40,CLEARED_FALSE_POSITIVE,CUSTOMER_CONTACTED
RVW-202605-001785,ALT-202605-001922,RV-01,2026-05-30T12:03:01,CLEARED_FALSE_POSITIVE,KNOWN_DEVICE
RVW-202605-001786,ALT-202605-001923,RV-02,2026-05-24T19:20:11,CLEARED_FALSE_POSITIVE,DOC_VALID
RVW-202605-001787,ALT-202605-001924,RV-03,2026-05-15T22:46:23,CLEARED_FALSE_POSITIVE,CUSTOMER_CONTACTED
RVW-202605-001788,ALT-202605-001925,RV-05,2026-05-27T18:01:06,CONFIRMED_FRAUD,MULE_CONFIRMED
RVW-202605-001789,ALT-202605-001926,RV-06,2026-06-05T16:11:16,CLEARED_FALSE_POSITIVE,KNOWN_DEVICE
RVW-202605-001790,ALT-202605-001927,RV-05,2026-05-24T14:24:11,CONFIRMED_FRAUD,MULE_CONFIRMED
RVW-202605-001791,ALT-202605-001928,RV-02,2026-06-04T08:14:12,CONFIRMED_FRAUD,DOC_FORGED
RVW-202605-001792,ALT-202605-001929,RV-01,2026-05-20T11:53:14,CLEARED_FALSE_POSITIVE,CUSTOMER_CONTACTED
RVW-202605-001793,ALT-202605-001930,RV-03,2026-05-22T21:20:47,CLEARED_FALSE_POSITIVE,CUSTOMER_CONTACTED
RVW-202605-001794,ALT-202605-001931,RV-01,2026-05-18T17:14:03,CONFIRMED_FRAUD,SYNTH_ID_CONFIRMED
RVW-202605-001795,ALT-202605-001932,RV-04,2026-05-20T20:42:07,CLEARED_FALSE_POSITIVE,KNOWN_DEVICE
RVW-202605-001796,ALT-202605-001933,RV-06,2026-05-22T14:18:37,CLEARED_FALSE_POSITIVE,KNOWN_DEVICE
RVW-202605-001797,ALT-202605-001934,RV-01,2026-06-04T11:18:37,CLEARED_FALSE_POSITIVE,ID_VERIFIED
RVW-202605-001798,ALT-202605-001935,RV-06,2026-05-29T07:31:02,CLEARED_FALSE_POSITIVE,CUSTOMER_CONTACTED
RVW-202605-001799,ALT-202605-001936,RV-06,2026-06-04T19:59:17,CLEARED_FALSE_POSITIVE,ID_VERIFIED
RVW-202605-001800,ALT-202605-001938,RV-05,2026-05-21T06:45:30,CONFIRMED_FRAUD,MULE_CONFIRMED
RVW-202605-001801,ALT-202605-001939,RV-06,2026-05-20T10:38:25,CLEARED_FALSE_POSITIVE,CUSTOMER_CONTACTED
RVW-202605-001802,ALT-202605-001940,RV-03,2026-05-28T16:31:44,INSUFFICIENT_EVIDENCE,AGED_OUT
RVW-202605-001803,ALT-202605-001941,RV-05,2026-05-28T11:56:30,CLEARED_FALSE_POSITIVE,DOC_VALID
RVW-202605-001804,ALT-202605-001942,RV-03,2026-06-01T22:28:58,CLEARED_FALSE_POSITIVE,CUSTOMER_CONTACTED
RVW-202605-001805,ALT-202605-001943,RV-06,2026-05-23T17:42:38,CLEARED_FALSE_POSITIVE,KNOWN_DEVICE
RVW-202605-001806,ALT-202605-001944,RV-01,2026-06-03T13:53:30,CLEARED_FALSE_POSITIVE,DOC_VALID
RVW-202605-001807,ALT-202605-001945,RV-02,2026-06-02T07:18:13,CLEARED_FALSE_POSITIVE,ID_VERIFIED
RVW-202605-001808,ALT-202605-001946,RV-05,2026-05-08T09:41:21,CLEARED_FALSE_POSITIVE,KNOWN_DEVICE
RVW-202605-001809,ALT-202605-001947,RV-04,2026-05-22T21:06:06,INSUFFICIENT_EVIDENCE,DATA_UNAVAILABLE
RVW-202605-001810,ALT-202605-001948,RV-02,2026-05-25T19:24:48,CLEARED_FALSE_POSITIVE,ID_VERIFIED
RVW-202605-001811,ALT-202605-001949,RV-06,2026-05-15T15:05:57,CLEARED_FALSE_POSITIVE,KNOWN_DEVICE
RVW-202605-001812,ALT-202605-001950,RV-03,2026-05-14T14:40:08,CLEARED_FALSE_POSITIVE,ID_VERIFIED
RVW-202605-001813,ALT-202605-001951,RV-01,2026-05-09T21:58:53,CONFIRMED_FRAUD,DOC_FORGED
RVW-202605-001814,ALT-202605-001952,RV-06,2026-06-04T14:39:18,CLEARED_FALSE_POSITIVE,DOC_VALID
RVW-202605-001815,ALT-202605-001953,RV-03,2026-05-31T22:15:31,CONFIRMED_FRAUD,DOC_FORGED
RVW-202605-001816,ALT-202605-001954,RV-03,2026-05-20T15:42:08,CLEARED_FALSE_POSITIVE,DOC_VALID
RVW-202605-001817,ALT-202605-001955,RV-04,2026-06-03T08:53:30,INSUFFICIENT_EVIDENCE,NO_CONTACT
RVW-202605-001818,ALT-202605-001956,RV-04,2026-05-23T15:40:19,CONFIRMED_FRAUD,DOC_FORGED
RVW-202605-001819,ALT-202605-001957,RV-02,2026-06-02T15:23:11,CLEARED_FALSE_POSITIVE,ID_VERIFIED
RVW-202605-001820,ALT-202605-001958,RV-01,2026-05-31T15:27:26,CONFIRMED_FRAUD,DOC_FORGED
RVW-202605-001821,ALT-202605-001959,RV-01,2026-05-09T09:30:19,INSUFFICIENT_EVIDENCE,AGED_OUT
RVW-202605-001822,ALT-202605-001960,RV-02,2026-05-29T11:56:33,CLEARED_FALSE_POSITIVE,ID_VERIFIED
RVW-202605-001823,ALT-202605-001961,RV-04,2026-05-15T15:42:09,CLEARED_FALSE_POSITIVE,DOC_VALID
RVW-202605-001824,ALT-202605-001962,RV-06,2026-05-22T07:39:46,CLEARED_FALSE_POSITIVE,CUSTOMER_CONTACTED
RVW-202605-001825,ALT-202605-001963,RV-05,2026-06-06T16:53:08,CONFIRMED_FRAUD,MULE_CONFIRMED
RVW-202605-001826,ALT-202605-001964,RV-05,2026-05-12T14:14:07,CLEARED_FALSE_POSITIVE,DOC_VALID
RVW-202605-001827,ALT-202605-001965,RV-04,2026-05-14T12:14:47,CLEARED_FALSE_POSITIVE,ID_VERIFIED
RVW-202605-001828,ALT-202605-001966,RV-04,2026-05-20T20:30:20,CLEARED_FALSE_POSITIVE,CUSTOMER_CONTACTED
RVW-202605-001829,ALT-202605-001967,RV-05,2026-05-11T07:57:17,CONFIRMED_FRAUD,ATO_CONFIRMED
RVW-202605-001830,ALT-202605-001968,RV-01,2026-05-19T14:04:04,CLEARED_FALSE_POSITIVE,ID_VERIFIED
RVW-202605-001831,ALT-202605-001969,RV-03,2026-05-25T20:56:00,CLEARED_FALSE_POSITIVE,CUSTOMER_CONTACTED
RVW-202605-001832,ALT-202605-001970,RV-06,2026-05-30T14:00:50,INSUFFICIENT_EVIDENCE,NO_CONTACT
RVW-202605-001833,ALT-202605-001971,RV-02,2026-06-04T19:57:55,CLEARED_FALSE_POSITIVE,CUSTOMER_CONTACTED
RVW-202605-001834,ALT-202605-001972,RV-03,2026-05-23T16:04:21,CONFIRMED_FRAUD,SYNTH_ID_CONFIRMED
RVW-202605-001835,ALT-202605-001973,RV-05,2026-05-24T12:27:19,CLEARED_FALSE_POSITIVE,ID_VERIFIED
RVW-202605-001836,ALT-202605-001974,RV-03,2026-06-01T12:28:21,CLEARED_FALSE_POSITIVE,KNOWN_DEVICE
RVW-202605-001837,ALT-202605-001975,RV-05,2026-05-14T06:01:03,INSUFFICIENT_EVIDENCE,AGED_OUT
RVW-202605-001838,ALT-202605-001976,RV-05,2026-05-15T20:11:19,CLEARED_FALSE_POSITIVE,KNOWN_DEVICE
RVW-202605-001839,ALT-202605-001977,RV-01,2026-05-13T21:28:46,CLEARED_FALSE_POSITIVE,DOC_VALID
RVW-202605-001840,ALT-202605-001978,RV-03,2026-05-20T10:33:49,CONFIRMED_FRAUD,MULE_CONFIRMED
RVW-202605-001841,ALT-202605-001979,RV-06,2026-05-09T13:11:02,CLEARED_FALSE_POSITIVE,KNOWN_DEVICE
RVW-202605-001842,ALT-202605-001980,RV-03,2026-05-24T16:29:48,CLEARED_FALSE_POSITIVE,CUSTOMER_CONTACTED
RVW-202605-001843,ALT-202605-001981,RV-06,2026-05-20T20:11:20,CLEARED_FALSE_POSITIVE,KNOWN_DEVICE
RVW-202605-001844,ALT-202605-001982,RV-01,2026-06-02T16:58:56,CLEARED_FALSE_POSITIVE,DOC_VALID
RVW-202605-001845,ALT-202605-001983,RV-02,2026-05-22T09:49:52,CLEARED_FALSE_POSITIVE,CUSTOMER_CONTACTED
RVW-202605-001846,ALT-202605-001984,RV-06,2026-05-12T22:32:57,INSUFFICIENT_EVIDENCE,DATA_UNAVAILABLE
RVW-202605-001847,ALT-202605-001985,RV-06,2026-06-07T10:54:15,CLEARED_FALSE_POSITIVE,CUSTOMER_CONTACTED
RVW-202605-001848,ALT-202605-001986,RV-02,2026-05-07T21:19:59,CLEARED_FALSE_POSITIVE,ID_VERIFIED
RVW-202605-001849,ALT-202605-001988,RV-02,2026-05-20T22:01:07,CLEARED_FALSE_POSITIVE,CUSTOMER_CONTACTED
RVW-202605-001850,ALT-202605-001989,RV-03,2026-06-01T21:59:11,CLEARED_FALSE_POSITIVE,KNOWN_DEVICE
RVW-202605-001851,ALT-202605-001990,RV-02,2026-05-31T22:03:00,CONFIRMED_FRAUD,MULE_CONFIRMED
RVW-202605-001852,ALT-202605-001992,RV-06,2026-05-09T08:31:08,CLEARED_FALSE_POSITIVE,KNOWN_DEVICE
RVW-202605-001853,ALT-202605-001993,RV-05,2026-05-10T19:59:04,CLEARED_FALSE_POSITIVE,KNOWN_DEVICE
RVW-202605-001854,ALT-202605-001994,RV-04,2026-06-04T10:06:22,CLEARED_FALSE_POSITIVE,CUSTOMER_CONTACTED
RVW-202605-001855,ALT-202605-001995,RV-05,2026-05-10T13:06:02,CLEARED_FALSE_POSITIVE,CUSTOMER_CONTACTED
RVW-202605-001856,ALT-202605-001996,RV-02,2026-05-14T22:01:59,CLEARED_FALSE_POSITIVE,CUSTOMER_CONTACTED
RVW-202605-001857,ALT-202605-001997,RV-01,2026-06-03T15:57:18,CLEARED_FALSE_POSITIVE,CUSTOMER_CONTACTED
RVW-202605-001858,ALT-202605-001998,RV-05,2026-05-10T18:52:42,CONFIRMED_FRAUD,ATO_CONFIRMED
RVW-202605-001859,ALT-202605-001999,RV-01,2026-05-21T11:42:25,CONFIRMED_FRAUD,ATO_CONFIRMED
RVW-202605-001860,ALT-202605-002000,RV-03,2026-05-23T11:41:57,CONFIRMED_FRAUD,ATO_CONFIRMED
RVW-202605-001861,ALT-202605-002001,RV-06,2026-05-21T11:17:16,CLEARED_FALSE_POSITIVE,ID_VERIFIED
RVW-202605-001862,ALT-202605-002002,RV-06,2026-06-08T08:14:07,CLEARED_FALSE_POSITIVE,DOC_VALID
RVW-202605-001863,ALT-202605-002003,RV-04,2026-05-08T09:37:38,CONFIRMED_FRAUD,DOC_FORGED
RVW-202605-001864,ALT-202605-002004,RV-04,2026-05-13T10:48:50,CLEARED_FALSE_POSITIVE,DOC_VALID
RVW-202605-001865,ALT-202605-002005,RV-06,2026-05-12T22:11:34,CLEARED_FALSE_POSITIVE,CUSTOMER_CONTACTED
RVW-202605-001866,ALT-202605-002006,RV-05,2026-05-08T19:22:44,CLEARED_FALSE_POSITIVE,ID_VERIFIED
RVW-202605-001867,ALT-202605-002007,RV-03,2026-06-05T09:22:09,CLEARED_FALSE_POSITIVE,DOC_VALID
RVW-202605-001868,ALT-202605-002008,RV-04,2026-06-01T10:44:59,CLEARED_FALSE_POSITIVE,KNOWN_DEVICE
RVW-202605-001869,ALT-202605-002010,RV-04,2026-05-27T20:01:16,CLEARED_FALSE_POSITIVE,DOC_VALID
RVW-202605-001870,ALT-202605-002011,RV-05,2026-06-07T22:42:12,INSUFFICIENT_EVIDENCE,NO_CONTACT
RVW-202605-001871,ALT-202605-002012,RV-04,2026-05-22T10:38:45,CLEARED_FALSE_POSITIVE,CUSTOMER_CONTACTED
RVW-202605-001872,ALT-202605-002013,RV-06,2026-05-30T10:05:40,CLEARED_FALSE_POSITIVE,DOC_VALID
RVW-202605-001873,ALT-202605-002014,RV-02,2026-05-11T07:18:05,CONFIRMED_FRAUD,DOC_FORGED
RVW-202605-001874,ALT-202605-002015,RV-01,2026-06-01T10:44:29,CLEARED_FALSE_POSITIVE,KNOWN_DEVICE
RVW-202605-001875,ALT-202605-002016,RV-05,2026-05-20T12:25:23,CLEARED_FALSE_POSITIVE,CUSTOMER_CONTACTED
RVW-202605-001876,ALT-202605-002017,RV-04,2026-05-31T06:37:33,INSUFFICIENT_EVIDENCE,NO_CONTACT
RVW-202605-001877,ALT-202605-002018,RV-02,2026-05-08T12:25:21,CLEARED_FALSE_POSITIVE,KNOWN_DEVICE
RVW-202605-001878,ALT-202605-002019,RV-03,2026-05-02T15:04:23,CONFIRMED_FRAUD,DOC_FORGED
RVW-202605-001879,ALT-202605-002020,RV-05,2026-05-11T17:52:00,CONFIRMED_FRAUD,DOC_FORGED
RVW-202605-001880,ALT-202605-002022,RV-02,2026-05-27T07:56:24,CONFIRMED_FRAUD,SYNTH_ID_CONFIRMED
RVW-202605-001881,ALT-202605-002023,RV-06,2026-05-28T15:35:30,CLEARED_FALSE_POSITIVE,DOC_VALID
RVW-202605-001882,ALT-202605-002024,RV-03,2026-05-26T10:21:04,CLEARED_FALSE_POSITIVE,DOC_VALID
RVW-202605-001883,ALT-202605-002025,RV-03,2026-05-12T16:34:04,CONFIRMED_FRAUD,SYNTH_ID_CONFIRMED
RVW-202605-001884,ALT-202605-002027,RV-06,2026-05-09T15:31:23,CLEARED_FALSE_POSITIVE,DOC_VALID
RVW-202605-001885,ALT-202605-002028,RV-04,2026-06-01T22:39:23,CLEARED_FALSE_POSITIVE,ID_VERIFIED
RVW-202605-001886,ALT-202605-002029,RV-03,2026-05-31T20:43:12,CLEARED_FALSE_POSITIVE,KNOWN_DEVICE
RVW-202605-001887,ALT-202605-002030,RV-06,2026-06-04T15:00:25,CLEARED_FALSE_POSITIVE,KNOWN_DEVICE
RVW-202605-001888,ALT-202605-002031,RV-06,2026-06-02T09:55:24,CLEARED_FALSE_POSITIVE,ID_VERIFIED
RVW-202605-001889,ALT-202605-002032,RV-04,2026-05-26T15:27:24,CLEARED_FALSE_POSITIVE,KNOWN_DEVICE
RVW-202605-001890,ALT-202605-002033,RV-06,2026-05-15T15:28:38,CLEARED_FALSE_POSITIVE,CUSTOMER_CONTACTED
RVW-202605-001891,ALT-202605-002034,RV-02,2026-05-29T11:09:42,CONFIRMED_FRAUD,MULE_CONFIRMED
RVW-202605-001892,ALT-202605-002035,RV-06,2026-05-13T09:04:47,CONFIRMED_FRAUD,MULE_CONFIRMED
RVW-202605-001893,ALT-202605-002036,RV-06,2026-05-30T20:21:12,CLEARED_FALSE_POSITIVE,DOC_VALID
RVW-202605-001894,ALT-202605-002037,RV-06,2026-05-17T12:36:17,CLEARED_FALSE_POSITIVE,DOC_VALID
RVW-202605-001895,ALT-202605-002038,RV-04,2026-05-15T22:16:20,CLEARED_FALSE_POSITIVE,DOC_VALID
RVW-202605-001896,ALT-202605-002039,RV-04,2026-05-03T07:16:02,CLEARED_FALSE_POSITIVE,KNOWN_DEVICE
RVW-202605-001897,ALT-202605-002040,RV-06,2026-06-01T07:27:36,CLEARED_FALSE_POSITIVE,CUSTOMER_CONTACTED
RVW-202605-001898,ALT-202605-002041,RV-02,2026-05-26T06:53:55,INSUFFICIENT_EVIDENCE,NO_CONTACT
RVW-202605-001899,ALT-202605-002042,RV-01,2026-05-10T20:43:36,CLEARED_FALSE_POSITIVE,DOC_VALID
RVW-202605-001900,ALT-202605-002043,RV-05,2026-05-27T19:39:40,CLEARED_FALSE_POSITIVE,DOC_VALID
RVW-202605-001901,ALT-202605-002044,RV-06,2026-05-22T11:59:19,INSUFFICIENT_EVIDENCE,NO_CONTACT
RVW-202605-001902,ALT-202605-002045,RV-06,2026-05-29T10:54:47,CLEARED_FALSE_POSITIVE,CUSTOMER_CONTACTED
RVW-202605-001903,ALT-202605-002046,RV-03,2026-05-28T16:19:32,INSUFFICIENT_EVIDENCE,AGED_OUT
RVW-202605-001904,ALT-202605-002047,RV-04,2026-05-12T16:11:54,CLEARED_FALSE_POSITIVE,ID_VERIFIED
RVW-202605-001905,ALT-202605-002048,RV-02,2026-05-23T16:45:34,CONFIRMED_FRAUD,MULE_CONFIRMED
RVW-202605-001906,ALT-202605-002049,RV-06,2026-05-14T16:58:40,CLEARED_FALSE_POSITIVE,KNOWN_DEVICE
RVW-202605-001907,ALT-202605-002050,RV-06,2026-05-21T13:13:06,CLEARED_FALSE_POSITIVE,ID_VERIFIED
RVW-202605-001908,ALT-202605-002051,RV-01,2026-05-08T10:27:19,CONFIRMED_FRAUD,ATO_CONFIRMED
RVW-202605-001909,ALT-202605-002052,RV-05,2026-05-11T07:32:05,CONFIRMED_FRAUD,SYNTH_ID_CONFIRMED
RVW-202605-001910,ALT-202605-002053,RV-02,2026-05-09T19:04:11,CLEARED_FALSE_POSITIVE,ID_VERIFIED
RVW-202605-001911,ALT-202605-002054,RV-01,2026-05-23T09:13:18,INSUFFICIENT_EVIDENCE,DATA_UNAVAILABLE
RVW-202605-001912,ALT-202605-002056,RV-01,2026-05-27T16:38:04,INSUFFICIENT_EVIDENCE,NO_CONTACT
RVW-202605-001913,ALT-202605-002057,RV-01,2026-05-23T11:41:52,CLEARED_FALSE_POSITIVE,CUSTOMER_CONTACTED
RVW-202605-001914,ALT-202605-002058,RV-02,2026-05-09T13:24:30,CONFIRMED_FRAUD,ATO_CONFIRMED
RVW-202605-001915,ALT-202605-002059,RV-04,2026-05-30T13:22:04,INSUFFICIENT_EVIDENCE,NO_CONTACT
RVW-202605-001916,ALT-202605-002060,RV-02,2026-05-14T15:13:51,CLEARED_FALSE_POSITIVE,KNOWN_DEVICE
RVW-202605-001917,ALT-202605-002061,RV-04,2026-05-14T14:33:05,CLEARED_FALSE_POSITIVE,KNOWN_DEVICE
RVW-202605-001918,ALT-202605-002062,RV-02,2026-05-16T08:05:05,CLEARED_FALSE_POSITIVE,CUSTOMER_CONTACTED
RVW-202605-001919,ALT-202605-002063,RV-01,2026-05-07T19:13:31,CLEARED_FALSE_POSITIVE,KNOWN_DEVICE
RVW-202605-001920,ALT-202605-002064,RV-01,2026-05-08T09:41:49,INSUFFICIENT_EVIDENCE,NO_CONTACT
RVW-202605-001921,ALT-202605-002065,RV-04,2026-06-01T11:06:44,CLEARED_FALSE_POSITIVE,ID_VERIFIED
RVW-202605-001922,ALT-202605-002066,RV-06,2026-06-05T20:03:41,CLEARED_FALSE_POSITIVE,ID_VERIFIED
RVW-202605-001923,ALT-202605-002067,RV-05,2026-05-25T09:39:23,CLEARED_FALSE_POSITIVE,CUSTOMER_CONTACTED
RVW-202605-001924,ALT-202605-002068,RV-04,2026-05-29T13:41:02,CLEARED_FALSE_POSITIVE,ID_VERIFIED
RVW-202605-001925,ALT-202605-002069,RV-03,2026-05-09T19:37:48,CLEARED_FALSE_POSITIVE,CUSTOMER_CONTACTED
RVW-202605-001926,ALT-202605-002070,RV-02,2026-06-05T19:11:07,CLEARED_FALSE_POSITIVE,ID_VERIFIED
RVW-202605-001927,ALT-202605-002071,RV-06,2026-05-09T21:30:39,CONFIRMED_FRAUD,ATO_CONFIRMED
RVW-202605-001928,ALT-202605-002072,RV-04,2026-06-08T18:56:24,CLEARED_FALSE_POSITIVE,KNOWN_DEVICE
RVW-202605-001929,ALT-202605-002073,RV-06,2026-05-17T09:26:23,CONFIRMED_FRAUD,DOC_FORGED
RVW-202605-001930,ALT-202605-002074,RV-06,2026-06-01T19:37:35,CLEARED_FALSE_POSITIVE,ID_VERIFIED
RVW-202605-001931,ALT-202605-002075,RV-03,2026-05-02T14:10:22,CLEARED_FALSE_POSITIVE,ID_VERIFIED
RVW-202605-001932,ALT-202605-002076,RV-04,2026-06-04T08:42:25,CLEARED_FALSE_POSITIVE,CUSTOMER_CONTACTED
RVW-202605-001933,ALT-202605-002077,RV-03,2026-05-28T10:19:40,CLEARED_FALSE_POSITIVE,CUSTOMER_CONTACTED
RVW-202605-001934,ALT-202605-002078,RV-05,2026-05-13T14:25:08,CLEARED_FALSE_POSITIVE,KNOWN_DEVICE
RVW-202605-001935,ALT-202605-002079,RV-06,2026-05-10T09:19:25,CLEARED_FALSE_POSITIVE,KNOWN_DEVICE
RVW-202605-001936,ALT-202605-002080,RV-06,2026-05-29T17:10:46,CLEARED_FALSE_POSITIVE,KNOWN_DEVICE
RVW-202605-001937,ALT-202605-002081,RV-03,2026-05-07T19:17:49,CLEARED_FALSE_POSITIVE,DOC_VALID
RVW-202605-001938,ALT-202605-002082,RV-01,2026-05-30T12:44:16,CLEARED_FALSE_POSITIVE,CUSTOMER_CONTACTED
RVW-202605-001939,ALT-202605-002083,RV-03,2026-05-30T06:36:28,CLEARED_FALSE_POSITIVE,KNOWN_DEVICE
RVW-202605-001940,ALT-202605-002084,RV-03,2026-06-01T19:17:52,CONFIRMED_FRAUD,ATO_CONFIRMED
RVW-202605-001941,ALT-202605-002085,RV-05,2026-05-09T16:05:16,CLEARED_FALSE_POSITIVE,ID_VERIFIED
RVW-202605-001942,ALT-202605-002086,RV-01,2026-05-02T11:25:36,CLEARED_FALSE_POSITIVE,KNOWN_DEVICE
RVW-202605-001943,ALT-202605-002087,RV-04,2026-05-06T15:29:07,CONFIRMED_FRAUD,MULE_CONFIRMED
RVW-202605-001944,ALT-202605-002088,RV-04,2026-05-22T15:18:15,CLEARED_FALSE_POSITIVE,DOC_VALID
RVW-202605-001945,ALT-202605-002089,RV-03,2026-06-01T08:02:59,CLEARED_FALSE_POSITIVE,ID_VERIFIED
RVW-202605-001946,ALT-202605-002091,RV-03,2026-06-01T16:15:35,CLEARED_FALSE_POSITIVE,CUSTOMER_CONTACTED
RVW-202605-001947,ALT-202605-002093,RV-06,2026-05-18T16:48:38,INSUFFICIENT_EVIDENCE,DATA_UNAVAILABLE
RVW-202605-001948,ALT-202605-002094,RV-05,2026-05-15T13:18:03,CLEARED_FALSE_POSITIVE,ID_VERIFIED
RVW-202605-001949,ALT-202605-002095,RV-03,2026-05-19T10:32:32,CLEARED_FALSE_POSITIVE,ID_VERIFIED
RVW-202605-001950,ALT-202605-002096,RV-01,2026-05-07T13:05:39,CONFIRMED_FRAUD,ATO_CONFIRMED
RVW-202605-001951,ALT-202605-002097,RV-06,2026-05-20T16:55:07,CONFIRMED_FRAUD,DOC_FORGED
RVW-202605-001952,ALT-202605-002099,RV-06,2026-05-28T15:25:25,CLEARED_FALSE_POSITIVE,DOC_VALID
RVW-202605-001953,ALT-202605-002100,RV-02,2026-05-04T09:20:59,CLEARED_FALSE_POSITIVE,DOC_VALID
RVW-202605-001954,ALT-202605-002101,RV-03,2026-05-22T17:49:22,CLEARED_FALSE_POSITIVE,DOC_VALID
RVW-202605-001955,ALT-202605-002102,RV-04,2026-05-16T13:00:13,CLEARED_FALSE_POSITIVE,DOC_VALID
RVW-202605-001956,ALT-202605-002103,RV-03,2026-05-26T16:30:15,CLEARED_FALSE_POSITIVE,KNOWN_DEVICE
RVW-202605-001957,ALT-202605-002106,RV-03,2026-05-14T21:22:16,CLEARED_FALSE_POSITIVE,CUSTOMER_CONTACTED
RVW-202605-001958,ALT-202605-002107,RV-03,2026-05-16T16:09:49,CLEARED_FALSE_POSITIVE,ID_VERIFIED
RVW-202605-001959,ALT-202605-002108,RV-03,2026-05-21T19:01:12,CLEARED_FALSE_POSITIVE,DOC_VALID
RVW-202605-001960,ALT-202605-002109,RV-04,2026-05-07T21:48:20,CONFIRMED_FRAUD,ATO_CONFIRMED
RVW-202605-001961,ALT-202605-002111,RV-04,2026-05-18T10:07:06,CLEARED_FALSE_POSITIVE,KNOWN_DEVICE
RVW-202605-001962,ALT-202605-002112,RV-03,2026-05-19T16:05:11,CLEARED_FALSE_POSITIVE,CUSTOMER_CONTACTED
RVW-202605-001963,ALT-202605-002114,RV-03,2026-06-01T20:46:17,CLEARED_FALSE_POSITIVE,ID_VERIFIED
RVW-202605-001964,ALT-202605-002115,RV-01,2026-05-19T14:53:37,CLEARED_FALSE_POSITIVE,KNOWN_DEVICE
RVW-202605-001965,ALT-202605-002116,RV-05,2026-05-15T13:32:46,CLEARED_FALSE_POSITIVE,CUSTOMER_CONTACTED
RVW-202605-001966,ALT-202605-002117,RV-05,2026-05-12T19:06:04,CLEARED_FALSE_POSITIVE,KNOWN_DEVICE
RVW-202605-001967,ALT-202605-002118,RV-04,2026-05-07T20:41:47,CONFIRMED_FRAUD,DOC_FORGED
RVW-202605-001968,ALT-202605-002119,RV-01,2026-05-31T20:07:20,CLEARED_FALSE_POSITIVE,KNOWN_DEVICE
RVW-202605-001969,ALT-202605-002120,RV-06,2026-05-23T21:00:55,CLEARED_FALSE_POSITIVE,ID_VERIFIED
RVW-202605-001970,ALT-202605-002121,RV-02,2026-05-23T15:40:56,CLEARED_FALSE_POSITIVE,KNOWN_DEVICE
RVW-202605-001971,ALT-202605-002122,RV-01,2026-05-24T10:04:03,CLEARED_FALSE_POSITIVE,CUSTOMER_CONTACTED
RVW-202605-001972,ALT-202605-002123,RV-03,2026-05-18T21:50:29,CLEARED_FALSE_POSITIVE,ID_VERIFIED
RVW-202605-001973,ALT-202605-002124,RV-02,2026-05-24T06:43:54,CLEARED_FALSE_POSITIVE,KNOWN_DEVICE
RVW-202605-001974,ALT-202605-002125,RV-02,2026-05-16T20:40:35,CONFIRMED_FRAUD,MULE_CONFIRMED
RVW-202605-001975,ALT-202605-002126,RV-03,2026-05-19T07:22:18,CLEARED_FALSE_POSITIVE,DOC_VALID
RVW-202605-001976,ALT-202605-002127,RV-06,2026-05-16T12:56:46,CLEARED_FALSE_POSITIVE,ID_VERIFIED
RVW-202605-001977,ALT-202605-002128,RV-03,2026-05-29T11:23:42,CLEARED_FALSE_POSITIVE,CUSTOMER_CONTACTED
RVW-202605-001978,ALT-202605-002129,RV-02,2026-05-10T11:08:30,CLEARED_FALSE_POSITIVE,CUSTOMER_CONTACTED
RVW-202605-001979,ALT-202605-002130,RV-05,2026-05-22T15:47:56,CLEARED_FALSE_POSITIVE,KNOWN_DEVICE
RVW-202605-001980,ALT-202605-002131,RV-02,2026-05-15T18:06:56,CLEARED_FALSE_POSITIVE,KNOWN_DEVICE
RVW-202605-001981,ALT-202605-002132,RV-01,2026-05-30T09:09:00,CLEARED_FALSE_POSITIVE,CUSTOMER_CONTACTED
RVW-202605-001982,ALT-202605-002133,RV-05,2026-05-13T16:45:00,CLEARED_FALSE_POSITIVE,KNOWN_DEVICE
RVW-202605-001983,ALT-202605-002134,RV-05,2026-05-18T17:43:42,CLEARED_FALSE_POSITIVE,ID_VERIFIED
RVW-202605-001984,ALT-202605-002136,RV-03,2026-05-05T21:19:02,CLEARED_FALSE_POSITIVE,KNOWN_DEVICE
RVW-202605-001985,ALT-202605-002137,RV-01,2026-05-16T11:39:40,CLEARED_FALSE_POSITIVE,DOC_VALID
RVW-202605-001986,ALT-202605-002139,RV-02,2026-05-23T15:45:13,CLEARED_FALSE_POSITIVE,DOC_VALID
RVW-202605-001987,ALT-202605-002140,RV-05,2026-06-04T22:14:51,CLEARED_FALSE_POSITIVE,DOC_VALID
RVW-202605-001988,ALT-202605-002141,RV-02,2026-05-12T16:27:13,CLEARED_FALSE_POSITIVE,DOC_VALID
RVW-202605-001989,ALT-202605-002142,RV-06,2026-05-03T10:03:08,CLEARED_FALSE_POSITIVE,CUSTOMER_CONTACTED
RVW-202605-001990,ALT-202605-002143,RV-04,2026-06-02T17:25:17,INSUFFICIENT_EVIDENCE,NO_CONTACT
RVW-202605-001991,ALT-202605-002144,RV-06,2026-05-27T07:34:02,CLEARED_FALSE_POSITIVE,CUSTOMER_CONTACTED
RVW-202605-001992,ALT-202605-002145,RV-04,2026-05-06T12:45:39,CONFIRMED_FRAUD,DOC_FORGED
RVW-202605-001993,ALT-202605-002147,RV-05,2026-06-08T22:40:19,CONFIRMED_FRAUD,DOC_FORGED
RVW-202605-001994,ALT-202605-002148,RV-04,2026-05-08T12:18:32,CONFIRMED_FRAUD,ATO_CONFIRMED
RVW-202605-001995,ALT-202605-002149,RV-03,2026-05-10T17:35:11,CLEARED_FALSE_POSITIVE,KNOWN_DEVICE
RVW-202605-001996,ALT-202605-002150,RV-03,2026-05-18T07:18:53,CLEARED_FALSE_POSITIVE,DOC_VALID
RVW-202605-001997,ALT-202605-002151,RV-05,2026-06-03T08:51:51,CLEARED_FALSE_POSITIVE,DOC_VALID
RVW-202605-001998,ALT-202605-002152,RV-02,2026-05-23T12:06:15,CLEARED_FALSE_POSITIVE,DOC_VALID
RVW-202605-001999,ALT-202605-002153,RV-01,2026-06-02T15:34:01,CLEARED_FALSE_POSITIVE,DOC_VALID
RVW-202605-002000,ALT-202605-002154,RV-02,2026-05-15T18:23:11,CLEARED_FALSE_POSITIVE,ID_VERIFIED
RVW-202605-002001,ALT-202605-002155,RV-04,2026-05-09T22:29:28,CLEARED_FALSE_POSITIVE,ID_VERIFIED
RVW-202605-002002,ALT-202605-002157,RV-03,2026-05-20T15:10:52,CLEARED_FALSE_POSITIVE,KNOWN_DEVICE
RVW-202605-002003,ALT-202605-002158,RV-06,2026-05-07T14:49:38,CLEARED_FALSE_POSITIVE,CUSTOMER_CONTACTED
RVW-202605-002004,ALT-202605-002159,RV-02,2026-05-21T22:49:56,CLEARED_FALSE_POSITIVE,ID_VERIFIED
RVW-202605-002005,ALT-202605-002160,RV-04,2026-06-04T18:32:09,CONFIRMED_FRAUD,MULE_CONFIRMED
RVW-202605-002006,ALT-202605-002161,RV-01,2026-05-18T18:40:47,CLEARED_FALSE_POSITIVE,ID_VERIFIED
RVW-202605-002007,ALT-202605-002162,RV-01,2026-06-03T19:03:03,CLEARED_FALSE_POSITIVE,KNOWN_DEVICE
RVW-202605-002008,ALT-202605-002163,RV-06,2026-05-16T08:17:20,CONFIRMED_FRAUD,MULE_CONFIRMED
RVW-202605-002009,ALT-202605-002164,RV-04,2026-05-25T09:33:18,INSUFFICIENT_EVIDENCE,AGED_OUT
RVW-202605-002010,ALT-202605-002165,RV-01,2026-05-12T16:06:40,CLEARED_FALSE_POSITIVE,CUSTOMER_CONTACTED
RVW-202605-002011,ALT-202605-002166,RV-04,2026-05-18T06:25:52,CONFIRMED_FRAUD,ATO_CONFIRMED
RVW-202605-002012,ALT-202605-002167,RV-02,2026-05-18T12:47:28,CLEARED_FALSE_POSITIVE,KNOWN_DEVICE
RVW-202605-002013,ALT-202605-002168,RV-06,2026-05-11T17:23:07,CLEARED_FALSE_POSITIVE,ID_VERIFIED
RVW-202605-002014,ALT-202605-002169,RV-01,2026-05-18T06:45:31,CONFIRMED_FRAUD,SYNTH_ID_CONFIRMED
RVW-202605-002015,ALT-202605-002170,RV-02,2026-06-04T18:29:23,CLEARED_FALSE_POSITIVE,DOC_VALID
RVW-202605-002016,ALT-202605-002171,RV-01,2026-05-04T14:15:21,CLEARED_FALSE_POSITIVE,DOC_VALID
RVW-202605-002017,ALT-202605-002172,RV-05,2026-05-23T13:24:10,CLEARED_FALSE_POSITIVE,KNOWN_DEVICE
RVW-202605-002018,ALT-202605-002173,RV-04,2026-05-18T09:27:01,CLEARED_FALSE_POSITIVE,CUSTOMER_CONTACTED
RVW-202605-002019,ALT-202605-002174,RV-04,2026-06-01T07:47:32,CLEARED_FALSE_POSITIVE,KNOWN_DEVICE
RVW-202605-002020,ALT-202605-002175,RV-06,2026-05-26T16:17:35,CLEARED_FALSE_POSITIVE,KNOWN_DEVICE
RVW-202605-002021,ALT-202605-002176,RV-06,2026-05-18T16:34:16,CLEARED_FALSE_POSITIVE,ID_VERIFIED
RVW-202605-002022,ALT-202605-002177,RV-05,2026-05-21T22:51:35,CLEARED_FALSE_POSITIVE,DOC_VALID
RVW-202605-002023,ALT-202605-002178,RV-06,2026-05-24T13:48:56,CLEARED_FALSE_POSITIVE,KNOWN_DEVICE
RVW-202605-002024,ALT-202605-002179,RV-06,2026-06-07T13:06:34,CLEARED_FALSE_POSITIVE,CUSTOMER_CONTACTED
RVW-202605-002025,ALT-202605-002180,RV-02,2026-06-04T21:45:00,CLEARED_FALSE_POSITIVE,CUSTOMER_CONTACTED
RVW-202605-002026,ALT-202605-002181,RV-01,2026-05-18T15:33:22,CLEARED_FALSE_POSITIVE,KNOWN_DEVICE
RVW-202605-002027,ALT-202605-002183,RV-04,2026-05-11T07:15:46,CONFIRMED_FRAUD,MULE_CONFIRMED
RVW-202605-002028,ALT-202605-002184,RV-05,2026-05-30T22:27:48,CLEARED_FALSE_POSITIVE,ID_VERIFIED
RVW-202605-002029,ALT-202605-002185,RV-06,2026-05-07T14:22:47,CLEARED_FALSE_POSITIVE,ID_VERIFIED
RVW-202605-002030,ALT-202605-002186,RV-04,2026-05-30T08:14:59,CLEARED_FALSE_POSITIVE,KNOWN_DEVICE
RVW-202605-002031,ALT-202605-002187,RV-05,2026-06-03T12:45:32,INSUFFICIENT_EVIDENCE,AGED_OUT
RVW-202605-002032,ALT-202605-002188,RV-02,2026-05-02T18:36:56,INSUFFICIENT_EVIDENCE,NO_CONTACT
RVW-202605-002033,ALT-202605-002189,RV-06,2026-05-03T12:35:00,CLEARED_FALSE_POSITIVE,KNOWN_DEVICE
RVW-202605-002034,ALT-202605-002190,RV-02,2026-05-20T12:34:30,INSUFFICIENT_EVIDENCE,DATA_UNAVAILABLE
RVW-202605-002035,ALT-202605-002191,RV-03,2026-06-02T06:27:53,CLEARED_FALSE_POSITIVE,DOC_VALID
RVW-202605-002036,ALT-202605-002192,RV-06,2026-05-30T16:05:14,CLEARED_FALSE_POSITIVE,ID_VERIFIED
RVW-202605-002037,ALT-202605-002193,RV-03,2026-05-27T11:25:26,CONFIRMED_FRAUD,DOC_FORGED
RVW-202605-002038,ALT-202605-002194,RV-06,2026-05-30T15:05:51,CONFIRMED_FRAUD,ATO_CONFIRMED
RVW-202605-002039,ALT-202605-002195,RV-04,2026-05-17T15:42:42,CLEARED_FALSE_POSITIVE,KNOWN_DEVICE
RVW-202605-002040,ALT-202605-002196,RV-05,2026-05-10T07:53:02,CLEARED_FALSE_POSITIVE,CUSTOMER_CONTACTED
RVW-202605-002041,ALT-202605-002197,RV-02,2026-05-30T12:46:12,CLEARED_FALSE_POSITIVE,DOC_VALID
RVW-202605-002042,ALT-202605-002198,RV-02,2026-05-23T20:05:25,CLEARED_FALSE_POSITIVE,ID_VERIFIED
RVW-202605-002043,ALT-202605-002199,RV-03,2026-06-08T17:18:44,CLEARED_FALSE_POSITIVE,DOC_VALID
RVW-202605-002044,ALT-202605-002200,RV-01,2026-05-27T08:49:00,CLEARED_FALSE_POSITIVE,CUSTOMER_CONTACTED
RVW-202605-002045,ALT-202605-002201,RV-05,2026-05-25T10:52:41,CONFIRMED_FRAUD,DOC_FORGED
RVW-202605-002046,ALT-202605-002202,RV-05,2026-05-15T06:49:17,CONFIRMED_FRAUD,ATO_CONFIRMED
RVW-202605-002047,ALT-202605-002203,RV-06,2026-05-09T11:05:10,CLEARED_FALSE_POSITIVE,ID_VERIFIED
RVW-202605-002048,ALT-202605-002204,RV-03,2026-05-30T08:40:51,CLEARED_FALSE_POSITIVE,CUSTOMER_CONTACTED
RVW-202605-002049,ALT-202605-002205,RV-06,2026-05-19T08:48:09,CLEARED_FALSE_POSITIVE,CUSTOMER_CONTACTED
RVW-202605-002050,ALT-202605-002206,RV-01,2026-05-12T10:45:08,CLEARED_FALSE_POSITIVE,CUSTOMER_CONTACTED
RVW-202605-002051,ALT-202605-002208,RV-03,2026-05-19T22:10:11,CONFIRMED_FRAUD,DOC_FORGED
RVW-202605-002052,ALT-202605-002209,RV-05,2026-05-11T15:39:09,CLEARED_FALSE_POSITIVE,DOC_VALID
RVW-202605-002053,ALT-202605-002210,RV-04,2026-06-06T21:33:15,INSUFFICIENT_EVIDENCE,AGED_OUT
RVW-202605-002054,ALT-202605-002211,RV-01,2026-05-07T09:34:03,CLEARED_FALSE_POSITIVE,DOC_VALID
RVW-202605-002055,ALT-202605-002212,RV-04,2026-05-11T15:08:15,INSUFFICIENT_EVIDENCE,NO_CONTACT
RVW-202605-002056,ALT-202605-002213,RV-05,2026-06-07T20:00:16,CLEARED_FALSE_POSITIVE,ID_VERIFIED
RVW-202605-002057,ALT-202605-002214,RV-06,2026-05-02T12:24:47,CLEARED_FALSE_POSITIVE,DOC_VALID
RVW-202605-002058,ALT-202605-002215,RV-05,2026-05-15T13:36:14,CLEARED_FALSE_POSITIVE,DOC_VALID
RVW-202605-002059,ALT-202605-002216,RV-06,2026-05-26T09:00:40,CLEARED_FALSE_POSITIVE,DOC_VALID
RVW-202605-002060,ALT-202605-002217,RV-05,2026-05-21T20:58:50,CLEARED_FALSE_POSITIVE,DOC_VALID
RVW-202605-002061,ALT-202605-002218,RV-06,2026-05-29T14:00:40,CLEARED_FALSE_POSITIVE,KNOWN_DEVICE
RVW-202605-002062,ALT-202605-002219,RV-06,2026-05-20T19:00:28,CONFIRMED_FRAUD,MULE_CONFIRMED
RVW-202605-002063,ALT-202605-002220,RV-06,2026-05-05T08:49:43,CLEARED_FALSE_POSITIVE,DOC_VALID
RVW-202605-002064,ALT-202605-002222,RV-01,2026-05-11T12:29:16,CLEARED_FALSE_POSITIVE,KNOWN_DEVICE
RVW-202605-002065,ALT-202605-002223,RV-05,2026-05-13T22:52:54,CLEARED_FALSE_POSITIVE,CUSTOMER_CONTACTED
RVW-202605-002066,ALT-202605-002224,RV-03,2026-05-20T14:42:09,CLEARED_FALSE_POSITIVE,KNOWN_DEVICE
RVW-202605-002067,ALT-202605-002225,RV-06,2026-05-29T17:27:21,CLEARED_FALSE_POSITIVE,ID_VERIFIED
RVW-202605-002068,ALT-202605-002226,RV-01,2026-05-07T11:01:26,CLEARED_FALSE_POSITIVE,KNOWN_DEVICE
RVW-202605-002069,ALT-202605-002227,RV-05,2026-05-16T08:08:49,INSUFFICIENT_EVIDENCE,AGED_OUT
RVW-202605-002070,ALT-202605-002228,RV-01,2026-06-02T10:13:57,INSUFFICIENT_EVIDENCE,AGED_OUT
RVW-202605-002071,ALT-202605-002229,RV-05,2026-06-02T20:29:17,CLEARED_FALSE_POSITIVE,ID_VERIFIED
RVW-202605-002072,ALT-202605-002230,RV-02,2026-05-05T13:32:14,CLEARED_FALSE_POSITIVE,KNOWN_DEVICE
RVW-202605-002073,ALT-202605-002232,RV-05,2026-05-23T19:12:04,CONFIRMED_FRAUD,MULE_CONFIRMED
RVW-202605-002074,ALT-202605-002233,RV-06,2026-05-25T11:19:22,CLEARED_FALSE_POSITIVE,ID_VERIFIED
RVW-202605-002075,ALT-202605-002234,RV-03,2026-05-13T18:33:44,CLEARED_FALSE_POSITIVE,ID_VERIFIED
RVW-202605-002076,ALT-202605-002235,RV-06,2026-06-02T22:27:56,CLEARED_FALSE_POSITIVE,DOC_VALID
RVW-202605-002077,ALT-202605-002236,RV-03,2026-05-16T14:48:18,CLEARED_FALSE_POSITIVE,CUSTOMER_CONTACTED
RVW-202605-002078,ALT-202605-002237,RV-03,2026-05-28T22:40:30,CONFIRMED_FRAUD,DOC_FORGED
RVW-202605-002079,ALT-202605-002238,RV-03,2026-05-20T17:50:46,CLEARED_FALSE_POSITIVE,CUSTOMER_CONTACTED
RVW-202605-002080,ALT-202605-002241,RV-01,2026-05-23T11:43:38,CONFIRMED_FRAUD,ATO_CONFIRMED
RVW-202605-002081,ALT-202605-002242,RV-06,2026-05-09T17:46:19,CLEARED_FALSE_POSITIVE,KNOWN_DEVICE
RVW-202605-002082,ALT-202605-002243,RV-06,2026-06-03T13:01:09,CLEARED_FALSE_POSITIVE,CUSTOMER_CONTACTED
RVW-202605-002083,ALT-202605-002244,RV-02,2026-06-01T10:27:38,CLEARED_FALSE_POSITIVE,ID_VERIFIED
RVW-202605-002084,ALT-202605-002245,RV-05,2026-05-24T16:30:10,CLEARED_FALSE_POSITIVE,CUSTOMER_CONTACTED
RVW-202605-002085,ALT-202605-002246,RV-03,2026-05-23T08:25:36,CLEARED_FALSE_POSITIVE,CUSTOMER_CONTACTED
RVW-202605-002086,ALT-202605-002247,RV-03,2026-06-10T08:05:43,INSUFFICIENT_EVIDENCE,DATA_UNAVAILABLE
RVW-202605-002087,ALT-202605-002248,RV-03,2026-06-02T06:41:54,CLEARED_FALSE_POSITIVE,ID_VERIFIED
RVW-202605-002088,ALT-202605-002249,RV-02,2026-06-08T06:05:07,CLEARED_FALSE_POSITIVE,CUSTOMER_CONTACTED
RVW-202605-002089,ALT-202605-002250,RV-02,2026-05-28T11:29:28,INSUFFICIENT_EVIDENCE,NO_CONTACT
RVW-202605-002090,ALT-202605-002251,RV-01,2026-05-17T18:24:06,CLEARED_FALSE_POSITIVE,DOC_VALID
RVW-202605-002091,ALT-202605-002252,RV-04,2026-06-01T19:29:40,CLEARED_FALSE_POSITIVE,KNOWN_DEVICE
RVW-202605-002092,ALT-202605-002253,RV-06,2026-05-09T19:35:13,CLEARED_FALSE_POSITIVE,CUSTOMER_CONTACTED
RVW-202605-002093,ALT-202605-002254,RV-05,2026-05-31T14:47:21,CLEARED_FALSE_POSITIVE,KNOWN_DEVICE
RVW-202605-002094,ALT-202605-002255,RV-06,2026-05-09T08:50:39,INSUFFICIENT_EVIDENCE,NO_CONTACT
RVW-202605-002095,ALT-202605-002256,RV-02,2026-05-11T13:32:40,CLEARED_FALSE_POSITIVE,CUSTOMER_CONTACTED
RVW-202605-002096,ALT-202605-002257,RV-05,2026-05-25T18:49:50,CONFIRMED_FRAUD,SYNTH_ID_CONFIRMED
RVW-202605-002097,ALT-202605-002258,RV-05,2026-05-12T16:07:10,INSUFFICIENT_EVIDENCE,DATA_UNAVAILABLE
RVW-202605-002098,ALT-202605-002259,RV-02,2026-05-24T14:26:36,CLEARED_FALSE_POSITIVE,DOC_VALID
RVW-202605-002099,ALT-202605-002260,RV-01,2026-06-01T13:17:04,CLEARED_FALSE_POSITIVE,DOC_VALID
RVW-202605-002100,ALT-202605-002261,RV-06,2026-05-12T12:33:01,CLEARED_FALSE_POSITIVE,DOC_VALID
RVW-202605-002101,ALT-202605-002262,RV-05,2026-06-03T12:40:34,CONFIRMED_FRAUD,ATO_CONFIRMED
RVW-202605-002102,ALT-202605-002263,RV-05,2026-05-22T12:58:30,CLEARED_FALSE_POSITIVE,ID_VERIFIED
RVW-202605-002103,ALT-202605-002265,RV-03,2026-05-27T20:21:04,CONFIRMED_FRAUD,SYNTH_ID_CONFIRMED
RVW-202605-002104,ALT-202605-002266,RV-02,2026-05-21T13:57:57,CLEARED_FALSE_POSITIVE,CUSTOMER_CONTACTED
RVW-202605-002105,ALT-202605-002267,RV-05,2026-06-04T16:24:25,INSUFFICIENT_EVIDENCE,DATA_UNAVAILABLE
RVW-202605-002106,ALT-202605-002268,RV-05,2026-05-20T08:28:22,CLEARED_FALSE_POSITIVE,ID_VERIFIED
RVW-202605-002107,ALT-202605-002269,RV-06,2026-05-13T12:33:05,CLEARED_FALSE_POSITIVE,KNOWN_DEVICE
RVW-202605-002108,ALT-202605-002270,RV-06,2026-06-08T14:07:06,CLEARED_FALSE_POSITIVE,CUSTOMER_CONTACTED
RVW-202605-002109,ALT-202605-002271,RV-02,2026-05-18T07:57:03,CONFIRMED_FRAUD,SYNTH_ID_CONFIRMED
RVW-202605-002110,ALT-202605-002273,RV-04,2026-05-13T14:54:37,CLEARED_FALSE_POSITIVE,KNOWN_DEVICE
RVW-202605-002111,ALT-202605-002274,RV-06,2026-05-03T16:51:19,CLEARED_FALSE_POSITIVE,CUSTOMER_CONTACTED
RVW-202605-002112,ALT-202605-002275,RV-05,2026-05-18T20:43:29,CLEARED_FALSE_POSITIVE,KNOWN_DEVICE
RVW-202605-002113,ALT-202605-002276,RV-02,2026-05-29T09:44:38,CLEARED_FALSE_POSITIVE,CUSTOMER_CONTACTED
RVW-202605-002114,ALT-202605-002277,RV-01,2026-05-05T12:31:00,CLEARED_FALSE_POSITIVE,KNOWN_DEVICE
RVW-202605-002115,ALT-202605-002278,RV-01,2026-05-15T13:53:21,CLEARED_FALSE_POSITIVE,KNOWN_DEVICE
RVW-202605-002116,ALT-202605-002279,RV-03,2026-06-10T10:15:45,CLEARED_FALSE_POSITIVE,KNOWN_DEVICE
RVW-202605-002117,ALT-202605-002280,RV-01,2026-05-17T16:16:28,CLEARED_FALSE_POSITIVE,DOC_VALID
RVW-202605-002118,ALT-202605-002281,RV-04,2026-05-08T18:55:37,CLEARED_FALSE_POSITIVE,DOC_VALID
RVW-202605-002119,ALT-202605-002282,RV-06,2026-05-03T08:36:08,CONFIRMED_FRAUD,MULE_CONFIRMED
RVW-202605-002120,ALT-202605-002283,RV-06,2026-06-02T14:08:19,CLEARED_FALSE_POSITIVE,CUSTOMER_CONTACTED
RVW-202605-002121,ALT-202605-002284,RV-03,2026-05-18T19:20:59,CLEARED_FALSE_POSITIVE,ID_VERIFIED
RVW-202605-002122,ALT-202605-002287,RV-06,2026-05-10T22:02:58,CLEARED_FALSE_POSITIVE,DOC_VALID
RVW-202605-002123,ALT-202605-002288,RV-06,2026-05-02T17:18:07,CLEARED_FALSE_POSITIVE,CUSTOMER_CONTACTED
RVW-202605-002124,ALT-202605-002289,RV-02,2026-05-28T20:23:47,CONFIRMED_FRAUD,DOC_FORGED
RVW-202605-002125,ALT-202605-002290,RV-06,2026-05-18T08:37:57,CONFIRMED_FRAUD,DOC_FORGED
RVW-202605-002126,ALT-202605-002291,RV-03,2026-05-16T22:40:53,CLEARED_FALSE_POSITIVE,ID_VERIFIED
RVW-202605-002127,ALT-202605-002292,RV-05,2026-05-29T20:21:36,CLEARED_FALSE_POSITIVE,DOC_VALID
RVW-202605-002128,ALT-202605-002293,RV-03,2026-05-25T08:56:48,CLEARED_FALSE_POSITIVE,ID_VERIFIED
RVW-202605-002129,ALT-202605-002294,RV-06,2026-05-13T14:59:44,CONFIRMED_FRAUD,MULE_CONFIRMED
RVW-202605-002130,ALT-202605-002295,RV-04,2026-06-07T09:08:11,CLEARED_FALSE_POSITIVE,ID_VERIFIED
RVW-202605-002131,ALT-202605-002296,RV-03,2026-05-15T17:52:14,CONFIRMED_FRAUD,DOC_FORGED
RVW-202605-002132,ALT-202605-002297,RV-06,2026-06-06T11:01:00,CLEARED_FALSE_POSITIVE,KNOWN_DEVICE
RVW-202605-002133,ALT-202605-002298,RV-03,2026-05-17T13:34:15,CONFIRMED_FRAUD,MULE_CONFIRMED
RVW-202605-002134,ALT-202605-002299,RV-01,2026-06-08T20:22:43,CLEARED_FALSE_POSITIVE,DOC_VALID
RVW-202605-002135,ALT-202605-002300,RV-06,2026-05-30T08:56:24,CLEARED_FALSE_POSITIVE,ID_VERIFIED
RVW-202605-002136,ALT-202605-002301,RV-01,2026-05-31T21:05:03,CLEARED_FALSE_POSITIVE,KNOWN_DEVICE
RVW-202605-002137,ALT-202605-002302,RV-03,2026-05-04T22:38:36,CLEARED_FALSE_POSITIVE,ID_VERIFIED
RVW-202605-002138,ALT-202605-002303,RV-04,2026-05-19T21:25:58,CLEARED_FALSE_POSITIVE,KNOWN_DEVICE
RVW-202605-002139,ALT-202605-002304,RV-01,2026-06-01T13:40:40,CLEARED_FALSE_POSITIVE,ID_VERIFIED
RVW-202605-002140,ALT-202605-002305,RV-05,2026-05-24T14:35:48,CLEARED_FALSE_POSITIVE,KNOWN_DEVICE
RVW-202605-002141,ALT-202605-002306,RV-01,2026-05-19T15:55:02,INSUFFICIENT_EVIDENCE,NO_CONTACT
RVW-202605-002142,ALT-202605-002307,RV-04,2026-06-07T12:42:45,CLEARED_FALSE_POSITIVE,DOC_VALID
RVW-202605-002143,ALT-202605-002308,RV-06,2026-05-22T11:13:36,CONFIRMED_FRAUD,SYNTH_ID_CONFIRMED
RVW-202605-002144,ALT-202605-002309,RV-04,2026-05-29T06:49:21,CLEARED_FALSE_POSITIVE,KNOWN_DEVICE
RVW-202605-002145,ALT-202605-002310,RV-04,2026-05-11T22:53:39,INSUFFICIENT_EVIDENCE,NO_CONTACT
RVW-202605-002146,ALT-202605-002311,RV-05,2026-05-06T18:37:36,CLEARED_FALSE_POSITIVE,CUSTOMER_CONTACTED
RVW-202605-002147,ALT-202605-002312,RV-06,2026-05-11T22:36:03,CLEARED_FALSE_POSITIVE,KNOWN_DEVICE
RVW-202605-002148,ALT-202605-002313,RV-04,2026-05-25T19:31:11,CLEARED_FALSE_POSITIVE,CUSTOMER_CONTACTED
RVW-202605-002149,ALT-202605-002314,RV-04,2026-05-09T09:44:05,CONFIRMED_FRAUD,ATO_CONFIRMED
RVW-202605-002150,ALT-202605-002316,RV-02,2026-05-25T08:03:42,CLEARED_FALSE_POSITIVE,ID_VERIFIED
RVW-202605-002151,ALT-202605-002317,RV-04,2026-05-15T14:17:16,CLEARED_FALSE_POSITIVE,DOC_VALID
RVW-202605-002152,ALT-202605-002318,RV-06,2026-05-22T09:40:56,CLEARED_FALSE_POSITIVE,CUSTOMER_CONTACTED
RVW-202605-002153,ALT-202605-002319,RV-05,2026-05-09T15:00:46,CLEARED_FALSE_POSITIVE,CUSTOMER_CONTACTED
RVW-202605-002154,ALT-202605-002320,RV-04,2026-05-11T21:37:40,CONFIRMED_FRAUD,ATO_CONFIRMED
RVW-202605-002155,ALT-202605-002321,RV-04,2026-06-03T14:16:49,CLEARED_FALSE_POSITIVE,KNOWN_DEVICE
RVW-202605-002156,ALT-202605-002322,RV-01,2026-06-01T12:33:37,INSUFFICIENT_EVIDENCE,DATA_UNAVAILABLE
RVW-202605-002157,ALT-202605-002323,RV-04,2026-06-01T22:29:39,CLEARED_FALSE_POSITIVE,CUSTOMER_CONTACTED
RVW-202605-002158,ALT-202605-002324,RV-06,2026-05-10T12:52:22,CLEARED_FALSE_POSITIVE,CUSTOMER_CONTACTED
RVW-202605-002159,ALT-202605-002325,RV-04,2026-05-10T11:57:33,CLEARED_FALSE_POSITIVE,KNOWN_DEVICE
RVW-202605-002160,ALT-202605-002326,RV-01,2026-05-18T06:26:57,CLEARED_FALSE_POSITIVE,ID_VERIFIED
RVW-202605-002161,ALT-202605-002327,RV-06,2026-05-19T11:42:25,CLEARED_FALSE_POSITIVE,DOC_VALID
RVW-202605-002162,ALT-202605-002328,RV-01,2026-05-11T13:48:14,CLEARED_FALSE_POSITIVE,ID_VERIFIED
RVW-202605-002163,ALT-202605-002329,RV-03,2026-05-16T11:58:27,CLEARED_FALSE_POSITIVE,KNOWN_DEVICE
RVW-202605-002164,ALT-202605-002330,RV-01,2026-05-04T16:03:49,CLEARED_FALSE_POSITIVE,DOC_VALID
RVW-202605-002165,ALT-202605-002331,RV-01,2026-05-03T09:51:03,CLEARED_FALSE_POSITIVE,DOC_VALID
RVW-202605-002166,ALT-202605-002332,RV-03,2026-05-19T20:02:08,CLEARED_FALSE_POSITIVE,CUSTOMER_CONTACTED
RVW-202605-002167,ALT-202605-002333,RV-04,2026-05-19T20:49:34,CLEARED_FALSE_POSITIVE,KNOWN_DEVICE
RVW-202605-002168,ALT-202605-002334,RV-06,2026-06-04T13:22:29,CLEARED_FALSE_POSITIVE,DOC_VALID
RVW-202605-002169,ALT-202605-002335,RV-06,2026-06-09T17:36:43,CLEARED_FALSE_POSITIVE,DOC_VALID
RVW-202605-002170,ALT-202605-002336,RV-02,2026-05-29T18:07:43,CLEARED_FALSE_POSITIVE,ID_VERIFIED
RVW-202605-002171,ALT-202605-002337,RV-06,2026-05-28T19:23:28,CONFIRMED_FRAUD,MULE_CONFIRMED
RVW-202605-002172,ALT-202605-002338,RV-04,2026-05-21T08:05:39,CLEARED_FALSE_POSITIVE,ID_VERIFIED
RVW-202605-002173,ALT-202605-002339,RV-02,2026-05-06T14:31:07,CONFIRMED_FRAUD,MULE_CONFIRMED
RVW-202605-002174,ALT-202605-002341,RV-02,2026-05-08T13:25:01,CLEARED_FALSE_POSITIVE,DOC_VALID
RVW-202605-002175,ALT-202605-002343,RV-03,2026-05-31T09:45:12,CLEARED_FALSE_POSITIVE,ID_VERIFIED
RVW-202605-002176,ALT-202605-002344,RV-01,2026-06-04T13:51:05,CLEARED_FALSE_POSITIVE,DOC_VALID
RVW-202605-002177,ALT-202605-002345,RV-06,2026-05-15T06:50:43,CLEARED_FALSE_POSITIVE,ID_VERIFIED
RVW-202605-002178,ALT-202605-002346,RV-05,2026-05-16T10:38:05,INSUFFICIENT_EVIDENCE,NO_CONTACT
RVW-202605-002179,ALT-202605-002347,RV-03,2026-05-04T16:18:00,INSUFFICIENT_EVIDENCE,NO_CONTACT
RVW-202605-002180,ALT-202605-002349,RV-05,2026-06-03T22:05:17,CONFIRMED_FRAUD,SYNTH_ID_CONFIRMED
RVW-202605-002181,ALT-202605-002350,RV-01,2026-05-30T08:14:45,CONFIRMED_FRAUD,ATO_CONFIRMED
RVW-202605-002182,ALT-202605-002351,RV-05,2026-05-12T11:41:11,INSUFFICIENT_EVIDENCE,AGED_OUT
RVW-202605-002183,ALT-202605-002352,RV-02,2026-05-26T12:25:14,CLEARED_FALSE_POSITIVE,KNOWN_DEVICE
RVW-202605-002184,ALT-202605-002353,RV-04,2026-05-08T08:31:41,INSUFFICIENT_EVIDENCE,NO_CONTACT
RVW-202605-002185,ALT-202605-002354,RV-03,2026-05-20T14:45:16,CLEARED_FALSE_POSITIVE,DOC_VALID
RVW-202605-002186,ALT-202605-002355,RV-01,2026-05-27T08:56:55,CONFIRMED_FRAUD,MULE_CONFIRMED
RVW-202605-002187,ALT-202605-002356,RV-06,2026-05-06T18:44:01,CLEARED_FALSE_POSITIVE,DOC_VALID
RVW-202605-002188,ALT-202605-002358,RV-03,2026-05-27T09:27:55,CLEARED_FALSE_POSITIVE,DOC_VALID
RVW-202605-002189,ALT-202605-002359,RV-06,2026-05-15T08:08:43,CLEARED_FALSE_POSITIVE,CUSTOMER_CONTACTED
RVW-202605-002190,ALT-202605-002360,RV-02,2026-05-13T15:36:54,INSUFFICIENT_EVIDENCE,DATA_UNAVAILABLE
RVW-202605-002191,ALT-202605-002361,RV-04,2026-05-28T11:47:54,CLEARED_FALSE_POSITIVE,DOC_VALID
RVW-202605-002192,ALT-202605-002362,RV-01,2026-05-22T21:59:12,INSUFFICIENT_EVIDENCE,AGED_OUT
RVW-202605-002193,ALT-202605-002363,RV-02,2026-06-01T12:06:15,CLEARED_FALSE_POSITIVE,KNOWN_DEVICE
RVW-202605-002194,ALT-202605-002364,RV-05,2026-05-19T15:03:03,CLEARED_FALSE_POSITIVE,KNOWN_DEVICE
RVW-202605-002195,ALT-202605-002365,RV-06,2026-05-26T19:37:03,CLEARED_FALSE_POSITIVE,ID_VERIFIED
RVW-202605-002196,ALT-202605-002366,RV-01,2026-05-12T11:43:09,CLEARED_FALSE_POSITIVE,DOC_VALID
RVW-202605-002197,ALT-202605-002367,RV-01,2026-05-20T07:30:31,CLEARED_FALSE_POSITIVE,DOC_VALID
RVW-202605-002198,ALT-202605-002368,RV-05,2026-05-26T12:48:28,INSUFFICIENT_EVIDENCE,DATA_UNAVAILABLE
RVW-202605-002199,ALT-202605-002369,RV-04,2026-05-27T13:05:58,CLEARED_FALSE_POSITIVE,ID_VERIFIED
RVW-202605-002200,ALT-202605-002370,RV-05,2026-05-28T13:48:21,CONFIRMED_FRAUD,ATO_CONFIRMED
RVW-202605-002201,ALT-202605-002371,RV-03,2026-05-27T06:56:29,CLEARED_FALSE_POSITIVE,ID_VERIFIED
RVW-202605-002202,ALT-202605-002372,RV-05,2026-05-03T17:27:44,CLEARED_FALSE_POSITIVE,KNOWN_DEVICE
RVW-202605-002203,ALT-202605-002373,RV-06,2026-05-24T12:44:55,INSUFFICIENT_EVIDENCE,DATA_UNAVAILABLE
RVW-202605-002204,ALT-202605-002374,RV-04,2026-05-18T09:58:23,CLEARED_FALSE_POSITIVE,CUSTOMER_CONTACTED
RVW-202605-002205,ALT-202605-002375,RV-06,2026-05-18T06:14:24,CLEARED_FALSE_POSITIVE,KNOWN_DEVICE
RVW-202605-002206,ALT-202605-002376,RV-01,2026-05-04T18:21:33,INSUFFICIENT_EVIDENCE,DATA_UNAVAILABLE
RVW-202605-002207,ALT-202605-002377,RV-03,2026-05-21T08:24:29,CLEARED_FALSE_POSITIVE,ID_VERIFIED
RVW-202605-002208,ALT-202605-002378,RV-03,2026-05-19T09:35:01,CONFIRMED_FRAUD,MULE_CONFIRMED
RVW-202605-002209,ALT-202605-002379,RV-06,2026-05-20T16:54:09,CLEARED_FALSE_POSITIVE,CUSTOMER_CONTACTED
RVW-202605-002210,ALT-202605-002380,RV-06,2026-05-09T19:05:08,CLEARED_FALSE_POSITIVE,CUSTOMER_CONTACTED
RVW-202605-002211,ALT-202605-002381,RV-02,2026-05-24T07:19:28,CLEARED_FALSE_POSITIVE,DOC_VALID
RVW-202605-002212,ALT-202605-002382,RV-04,2026-05-24T07:29:43,CLEARED_FALSE_POSITIVE,DOC_VALID
RVW-202605-002213,ALT-202605-002383,RV-02,2026-05-11T06:31:57,CLEARED_FALSE_POSITIVE,DOC_VALID
RVW-202605-002214,ALT-202605-002384,RV-05,2026-05-21T22:29:59,CLEARED_FALSE_POSITIVE,KNOWN_DEVICE
RVW-202605-002215,ALT-202605-002385,RV-02,2026-05-12T08:39:05,CLEARED_FALSE_POSITIVE,DOC_VALID
RVW-202605-002216,ALT-202605-002386,RV-03,2026-05-09T14:15:55,CLEARED_FALSE_POSITIVE,CUSTOMER_CONTACTED
RVW-202605-002217,ALT-202605-002387,RV-01,2026-05-19T10:48:00,CLEARED_FALSE_POSITIVE,CUSTOMER_CONTACTED
RVW-202605-002218,ALT-202605-002388,RV-03,2026-05-29T14:15:28,CLEARED_FALSE_POSITIVE,DOC_VALID
RVW-202605-002219,ALT-202605-002389,RV-03,2026-05-12T12:01:55,INSUFFICIENT_EVIDENCE,AGED_OUT
RVW-202605-002220,ALT-202605-002390,RV-02,2026-05-31T10:30:50,CLEARED_FALSE_POSITIVE,CUSTOMER_CONTACTED
RVW-202605-002221,ALT-202605-002391,RV-04,2026-05-23T19:02:58,CLEARED_FALSE_POSITIVE,CUSTOMER_CONTACTED
RVW-202605-002222,ALT-202605-002392,RV-06,2026-05-12T08:45:09,CLEARED_FALSE_POSITIVE,ID_VERIFIED
RVW-202605-002223,ALT-202605-002393,RV-03,2026-05-19T18:49:28,CLEARED_FALSE_POSITIVE,CUSTOMER_CONTACTED
RVW-202605-002224,ALT-202605-002394,RV-06,2026-05-16T21:07:13,CLEARED_FALSE_POSITIVE,ID_VERIFIED
RVW-202605-002225,ALT-202605-002395,RV-01,2026-05-23T22:37:16,CLEARED_FALSE_POSITIVE,DOC_VALID
RVW-202605-002226,ALT-202605-002397,RV-05,2026-06-07T07:21:47,CLEARED_FALSE_POSITIVE,KNOWN_DEVICE
RVW-202605-002227,ALT-202605-002398,RV-03,2026-05-01T15:14:28,CLEARED_FALSE_POSITIVE,CUSTOMER_CONTACTED
RVW-202605-002228,ALT-202605-002399,RV-03,2026-05-23T06:08:31,CLEARED_FALSE_POSITIVE,CUSTOMER_CONTACTED
RVW-202605-002229,ALT-202605-002400,RV-04,2026-05-11T20:54:02,CLEARED_FALSE_POSITIVE,KNOWN_DEVICE
RVW-202605-002230,ALT-202605-002401,RV-04,2026-05-15T08:46:34,CLEARED_FALSE_POSITIVE,DOC_VALID
RVW-202605-002231,ALT-202605-002402,RV-05,2026-05-24T06:04:48,CLEARED_FALSE_POSITIVE,KNOWN_DEVICE
RVW-202605-002232,ALT-202605-002403,RV-03,2026-05-17T14:44:25,CLEARED_FALSE_POSITIVE,KNOWN_DEVICE
RVW-202605-002233,ALT-202605-002404,RV-03,2026-05-13T11:45:22,CONFIRMED_FRAUD,DOC_FORGED
RVW-202605-002234,ALT-202605-002405,RV-05,2026-05-26T21:41:05,CONFIRMED_FRAUD,MULE_CONFIRMED
RVW-202605-002235,ALT-202605-002407,RV-04,2026-06-02T07:05:25,CONFIRMED_FRAUD,ATO_CONFIRMED
RVW-202605-002236,ALT-202605-002408,RV-03,2026-05-11T20:29:02,CLEARED_FALSE_POSITIVE,ID_VERIFIED
RVW-202605-002237,ALT-202605-002409,RV-02,2026-05-11T08:57:35,CLEARED_FALSE_POSITIVE,CUSTOMER_CONTACTED
RVW-202605-002238,ALT-202605-002410,RV-05,2026-05-22T07:05:27,CLEARED_FALSE_POSITIVE,CUSTOMER_CONTACTED
RVW-202605-002239,ALT-202605-002411,RV-01,2026-05-18T08:18:47,CLEARED_FALSE_POSITIVE,KNOWN_DEVICE
RVW-202605-002240,ALT-202605-002412,RV-03,2026-05-08T14:21:56,CLEARED_FALSE_POSITIVE,CUSTOMER_CONTACTED
RVW-202605-002241,ALT-202605-002413,RV-02,2026-05-22T07:26:59,CLEARED_FALSE_POSITIVE,DOC_VALID
RVW-202605-002242,ALT-202605-002414,RV-03,2026-06-03T08:00:47,CONFIRMED_FRAUD,ATO_CONFIRMED
RVW-202605-002243,ALT-202605-002415,RV-05,2026-05-12T06:31:02,CLEARED_FALSE_POSITIVE,KNOWN_DEVICE
RVW-202605-002244,ALT-202605-002416,RV-06,2026-05-30T09:32:59,CLEARED_FALSE_POSITIVE,ID_VERIFIED
RVW-202605-002245,ALT-202605-002417,RV-06,2026-05-18T11:35:24,CONFIRMED_FRAUD,MULE_CONFIRMED
RVW-202605-002246,ALT-202605-002418,RV-04,2026-05-14T06:01:36,CLEARED_FALSE_POSITIVE,ID_VERIFIED
RVW-202605-002247,ALT-202605-002419,RV-05,2026-05-18T13:55:58,CLEARED_FALSE_POSITIVE,CUSTOMER_CONTACTED
RVW-202605-002248,ALT-202605-002420,RV-03,2026-06-05T20:59:29,CONFIRMED_FRAUD,ATO_CONFIRMED
RVW-202605-002249,ALT-202605-002421,RV-04,2026-06-07T13:12:02,CLEARED_FALSE_POSITIVE,ID_VERIFIED
RVW-202605-002250,ALT-202605-002422,RV-05,2026-05-18T17:15:14,CLEARED_FALSE_POSITIVE,CUSTOMER_CONTACTED
RVW-202605-002251,ALT-202605-002423,RV-05,2026-06-01T11:58:07,CONFIRMED_FRAUD,MULE_CONFIRMED
RVW-202605-002252,ALT-202605-002424,RV-06,2026-05-11T22:32:28,CLEARED_FALSE_POSITIVE,DOC_VALID
RVW-202605-002253,ALT-202605-002425,RV-01,2026-06-04T20:03:06,CLEARED_FALSE_POSITIVE,CUSTOMER_CONTACTED
RVW-202605-002254,ALT-202605-002426,RV-01,2026-06-01T15:42:31,CLEARED_FALSE_POSITIVE,ID_VERIFIED
RVW-202605-002255,ALT-202605-002427,RV-05,2026-05-15T20:36:40,CLEARED_FALSE_POSITIVE,DOC_VALID
RVW-202605-002256,ALT-202605-002428,RV-01,2026-05-16T14:40:49,CLEARED_FALSE_POSITIVE,KNOWN_DEVICE
RVW-202605-002257,ALT-202605-002429,RV-02,2026-05-11T08:26:56,CLEARED_FALSE_POSITIVE,DOC_VALID
RVW-202605-002258,ALT-202605-002430,RV-02,2026-05-29T19:51:27,CLEARED_FALSE_POSITIVE,DOC_VALID
RVW-202605-002259,ALT-202605-002431,RV-02,2026-05-16T15:44:47,CLEARED_FALSE_POSITIVE,KNOWN_DEVICE
RVW-202605-002260,ALT-202605-002432,RV-01,2026-05-15T06:41:32,CLEARED_FALSE_POSITIVE,KNOWN_DEVICE
RVW-202605-002261,ALT-202605-002433,RV-04,2026-05-13T15:07:52,CLEARED_FALSE_POSITIVE,DOC_VALID
RVW-202605-002262,ALT-202605-002434,RV-06,2026-05-21T17:18:29,CLEARED_FALSE_POSITIVE,CUSTOMER_CONTACTED
RVW-202605-002263,ALT-202605-002435,RV-06,2026-05-18T12:57:26,CONFIRMED_FRAUD,MULE_CONFIRMED
RVW-202605-002264,ALT-202605-002436,RV-02,2026-06-02T13:29:20,CLEARED_FALSE_POSITIVE,ID_VERIFIED
RVW-202605-002265,ALT-202605-002437,RV-06,2026-06-04T09:31:18,CLEARED_FALSE_POSITIVE,CUSTOMER_CONTACTED
RVW-202605-002266,ALT-202605-002438,RV-06,2026-05-19T09:06:21,CLEARED_FALSE_POSITIVE,ID_VERIFIED
RVW-202605-002267,ALT-202605-002439,RV-03,2026-05-23T19:55:59,CLEARED_FALSE_POSITIVE,DOC_VALID
RVW-202605-002268,ALT-202605-002440,RV-04,2026-05-25T20:34:12,CONFIRMED_FRAUD,SYNTH_ID_CONFIRMED
RVW-202605-002269,ALT-202605-002441,RV-04,2026-05-22T21:10:37,CLEARED_FALSE_POSITIVE,DOC_VALID
RVW-202605-002270,ALT-202605-002443,RV-05,2026-05-28T13:10:05,CLEARED_FALSE_POSITIVE,ID_VERIFIED
RVW-202605-002271,ALT-202605-002444,RV-05,2026-05-02T10:32:19,CONFIRMED_FRAUD,DOC_FORGED
RVW-202605-002272,ALT-202605-002445,RV-05,2026-05-27T10:44:45,CONFIRMED_FRAUD,DOC_FORGED
RVW-202605-002273,ALT-202605-002446,RV-01,2026-05-23T18:16:01,CLEARED_FALSE_POSITIVE,KNOWN_DEVICE
RVW-202605-002274,ALT-202605-002447,RV-04,2026-05-20T14:40:55,CLEARED_FALSE_POSITIVE,CUSTOMER_CONTACTED
RVW-202605-002275,ALT-202605-002448,RV-02,2026-06-08T21:19:53,CLEARED_FALSE_POSITIVE,CUSTOMER_CONTACTED
RVW-202605-002276,ALT-202605-002449,RV-05,2026-05-16T07:33:54,CLEARED_FALSE_POSITIVE,KNOWN_DEVICE
RVW-202605-002277,ALT-202605-002450,RV-03,2026-05-31T08:40:35,CLEARED_FALSE_POSITIVE,DOC_VALID
RVW-202605-002278,ALT-202605-002451,RV-02,2026-05-13T13:36:20,CONFIRMED_FRAUD,MULE_CONFIRMED
RVW-202605-002279,ALT-202605-002452,RV-02,2026-06-01T08:07:40,CLEARED_FALSE_POSITIVE,CUSTOMER_CONTACTED
RVW-202605-002280,ALT-202605-002453,RV-02,2026-05-22T20:28:54,CLEARED_FALSE_POSITIVE,KNOWN_DEVICE
RVW-202605-002281,ALT-202605-002454,RV-04,2026-05-27T12:18:27,CLEARED_FALSE_POSITIVE,CUSTOMER_CONTACTED
RVW-202605-002282,ALT-202605-002455,RV-04,2026-06-05T16:40:09,CLEARED_FALSE_POSITIVE,ID_VERIFIED
RVW-202605-002283,ALT-202605-002456,RV-01,2026-05-18T12:23:27,CLEARED_FALSE_POSITIVE,CUSTOMER_CONTACTED
RVW-202605-002284,ALT-202605-002457,RV-03,2026-05-19T08:19:43,CLEARED_FALSE_POSITIVE,DOC_VALID
RVW-202605-002285,ALT-202605-002458,RV-05,2026-05-16T14:17:56,CLEARED_FALSE_POSITIVE,DOC_VALID
RVW-202605-002286,ALT-202605-002459,RV-02,2026-05-05T12:41:52,CLEARED_FALSE_POSITIVE,KNOWN_DEVICE
RVW-202605-002287,ALT-202605-002460,RV-05,2026-05-29T20:24:03,CONFIRMED_FRAUD,SYNTH_ID_CONFIRMED
RVW-202605-002288,ALT-202605-002461,RV-01,2026-06-11T12:31:27,CLEARED_FALSE_POSITIVE,KNOWN_DEVICE
RVW-202605-002289,ALT-202605-002462,RV-06,2026-05-24T06:00:07,CLEARED_FALSE_POSITIVE,KNOWN_DEVICE
RVW-202605-002290,ALT-202605-002464,RV-04,2026-06-01T19:02:29,CONFIRMED_FRAUD,DOC_FORGED
RVW-202605-002291,ALT-202605-002465,RV-05,2026-05-29T07:34:18,CLEARED_FALSE_POSITIVE,KNOWN_DEVICE
RVW-202605-002292,ALT-202605-002466,RV-03,2026-05-05T07:00:49,CLEARED_FALSE_POSITIVE,ID_VERIFIED
RVW-202605-002293,ALT-202605-002467,RV-01,2026-05-24T21:33:55,CONFIRMED_FRAUD,SYNTH_ID_CONFIRMED
RVW-202605-002294,ALT-202605-002469,RV-02,2026-05-28T20:38:30,CLEARED_FALSE_POSITIVE,DOC_VALID
RVW-202605-002295,ALT-202605-002470,RV-06,2026-05-30T21:53:41,CONFIRMED_FRAUD,SYNTH_ID_CONFIRMED
RVW-202605-002296,ALT-202605-002471,RV-02,2026-05-09T18:17:07,CLEARED_FALSE_POSITIVE,CUSTOMER_CONTACTED
RVW-202605-002297,ALT-202605-002472,RV-02,2026-06-06T18:58:41,CLEARED_FALSE_POSITIVE,DOC_VALID
RVW-202605-002298,ALT-202605-002473,RV-02,2026-05-24T10:43:19,CLEARED_FALSE_POSITIVE,KNOWN_DEVICE
RVW-202605-002299,ALT-202605-002474,RV-02,2026-05-20T09:58:11,CLEARED_FALSE_POSITIVE,KNOWN_DEVICE
RVW-202605-002300,ALT-202605-002475,RV-06,2026-06-02T17:57:35,CLEARED_FALSE_POSITIVE,DOC_VALID
RVW-202605-002301,ALT-202605-002476,RV-05,2026-05-30T06:56:50,CLEARED_FALSE_POSITIVE,ID_VERIFIED
RVW-202605-002302,ALT-202605-002477,RV-05,2026-05-26T08:42:32,CLEARED_FALSE_POSITIVE,CUSTOMER_CONTACTED
RVW-202605-002303,ALT-202605-002478,RV-04,2026-06-08T15:22:41,CLEARED_FALSE_POSITIVE,CUSTOMER_CONTACTED
RVW-202605-002304,ALT-202605-002479,RV-06,2026-05-14T17:53:24,INSUFFICIENT_EVIDENCE,AGED_OUT
RVW-202605-002305,ALT-202605-002480,RV-01,2026-05-23T17:43:28,CLEARED_FALSE_POSITIVE,ID_VERIFIED
RVW-202605-002306,ALT-202605-002481,RV-01,2026-06-09T11:45:29,CONFIRMED_FRAUD,SYNTH_ID_CONFIRMED
RVW-202605-002307,ALT-202605-002482,RV-03,2026-06-01T10:30:40,CLEARED_FALSE_POSITIVE,KNOWN_DEVICE
RVW-202605-002308,ALT-202605-002483,RV-04,2026-05-11T14:50:17,CLEARED_FALSE_POSITIVE,KNOWN_DEVICE
RVW-202605-002309,ALT-202605-002484,RV-01,2026-05-18T17:45:26,CONFIRMED_FRAUD,DOC_FORGED
RVW-202605-002310,ALT-202605-002485,RV-06,2026-05-24T06:33:15,CLEARED_FALSE_POSITIVE,KNOWN_DEVICE
RVW-202605-002311,ALT-202605-002486,RV-04,2026-05-27T19:42:20,CONFIRMED_FRAUD,ATO_CONFIRMED
RVW-202605-002312,ALT-202605-002487,RV-05,2026-05-14T09:50:10,CLEARED_FALSE_POSITIVE,ID_VERIFIED
RVW-202605-002313,ALT-202605-002488,RV-02,2026-05-09T13:33:22,CLEARED_FALSE_POSITIVE,KNOWN_DEVICE
RVW-202605-002314,ALT-202605-002489,RV-04,2026-05-16T19:00:55,CLEARED_FALSE_POSITIVE,KNOWN_DEVICE
RVW-202605-002315,ALT-202605-002490,RV-01,2026-06-01T18:39:31,CLEARED_FALSE_POSITIVE,CUSTOMER_CONTACTED
RVW-202605-002316,ALT-202605-002491,RV-01,2026-05-27T17:57:07,INSUFFICIENT_EVIDENCE,DATA_UNAVAILABLE
RVW-202605-002317,ALT-202605-002492,RV-02,2026-05-20T20:43:06,CLEARED_FALSE_POSITIVE,CUSTOMER_CONTACTED
RVW-202605-002318,ALT-202605-002494,RV-04,2026-05-16T07:24:36,CLEARED_FALSE_POSITIVE,DOC_VALID
RVW-202605-002319,ALT-202605-002495,RV-02,2026-05-15T13:56:50,CONFIRMED_FRAUD,MULE_CONFIRMED
RVW-202605-002320,ALT-202605-002496,RV-02,2026-06-05T16:39:07,INSUFFICIENT_EVIDENCE,AGED_OUT
RVW-202605-002321,ALT-202605-002498,RV-02,2026-05-14T07:50:50,CLEARED_FALSE_POSITIVE,KNOWN_DEVICE
RVW-202605-002322,ALT-202605-002499,RV-06,2026-05-17T22:40:28,CLEARED_FALSE_POSITIVE,ID_VERIFIED
RVW-202605-002323,ALT-202605-002501,RV-04,2026-05-27T17:53:51,CLEARED_FALSE_POSITIVE,DOC_VALID
RVW-202605-002324,ALT-202605-002503,RV-01,2026-06-07T15:20:27,CLEARED_FALSE_POSITIVE,CUSTOMER_CONTACTED
RVW-202605-002325,ALT-202605-002504,RV-05,2026-05-28T17:23:48,CLEARED_FALSE_POSITIVE,KNOWN_DEVICE
RVW-202605-002326,ALT-202605-002505,RV-05,2026-06-02T13:36:44,CLEARED_FALSE_POSITIVE,CUSTOMER_CONTACTED
RVW-202605-002327,ALT-202605-002506,RV-03,2026-05-13T13:29:04,INSUFFICIENT_EVIDENCE,AGED_OUT
RVW-202605-002328,ALT-202605-002507,RV-06,2026-06-06T15:10:47,CLEARED_FALSE_POSITIVE,ID_VERIFIED
RVW-202605-002329,ALT-202605-002508,RV-04,2026-05-04T22:15:32,INSUFFICIENT_EVIDENCE,NO_CONTACT
RVW-202605-002330,ALT-202605-002509,RV-05,2026-05-20T20:08:26,CONFIRMED_FRAUD,SYNTH_ID_CONFIRMED
RVW-202605-002331,ALT-202605-002510,RV-03,2026-06-09T19:42:00,CLEARED_FALSE_POSITIVE,KNOWN_DEVICE
RVW-202605-002332,ALT-202605-002511,RV-01,2026-05-21T11:17:14,INSUFFICIENT_EVIDENCE,NO_CONTACT
RVW-202605-002333,ALT-202605-002512,RV-04,2026-05-23T12:38:52,INSUFFICIENT_EVIDENCE,NO_CONTACT
RVW-202605-002334,ALT-202605-002514,RV-06,2026-05-10T12:20:16,CONFIRMED_FRAUD,MULE_CONFIRMED
RVW-202605-002335,ALT-202605-002515,RV-06,2026-05-17T14:56:19,CLEARED_FALSE_POSITIVE,ID_VERIFIED
RVW-202605-002336,ALT-202605-002516,RV-06,2026-05-30T08:51:33,CLEARED_FALSE_POSITIVE,KNOWN_DEVICE
RVW-202605-002337,ALT-202605-002517,RV-05,2026-06-08T17:01:10,CLEARED_FALSE_POSITIVE,CUSTOMER_CONTACTED
RVW-202605-002338,ALT-202605-002518,RV-05,2026-05-16T06:41:04,CLEARED_FALSE_POSITIVE,KNOWN_DEVICE
RVW-202605-002339,ALT-202605-002519,RV-01,2026-05-17T14:15:17,CLEARED_FALSE_POSITIVE,CUSTOMER_CONTACTED
RVW-202605-002340,ALT-202605-002520,RV-02,2026-05-26T15:27:37,CLEARED_FALSE_POSITIVE,CUSTOMER_CONTACTED
RVW-202605-002341,ALT-202605-002521,RV-06,2026-05-10T15:52:47,CLEARED_FALSE_POSITIVE,KNOWN_DEVICE
RVW-202605-002342,ALT-202605-002522,RV-06,2026-06-04T18:05:11,INSUFFICIENT_EVIDENCE,DATA_UNAVAILABLE
RVW-202605-002343,ALT-202605-002523,RV-04,2026-05-15T09:50:35,CLEARED_FALSE_POSITIVE,ID_VERIFIED
RVW-202605-002344,ALT-202605-002524,RV-02,2026-05-19T15:38:42,INSUFFICIENT_EVIDENCE,NO_CONTACT
RVW-202605-002345,ALT-202605-002525,RV-03,2026-05-15T17:17:44,CLEARED_FALSE_POSITIVE,CUSTOMER_CONTACTED
RVW-202605-002346,ALT-202605-002526,RV-04,2026-05-15T15:18:48,CLEARED_FALSE_POSITIVE,CUSTOMER_CONTACTED
RVW-202605-002347,ALT-202605-002527,RV-01,2026-05-29T12:41:56,CONFIRMED_FRAUD,ATO_CONFIRMED
RVW-202605-002348,ALT-202605-002528,RV-05,2026-05-14T13:41:24,CLEARED_FALSE_POSITIVE,CUSTOMER_CONTACTED
RVW-202605-002349,ALT-202605-002529,RV-04,2026-05-16T08:28:25,CLEARED_FALSE_POSITIVE,ID_VERIFIED
RVW-202605-002350,ALT-202605-002530,RV-04,2026-05-28T15:37:27,CONFIRMED_FRAUD,SYNTH_ID_CONFIRMED
RVW-202605-002351,ALT-202605-002531,RV-01,2026-05-12T14:12:21,CLEARED_FALSE_POSITIVE,ID_VERIFIED
RVW-202605-002352,ALT-202605-002532,RV-01,2026-05-22T09:23:23,CLEARED_FALSE_POSITIVE,CUSTOMER_CONTACTED
RVW-202605-002353,ALT-202605-002533,RV-02,2026-05-28T17:35:01,CLEARED_FALSE_POSITIVE,CUSTOMER_CONTACTED
RVW-202605-002354,ALT-202605-002534,RV-03,2026-05-13T22:12:00,CONFIRMED_FRAUD,SYNTH_ID_CONFIRMED
RVW-202605-002355,ALT-202605-002535,RV-05,2026-05-22T16:21:19,CLEARED_FALSE_POSITIVE,CUSTOMER_CONTACTED
RVW-202605-002356,ALT-202605-002536,RV-03,2026-06-10T12:03:02,CLEARED_FALSE_POSITIVE,DOC_VALID
RVW-202605-002357,ALT-202605-002537,RV-03,2026-05-12T22:49:45,CLEARED_FALSE_POSITIVE,DOC_VALID
RVW-202605-002358,ALT-202605-002538,RV-01,2026-05-09T09:59:14,CLEARED_FALSE_POSITIVE,KNOWN_DEVICE
RVW-202605-002359,ALT-202605-002539,RV-02,2026-05-28T21:45:37,CLEARED_FALSE_POSITIVE,KNOWN_DEVICE
RVW-202605-002360,ALT-202605-002540,RV-02,2026-05-06T20:50:13,INSUFFICIENT_EVIDENCE,AGED_OUT
RVW-202605-002361,ALT-202605-002541,RV-01,2026-05-27T14:54:28,CLEARED_FALSE_POSITIVE,DOC_VALID
RVW-202605-002362,ALT-202605-002542,RV-01,2026-05-26T22:43:21,INSUFFICIENT_EVIDENCE,DATA_UNAVAILABLE
RVW-202605-002363,ALT-202605-002543,RV-05,2026-06-05T07:36:48,CONFIRMED_FRAUD,DOC_FORGED
RVW-202605-002364,ALT-202605-002544,RV-01,2026-05-20T16:02:54,INSUFFICIENT_EVIDENCE,NO_CONTACT
RVW-202605-002365,ALT-202605-002545,RV-01,2026-05-10T22:30:39,CLEARED_FALSE_POSITIVE,CUSTOMER_CONTACTED
RVW-202605-002366,ALT-202605-002547,RV-05,2026-05-04T17:02:32,INSUFFICIENT_EVIDENCE,AGED_OUT
RVW-202605-002367,ALT-202605-002548,RV-06,2026-05-11T09:09:26,CLEARED_FALSE_POSITIVE,ID_VERIFIED
RVW-202605-002368,ALT-202605-002549,RV-02,2026-05-22T10:26:59,CLEARED_FALSE_POSITIVE,CUSTOMER_CONTACTED
RVW-202605-002369,ALT-202605-002550,RV-03,2026-05-28T21:24:24,CLEARED_FALSE_POSITIVE,CUSTOMER_CONTACTED
RVW-202605-002370,ALT-202605-002551,RV-04,2026-06-05T06:44:42,CLEARED_FALSE_POSITIVE,CUSTOMER_CONTACTED
RVW-202605-002371,ALT-202605-002552,RV-06,2026-05-29T19:32:05,CONFIRMED_FRAUD,DOC_FORGED
RVW-202605-002372,ALT-202605-002553,RV-01,2026-05-02T16:20:48,CLEARED_FALSE_POSITIVE,DOC_VALID
RVW-202605-002373,ALT-202605-002554,RV-05,2026-05-12T15:28:47,CLEARED_FALSE_POSITIVE,KNOWN_DEVICE
RVW-202605-002374,ALT-202605-002555,RV-03,2026-06-01T18:32:20,CONFIRMED_FRAUD,MULE_CONFIRMED
RVW-202605-002375,ALT-202605-002556,RV-04,2026-05-13T15:26:02,CLEARED_FALSE_POSITIVE,KNOWN_DEVICE
RVW-202605-002376,ALT-202605-002557,RV-06,2026-05-14T10:32:50,CLEARED_FALSE_POSITIVE,ID_VERIFIED
RVW-202605-002377,ALT-202605-002558,RV-01,2026-05-23T21:15:55,CLEARED_FALSE_POSITIVE,ID_VERIFIED
RVW-202605-002378,ALT-202605-002559,RV-06,2026-05-07T09:32:06,CLEARED_FALSE_POSITIVE,KNOWN_DEVICE
RVW-202605-002379,ALT-202605-002560,RV-01,2026-05-25T10:56:47,CLEARED_FALSE_POSITIVE,CUSTOMER_CONTACTED
RVW-202605-002380,ALT-202605-002561,RV-02,2026-05-10T18:10:57,CLEARED_FALSE_POSITIVE,ID_VERIFIED
RVW-202605-002381,ALT-202605-002562,RV-04,2026-06-11T13:25:26,CLEARED_FALSE_POSITIVE,KNOWN_DEVICE
RVW-202605-002382,ALT-202605-002563,RV-05,2026-06-08T15:28:35,INSUFFICIENT_EVIDENCE,NO_CONTACT
RVW-202605-002383,ALT-202605-002564,RV-02,2026-06-02T13:32:50,CLEARED_FALSE_POSITIVE,DOC_VALID
RVW-202605-002384,ALT-202605-002565,RV-02,2026-05-16T08:38:49,CLEARED_FALSE_POSITIVE,CUSTOMER_CONTACTED
RVW-202605-002385,ALT-202605-002566,RV-05,2026-05-09T08:19:38,CLEARED_FALSE_POSITIVE,CUSTOMER_CONTACTED
RVW-202605-002386,ALT-202605-002567,RV-01,2026-05-21T16:25:25,INSUFFICIENT_EVIDENCE,AGED_OUT
RVW-202605-002387,ALT-202605-002568,RV-05,2026-05-09T16:13:52,CLEARED_FALSE_POSITIVE,CUSTOMER_CONTACTED
RVW-202605-002388,ALT-202605-002569,RV-06,2026-06-03T22:08:17,CLEARED_FALSE_POSITIVE,ID_VERIFIED
RVW-202605-002389,ALT-202605-002570,RV-02,2026-05-16T11:36:55,INSUFFICIENT_EVIDENCE,DATA_UNAVAILABLE
RVW-202605-002390,ALT-202605-002572,RV-01,2026-05-11T06:07:46,CLEARED_FALSE_POSITIVE,KNOWN_DEVICE
RVW-202605-002391,ALT-202605-002574,RV-03,2026-05-07T10:08:22,CLEARED_FALSE_POSITIVE,CUSTOMER_CONTACTED
RVW-202605-002392,ALT-202605-002575,RV-04,2026-05-16T08:25:52,CLEARED_FALSE_POSITIVE,CUSTOMER_CONTACTED
RVW-202605-002393,ALT-202605-002576,RV-01,2026-05-27T06:39:11,CONFIRMED_FRAUD,ATO_CONFIRMED
RVW-202605-002394,ALT-202605-002577,RV-02,2026-05-13T18:40:34,CLEARED_FALSE_POSITIVE,DOC_VALID
RVW-202605-002395,ALT-202605-002578,RV-02,2026-05-31T16:47:50,CLEARED_FALSE_POSITIVE,DOC_VALID
RVW-202605-002396,ALT-202605-002579,RV-05,2026-05-11T15:45:37,CLEARED_FALSE_POSITIVE,KNOWN_DEVICE
RVW-202605-002397,ALT-202605-002580,RV-03,2026-05-29T10:29:55,CLEARED_FALSE_POSITIVE,CUSTOMER_CONTACTED
RVW-202605-002398,ALT-202605-002581,RV-02,2026-05-15T14:54:38,INSUFFICIENT_EVIDENCE,NO_CONTACT
RVW-202605-002399,ALT-202605-002582,RV-05,2026-06-05T09:57:48,CLEARED_FALSE_POSITIVE,KNOWN_DEVICE
RVW-202605-002400,ALT-202605-002583,RV-06,2026-06-04T16:15:38,CLEARED_FALSE_POSITIVE,ID_VERIFIED
RVW-202605-002401,ALT-202605-002584,RV-04,2026-05-25T13:34:58,INSUFFICIENT_EVIDENCE,NO_CONTACT
RVW-202605-002402,ALT-202605-002585,RV-05,2026-06-03T21:29:22,CLEARED_FALSE_POSITIVE,ID_VERIFIED
RVW-202605-002403,ALT-202605-002587,RV-04,2026-05-25T20:27:26,CONFIRMED_FRAUD,ATO_CONFIRMED
RVW-202605-002404,ALT-202605-002588,RV-04,2026-05-07T14:43:05,CLEARED_FALSE_POSITIVE,ID_VERIFIED
RVW-202605-002405,ALT-202605-002589,RV-03,2026-05-04T09:19:21,CLEARED_FALSE_POSITIVE,CUSTOMER_CONTACTED
RVW-202605-002406,ALT-202605-002590,RV-06,2026-06-01T12:16:38,CLEARED_FALSE_POSITIVE,CUSTOMER_CONTACTED
RVW-202605-002407,ALT-202605-002591,RV-06,2026-05-28T12:51:13,CLEARED_FALSE_POSITIVE,KNOWN_DEVICE
RVW-202605-002408,ALT-202605-002592,RV-03,2026-06-01T16:11:31,CONFIRMED_FRAUD,MULE_CONFIRMED
RVW-202605-002409,ALT-202605-002594,RV-01,2026-05-16T14:05:20,CLEARED_FALSE_POSITIVE,ID_VERIFIED
RVW-202605-002410,ALT-202605-002595,RV-02,2026-06-06T07:50:47,CLEARED_FALSE_POSITIVE,ID_VERIFIED
RVW-202605-002411,ALT-202605-002597,RV-04,2026-06-03T17:40:32,CLEARED_FALSE_POSITIVE,ID_VERIFIED
RVW-202605-002412,ALT-202605-002598,RV-05,2026-06-08T17:16:17,CLEARED_FALSE_POSITIVE,ID_VERIFIED
RVW-202605-002413,ALT-202605-002599,RV-02,2026-05-10T22:48:54,CONFIRMED_FRAUD,ATO_CONFIRMED
RVW-202605-002414,ALT-202605-002600,RV-03,2026-05-17T17:53:27,CLEARED_FALSE_POSITIVE,ID_VERIFIED
RVW-202605-002415,ALT-202605-002601,RV-03,2026-05-13T06:02:49,CLEARED_FALSE_POSITIVE,ID_VERIFIED
RVW-202605-002416,ALT-202605-002602,RV-03,2026-05-21T17:04:29,CLEARED_FALSE_POSITIVE,KNOWN_DEVICE
RVW-202605-002417,ALT-202605-002603,RV-04,2026-06-03T09:23:58,CONFIRMED_FRAUD,SYNTH_ID_CONFIRMED
RVW-202605-002418,ALT-202605-002604,RV-03,2026-05-06T13:08:40,CLEARED_FALSE_POSITIVE,DOC_VALID
RVW-202605-002419,ALT-202605-002605,RV-06,2026-05-27T21:05:14,CLEARED_FALSE_POSITIVE,CUSTOMER_CONTACTED
RVW-202605-002420,ALT-202605-002606,RV-02,2026-05-21T08:10:40,CONFIRMED_FRAUD,MULE_CONFIRMED
RVW-202605-002421,ALT-202605-002607,RV-05,2026-05-06T12:55:31,CLEARED_FALSE_POSITIVE,ID_VERIFIED
RVW-202605-002422,ALT-202605-002608,RV-05,2026-05-21T22:19:29,CLEARED_FALSE_POSITIVE,ID_VERIFIED
RVW-202605-002423,ALT-202605-002609,RV-04,2026-06-08T17:03:57,CLEARED_FALSE_POSITIVE,ID_VERIFIED
RVW-202605-002424,ALT-202605-002610,RV-04,2026-05-16T17:59:47,CLEARED_FALSE_POSITIVE,ID_VERIFIED
RVW-202605-002425,ALT-202605-002612,RV-05,2026-05-13T08:35:57,CLEARED_FALSE_POSITIVE,CUSTOMER_CONTACTED
RVW-202605-002426,ALT-202605-002613,RV-04,2026-06-04T19:07:22,CLEARED_FALSE_POSITIVE,ID_VERIFIED
RVW-202605-002427,ALT-202605-002614,RV-02,2026-06-08T11:37:13,INSUFFICIENT_EVIDENCE,AGED_OUT
RVW-202605-002428,ALT-202605-002615,RV-01,2026-05-13T08:01:10,CLEARED_FALSE_POSITIVE,ID_VERIFIED
RVW-202605-002429,ALT-202605-002616,RV-02,2026-06-04T11:57:53,CLEARED_FALSE_POSITIVE,DOC_VALID
RVW-202605-002430,ALT-202605-002617,RV-02,2026-05-25T17:08:16,CLEARED_FALSE_POSITIVE,KNOWN_DEVICE
RVW-202605-002431,ALT-202605-002618,RV-06,2026-05-08T12:39:23,CLEARED_FALSE_POSITIVE,DOC_VALID
RVW-202605-002432,ALT-202605-002619,RV-03,2026-05-26T06:04:54,CLEARED_FALSE_POSITIVE,KNOWN_DEVICE
RVW-202605-002433,ALT-202605-002620,RV-03,2026-06-02T15:38:19,CONFIRMED_FRAUD,MULE_CONFIRMED
RVW-202605-002434,ALT-202605-002621,RV-06,2026-05-31T12:42:25,CLEARED_FALSE_POSITIVE,DOC_VALID
RVW-202605-002435,ALT-202605-002622,RV-01,2026-05-26T13:44:24,CLEARED_FALSE_POSITIVE,ID_VERIFIED
RVW-202605-002436,ALT-202605-002623,RV-03,2026-05-16T09:10:08,INSUFFICIENT_EVIDENCE,AGED_OUT
RVW-202605-002437,ALT-202605-002624,RV-02,2026-05-18T19:19:52,CLEARED_FALSE_POSITIVE,ID_VERIFIED
RVW-202605-002438,ALT-202605-002625,RV-02,2026-05-24T11:04:36,CONFIRMED_FRAUD,DOC_FORGED
RVW-202605-002439,ALT-202605-002626,RV-05,2026-06-10T20:48:16,CLEARED_FALSE_POSITIVE,ID_VERIFIED
RVW-202605-002440,ALT-202605-002627,RV-01,2026-05-30T22:01:07,CONFIRMED_FRAUD,ATO_CONFIRMED
RVW-202605-002441,ALT-202605-002628,RV-02,2026-06-06T16:05:17,CLEARED_FALSE_POSITIVE,CUSTOMER_CONTACTED
RVW-202605-002442,ALT-202605-002629,RV-03,2026-05-20T21:55:31,CONFIRMED_FRAUD,SYNTH_ID_CONFIRMED
RVW-202605-002443,ALT-202605-002630,RV-05,2026-06-02T14:08:58,CLEARED_FALSE_POSITIVE,CUSTOMER_CONTACTED
RVW-202605-002444,ALT-202605-002631,RV-02,2026-05-30T06:35:34,CLEARED_FALSE_POSITIVE,CUSTOMER_CONTACTED
RVW-202605-002445,ALT-202605-002632,RV-03,2026-05-14T21:11:30,CLEARED_FALSE_POSITIVE,DOC_VALID
RVW-202605-002446,ALT-202605-002633,RV-03,2026-06-03T09:02:47,CLEARED_FALSE_POSITIVE,DOC_VALID
RVW-202605-002447,ALT-202605-002634,RV-02,2026-05-26T14:42:42,CLEARED_FALSE_POSITIVE,DOC_VALID
RVW-202605-002448,ALT-202605-002635,RV-05,2026-06-09T09:27:13,CONFIRMED_FRAUD,ATO_CONFIRMED
RVW-202605-002449,ALT-202605-002637,RV-05,2026-05-13T09:29:57,INSUFFICIENT_EVIDENCE,NO_CONTACT
RVW-202605-002450,ALT-202605-002638,RV-01,2026-05-24T22:06:03,CLEARED_FALSE_POSITIVE,ID_VERIFIED
RVW-202605-002451,ALT-202605-002639,RV-03,2026-06-07T07:00:15,CLEARED_FALSE_POSITIVE,DOC_VALID
RVW-202605-002452,ALT-202605-002641,RV-03,2026-05-16T19:49:56,CLEARED_FALSE_POSITIVE,ID_VERIFIED
RVW-202605-002453,ALT-202605-002642,RV-02,2026-05-13T13:18:17,CLEARED_FALSE_POSITIVE,ID_VERIFIED
RVW-202605-002454,ALT-202605-002643,RV-04,2026-05-11T16:39:07,CONFIRMED_FRAUD,DOC_FORGED
RVW-202605-002455,ALT-202605-002645,RV-01,2026-05-23T14:57:14,CLEARED_FALSE_POSITIVE,DOC_VALID
RVW-202605-002456,ALT-202605-002646,RV-01,2026-05-30T10:26:29,CLEARED_FALSE_POSITIVE,KNOWN_DEVICE
RVW-202605-002457,ALT-202605-002647,RV-03,2026-06-02T21:01:45,CONFIRMED_FRAUD,SYNTH_ID_CONFIRMED
RVW-202605-002458,ALT-202605-002649,RV-04,2026-05-19T22:37:40,INSUFFICIENT_EVIDENCE,NO_CONTACT
RVW-202605-002459,ALT-202605-002650,RV-06,2026-06-04T18:21:34,CLEARED_FALSE_POSITIVE,CUSTOMER_CONTACTED
RVW-202605-002460,ALT-202605-002651,RV-06,2026-05-13T21:48:27,CLEARED_FALSE_POSITIVE,CUSTOMER_CONTACTED
RVW-202605-002461,ALT-202605-002652,RV-01,2026-05-16T13:03:54,CLEARED_FALSE_POSITIVE,CUSTOMER_CONTACTED
RVW-202605-002462,ALT-202605-002653,RV-05,2026-05-28T21:19:29,CLEARED_FALSE_POSITIVE,CUSTOMER_CONTACTED
RVW-202605-002463,ALT-202605-002654,RV-03,2026-06-04T17:19:22,CLEARED_FALSE_POSITIVE,KNOWN_DEVICE
RVW-202605-002464,ALT-202605-002655,RV-04,2026-05-21T22:19:37,CLEARED_FALSE_POSITIVE,CUSTOMER_CONTACTED
RVW-202605-002465,ALT-202605-002656,RV-01,2026-05-13T20:54:44,CLEARED_FALSE_POSITIVE,KNOWN_DEVICE
RVW-202605-002466,ALT-202605-002657,RV-06,2026-05-09T21:11:53,INSUFFICIENT_EVIDENCE,NO_CONTACT
RVW-202605-002467,ALT-202605-002658,RV-03,2026-05-17T08:43:59,CLEARED_FALSE_POSITIVE,DOC_VALID
RVW-202605-002468,ALT-202605-002659,RV-01,2026-05-09T14:13:38,CLEARED_FALSE_POSITIVE,KNOWN_DEVICE
RVW-202605-002469,ALT-202605-002661,RV-05,2026-05-15T09:24:04,CLEARED_FALSE_POSITIVE,ID_VERIFIED
RVW-202605-002470,ALT-202605-002662,RV-02,2026-05-30T16:44:57,CLEARED_FALSE_POSITIVE,KNOWN_DEVICE
RVW-202605-002471,ALT-202605-002663,RV-04,2026-06-05T06:12:20,CONFIRMED_FRAUD,ATO_CONFIRMED
RVW-202605-002472,ALT-202605-002664,RV-02,2026-05-31T08:56:02,CLEARED_FALSE_POSITIVE,CUSTOMER_CONTACTED
RVW-202605-002473,ALT-202605-002665,RV-01,2026-06-01T09:07:03,INSUFFICIENT_EVIDENCE,DATA_UNAVAILABLE
RVW-202605-002474,ALT-202605-002666,RV-05,2026-06-08T22:39:24,CLEARED_FALSE_POSITIVE,DOC_VALID
RVW-202605-002475,ALT-202605-002667,RV-04,2026-05-20T07:24:26,INSUFFICIENT_EVIDENCE,AGED_OUT
RVW-202605-002476,ALT-202605-002668,RV-03,2026-05-13T19:24:40,CLEARED_FALSE_POSITIVE,KNOWN_DEVICE
RVW-202605-002477,ALT-202605-002669,RV-01,2026-05-11T19:32:12,CLEARED_FALSE_POSITIVE,KNOWN_DEVICE
RVW-202605-002478,ALT-202605-002670,RV-04,2026-05-08T06:58:10,CLEARED_FALSE_POSITIVE,DOC_VALID
RVW-202605-002479,ALT-202605-002671,RV-01,2026-05-10T08:36:43,CLEARED_FALSE_POSITIVE,KNOWN_DEVICE
RVW-202605-002480,ALT-202605-002673,RV-04,2026-05-26T10:57:06,CONFIRMED_FRAUD,ATO_CONFIRMED
RVW-202605-002481,ALT-202605-002674,RV-01,2026-05-02T20:55:06,CLEARED_FALSE_POSITIVE,KNOWN_DEVICE
RVW-202605-002482,ALT-202605-002675,RV-04,2026-05-26T22:41:13,CLEARED_FALSE_POSITIVE,KNOWN_DEVICE
RVW-202605-002483,ALT-202605-002677,RV-01,2026-06-01T16:17:56,CLEARED_FALSE_POSITIVE,ID_VERIFIED
RVW-202605-002484,ALT-202605-002678,RV-02,2026-05-26T15:53:49,CLEARED_FALSE_POSITIVE,KNOWN_DEVICE
RVW-202605-002485,ALT-202605-002679,RV-03,2026-06-02T12:44:34,CLEARED_FALSE_POSITIVE,CUSTOMER_CONTACTED
RVW-202605-002486,ALT-202605-002680,RV-01,2026-06-03T08:27:59,INSUFFICIENT_EVIDENCE,AGED_OUT
RVW-202605-002487,ALT-202605-002681,RV-04,2026-05-20T12:58:50,CLEARED_FALSE_POSITIVE,CUSTOMER_CONTACTED
RVW-202605-002488,ALT-202605-002682,RV-05,2026-05-17T20:16:09,CLEARED_FALSE_POSITIVE,DOC_VALID
RVW-202605-002489,ALT-202605-002683,RV-02,2026-05-18T22:42:33,CLEARED_FALSE_POSITIVE,KNOWN_DEVICE
RVW-202605-002490,ALT-202605-002684,RV-06,2026-05-25T15:55:27,CLEARED_FALSE_POSITIVE,CUSTOMER_CONTACTED
RVW-202605-002491,ALT-202605-002685,RV-02,2026-05-20T09:51:16,CLEARED_FALSE_POSITIVE,CUSTOMER_CONTACTED
RVW-202605-002492,ALT-202605-002686,RV-03,2026-05-15T09:42:41,CLEARED_FALSE_POSITIVE,CUSTOMER_CONTACTED
RVW-202605-002493,ALT-202605-002687,RV-02,2026-05-20T20:00:58,CLEARED_FALSE_POSITIVE,KNOWN_DEVICE
RVW-202605-002494,ALT-202605-002688,RV-05,2026-05-09T18:59:11,CONFIRMED_FRAUD,DOC_FORGED
RVW-202605-002495,ALT-202605-002689,RV-04,2026-05-22T18:17:08,CLEARED_FALSE_POSITIVE,KNOWN_DEVICE
RVW-202605-002496,ALT-202605-002690,RV-01,2026-05-29T19:39:39,CLEARED_FALSE_POSITIVE,CUSTOMER_CONTACTED
RVW-202605-002497,ALT-202605-002691,RV-03,2026-05-15T07:40:17,INSUFFICIENT_EVIDENCE,AGED_OUT
RVW-202605-002498,ALT-202605-002692,RV-06,2026-05-28T16:45:13,CLEARED_FALSE_POSITIVE,CUSTOMER_CONTACTED
RVW-202605-002499,ALT-202605-002693,RV-06,2026-06-03T13:14:55,CLEARED_FALSE_POSITIVE,DOC_VALID
RVW-202605-002500,ALT-202605-002694,RV-03,2026-05-20T08:05:08,CLEARED_FALSE_POSITIVE,KNOWN_DEVICE
RVW-202605-002501,ALT-202605-002695,RV-03,2026-05-30T14:10:56,INSUFFICIENT_EVIDENCE,NO_CONTACT
RVW-202605-002502,ALT-202605-002697,RV-04,2026-05-05T08:24:08,CLEARED_FALSE_POSITIVE,DOC_VALID
RVW-202605-002503,ALT-202605-002698,RV-02,2026-05-10T11:51:54,CLEARED_FALSE_POSITIVE,ID_VERIFIED
RVW-202605-002504,ALT-202605-002699,RV-03,2026-06-04T20:23:51,CLEARED_FALSE_POSITIVE,ID_VERIFIED
RVW-202605-002505,ALT-202605-002700,RV-02,2026-05-30T13:54:40,CONFIRMED_FRAUD,SYNTH_ID_CONFIRMED
RVW-202605-002506,ALT-202605-002701,RV-06,2026-05-28T21:23:45,CLEARED_FALSE_POSITIVE,CUSTOMER_CONTACTED
RVW-202605-002507,ALT-202605-002702,RV-03,2026-05-08T10:30:19,CLEARED_FALSE_POSITIVE,CUSTOMER_CONTACTED
RVW-202605-002508,ALT-202605-002703,RV-02,2026-06-01T10:46:44,CLEARED_FALSE_POSITIVE,DOC_VALID
RVW-202605-002509,ALT-202605-002704,RV-06,2026-05-08T07:10:20,CLEARED_FALSE_POSITIVE,KNOWN_DEVICE
RVW-202605-002510,ALT-202605-002705,RV-01,2026-05-19T20:47:31,INSUFFICIENT_EVIDENCE,AGED_OUT
RVW-202605-002511,ALT-202605-002707,RV-03,2026-05-07T08:38:00,CLEARED_FALSE_POSITIVE,DOC_VALID
RVW-202605-002512,ALT-202605-002708,RV-02,2026-05-26T22:43:10,CLEARED_FALSE_POSITIVE,DOC_VALID
RVW-202605-002513,ALT-202605-002709,RV-03,2026-05-26T13:08:22,CONFIRMED_FRAUD,SYNTH_ID_CONFIRMED
RVW-202605-002514,ALT-202605-002710,RV-01,2026-05-05T16:07:36,CLEARED_FALSE_POSITIVE,ID_VERIFIED
RVW-202605-002515,ALT-202605-002711,RV-03,2026-05-10T07:45:10,CLEARED_FALSE_POSITIVE,CUSTOMER_CONTACTED
RVW-202605-002516,ALT-202605-002712,RV-02,2026-05-22T16:15:30,CLEARED_FALSE_POSITIVE,KNOWN_DEVICE
RVW-202605-002517,ALT-202605-002713,RV-06,2026-05-31T12:11:34,CLEARED_FALSE_POSITIVE,DOC_VALID
RVW-202605-002518,ALT-202605-002714,RV-04,2026-05-09T10:17:46,CLEARED_FALSE_POSITIVE,KNOWN_DEVICE
RVW-202605-002519,ALT-202605-002715,RV-04,2026-05-22T13:26:03,CONFIRMED_FRAUD,MULE_CONFIRMED
RVW-202605-002520,ALT-202605-002716,RV-04,2026-05-20T14:52:53,CLEARED_FALSE_POSITIVE,KNOWN_DEVICE
RVW-202605-002521,ALT-202605-002717,RV-06,2026-05-20T21:09:11,CLEARED_FALSE_POSITIVE,CUSTOMER_CONTACTED
RVW-202605-002522,ALT-202605-002718,RV-01,2026-05-29T17:58:45,CLEARED_FALSE_POSITIVE,KNOWN_DEVICE
RVW-202605-002523,ALT-202605-002719,RV-01,2026-05-16T12:53:11,CLEARED_FALSE_POSITIVE,ID_VERIFIED
RVW-202605-002524,ALT-202605-002720,RV-04,2026-05-15T13:24:13,CLEARED_FALSE_POSITIVE,CUSTOMER_CONTACTED
RVW-202605-002525,ALT-202605-002722,RV-02,2026-05-02T20:51:15,CLEARED_FALSE_POSITIVE,KNOWN_DEVICE
RVW-202605-002526,ALT-202605-002723,RV-04,2026-06-07T06:36:06,INSUFFICIENT_EVIDENCE,DATA_UNAVAILABLE
RVW-202605-002527,ALT-202605-002725,RV-04,2026-05-10T11:05:51,INSUFFICIENT_EVIDENCE,AGED_OUT
RVW-202605-002528,ALT-202605-002726,RV-04,2026-05-19T12:22:32,CONFIRMED_FRAUD,DOC_FORGED
RVW-202605-002529,ALT-202605-002727,RV-02,2026-05-14T17:10:49,CLEARED_FALSE_POSITIVE,CUSTOMER_CONTACTED
RVW-202605-002530,ALT-202605-002728,RV-04,2026-05-27T15:14:27,CONFIRMED_FRAUD,SYNTH_ID_CONFIRMED
RVW-202605-002531,ALT-202605-002729,RV-06,2026-05-06T14:26:47,CLEARED_FALSE_POSITIVE,DOC_VALID
RVW-202605-002532,ALT-202605-002730,RV-02,2026-06-08T14:49:51,CLEARED_FALSE_POSITIVE,KNOWN_DEVICE
RVW-202605-002533,ALT-202605-002731,RV-01,2026-06-02T16:45:00,CLEARED_FALSE_POSITIVE,ID_VERIFIED
RVW-202605-002534,ALT-202605-002732,RV-04,2026-05-23T09:59:02,CLEARED_FALSE_POSITIVE,DOC_VALID
RVW-202605-002535,ALT-202605-002733,RV-04,2026-05-09T06:34:42,CLEARED_FALSE_POSITIVE,DOC_VALID
RVW-202605-002536,ALT-202605-002734,RV-01,2026-05-18T20:31:30,CLEARED_FALSE_POSITIVE,DOC_VALID
RVW-202605-002537,ALT-202605-002735,RV-02,2026-06-01T20:55:05,CLEARED_FALSE_POSITIVE,KNOWN_DEVICE
RVW-202605-002538,ALT-202605-002736,RV-06,2026-06-04T18:16:50,CLEARED_FALSE_POSITIVE,KNOWN_DEVICE
RVW-202605-002539,ALT-202605-002737,RV-04,2026-05-13T14:59:07,CLEARED_FALSE_POSITIVE,ID_VERIFIED
RVW-202605-002540,ALT-202605-002738,RV-05,2026-06-06T11:43:08,CLEARED_FALSE_POSITIVE,DOC_VALID
RVW-202605-002541,ALT-202605-002739,RV-04,2026-05-21T19:50:02,CLEARED_FALSE_POSITIVE,ID_VERIFIED
RVW-202605-002542,ALT-202605-002740,RV-02,2026-05-04T21:08:17,CLEARED_FALSE_POSITIVE,ID_VERIFIED
RVW-202605-002543,ALT-202605-002741,RV-05,2026-05-25T20:10:23,CLEARED_FALSE_POSITIVE,KNOWN_DEVICE
RVW-202605-002544,ALT-202605-002742,RV-02,2026-05-24T15:26:20,CLEARED_FALSE_POSITIVE,KNOWN_DEVICE
RVW-202605-002545,ALT-202605-002743,RV-02,2026-05-10T08:30:07,CLEARED_FALSE_POSITIVE,KNOWN_DEVICE
RVW-202605-002546,ALT-202605-002744,RV-02,2026-05-10T20:56:00,INSUFFICIENT_EVIDENCE,NO_CONTACT
RVW-202605-002547,ALT-202605-002745,RV-04,2026-06-07T09:58:14,CONFIRMED_FRAUD,ATO_CONFIRMED
RVW-202605-002548,ALT-202605-002746,RV-03,2026-05-31T12:28:26,CONFIRMED_FRAUD,ATO_CONFIRMED
RVW-202605-002549,ALT-202605-002747,RV-03,2026-06-04T08:36:00,CLEARED_FALSE_POSITIVE,KNOWN_DEVICE
RVW-202605-002550,ALT-202605-002748,RV-06,2026-06-09T22:34:01,CLEARED_FALSE_POSITIVE,KNOWN_DEVICE
RVW-202605-002551,ALT-202605-002749,RV-03,2026-05-03T22:16:21,CLEARED_FALSE_POSITIVE,ID_VERIFIED
RVW-202605-002552,ALT-202605-002750,RV-06,2026-05-30T06:35:10,CLEARED_FALSE_POSITIVE,KNOWN_DEVICE
RVW-202605-002553,ALT-202605-002751,RV-01,2026-05-29T11:01:46,CLEARED_FALSE_POSITIVE,KNOWN_DEVICE
RVW-202605-002554,ALT-202605-002752,RV-03,2026-05-12T07:13:47,CLEARED_FALSE_POSITIVE,CUSTOMER_CONTACTED
RVW-202605-002555,ALT-202605-002753,RV-02,2026-05-10T12:37:21,CLEARED_FALSE_POSITIVE,KNOWN_DEVICE
RVW-202605-002556,ALT-202605-002754,RV-03,2026-05-28T06:58:30,CLEARED_FALSE_POSITIVE,DOC_VALID
RVW-202605-002557,ALT-202605-002755,RV-06,2026-05-26T21:22:12,CLEARED_FALSE_POSITIVE,KNOWN_DEVICE
RVW-202605-002558,ALT-202605-002756,RV-01,2026-05-24T10:50:30,CLEARED_FALSE_POSITIVE,KNOWN_DEVICE
RVW-202605-002559,ALT-202605-002757,RV-01,2026-05-13T09:38:16,CLEARED_FALSE_POSITIVE,KNOWN_DEVICE
RVW-202605-002560,ALT-202605-002758,RV-06,2026-05-18T15:23:06,CLEARED_FALSE_POSITIVE,KNOWN_DEVICE
RVW-202605-002561,ALT-202605-002759,RV-05,2026-05-11T13:51:54,CONFIRMED_FRAUD,SYNTH_ID_CONFIRMED
RVW-202605-002562,ALT-202605-002760,RV-04,2026-05-06T21:57:35,CLEARED_FALSE_POSITIVE,KNOWN_DEVICE
RVW-202605-002563,ALT-202605-002761,RV-06,2026-05-27T14:46:14,INSUFFICIENT_EVIDENCE,NO_CONTACT
RVW-202605-002564,ALT-202605-002762,RV-02,2026-05-19T11:21:36,CLEARED_FALSE_POSITIVE,DOC_VALID
RVW-202605-002565,ALT-202605-002763,RV-01,2026-05-29T08:10:51,CLEARED_FALSE_POSITIVE,ID_VERIFIED
RVW-202605-002566,ALT-202605-002764,RV-03,2026-05-30T09:10:07,CLEARED_FALSE_POSITIVE,DOC_VALID
RVW-202605-002567,ALT-202605-002765,RV-02,2026-06-09T16:51:07,INSUFFICIENT_EVIDENCE,AGED_OUT
RVW-202605-002568,ALT-202605-002766,RV-04,2026-05-28T20:06:48,CLEARED_FALSE_POSITIVE,ID_VERIFIED
RVW-202605-002569,ALT-202605-002767,RV-01,2026-05-17T19:39:14,INSUFFICIENT_EVIDENCE,NO_CONTACT
RVW-202605-002570,ALT-202605-002768,RV-05,2026-05-14T11:25:17,CLEARED_FALSE_POSITIVE,ID_VERIFIED
RVW-202605-002571,ALT-202605-002769,RV-01,2026-05-31T13:44:42,CLEARED_FALSE_POSITIVE,DOC_VALID
RVW-202605-002572,ALT-202605-002770,RV-05,2026-05-28T20:31:33,CLEARED_FALSE_POSITIVE,DOC_VALID
RVW-202605-002573,ALT-202605-002771,RV-03,2026-05-15T18:12:24,CLEARED_FALSE_POSITIVE,ID_VERIFIED
RVW-202605-002574,ALT-202605-002772,RV-06,2026-06-09T15:06:23,CONFIRMED_FRAUD,DOC_FORGED
RVW-202605-002575,ALT-202605-002773,RV-04,2026-06-09T06:04:08,CLEARED_FALSE_POSITIVE,CUSTOMER_CONTACTED
RVW-202605-002576,ALT-202605-002775,RV-06,2026-05-30T17:27:32,CLEARED_FALSE_POSITIVE,ID_VERIFIED
RVW-202605-002577,ALT-202605-002776,RV-05,2026-05-14T20:30:56,CLEARED_FALSE_POSITIVE,KNOWN_DEVICE
RVW-202605-002578,ALT-202605-002777,RV-02,2026-05-26T17:44:08,CLEARED_FALSE_POSITIVE,ID_VERIFIED
RVW-202605-002579,ALT-202605-002778,RV-06,2026-05-07T12:52:44,CLEARED_FALSE_POSITIVE,DOC_VALID
RVW-202605-002580,ALT-202605-002779,RV-04,2026-05-13T22:25:03,CLEARED_FALSE_POSITIVE,CUSTOMER_CONTACTED
RVW-202605-002581,ALT-202605-002780,RV-02,2026-05-12T10:03:43,INSUFFICIENT_EVIDENCE,AGED_OUT
RVW-202605-002582,ALT-202605-002781,RV-01,2026-05-17T11:49:16,CONFIRMED_FRAUD,MULE_CONFIRMED
RVW-202605-002583,ALT-202605-002782,RV-01,2026-05-23T19:56:48,CLEARED_FALSE_POSITIVE,KNOWN_DEVICE
RVW-202605-002584,ALT-202605-002783,RV-02,2026-05-23T09:02:51,CLEARED_FALSE_POSITIVE,KNOWN_DEVICE
RVW-202605-002585,ALT-202605-002784,RV-02,2026-05-13T10:58:24,CLEARED_FALSE_POSITIVE,KNOWN_DEVICE
RVW-202605-002586,ALT-202605-002785,RV-01,2026-05-10T14:19:23,CLEARED_FALSE_POSITIVE,KNOWN_DEVICE
RVW-202605-002587,ALT-202605-002786,RV-02,2026-05-18T21:25:03,CLEARED_FALSE_POSITIVE,ID_VERIFIED
RVW-202605-002588,ALT-202605-002787,RV-06,2026-05-18T17:36:28,INSUFFICIENT_EVIDENCE,DATA_UNAVAILABLE
RVW-202605-002589,ALT-202605-002788,RV-03,2026-05-16T11:20:19,INSUFFICIENT_EVIDENCE,AGED_OUT
RVW-202605-002590,ALT-202605-002790,RV-02,2026-05-13T12:50:08,CLEARED_FALSE_POSITIVE,CUSTOMER_CONTACTED
RVW-202605-002591,ALT-202605-002791,RV-03,2026-05-16T08:43:20,CLEARED_FALSE_POSITIVE,DOC_VALID
RVW-202605-002592,ALT-202605-002792,RV-04,2026-05-19T15:45:50,CLEARED_FALSE_POSITIVE,DOC_VALID
RVW-202605-002593,ALT-202605-002793,RV-06,2026-06-03T15:03:58,CLEARED_FALSE_POSITIVE,CUSTOMER_CONTACTED
RVW-202605-002594,ALT-202605-002794,RV-04,2026-05-26T16:23:33,CLEARED_FALSE_POSITIVE,DOC_VALID
RVW-202605-002595,ALT-202605-002795,RV-02,2026-05-28T12:01:34,CLEARED_FALSE_POSITIVE,CUSTOMER_CONTACTED
RVW-202605-002596,ALT-202605-002796,RV-04,2026-05-17T19:55:46,CLEARED_FALSE_POSITIVE,CUSTOMER_CONTACTED
RVW-202605-002597,ALT-202605-002797,RV-03,2026-05-28T12:48:12,CLEARED_FALSE_POSITIVE,DOC_VALID
RVW-202605-002598,ALT-202605-002798,RV-05,2026-06-01T18:39:27,CLEARED_FALSE_POSITIVE,CUSTOMER_CONTACTED
RVW-202605-002599,ALT-202605-002799,RV-04,2026-05-16T16:21:54,CONFIRMED_FRAUD,ATO_CONFIRMED
RVW-202605-002600,ALT-202605-002800,RV-06,2026-05-18T09:25:31,CLEARED_FALSE_POSITIVE,DOC_VALID
RVW-202605-002601,ALT-202605-002801,RV-01,2026-05-27T16:06:59,INSUFFICIENT_EVIDENCE,AGED_OUT
RVW-202605-002602,ALT-202605-002802,RV-02,2026-06-01T12:33:34,CLEARED_FALSE_POSITIVE,CUSTOMER_CONTACTED
RVW-202605-002603,ALT-202605-002803,RV-06,2026-06-07T13:02:39,CLEARED_FALSE_POSITIVE,KNOWN_DEVICE
RVW-202605-002604,ALT-202605-002805,RV-03,2026-05-29T19:23:47,CLEARED_FALSE_POSITIVE,DOC_VALID
RVW-202605-002605,ALT-202605-002806,RV-01,2026-05-10T12:05:21,CLEARED_FALSE_POSITIVE,DOC_VALID
RVW-202605-002606,ALT-202605-002807,RV-05,2026-05-10T11:30:24,CLEARED_FALSE_POSITIVE,DOC_VALID
RVW-202605-002607,ALT-202605-002809,RV-01,2026-05-07T10:44:18,CLEARED_FALSE_POSITIVE,KNOWN_DEVICE
RVW-202605-002608,ALT-202605-002810,RV-05,2026-05-18T16:09:52,CLEARED_FALSE_POSITIVE,ID_VERIFIED
RVW-202605-002609,ALT-202605-002811,RV-03,2026-06-05T15:06:26,CLEARED_FALSE_POSITIVE,CUSTOMER_CONTACTED
RVW-202605-002610,ALT-202605-002812,RV-03,2026-05-17T11:17:57,CLEARED_FALSE_POSITIVE,DOC_VALID
RVW-202605-002611,ALT-202605-002813,RV-06,2026-05-24T10:53:24,CONFIRMED_FRAUD,ATO_CONFIRMED
RVW-202605-002612,ALT-202605-002815,RV-05,2026-05-26T11:19:35,CLEARED_FALSE_POSITIVE,CUSTOMER_CONTACTED
RVW-202605-002613,ALT-202605-002816,RV-06,2026-05-19T15:15:40,CLEARED_FALSE_POSITIVE,KNOWN_DEVICE
RVW-202605-002614,ALT-202605-002817,RV-06,2026-06-10T14:50:50,CONFIRMED_FRAUD,MULE_CONFIRMED
RVW-202605-002615,ALT-202605-002818,RV-06,2026-06-01T19:07:32,CONFIRMED_FRAUD,ATO_CONFIRMED
RVW-202605-002616,ALT-202605-002819,RV-05,2026-05-24T16:24:21,CONFIRMED_FRAUD,SYNTH_ID_CONFIRMED
RVW-202605-002617,ALT-202605-002820,RV-02,2026-05-19T22:07:37,CLEARED_FALSE_POSITIVE,CUSTOMER_CONTACTED
RVW-202605-002618,ALT-202605-002822,RV-06,2026-05-06T10:12:41,INSUFFICIENT_EVIDENCE,NO_CONTACT
RVW-202605-002619,ALT-202605-002823,RV-03,2026-05-21T11:35:40,CLEARED_FALSE_POSITIVE,KNOWN_DEVICE
RVW-202605-002620,ALT-202605-002824,RV-04,2026-06-05T11:19:58,CLEARED_FALSE_POSITIVE,KNOWN_DEVICE
RVW-202605-002621,ALT-202605-002825,RV-01,2026-05-11T12:10:29,INSUFFICIENT_EVIDENCE,AGED_OUT
RVW-202605-002622,ALT-202605-002826,RV-04,2026-05-25T11:11:02,CLEARED_FALSE_POSITIVE,DOC_VALID
RVW-202605-002623,ALT-202605-002827,RV-06,2026-05-14T13:54:13,CLEARED_FALSE_POSITIVE,DOC_VALID
RVW-202605-002624,ALT-202605-002828,RV-03,2026-05-30T14:00:24,CLEARED_FALSE_POSITIVE,CUSTOMER_CONTACTED
RVW-202605-002625,ALT-202605-002829,RV-02,2026-05-14T15:26:23,CLEARED_FALSE_POSITIVE,KNOWN_DEVICE
RVW-202605-002626,ALT-202605-002830,RV-02,2026-05-26T10:30:15,CLEARED_FALSE_POSITIVE,ID_VERIFIED
RVW-202605-002627,ALT-202605-002831,RV-03,2026-05-29T12:16:36,CLEARED_FALSE_POSITIVE,ID_VERIFIED
RVW-202605-002628,ALT-202605-002832,RV-06,2026-05-03T08:01:57,CLEARED_FALSE_POSITIVE,KNOWN_DEVICE
RVW-202605-002629,ALT-202605-002833,RV-02,2026-05-10T17:55:25,CONFIRMED_FRAUD,ATO_CONFIRMED
RVW-202605-002630,ALT-202605-002834,RV-03,2026-05-22T12:02:07,CLEARED_FALSE_POSITIVE,DOC_VALID
RVW-202605-002631,ALT-202605-002835,RV-06,2026-05-05T12:02:04,CONFIRMED_FRAUD,DOC_FORGED
RVW-202605-002632,ALT-202605-002836,RV-01,2026-05-20T17:13:08,CLEARED_FALSE_POSITIVE,DOC_VALID
RVW-202605-002633,ALT-202605-002837,RV-02,2026-05-05T07:27:31,CLEARED_FALSE_POSITIVE,DOC_VALID
RVW-202605-002634,ALT-202605-002838,RV-03,2026-05-11T18:19:40,CLEARED_FALSE_POSITIVE,DOC_VALID
RVW-202605-002635,ALT-202605-002839,RV-06,2026-06-01T13:14:58,CONFIRMED_FRAUD,SYNTH_ID_CONFIRMED
RVW-202605-002636,ALT-202605-002840,RV-01,2026-05-10T16:56:42,CLEARED_FALSE_POSITIVE,ID_VERIFIED
RVW-202605-002637,ALT-202605-002841,RV-01,2026-05-07T12:51:56,CLEARED_FALSE_POSITIVE,ID_VERIFIED
RVW-202605-002638,ALT-202605-002842,RV-01,2026-05-26T19:33:04,CLEARED_FALSE_POSITIVE,CUSTOMER_CONTACTED
RVW-202605-002639,ALT-202605-002843,RV-03,2026-05-24T13:05:30,CLEARED_FALSE_POSITIVE,KNOWN_DEVICE
RVW-202605-002640,ALT-202605-002844,RV-06,2026-05-30T21:14:28,CLEARED_FALSE_POSITIVE,DOC_VALID
RVW-202605-002641,ALT-202605-002845,RV-03,2026-05-28T11:00:19,INSUFFICIENT_EVIDENCE,AGED_OUT
RVW-202605-002642,ALT-202605-002846,RV-05,2026-05-08T18:35:38,CONFIRMED_FRAUD,ATO_CONFIRMED
RVW-202605-002643,ALT-202605-002848,RV-04,2026-05-25T14:25:28,CLEARED_FALSE_POSITIVE,DOC_VALID
RVW-202605-002644,ALT-202605-002849,RV-05,2026-05-24T06:33:01,CLEARED_FALSE_POSITIVE,CUSTOMER_CONTACTED
RVW-202605-002645,ALT-202605-002850,RV-01,2026-05-27T21:59:14,CONFIRMED_FRAUD,DOC_FORGED
RVW-202605-002646,ALT-202605-002851,RV-04,2026-05-27T15:40:14,CLEARED_FALSE_POSITIVE,ID_VERIFIED
RVW-202605-002647,ALT-202605-002852,RV-04,2026-06-10T06:00:15,CLEARED_FALSE_POSITIVE,CUSTOMER_CONTACTED
RVW-202605-002648,ALT-202605-002853,RV-04,2026-06-08T20:46:57,CLEARED_FALSE_POSITIVE,KNOWN_DEVICE
RVW-202605-002649,ALT-202605-002854,RV-04,2026-05-25T19:56:30,CLEARED_FALSE_POSITIVE,KNOWN_DEVICE
RVW-202605-002650,ALT-202605-002855,RV-01,2026-05-28T15:30:56,CONFIRMED_FRAUD,ATO_CONFIRMED
RVW-202605-002651,ALT-202605-002856,RV-06,2026-05-31T22:59:14,CLEARED_FALSE_POSITIVE,DOC_VALID
RVW-202605-002652,ALT-202605-002858,RV-04,2026-05-29T13:39:58,CLEARED_FALSE_POSITIVE,KNOWN_DEVICE
RVW-202605-002653,ALT-202605-002859,RV-01,2026-05-26T07:07:46,CLEARED_FALSE_POSITIVE,ID_VERIFIED
RVW-202605-002654,ALT-202605-002861,RV-01,2026-05-19T07:56:08,CLEARED_FALSE_POSITIVE,DOC_VALID
RVW-202605-002655,ALT-202605-002862,RV-04,2026-05-19T12:36:07,CLEARED_FALSE_POSITIVE,CUSTOMER_CONTACTED
RVW-202605-002656,ALT-202605-002863,RV-05,2026-05-11T13:56:13,CLEARED_FALSE_POSITIVE,KNOWN_DEVICE
RVW-202605-002657,ALT-202605-002864,RV-04,2026-05-12T19:48:55,INSUFFICIENT_EVIDENCE,NO_CONTACT
RVW-202605-002658,ALT-202605-002865,RV-05,2026-05-29T20:34:53,CLEARED_FALSE_POSITIVE,DOC_VALID
RVW-202605-002659,ALT-202605-002866,RV-02,2026-06-06T12:55:48,CONFIRMED_FRAUD,DOC_FORGED
RVW-202605-002660,ALT-202605-002867,RV-05,2026-06-01T06:19:37,CLEARED_FALSE_POSITIVE,ID_VERIFIED
RVW-202605-002661,ALT-202605-002868,RV-05,2026-05-31T18:10:54,CLEARED_FALSE_POSITIVE,ID_VERIFIED
RVW-202605-002662,ALT-202605-002869,RV-06,2026-05-17T19:55:32,CONFIRMED_FRAUD,DOC_FORGED
RVW-202605-002663,ALT-202605-002870,RV-04,2026-05-30T22:22:00,CLEARED_FALSE_POSITIVE,DOC_VALID
RVW-202605-002664,ALT-202605-002871,RV-06,2026-06-05T06:37:07,CLEARED_FALSE_POSITIVE,CUSTOMER_CONTACTED
RVW-202605-002665,ALT-202605-002872,RV-06,2026-06-05T12:09:59,CLEARED_FALSE_POSITIVE,DOC_VALID
RVW-202605-002666,ALT-202605-002874,RV-01,2026-05-30T21:05:14,CLEARED_FALSE_POSITIVE,CUSTOMER_CONTACTED
RVW-202605-002667,ALT-202605-002875,RV-02,2026-05-21T07:49:26,CLEARED_FALSE_POSITIVE,ID_VERIFIED
RVW-202605-002668,ALT-202605-002876,RV-01,2026-05-26T18:08:25,CLEARED_FALSE_POSITIVE,ID_VERIFIED
RVW-202605-002669,ALT-202605-002877,RV-02,2026-05-31T06:24:57,CLEARED_FALSE_POSITIVE,ID_VERIFIED
RVW-202605-002670,ALT-202605-002878,RV-01,2026-06-08T15:52:04,CLEARED_FALSE_POSITIVE,CUSTOMER_CONTACTED
RVW-202605-002671,ALT-202605-002879,RV-03,2026-05-14T13:47:25,INSUFFICIENT_EVIDENCE,DATA_UNAVAILABLE
RVW-202605-002672,ALT-202605-002880,RV-01,2026-05-28T12:57:23,CONFIRMED_FRAUD,DOC_FORGED
RVW-202605-002673,ALT-202605-002881,RV-01,2026-05-11T10:22:44,CONFIRMED_FRAUD,MULE_CONFIRMED
RVW-202605-002674,ALT-202605-002882,RV-01,2026-05-26T12:00:38,CLEARED_FALSE_POSITIVE,KNOWN_DEVICE
RVW-202605-002675,ALT-202605-002883,RV-03,2026-06-06T09:17:06,CLEARED_FALSE_POSITIVE,ID_VERIFIED
RVW-202605-002676,ALT-202605-002884,RV-06,2026-05-21T12:24:28,CLEARED_FALSE_POSITIVE,CUSTOMER_CONTACTED
RVW-202605-002677,ALT-202605-002885,RV-04,2026-05-15T14:54:20,CONFIRMED_FRAUD,MULE_CONFIRMED
RVW-202605-002678,ALT-202605-002886,RV-01,2026-05-14T08:54:09,CLEARED_FALSE_POSITIVE,DOC_VALID
RVW-202605-002679,ALT-202605-002887,RV-01,2026-05-31T06:28:20,CLEARED_FALSE_POSITIVE,KNOWN_DEVICE
RVW-202605-002680,ALT-202605-002888,RV-05,2026-05-22T10:08:09,CLEARED_FALSE_POSITIVE,DOC_VALID
RVW-202605-002681,ALT-202605-002889,RV-04,2026-05-01T08:00:05,CLEARED_FALSE_POSITIVE,KNOWN_DEVICE
RVW-202605-002682,ALT-202605-002890,RV-04,2026-05-27T21:56:27,CLEARED_FALSE_POSITIVE,ID_VERIFIED
RVW-202605-002683,ALT-202605-002891,RV-06,2026-05-22T12:19:42,CLEARED_FALSE_POSITIVE,CUSTOMER_CONTACTED
RVW-202605-002684,ALT-202605-002892,RV-04,2026-05-31T18:06:18,CONFIRMED_FRAUD,SYNTH_ID_CONFIRMED
RVW-202605-002685,ALT-202605-002893,RV-03,2026-05-20T09:09:13,CLEARED_FALSE_POSITIVE,ID_VERIFIED
RVW-202605-002686,ALT-202605-002894,RV-01,2026-06-01T09:28:01,CLEARED_FALSE_POSITIVE,ID_VERIFIED
RVW-202605-002687,ALT-202605-002895,RV-04,2026-05-23T14:00:38,CONFIRMED_FRAUD,DOC_FORGED
RVW-202605-002688,ALT-202605-002896,RV-05,2026-05-08T09:27:31,CLEARED_FALSE_POSITIVE,DOC_VALID
RVW-202605-002689,ALT-202605-002897,RV-06,2026-06-06T09:41:48,CLEARED_FALSE_POSITIVE,DOC_VALID
RVW-202605-002690,ALT-202605-002898,RV-01,2026-05-04T11:43:58,CLEARED_FALSE_POSITIVE,DOC_VALID
RVW-202605-002691,ALT-202605-002899,RV-05,2026-05-13T12:51:44,CLEARED_FALSE_POSITIVE,KNOWN_DEVICE
RVW-202605-002692,ALT-202605-002900,RV-06,2026-06-01T12:41:46,CLEARED_FALSE_POSITIVE,ID_VERIFIED
RVW-202605-002693,ALT-202605-002901,RV-05,2026-05-19T13:35:44,CLEARED_FALSE_POSITIVE,DOC_VALID
RVW-202605-002694,ALT-202605-002902,RV-01,2026-05-15T06:33:37,CLEARED_FALSE_POSITIVE,CUSTOMER_CONTACTED
RVW-202605-002695,ALT-202605-002903,RV-02,2026-06-05T09:10:35,CLEARED_FALSE_POSITIVE,CUSTOMER_CONTACTED
RVW-202605-002696,ALT-202605-002904,RV-04,2026-06-04T11:22:44,CLEARED_FALSE_POSITIVE,DOC_VALID
RVW-202605-002697,ALT-202605-002905,RV-01,2026-05-22T17:46:33,CLEARED_FALSE_POSITIVE,ID_VERIFIED
RVW-202605-002698,ALT-202605-002906,RV-04,2026-05-24T19:00:50,CLEARED_FALSE_POSITIVE,KNOWN_DEVICE
RVW-202605-002699,ALT-202605-002907,RV-05,2026-05-18T09:25:41,CLEARED_FALSE_POSITIVE,ID_VERIFIED
RVW-202605-002700,ALT-202605-002908,RV-03,2026-05-27T19:57:36,CLEARED_FALSE_POSITIVE,DOC_VALID
RVW-202605-002701,ALT-202605-002909,RV-04,2026-05-24T09:19:16,CLEARED_FALSE_POSITIVE,ID_VERIFIED
RVW-202605-002702,ALT-202605-002910,RV-04,2026-05-22T07:14:44,CLEARED_FALSE_POSITIVE,CUSTOMER_CONTACTED
RVW-202605-002703,ALT-202605-002911,RV-02,2026-05-03T12:47:34,CLEARED_FALSE_POSITIVE,ID_VERIFIED
RVW-202605-002704,ALT-202605-002912,RV-01,2026-05-23T15:17:56,INSUFFICIENT_EVIDENCE,AGED_OUT
RVW-202605-002705,ALT-202605-002913,RV-03,2026-05-09T13:58:26,CONFIRMED_FRAUD,DOC_FORGED
RVW-202605-002706,ALT-202605-002914,RV-06,2026-05-25T08:29:17,CLEARED_FALSE_POSITIVE,ID_VERIFIED
RVW-202605-002707,ALT-202605-002915,RV-06,2026-05-04T14:34:06,CONFIRMED_FRAUD,MULE_CONFIRMED
RVW-202605-002708,ALT-202605-002916,RV-03,2026-05-31T16:33:34,CLEARED_FALSE_POSITIVE,KNOWN_DEVICE
RVW-202605-002709,ALT-202605-002917,RV-05,2026-05-09T18:13:48,CLEARED_FALSE_POSITIVE,ID_VERIFIED
RVW-202605-002710,ALT-202605-002918,RV-01,2026-05-19T16:54:10,INSUFFICIENT_EVIDENCE,NO_CONTACT
RVW-202605-002711,ALT-202605-002919,RV-05,2026-05-31T10:15:16,CLEARED_FALSE_POSITIVE,DOC_VALID
RVW-202605-002712,ALT-202605-002920,RV-06,2026-05-11T13:25:14,CONFIRMED_FRAUD,MULE_CONFIRMED
RVW-202605-002713,ALT-202605-002921,RV-05,2026-05-17T15:00:17,CLEARED_FALSE_POSITIVE,CUSTOMER_CONTACTED
RVW-202605-002714,ALT-202605-002922,RV-02,2026-05-14T06:08:13,CLEARED_FALSE_POSITIVE,ID_VERIFIED
RVW-202605-002715,ALT-202605-002923,RV-05,2026-05-27T13:02:35,CLEARED_FALSE_POSITIVE,KNOWN_DEVICE
RVW-202605-002716,ALT-202605-002924,RV-06,2026-06-02T19:57:45,INSUFFICIENT_EVIDENCE,AGED_OUT
RVW-202605-002717,ALT-202605-002925,RV-06,2026-05-16T10:18:12,INSUFFICIENT_EVIDENCE,AGED_OUT
RVW-202605-002718,ALT-202605-002926,RV-06,2026-05-25T13:34:11,CLEARED_FALSE_POSITIVE,CUSTOMER_CONTACTED
RVW-202605-002719,ALT-202605-002927,RV-04,2026-05-11T07:32:25,CLEARED_FALSE_POSITIVE,CUSTOMER_CONTACTED
RVW-202605-002720,ALT-202605-002929,RV-05,2026-05-10T11:35:34,CLEARED_FALSE_POSITIVE,DOC_VALID
RVW-202605-002721,ALT-202605-002930,RV-03,2026-05-09T17:42:51,CONFIRMED_FRAUD,MULE_CONFIRMED
RVW-202605-002722,ALT-202605-002931,RV-02,2026-05-24T06:28:33,CLEARED_FALSE_POSITIVE,KNOWN_DEVICE
RVW-202605-002723,ALT-202605-002932,RV-06,2026-05-13T22:14:57,CLEARED_FALSE_POSITIVE,DOC_VALID
RVW-202605-002724,ALT-202605-002933,RV-02,2026-05-18T06:19:24,CLEARED_FALSE_POSITIVE,ID_VERIFIED
RVW-202605-002725,ALT-202605-002934,RV-05,2026-05-25T11:37:18,CLEARED_FALSE_POSITIVE,DOC_VALID
RVW-202605-002726,ALT-202605-002935,RV-01,2026-06-05T16:15:03,CONFIRMED_FRAUD,DOC_FORGED
RVW-202605-002727,ALT-202605-002936,RV-04,2026-05-07T20:30:30,CLEARED_FALSE_POSITIVE,DOC_VALID
RVW-202605-002728,ALT-202605-002937,RV-02,2026-05-24T18:46:03,CLEARED_FALSE_POSITIVE,ID_VERIFIED
RVW-202605-002729,ALT-202605-002938,RV-01,2026-05-05T16:38:50,CONFIRMED_FRAUD,MULE_CONFIRMED
RVW-202605-002730,ALT-202605-002939,RV-05,2026-05-16T16:43:04,CLEARED_FALSE_POSITIVE,KNOWN_DEVICE
RVW-202605-002731,ALT-202605-002940,RV-01,2026-05-24T10:28:10,CLEARED_FALSE_POSITIVE,KNOWN_DEVICE
RVW-202605-002732,ALT-202605-002941,RV-04,2026-06-01T07:59:17,CLEARED_FALSE_POSITIVE,ID_VERIFIED
RVW-202605-002733,ALT-202605-002942,RV-02,2026-06-01T06:10:55,CLEARED_FALSE_POSITIVE,ID_VERIFIED
RVW-202605-002734,ALT-202605-002943,RV-02,2026-05-10T15:05:58,CLEARED_FALSE_POSITIVE,CUSTOMER_CONTACTED
RVW-202605-002735,ALT-202605-002944,RV-05,2026-05-08T17:41:25,INSUFFICIENT_EVIDENCE,NO_CONTACT
RVW-202605-002736,ALT-202605-002945,RV-01,2026-05-23T07:19:05,CLEARED_FALSE_POSITIVE,ID_VERIFIED
RVW-202605-002737,ALT-202605-002946,RV-05,2026-05-08T10:37:51,CLEARED_FALSE_POSITIVE,ID_VERIFIED
RVW-202605-002738,ALT-202605-002947,RV-03,2026-05-15T09:33:58,CLEARED_FALSE_POSITIVE,ID_VERIFIED
RVW-202605-002739,ALT-202605-002948,RV-04,2026-05-16T06:51:55,CONFIRMED_FRAUD,DOC_FORGED
RVW-202605-002740,ALT-202605-002949,RV-01,2026-05-06T22:07:46,CLEARED_FALSE_POSITIVE,ID_VERIFIED
RVW-202605-002741,ALT-202605-002950,RV-01,2026-05-17T10:15:36,CLEARED_FALSE_POSITIVE,CUSTOMER_CONTACTED
RVW-202605-002742,ALT-202605-002951,RV-06,2026-05-15T11:56:33,CLEARED_FALSE_POSITIVE,KNOWN_DEVICE
RVW-202605-002743,ALT-202605-002952,RV-05,2026-05-16T15:44:37,CLEARED_FALSE_POSITIVE,KNOWN_DEVICE
RVW-202605-002744,ALT-202605-002953,RV-01,2026-05-11T13:36:45,CLEARED_FALSE_POSITIVE,DOC_VALID
RVW-202605-002745,ALT-202605-002954,RV-03,2026-06-01T08:51:38,CLEARED_FALSE_POSITIVE,KNOWN_DEVICE
RVW-202605-002746,ALT-202605-002955,RV-06,2026-05-29T15:28:00,CLEARED_FALSE_POSITIVE,DOC_VALID
RVW-202605-002747,ALT-202605-002956,RV-01,2026-05-28T11:40:11,CLEARED_FALSE_POSITIVE,ID_VERIFIED
RVW-202605-002748,ALT-202605-002957,RV-02,2026-06-04T17:44:00,CONFIRMED_FRAUD,ATO_CONFIRMED
RVW-202605-002749,ALT-202605-002958,RV-02,2026-05-06T14:39:09,CLEARED_FALSE_POSITIVE,CUSTOMER_CONTACTED
RVW-202605-002750,ALT-202605-002959,RV-05,2026-06-02T11:08:24,CLEARED_FALSE_POSITIVE,ID_VERIFIED
RVW-202605-002751,ALT-202605-002960,RV-06,2026-05-24T11:15:31,CLEARED_FALSE_POSITIVE,KNOWN_DEVICE
RVW-202605-002752,ALT-202605-002961,RV-02,2026-06-02T13:18:39,CLEARED_FALSE_POSITIVE,CUSTOMER_CONTACTED
RVW-202605-002753,ALT-202605-002962,RV-02,2026-05-28T11:25:06,CLEARED_FALSE_POSITIVE,DOC_VALID
RVW-202605-002754,ALT-202605-002963,RV-04,2026-05-20T10:57:38,CONFIRMED_FRAUD,MULE_CONFIRMED
RVW-202605-002755,ALT-202605-002964,RV-05,2026-05-17T06:21:45,CLEARED_FALSE_POSITIVE,CUSTOMER_CONTACTED
RVW-202605-002756,ALT-202605-002965,RV-01,2026-05-08T21:14:14,CLEARED_FALSE_POSITIVE,KNOWN_DEVICE
RVW-202605-002757,ALT-202605-002966,RV-03,2026-05-09T21:36:12,CLEARED_FALSE_POSITIVE,DOC_VALID
RVW-202605-002758,ALT-202605-002967,RV-06,2026-05-25T22:05:44,CLEARED_FALSE_POSITIVE,DOC_VALID
RVW-202605-002759,ALT-202605-002968,RV-03,2026-05-12T17:55:15,CLEARED_FALSE_POSITIVE,DOC_VALID
RVW-202605-002760,ALT-202605-002969,RV-02,2026-05-28T18:25:38,CLEARED_FALSE_POSITIVE,DOC_VALID
RVW-202605-002761,ALT-202605-002970,RV-02,2026-05-31T18:27:07,CLEARED_FALSE_POSITIVE,ID_VERIFIED
RVW-202605-002762,ALT-202605-002971,RV-01,2026-05-14T12:34:48,CLEARED_FALSE_POSITIVE,CUSTOMER_CONTACTED
RVW-202605-002763,ALT-202605-002972,RV-04,2026-05-10T11:50:59,CLEARED_FALSE_POSITIVE,DOC_VALID
RVW-202605-002764,ALT-202605-002973,RV-02,2026-05-20T15:16:14,CLEARED_FALSE_POSITIVE,DOC_VALID
RVW-202605-002765,ALT-202605-002975,RV-04,2026-05-27T16:12:45,INSUFFICIENT_EVIDENCE,NO_CONTACT
RVW-202605-002766,ALT-202605-002976,RV-01,2026-05-06T19:53:46,CONFIRMED_FRAUD,MULE_CONFIRMED
RVW-202605-002767,ALT-202605-002977,RV-06,2026-05-07T15:38:12,CLEARED_FALSE_POSITIVE,KNOWN_DEVICE
RVW-202605-002768,ALT-202605-002978,RV-02,2026-06-02T20:19:09,CONFIRMED_FRAUD,SYNTH_ID_CONFIRMED
RVW-202605-002769,ALT-202605-002979,RV-03,2026-06-05T20:49:25,CLEARED_FALSE_POSITIVE,DOC_VALID
RVW-202605-002770,ALT-202605-002980,RV-01,2026-05-30T19:25:36,CLEARED_FALSE_POSITIVE,DOC_VALID
RVW-202605-002771,ALT-202605-002981,RV-04,2026-05-10T18:50:25,CONFIRMED_FRAUD,ATO_CONFIRMED
RVW-202605-002772,ALT-202605-002982,RV-05,2026-05-16T21:22:09,CONFIRMED_FRAUD,SYNTH_ID_CONFIRMED
RVW-202605-002773,ALT-202605-002983,RV-02,2026-05-14T06:36:15,CLEARED_FALSE_POSITIVE,CUSTOMER_CONTACTED
RVW-202605-002774,ALT-202605-002984,RV-05,2026-05-28T14:04:05,CLEARED_FALSE_POSITIVE,CUSTOMER_CONTACTED
RVW-202605-002775,ALT-202605-002985,RV-03,2026-05-27T22:44:54,CLEARED_FALSE_POSITIVE,DOC_VALID
RVW-202605-002776,ALT-202605-002986,RV-04,2026-05-23T16:07:37,CLEARED_FALSE_POSITIVE,ID_VERIFIED
RVW-202605-002777,ALT-202605-002988,RV-04,2026-05-05T11:08:49,CLEARED_FALSE_POSITIVE,KNOWN_DEVICE
RVW-202605-002778,ALT-202605-002989,RV-02,2026-05-25T09:54:24,CLEARED_FALSE_POSITIVE,CUSTOMER_CONTACTED
RVW-202605-002779,ALT-202605-002990,RV-04,2026-05-30T14:37:24,CLEARED_FALSE_POSITIVE,DOC_VALID
RVW-202605-002780,ALT-202605-002991,RV-03,2026-05-31T16:55:57,CLEARED_FALSE_POSITIVE,CUSTOMER_CONTACTED
RVW-202605-002781,ALT-202605-002992,RV-05,2026-05-02T08:13:06,CLEARED_FALSE_POSITIVE,CUSTOMER_CONTACTED
RVW-202605-002782,ALT-202605-002993,RV-05,2026-05-29T12:49:12,CLEARED_FALSE_POSITIVE,CUSTOMER_CONTACTED
RVW-202605-002783,ALT-202605-002994,RV-04,2026-05-21T17:48:39,CLEARED_FALSE_POSITIVE,CUSTOMER_CONTACTED
RVW-202605-002784,ALT-202605-002995,RV-03,2026-06-02T13:36:31,CLEARED_FALSE_POSITIVE,DOC_VALID
RVW-202605-002785,ALT-202605-002996,RV-01,2026-05-26T20:49:27,CONFIRMED_FRAUD,DOC_FORGED
RVW-202605-002786,ALT-202605-002997,RV-05,2026-06-05T16:51:19,CONFIRMED_FRAUD,MULE_CONFIRMED
RVW-202605-002787,ALT-202605-002998,RV-05,2026-05-13T21:29:55,CLEARED_FALSE_POSITIVE,KNOWN_DEVICE
RVW-202605-002788,ALT-202605-002999,RV-02,2026-05-24T14:14:33,INSUFFICIENT_EVIDENCE,AGED_OUT
RVW-202605-002789,ALT-202605-003000,RV-04,2026-05-08T22:45:33,CLEARED_FALSE_POSITIVE,DOC_VALID
RVW-202605-002790,ALT-202605-003001,RV-04,2026-05-29T22:49:58,CONFIRMED_FRAUD,ATO_CONFIRMED
RVW-202605-002791,ALT-202605-003002,RV-01,2026-05-29T12:49:40,CLEARED_FALSE_POSITIVE,CUSTOMER_CONTACTED
RVW-202605-002792,ALT-202605-003003,RV-04,2026-05-18T10:21:00,CONFIRMED_FRAUD,DOC_FORGED
RVW-202605-002793,ALT-202605-003004,RV-05,2026-06-05T13:05:46,CONFIRMED_FRAUD,ATO_CONFIRMED
RVW-202605-002794,ALT-202605-003005,RV-02,2026-06-04T08:30:09,CLEARED_FALSE_POSITIVE,CUSTOMER_CONTACTED
RVW-202605-002795,ALT-202605-003006,RV-04,2026-05-24T18:33:54,CLEARED_FALSE_POSITIVE,DOC_VALID
RVW-202605-002796,ALT-202605-003007,RV-02,2026-05-28T12:12:22,CLEARED_FALSE_POSITIVE,KNOWN_DEVICE
RVW-202605-002797,ALT-202605-003008,RV-03,2026-05-28T13:22:32,CONFIRMED_FRAUD,DOC_FORGED
RVW-202605-002798,ALT-202605-003009,RV-06,2026-05-24T12:52:35,CLEARED_FALSE_POSITIVE,CUSTOMER_CONTACTED
RVW-202605-002799,ALT-202605-003010,RV-06,2026-05-27T16:50:17,CLEARED_FALSE_POSITIVE,CUSTOMER_CONTACTED
RVW-202605-002800,ALT-202605-003011,RV-02,2026-06-06T21:00:04,CLEARED_FALSE_POSITIVE,ID_VERIFIED
RVW-202605-002801,ALT-202605-003013,RV-02,2026-05-16T22:10:00,CLEARED_FALSE_POSITIVE,KNOWN_DEVICE
RVW-202605-002802,ALT-202605-003014,RV-03,2026-05-12T20:42:36,CLEARED_FALSE_POSITIVE,DOC_VALID
RVW-202605-002803,ALT-202605-003015,RV-04,2026-05-14T15:41:23,CONFIRMED_FRAUD,MULE_CONFIRMED
RVW-202605-002804,ALT-202605-003016,RV-01,2026-05-22T16:23:51,CLEARED_FALSE_POSITIVE,ID_VERIFIED
RVW-202605-002805,ALT-202605-003017,RV-02,2026-05-28T10:04:54,CONFIRMED_FRAUD,ATO_CONFIRMED
RVW-202605-002806,ALT-202605-003018,RV-01,2026-05-22T21:06:19,CLEARED_FALSE_POSITIVE,DOC_VALID
RVW-202605-002807,ALT-202605-003020,RV-02,2026-05-31T19:11:59,CLEARED_FALSE_POSITIVE,DOC_VALID
RVW-202605-002808,ALT-202605-003021,RV-05,2026-06-01T20:47:42,CLEARED_FALSE_POSITIVE,ID_VERIFIED
RVW-202605-002809,ALT-202605-003022,RV-04,2026-05-18T11:32:53,CLEARED_FALSE_POSITIVE,DOC_VALID
RVW-202605-002810,ALT-202605-003023,RV-02,2026-06-07T07:51:39,CLEARED_FALSE_POSITIVE,ID_VERIFIED
RVW-202605-002811,ALT-202605-003024,RV-05,2026-05-24T10:36:15,CLEARED_FALSE_POSITIVE,CUSTOMER_CONTACTED
RVW-202605-002812,ALT-202605-003025,RV-05,2026-05-18T13:37:25,CONFIRMED_FRAUD,DOC_FORGED
RVW-202605-002813,ALT-202605-003026,RV-06,2026-05-21T16:21:32,INSUFFICIENT_EVIDENCE,AGED_OUT
RVW-202605-002814,ALT-202605-003027,RV-05,2026-05-23T15:33:45,CLEARED_FALSE_POSITIVE,CUSTOMER_CONTACTED
RVW-202605-002815,ALT-202605-003029,RV-04,2026-05-18T09:32:13,CLEARED_FALSE_POSITIVE,KNOWN_DEVICE
RVW-202605-002816,ALT-202605-003030,RV-04,2026-05-15T07:50:42,CLEARED_FALSE_POSITIVE,DOC_VALID
RVW-202605-002817,ALT-202605-003031,RV-06,2026-06-08T09:16:48,CLEARED_FALSE_POSITIVE,DOC_VALID
RVW-202605-002818,ALT-202605-003032,RV-01,2026-05-14T12:49:42,CONFIRMED_FRAUD,SYNTH_ID_CONFIRMED
RVW-202605-002819,ALT-202605-003033,RV-04,2026-05-15T13:34:10,CLEARED_FALSE_POSITIVE,KNOWN_DEVICE
RVW-202605-002820,ALT-202605-003034,RV-03,2026-05-30T06:59:32,CLEARED_FALSE_POSITIVE,DOC_VALID
RVW-202605-002821,ALT-202605-003035,RV-02,2026-05-07T15:43:02,CLEARED_FALSE_POSITIVE,DOC_VALID
RVW-202605-002822,ALT-202605-003036,RV-06,2026-05-04T08:30:44,CLEARED_FALSE_POSITIVE,ID_VERIFIED
RVW-202605-002823,ALT-202605-003038,RV-01,2026-06-06T15:00:56,INSUFFICIENT_EVIDENCE,AGED_OUT
RVW-202605-002824,ALT-202605-003039,RV-05,2026-05-07T18:38:18,INSUFFICIENT_EVIDENCE,AGED_OUT
RVW-202605-002825,ALT-202605-003040,RV-05,2026-05-27T10:31:02,CLEARED_FALSE_POSITIVE,KNOWN_DEVICE
RVW-202605-002826,ALT-202605-003041,RV-01,2026-05-17T22:23:43,CLEARED_FALSE_POSITIVE,KNOWN_DEVICE
RVW-202605-002827,ALT-202605-003042,RV-03,2026-05-10T16:16:58,CLEARED_FALSE_POSITIVE,CUSTOMER_CONTACTED
RVW-202605-002828,ALT-202605-003043,RV-03,2026-06-11T20:37:23,CONFIRMED_FRAUD,MULE_CONFIRMED
RVW-202605-002829,ALT-202605-003044,RV-04,2026-05-11T16:01:23,CLEARED_FALSE_POSITIVE,ID_VERIFIED
RVW-202605-002830,ALT-202605-003045,RV-01,2026-05-16T16:53:42,CLEARED_FALSE_POSITIVE,CUSTOMER_CONTACTED
RVW-202605-002831,ALT-202605-003046,RV-05,2026-06-06T19:17:09,CLEARED_FALSE_POSITIVE,KNOWN_DEVICE
RVW-202605-002832,ALT-202605-003047,RV-02,2026-05-14T08:16:37,INSUFFICIENT_EVIDENCE,NO_CONTACT
RVW-202605-002833,ALT-202605-003048,RV-04,2026-06-05T10:57:53,CLEARED_FALSE_POSITIVE,DOC_VALID
RVW-202605-002834,ALT-202605-003049,RV-05,2026-05-01T09:06:42,CONFIRMED_FRAUD,ATO_CONFIRMED
RVW-202605-002835,ALT-202605-003050,RV-01,2026-05-18T22:42:57,CLEARED_FALSE_POSITIVE,ID_VERIFIED
RVW-202605-002836,ALT-202605-003051,RV-04,2026-05-21T18:19:26,CLEARED_FALSE_POSITIVE,ID_VERIFIED
RVW-202605-002837,ALT-202605-003052,RV-06,2026-05-11T19:20:02,CLEARED_FALSE_POSITIVE,KNOWN_DEVICE
RVW-202605-002838,ALT-202605-003053,RV-01,2026-05-25T18:29:46,CONFIRMED_FRAUD,MULE_CONFIRMED
RVW-202605-002839,ALT-202605-003054,RV-06,2026-05-12T16:17:03,INSUFFICIENT_EVIDENCE,NO_CONTACT
RVW-202605-002840,ALT-202605-003055,RV-02,2026-05-28T12:33:37,CONFIRMED_FRAUD,DOC_FORGED
RVW-202605-002841,ALT-202605-003056,RV-04,2026-05-14T11:08:48,CLEARED_FALSE_POSITIVE,ID_VERIFIED
RVW-202605-002842,ALT-202605-003057,RV-02,2026-06-06T12:17:29,INSUFFICIENT_EVIDENCE,DATA_UNAVAILABLE
RVW-202605-002843,ALT-202605-003058,RV-01,2026-05-09T11:44:52,CLEARED_FALSE_POSITIVE,DOC_VALID
RVW-202605-002844,ALT-202605-003059,RV-05,2026-06-01T08:03:11,CLEARED_FALSE_POSITIVE,CUSTOMER_CONTACTED
RVW-202605-002845,ALT-202605-003060,RV-02,2026-05-15T06:28:13,CLEARED_FALSE_POSITIVE,DOC_VALID
RVW-202605-002846,ALT-202605-003061,RV-02,2026-05-11T10:49:04,CONFIRMED_FRAUD,DOC_FORGED
RVW-202605-002847,ALT-202605-003062,RV-02,2026-05-29T13:41:52,CLEARED_FALSE_POSITIVE,DOC_VALID
RVW-202605-002848,ALT-202605-003063,RV-02,2026-06-05T14:34:37,CONFIRMED_FRAUD,DOC_FORGED
RVW-202605-002849,ALT-202605-003064,RV-04,2026-06-05T21:46:18,CLEARED_FALSE_POSITIVE,KNOWN_DEVICE
RVW-202605-002850,ALT-202605-003065,RV-01,2026-05-24T16:19:33,CLEARED_FALSE_POSITIVE,KNOWN_DEVICE
RVW-202605-002851,ALT-202605-003066,RV-04,2026-06-06T11:26:34,CONFIRMED_FRAUD,DOC_FORGED
RVW-202605-002852,ALT-202605-003068,RV-06,2026-05-11T08:53:13,CLEARED_FALSE_POSITIVE,ID_VERIFIED
RVW-202605-002853,ALT-202605-003069,RV-03,2026-05-17T06:44:47,CLEARED_FALSE_POSITIVE,DOC_VALID
RVW-202605-002854,ALT-202605-003070,RV-01,2026-05-11T13:38:22,CONFIRMED_FRAUD,DOC_FORGED
RVW-202605-002855,ALT-202605-003071,RV-03,2026-05-12T16:37:07,CLEARED_FALSE_POSITIVE,ID_VERIFIED
RVW-202605-002856,ALT-202605-003072,RV-04,2026-05-16T19:12:09,CONFIRMED_FRAUD,SYNTH_ID_CONFIRMED
RVW-202605-002857,ALT-202605-003073,RV-03,2026-05-24T16:51:17,CLEARED_FALSE_POSITIVE,CUSTOMER_CONTACTED
RVW-202605-002858,ALT-202605-003074,RV-05,2026-05-27T21:02:45,CLEARED_FALSE_POSITIVE,CUSTOMER_CONTACTED
RVW-202605-002859,ALT-202605-003075,RV-02,2026-05-21T14:08:28,CONFIRMED_FRAUD,SYNTH_ID_CONFIRMED
RVW-202605-002860,ALT-202605-003076,RV-03,2026-05-24T13:17:48,CLEARED_FALSE_POSITIVE,ID_VERIFIED
RVW-202605-002861,ALT-202605-003077,RV-04,2026-05-13T09:54:22,CLEARED_FALSE_POSITIVE,KNOWN_DEVICE
RVW-202605-002862,ALT-202605-003079,RV-04,2026-05-13T09:46:03,CLEARED_FALSE_POSITIVE,DOC_VALID
RVW-202605-002863,ALT-202605-003080,RV-06,2026-05-28T17:54:37,CONFIRMED_FRAUD,MULE_CONFIRMED
RVW-202605-002864,ALT-202605-003081,RV-03,2026-05-12T08:23:23,INSUFFICIENT_EVIDENCE,AGED_OUT
RVW-202605-002865,ALT-202605-003082,RV-03,2026-05-10T22:00:20,CLEARED_FALSE_POSITIVE,DOC_VALID
RVW-202605-002866,ALT-202605-003083,RV-02,2026-05-24T12:12:46,CLEARED_FALSE_POSITIVE,ID_VERIFIED
RVW-202605-002867,ALT-202605-003084,RV-03,2026-05-21T10:35:36,CLEARED_FALSE_POSITIVE,CUSTOMER_CONTACTED
RVW-202605-002868,ALT-202605-003087,RV-06,2026-05-18T22:28:52,CLEARED_FALSE_POSITIVE,CUSTOMER_CONTACTED
RVW-202605-002869,ALT-202605-003088,RV-06,2026-06-02T18:39:15,CLEARED_FALSE_POSITIVE,DOC_VALID
RVW-202605-002870,ALT-202605-003090,RV-02,2026-06-06T09:39:17,CLEARED_FALSE_POSITIVE,CUSTOMER_CONTACTED
RVW-202605-002871,ALT-202605-003091,RV-03,2026-05-09T13:21:29,CLEARED_FALSE_POSITIVE,ID_VERIFIED
RVW-202605-002872,ALT-202605-003092,RV-03,2026-05-24T18:35:33,CLEARED_FALSE_POSITIVE,KNOWN_DEVICE
RVW-202605-002873,ALT-202605-003093,RV-06,2026-05-23T21:10:59,CLEARED_FALSE_POSITIVE,KNOWN_DEVICE
RVW-202605-002874,ALT-202605-003094,RV-05,2026-06-01T16:40:56,CLEARED_FALSE_POSITIVE,CUSTOMER_CONTACTED
RVW-202605-002875,ALT-202605-003095,RV-05,2026-06-02T14:50:36,INSUFFICIENT_EVIDENCE,NO_CONTACT
RVW-202605-002876,ALT-202605-003096,RV-03,2026-05-19T14:07:52,CLEARED_FALSE_POSITIVE,ID_VERIFIED
RVW-202605-002877,ALT-202605-003097,RV-06,2026-05-08T18:14:27,CLEARED_FALSE_POSITIVE,ID_VERIFIED
RVW-202605-002878,ALT-202605-003098,RV-03,2026-05-09T18:16:02,CLEARED_FALSE_POSITIVE,CUSTOMER_CONTACTED
RVW-202605-002879,ALT-202605-003099,RV-03,2026-05-14T14:13:24,CLEARED_FALSE_POSITIVE,ID_VERIFIED
RVW-202605-002880,ALT-202605-003102,RV-05,2026-05-27T06:06:02,CLEARED_FALSE_POSITIVE,ID_VERIFIED
RVW-202605-002881,ALT-202605-003104,RV-06,2026-05-25T10:11:10,CONFIRMED_FRAUD,DOC_FORGED
RVW-202605-002882,ALT-202605-003105,RV-04,2026-06-07T17:48:57,CLEARED_FALSE_POSITIVE,DOC_VALID
RVW-202605-002883,ALT-202605-003106,RV-06,2026-06-10T20:46:05,CLEARED_FALSE_POSITIVE,KNOWN_DEVICE
RVW-202605-002884,ALT-202605-003107,RV-01,2026-05-16T17:53:46,CLEARED_FALSE_POSITIVE,DOC_VALID
RVW-202605-002885,ALT-202605-003108,RV-03,2026-05-23T20:20:17,CLEARED_FALSE_POSITIVE,ID_VERIFIED
RVW-202605-002886,ALT-202605-003109,RV-04,2026-05-17T15:38:00,CLEARED_FALSE_POSITIVE,KNOWN_DEVICE
RVW-202605-002887,ALT-202605-003110,RV-01,2026-05-19T22:47:13,CLEARED_FALSE_POSITIVE,KNOWN_DEVICE
RVW-202605-002888,ALT-202605-003111,RV-01,2026-05-28T17:01:22,INSUFFICIENT_EVIDENCE,AGED_OUT
RVW-202605-002889,ALT-202605-003112,RV-02,2026-05-18T21:12:08,CONFIRMED_FRAUD,MULE_CONFIRMED
RVW-202605-002890,ALT-202605-003113,RV-02,2026-05-13T15:43:36,CLEARED_FALSE_POSITIVE,KNOWN_DEVICE
RVW-202605-002891,ALT-202605-003114,RV-01,2026-05-19T20:47:42,CLEARED_FALSE_POSITIVE,DOC_VALID
RVW-202605-002892,ALT-202605-003115,RV-06,2026-05-16T08:04:16,CLEARED_FALSE_POSITIVE,DOC_VALID
RVW-202605-002893,ALT-202605-003116,RV-06,2026-05-22T17:06:00,CLEARED_FALSE_POSITIVE,ID_VERIFIED
RVW-202605-002894,ALT-202605-003117,RV-06,2026-05-29T20:43:25,CLEARED_FALSE_POSITIVE,ID_VERIFIED
RVW-202605-002895,ALT-202605-003118,RV-06,2026-05-03T13:11:52,CLEARED_FALSE_POSITIVE,ID_VERIFIED
RVW-202605-002896,ALT-202605-003119,RV-03,2026-05-25T19:23:33,CLEARED_FALSE_POSITIVE,DOC_VALID
RVW-202605-002897,ALT-202605-003120,RV-04,2026-06-04T06:05:28,CLEARED_FALSE_POSITIVE,ID_VERIFIED
RVW-202605-002898,ALT-202605-003121,RV-01,2026-05-22T11:28:58,CLEARED_FALSE_POSITIVE,CUSTOMER_CONTACTED
RVW-202605-002899,ALT-202605-003122,RV-06,2026-05-17T21:38:22,CONFIRMED_FRAUD,SYNTH_ID_CONFIRMED
RVW-202605-002900,ALT-202605-003123,RV-04,2026-06-10T06:57:18,CLEARED_FALSE_POSITIVE,DOC_VALID
RVW-202605-002901,ALT-202605-003124,RV-05,2026-05-13T09:07:32,CONFIRMED_FRAUD,DOC_FORGED
RVW-202605-002902,ALT-202605-003125,RV-04,2026-05-29T09:51:17,CLEARED_FALSE_POSITIVE,CUSTOMER_CONTACTED
RVW-202605-002903,ALT-202605-003126,RV-02,2026-06-03T12:25:34,CLEARED_FALSE_POSITIVE,KNOWN_DEVICE
RVW-202605-002904,ALT-202605-003128,RV-04,2026-05-17T10:23:28,CLEARED_FALSE_POSITIVE,ID_VERIFIED
RVW-202605-002905,ALT-202605-003129,RV-03,2026-05-09T21:13:08,CLEARED_FALSE_POSITIVE,ID_VERIFIED
RVW-202605-002906,ALT-202605-003130,RV-01,2026-05-31T19:28:22,CLEARED_FALSE_POSITIVE,KNOWN_DEVICE
RVW-202605-002907,ALT-202605-003131,RV-03,2026-05-27T16:29:34,CLEARED_FALSE_POSITIVE,ID_VERIFIED
RVW-202605-002908,ALT-202605-003132,RV-06,2026-05-09T10:25:33,CONFIRMED_FRAUD,MULE_CONFIRMED
RVW-202605-002909,ALT-202605-003133,RV-02,2026-05-18T20:34:53,CLEARED_FALSE_POSITIVE,ID_VERIFIED
RVW-202605-002910,ALT-202605-003134,RV-03,2026-05-25T12:36:11,CLEARED_FALSE_POSITIVE,CUSTOMER_CONTACTED
RVW-202605-002911,ALT-202605-003135,RV-02,2026-05-30T21:16:01,CLEARED_FALSE_POSITIVE,CUSTOMER_CONTACTED
RVW-202605-002912,ALT-202605-003136,RV-02,2026-06-06T06:44:41,CLEARED_FALSE_POSITIVE,DOC_VALID
RVW-202605-002913,ALT-202605-003137,RV-02,2026-05-31T19:13:08,CLEARED_FALSE_POSITIVE,DOC_VALID
RVW-202605-002914,ALT-202605-003138,RV-02,2026-06-03T11:26:45,CONFIRMED_FRAUD,MULE_CONFIRMED
RVW-202605-002915,ALT-202605-003139,RV-04,2026-05-19T13:58:26,CLEARED_FALSE_POSITIVE,CUSTOMER_CONTACTED
RVW-202605-002916,ALT-202605-003140,RV-01,2026-05-17T22:12:26,CLEARED_FALSE_POSITIVE,DOC_VALID
RVW-202605-002917,ALT-202605-003141,RV-05,2026-05-31T22:35:35,CLEARED_FALSE_POSITIVE,CUSTOMER_CONTACTED
RVW-202605-002918,ALT-202605-003142,RV-02,2026-06-06T12:37:10,CLEARED_FALSE_POSITIVE,ID_VERIFIED
RVW-202605-002919,ALT-202605-003143,RV-05,2026-05-30T07:21:18,CLEARED_FALSE_POSITIVE,ID_VERIFIED
RVW-202605-002920,ALT-202605-003144,RV-04,2026-05-23T13:51:45,CLEARED_FALSE_POSITIVE,KNOWN_DEVICE
RVW-202605-002921,ALT-202605-003145,RV-05,2026-06-02T13:07:10,CLEARED_FALSE_POSITIVE,CUSTOMER_CONTACTED
RVW-202605-002922,ALT-202605-003146,RV-05,2026-06-01T14:04:15,CLEARED_FALSE_POSITIVE,CUSTOMER_CONTACTED
RVW-202605-002923,ALT-202605-003147,RV-02,2026-05-08T20:00:12,CLEARED_FALSE_POSITIVE,CUSTOMER_CONTACTED
RVW-202605-002924,ALT-202605-003148,RV-02,2026-05-11T10:57:02,CLEARED_FALSE_POSITIVE,KNOWN_DEVICE
RVW-202605-002925,ALT-202605-003149,RV-06,2026-05-27T21:45:14,CLEARED_FALSE_POSITIVE,DOC_VALID
RVW-202605-002926,ALT-202605-003150,RV-03,2026-06-04T12:55:23,CLEARED_FALSE_POSITIVE,ID_VERIFIED
RVW-202605-002927,ALT-202605-003151,RV-06,2026-05-30T07:44:22,CLEARED_FALSE_POSITIVE,KNOWN_DEVICE
RVW-202605-002928,ALT-202605-003152,RV-03,2026-06-06T10:45:28,INSUFFICIENT_EVIDENCE,NO_CONTACT
RVW-202605-002929,ALT-202605-003154,RV-02,2026-05-31T12:04:27,CLEARED_FALSE_POSITIVE,KNOWN_DEVICE
RVW-202605-002930,ALT-202605-003155,RV-04,2026-05-15T07:04:05,CLEARED_FALSE_POSITIVE,DOC_VALID
RVW-202605-002931,ALT-202605-003156,RV-05,2026-05-07T22:29:08,CLEARED_FALSE_POSITIVE,KNOWN_DEVICE
RVW-202605-002932,ALT-202605-003157,RV-06,2026-05-11T15:09:37,CLEARED_FALSE_POSITIVE,CUSTOMER_CONTACTED
RVW-202605-002933,ALT-202605-003158,RV-04,2026-05-06T06:26:24,CLEARED_FALSE_POSITIVE,DOC_VALID
RVW-202605-002934,ALT-202605-003159,RV-05,2026-05-18T16:01:02,CLEARED_FALSE_POSITIVE,KNOWN_DEVICE
RVW-202605-002935,ALT-202605-003160,RV-06,2026-05-16T20:52:36,CLEARED_FALSE_POSITIVE,KNOWN_DEVICE
RVW-202605-002936,ALT-202605-003161,RV-05,2026-05-10T10:48:08,CLEARED_FALSE_POSITIVE,KNOWN_DEVICE
RVW-202605-002937,ALT-202605-003163,RV-04,2026-05-25T15:52:21,CONFIRMED_FRAUD,DOC_FORGED
RVW-202605-002938,ALT-202605-003164,RV-01,2026-05-10T10:01:18,CLEARED_FALSE_POSITIVE,CUSTOMER_CONTACTED
RVW-202605-002939,ALT-202605-003165,RV-03,2026-05-08T10:01:45,CLEARED_FALSE_POSITIVE,CUSTOMER_CONTACTED
RVW-202605-002940,ALT-202605-003166,RV-01,2026-05-29T14:58:27,CLEARED_FALSE_POSITIVE,ID_VERIFIED
RVW-202605-002941,ALT-202605-003167,RV-02,2026-05-11T07:09:56,CLEARED_FALSE_POSITIVE,CUSTOMER_CONTACTED
RVW-202605-002942,ALT-202605-003168,RV-02,2026-06-01T21:00:11,CLEARED_FALSE_POSITIVE,ID_VERIFIED
RVW-202605-002943,ALT-202605-003169,RV-04,2026-05-31T21:45:08,CLEARED_FALSE_POSITIVE,DOC_VALID
RVW-202605-002944,ALT-202605-003170,RV-04,2026-05-31T11:43:06,CLEARED_FALSE_POSITIVE,ID_VERIFIED
RVW-202605-002945,ALT-202605-003171,RV-01,2026-05-19T13:27:24,CONFIRMED_FRAUD,ATO_CONFIRMED
RVW-202605-002946,ALT-202605-003172,RV-01,2026-05-30T09:12:31,CLEARED_FALSE_POSITIVE,DOC_VALID
RVW-202605-002947,ALT-202605-003173,RV-05,2026-06-03T12:00:45,CLEARED_FALSE_POSITIVE,ID_VERIFIED
RVW-202605-002948,ALT-202605-003174,RV-01,2026-06-02T19:19:35,INSUFFICIENT_EVIDENCE,AGED_OUT
RVW-202605-002949,ALT-202605-003175,RV-03,2026-05-31T21:00:27,CLEARED_FALSE_POSITIVE,DOC_VALID
RVW-202605-002950,ALT-202605-003176,RV-01,2026-05-12T18:17:04,CLEARED_FALSE_POSITIVE,DOC_VALID
RVW-202605-002951,ALT-202605-003177,RV-02,2026-06-01T20:40:10,INSUFFICIENT_EVIDENCE,AGED_OUT
RVW-202605-002952,ALT-202605-003178,RV-03,2026-05-27T09:28:30,CLEARED_FALSE_POSITIVE,ID_VERIFIED
RVW-202605-002953,ALT-202605-003180,RV-02,2026-05-30T19:21:14,CONFIRMED_FRAUD,DOC_FORGED
RVW-202605-002954,ALT-202605-003181,RV-06,2026-05-31T14:18:51,CLEARED_FALSE_POSITIVE,KNOWN_DEVICE
RVW-202605-002955,ALT-202605-003183,RV-02,2026-06-03T14:56:36,CLEARED_FALSE_POSITIVE,KNOWN_DEVICE
RVW-202605-002956,ALT-202605-003184,RV-02,2026-06-04T17:16:32,CLEARED_FALSE_POSITIVE,DOC_VALID
RVW-202605-002957,ALT-202605-003185,RV-06,2026-05-30T07:41:36,CLEARED_FALSE_POSITIVE,DOC_VALID
RVW-202605-002958,ALT-202605-003186,RV-06,2026-05-12T13:18:55,CLEARED_FALSE_POSITIVE,KNOWN_DEVICE
RVW-202605-002959,ALT-202605-003187,RV-02,2026-06-04T21:06:36,CLEARED_FALSE_POSITIVE,CUSTOMER_CONTACTED
RVW-202605-002960,ALT-202605-003188,RV-04,2026-05-08T13:31:51,CLEARED_FALSE_POSITIVE,KNOWN_DEVICE
RVW-202605-002961,ALT-202605-003189,RV-01,2026-05-04T16:53:25,CLEARED_FALSE_POSITIVE,KNOWN_DEVICE
RVW-202605-002962,ALT-202605-003190,RV-05,2026-05-02T16:02:40,CLEARED_FALSE_POSITIVE,DOC_VALID
RVW-202605-002963,ALT-202605-003191,RV-04,2026-05-16T10:11:39,CONFIRMED_FRAUD,SYNTH_ID_CONFIRMED
RVW-202605-002964,ALT-202605-003192,RV-02,2026-06-05T13:53:04,CLEARED_FALSE_POSITIVE,DOC_VALID
RVW-202605-002965,ALT-202605-003193,RV-01,2026-05-03T22:27:06,CLEARED_FALSE_POSITIVE,DOC_VALID
RVW-202605-002966,ALT-202605-003194,RV-04,2026-06-08T22:22:59,CLEARED_FALSE_POSITIVE,CUSTOMER_CONTACTED
RVW-202605-002967,ALT-202605-003195,RV-03,2026-06-02T06:05:23,CLEARED_FALSE_POSITIVE,ID_VERIFIED
RVW-202605-002968,ALT-202605-003196,RV-03,2026-05-17T20:25:36,CONFIRMED_FRAUD,MULE_CONFIRMED
RVW-202605-002969,ALT-202605-003197,RV-06,2026-06-11T20:44:56,CONFIRMED_FRAUD,DOC_FORGED
RVW-202605-002970,ALT-202605-003198,RV-02,2026-05-08T22:46:27,CLEARED_FALSE_POSITIVE,ID_VERIFIED
RVW-202605-002971,ALT-202605-003199,RV-02,2026-05-31T19:17:54,CLEARED_FALSE_POSITIVE,KNOWN_DEVICE
RVW-202605-002972,ALT-202605-003200,RV-02,2026-05-13T06:22:33,CLEARED_FALSE_POSITIVE,CUSTOMER_CONTACTED
RVW-202605-002973,ALT-202605-003201,RV-05,2026-05-19T17:27:08,CLEARED_FALSE_POSITIVE,KNOWN_DEVICE
RVW-202605-002974,ALT-202605-003202,RV-06,2026-05-22T11:03:48,CONFIRMED_FRAUD,DOC_FORGED
RVW-202605-002975,ALT-202605-003203,RV-01,2026-05-11T16:07:53,CLEARED_FALSE_POSITIVE,CUSTOMER_CONTACTED
RVW-202605-002976,ALT-202605-003204,RV-06,2026-05-22T21:50:23,CONFIRMED_FRAUD,MULE_CONFIRMED
RVW-202605-002977,ALT-202605-003206,RV-01,2026-05-26T09:30:35,CLEARED_FALSE_POSITIVE,DOC_VALID
RVW-202605-002978,ALT-202605-003207,RV-03,2026-05-24T12:32:27,INSUFFICIENT_EVIDENCE,NO_CONTACT
RVW-202605-002979,ALT-202605-003208,RV-02,2026-05-23T15:42:21,CLEARED_FALSE_POSITIVE,DOC_VALID
RVW-202605-002980,ALT-202605-003209,RV-01,2026-05-15T10:07:51,CLEARED_FALSE_POSITIVE,CUSTOMER_CONTACTED
RVW-202605-002981,ALT-202605-003210,RV-05,2026-05-13T15:10:36,CLEARED_FALSE_POSITIVE,DOC_VALID
RVW-202605-002982,ALT-202605-003211,RV-04,2026-06-06T09:56:37,CLEARED_FALSE_POSITIVE,KNOWN_DEVICE
RVW-202605-002983,ALT-202605-003212,RV-04,2026-05-27T08:54:20,CONFIRMED_FRAUD,ATO_CONFIRMED
RVW-202605-002984,ALT-202605-003213,RV-02,2026-05-24T17:43:25,CLEARED_FALSE_POSITIVE,ID_VERIFIED
RVW-202605-002985,ALT-202605-003214,RV-01,2026-05-01T12:32:42,CLEARED_FALSE_POSITIVE,KNOWN_DEVICE
RVW-202605-002986,ALT-202605-003215,RV-06,2026-05-27T15:07:40,CLEARED_FALSE_POSITIVE,CUSTOMER_CONTACTED
RVW-202605-002987,ALT-202605-003216,RV-05,2026-05-10T20:16:54,CLEARED_FALSE_POSITIVE,CUSTOMER_CONTACTED
RVW-202605-002988,ALT-202605-003217,RV-04,2026-05-24T07:30:26,CLEARED_FALSE_POSITIVE,CUSTOMER_CONTACTED
RVW-202605-002989,ALT-202605-003218,RV-03,2026-05-12T08:42:54,CLEARED_FALSE_POSITIVE,ID_VERIFIED
RVW-202605-002990,ALT-202605-003219,RV-06,2026-05-10T17:45:15,CONFIRMED_FRAUD,DOC_FORGED
RVW-202605-002991,ALT-202605-003220,RV-04,2026-05-28T09:14:00,CLEARED_FALSE_POSITIVE,DOC_VALID
RVW-202605-002992,ALT-202605-003221,RV-05,2026-05-17T13:29:22,CLEARED_FALSE_POSITIVE,ID_VERIFIED
RVW-202605-002993,ALT-202605-003222,RV-02,2026-05-31T18:12:45,CLEARED_FALSE_POSITIVE,DOC_VALID
RVW-202605-002994,ALT-202605-003223,RV-02,2026-05-13T16:59:01,CLEARED_FALSE_POSITIVE,KNOWN_DEVICE
RVW-202605-002995,ALT-202605-003224,RV-03,2026-05-22T09:45:26,CONFIRMED_FRAUD,ATO_CONFIRMED
RVW-202605-002996,ALT-202605-003225,RV-02,2026-05-31T12:13:14,CLEARED_FALSE_POSITIVE,DOC_VALID
RVW-202605-002997,ALT-202605-003226,RV-06,2026-05-31T22:05:43,CLEARED_FALSE_POSITIVE,KNOWN_DEVICE
RVW-202605-002998,ALT-202605-003227,RV-04,2026-05-19T17:58:30,CLEARED_FALSE_POSITIVE,CUSTOMER_CONTACTED
RVW-202605-002999,ALT-202605-003228,RV-04,2026-05-29T07:04:51,CLEARED_FALSE_POSITIVE,KNOWN_DEVICE
RVW-202605-003000,ALT-202605-003229,RV-02,2026-05-20T10:14:53,CLEARED_FALSE_POSITIVE,CUSTOMER_CONTACTED
RVW-202605-003001,ALT-202605-003231,RV-01,2026-05-16T14:49:22,CONFIRMED_FRAUD,MULE_CONFIRMED
RVW-202605-003002,ALT-202605-003232,RV-05,2026-05-21T07:44:20,CLEARED_FALSE_POSITIVE,KNOWN_DEVICE
RVW-202605-003003,ALT-202605-003233,RV-05,2026-05-31T09:15:37,CLEARED_FALSE_POSITIVE,CUSTOMER_CONTACTED
RVW-202605-003004,ALT-202605-003234,RV-04,2026-05-20T06:57:57,CONFIRMED_FRAUD,DOC_FORGED
RVW-202605-003005,ALT-202605-003235,RV-02,2026-05-11T08:50:11,CONFIRMED_FRAUD,MULE_CONFIRMED
RVW-202605-003006,ALT-202605-003236,RV-06,2026-05-11T22:31:49,INSUFFICIENT_EVIDENCE,NO_CONTACT
RVW-202605-003007,ALT-202605-003237,RV-06,2026-06-05T21:40:07,INSUFFICIENT_EVIDENCE,DATA_UNAVAILABLE
RVW-202605-003008,ALT-202605-003239,RV-06,2026-05-11T13:01:10,CLEARED_FALSE_POSITIVE,ID_VERIFIED
RVW-202605-003009,ALT-202605-003240,RV-04,2026-05-19T12:02:24,CLEARED_FALSE_POSITIVE,CUSTOMER_CONTACTED
RVW-202605-003010,ALT-202605-003241,RV-06,2026-05-12T13:43:24,CLEARED_FALSE_POSITIVE,ID_VERIFIED
RVW-202605-003011,ALT-202605-003242,RV-05,2026-05-21T19:49:44,CLEARED_FALSE_POSITIVE,ID_VERIFIED
RVW-202605-003012,ALT-202605-003243,RV-03,2026-05-09T12:03:23,CLEARED_FALSE_POSITIVE,DOC_VALID
RVW-202605-003013,ALT-202605-003244,RV-05,2026-05-12T13:15:00,CLEARED_FALSE_POSITIVE,ID_VERIFIED
RVW-202605-003014,ALT-202605-003245,RV-03,2026-05-27T16:43:44,CLEARED_FALSE_POSITIVE,CUSTOMER_CONTACTED
RVW-202605-003015,ALT-202605-003246,RV-03,2026-06-05T12:24:28,CLEARED_FALSE_POSITIVE,DOC_VALID
RVW-202605-003016,ALT-202605-003247,RV-06,2026-05-31T08:38:04,CLEARED_FALSE_POSITIVE,ID_VERIFIED
RVW-202605-003017,ALT-202605-003248,RV-04,2026-05-23T06:16:57,CLEARED_FALSE_POSITIVE,CUSTOMER_CONTACTED
RVW-202605-003018,ALT-202605-003249,RV-01,2026-06-09T14:43:22,CLEARED_FALSE_POSITIVE,ID_VERIFIED
RVW-202605-003019,ALT-202605-003250,RV-02,2026-05-21T10:04:27,INSUFFICIENT_EVIDENCE,AGED_OUT
RVW-202605-003020,ALT-202605-003251,RV-05,2026-05-31T07:18:53,INSUFFICIENT_EVIDENCE,NO_CONTACT
RVW-202605-003021,ALT-202605-003252,RV-05,2026-05-25T13:21:37,CLEARED_FALSE_POSITIVE,ID_VERIFIED
RVW-202605-003022,ALT-202605-003253,RV-01,2026-05-16T13:46:53,CONFIRMED_FRAUD,SYNTH_ID_CONFIRMED
RVW-202605-003023,ALT-202605-003254,RV-03,2026-05-28T07:15:14,CLEARED_FALSE_POSITIVE,CUSTOMER_CONTACTED
RVW-202605-003024,ALT-202605-003255,RV-05,2026-05-16T21:02:11,CONFIRMED_FRAUD,DOC_FORGED
RVW-202605-003025,ALT-202605-003256,RV-03,2026-05-26T12:53:18,CLEARED_FALSE_POSITIVE,KNOWN_DEVICE
RVW-202605-003026,ALT-202605-003257,RV-03,2026-05-25T18:47:19,CLEARED_FALSE_POSITIVE,KNOWN_DEVICE
RVW-202605-003027,ALT-202605-003258,RV-01,2026-06-08T16:58:29,CLEARED_FALSE_POSITIVE,KNOWN_DEVICE
RVW-202605-003028,ALT-202605-003259,RV-03,2026-05-31T09:14:43,CLEARED_FALSE_POSITIVE,DOC_VALID
RVW-202605-003029,ALT-202605-003260,RV-04,2026-05-14T17:24:30,CONFIRMED_FRAUD,DOC_FORGED
RVW-202605-003030,ALT-202605-003261,RV-03,2026-05-19T14:33:37,CLEARED_FALSE_POSITIVE,KNOWN_DEVICE
RVW-202605-003031,ALT-202605-003262,RV-03,2026-06-05T16:41:35,CLEARED_FALSE_POSITIVE,ID_VERIFIED
RVW-202605-003032,ALT-202605-003263,RV-05,2026-06-05T07:35:58,CLEARED_FALSE_POSITIVE,KNOWN_DEVICE
RVW-202605-003033,ALT-202605-003264,RV-01,2026-05-18T13:38:58,CLEARED_FALSE_POSITIVE,CUSTOMER_CONTACTED
RVW-202605-003034,ALT-202605-003265,RV-06,2026-05-10T19:49:18,CLEARED_FALSE_POSITIVE,KNOWN_DEVICE
RVW-202605-003035,ALT-202605-003266,RV-06,2026-05-27T12:03:36,CLEARED_FALSE_POSITIVE,KNOWN_DEVICE
RVW-202605-003036,ALT-202605-003267,RV-03,2026-05-25T13:02:20,CLEARED_FALSE_POSITIVE,CUSTOMER_CONTACTED
RVW-202605-003037,ALT-202605-003268,RV-04,2026-06-03T11:00:00,CLEARED_FALSE_POSITIVE,KNOWN_DEVICE
RVW-202605-003038,ALT-202605-003269,RV-06,2026-05-26T06:07:57,CONFIRMED_FRAUD,MULE_CONFIRMED
RVW-202605-003039,ALT-202605-003270,RV-05,2026-05-30T20:57:03,INSUFFICIENT_EVIDENCE,AGED_OUT
RVW-202605-003040,ALT-202605-003271,RV-05,2026-05-12T11:36:46,CONFIRMED_FRAUD,DOC_FORGED
RVW-202605-003041,ALT-202605-003272,RV-05,2026-05-30T21:00:03,CONFIRMED_FRAUD,MULE_CONFIRMED
RVW-202605-003042,ALT-202605-003273,RV-02,2026-05-16T19:39:07,CLEARED_FALSE_POSITIVE,CUSTOMER_CONTACTED
RVW-202605-003043,ALT-202605-003274,RV-03,2026-05-16T06:55:16,CLEARED_FALSE_POSITIVE,CUSTOMER_CONTACTED
RVW-202605-003044,ALT-202605-003276,RV-03,2026-05-13T16:12:32,CLEARED_FALSE_POSITIVE,KNOWN_DEVICE
RVW-202605-003045,ALT-202605-003277,RV-05,2026-05-26T12:33:11,CONFIRMED_FRAUD,ATO_CONFIRMED
RVW-202605-003046,ALT-202605-003278,RV-06,2026-05-30T19:53:15,CLEARED_FALSE_POSITIVE,KNOWN_DEVICE
RVW-202605-003047,ALT-202605-003279,RV-01,2026-05-27T12:18:02,CLEARED_FALSE_POSITIVE,KNOWN_DEVICE
RVW-202605-003048,ALT-202605-003280,RV-02,2026-05-11T17:32:58,CLEARED_FALSE_POSITIVE,ID_VERIFIED
RVW-202605-003049,ALT-202605-003281,RV-05,2026-06-01T09:34:27,CLEARED_FALSE_POSITIVE,CUSTOMER_CONTACTED
RVW-202605-003050,ALT-202605-003282,RV-02,2026-05-08T12:19:39,CLEARED_FALSE_POSITIVE,KNOWN_DEVICE
RVW-202605-003051,ALT-202605-003283,RV-05,2026-05-20T16:42:40,CLEARED_FALSE_POSITIVE,CUSTOMER_CONTACTED
RVW-202605-003052,ALT-202605-003284,RV-02,2026-05-07T08:03:12,CLEARED_FALSE_POSITIVE,DOC_VALID
RVW-202605-003053,ALT-202605-003285,RV-05,2026-05-20T11:18:00,CLEARED_FALSE_POSITIVE,DOC_VALID
RVW-202605-003054,ALT-202605-003286,RV-06,2026-05-27T17:47:17,INSUFFICIENT_EVIDENCE,NO_CONTACT
RVW-202605-003055,ALT-202605-003287,RV-03,2026-05-22T10:53:46,CLEARED_FALSE_POSITIVE,CUSTOMER_CONTACTED
RVW-202605-003056,ALT-202605-003288,RV-02,2026-05-28T16:26:54,CLEARED_FALSE_POSITIVE,DOC_VALID
RVW-202605-003057,ALT-202605-003290,RV-01,2026-05-18T21:50:12,CONFIRMED_FRAUD,SYNTH_ID_CONFIRMED
RVW-202605-003058,ALT-202605-003291,RV-06,2026-05-10T22:31:58,INSUFFICIENT_EVIDENCE,DATA_UNAVAILABLE
RVW-202605-003059,ALT-202605-003292,RV-06,2026-06-04T21:22:40,CLEARED_FALSE_POSITIVE,ID_VERIFIED
RVW-202605-003060,ALT-202605-003293,RV-06,2026-05-08T19:41:50,CLEARED_FALSE_POSITIVE,DOC_VALID
RVW-202605-003061,ALT-202605-003294,RV-05,2026-05-23T10:13:15,CLEARED_FALSE_POSITIVE,CUSTOMER_CONTACTED
RVW-202605-003062,ALT-202605-003295,RV-01,2026-06-02T22:10:49,CLEARED_FALSE_POSITIVE,ID_VERIFIED
RVW-202605-003063,ALT-202605-003296,RV-01,2026-05-12T21:48:47,CLEARED_FALSE_POSITIVE,CUSTOMER_CONTACTED
RVW-202605-003064,ALT-202605-003297,RV-05,2026-05-07T17:49:31,INSUFFICIENT_EVIDENCE,NO_CONTACT
RVW-202605-003065,ALT-202605-003299,RV-02,2026-05-12T07:11:21,CONFIRMED_FRAUD,DOC_FORGED
RVW-202605-003066,ALT-202605-003300,RV-06,2026-05-11T16:28:12,CLEARED_FALSE_POSITIVE,DOC_VALID
RVW-202605-003067,ALT-202605-003301,RV-05,2026-05-14T13:14:27,CLEARED_FALSE_POSITIVE,KNOWN_DEVICE
RVW-202605-003068,ALT-202605-003304,RV-04,2026-05-24T15:06:12,CLEARED_FALSE_POSITIVE,KNOWN_DEVICE
RVW-202605-003069,ALT-202605-003305,RV-05,2026-05-24T13:50:41,CLEARED_FALSE_POSITIVE,KNOWN_DEVICE
RVW-202605-003070,ALT-202605-003306,RV-04,2026-05-10T15:13:21,CLEARED_FALSE_POSITIVE,ID_VERIFIED
RVW-202605-003071,ALT-202605-003307,RV-03,2026-05-23T13:38:44,CLEARED_FALSE_POSITIVE,CUSTOMER_CONTACTED
RVW-202605-003072,ALT-202605-003308,RV-01,2026-05-12T07:23:08,CONFIRMED_FRAUD,ATO_CONFIRMED
RVW-202605-003073,ALT-202605-003309,RV-06,2026-05-29T11:37:28,CLEARED_FALSE_POSITIVE,DOC_VALID
RVW-202605-003074,ALT-202605-003311,RV-03,2026-06-10T06:22:44,CONFIRMED_FRAUD,ATO_CONFIRMED
RVW-202605-003075,ALT-202605-003312,RV-01,2026-05-21T08:16:14,CLEARED_FALSE_POSITIVE,ID_VERIFIED
RVW-202605-003076,ALT-202605-003313,RV-05,2026-05-12T14:13:06,CLEARED_FALSE_POSITIVE,CUSTOMER_CONTACTED
RVW-202605-003077,ALT-202605-003314,RV-05,2026-05-23T21:38:59,CLEARED_FALSE_POSITIVE,DOC_VALID
RVW-202605-003078,ALT-202605-003315,RV-06,2026-05-17T22:37:45,CONFIRMED_FRAUD,SYNTH_ID_CONFIRMED
RVW-202605-003079,ALT-202605-003316,RV-04,2026-05-09T10:48:32,CLEARED_FALSE_POSITIVE,ID_VERIFIED
RVW-202605-003080,ALT-202605-003317,RV-01,2026-05-30T13:04:57,CONFIRMED_FRAUD,DOC_FORGED
RVW-202605-003081,ALT-202605-003318,RV-05,2026-05-23T22:00:26,CLEARED_FALSE_POSITIVE,DOC_VALID
RVW-202605-003082,ALT-202605-003319,RV-03,2026-05-29T10:26:51,INSUFFICIENT_EVIDENCE,AGED_OUT
RVW-202605-003083,ALT-202605-003320,RV-05,2026-05-15T07:15:37,INSUFFICIENT_EVIDENCE,AGED_OUT
RVW-202605-003084,ALT-202605-003321,RV-04,2026-06-01T17:20:52,CLEARED_FALSE_POSITIVE,KNOWN_DEVICE
RVW-202605-003085,ALT-202605-003322,RV-04,2026-06-07T17:12:36,CLEARED_FALSE_POSITIVE,KNOWN_DEVICE
RVW-202605-003086,ALT-202605-003323,RV-01,2026-05-19T09:45:59,CONFIRMED_FRAUD,ATO_CONFIRMED
RVW-202605-003087,ALT-202605-003324,RV-02,2026-06-06T06:33:54,CONFIRMED_FRAUD,MULE_CONFIRMED
RVW-202605-003088,ALT-202605-003327,RV-01,2026-05-29T20:39:06,CLEARED_FALSE_POSITIVE,ID_VERIFIED
RVW-202605-003089,ALT-202605-003328,RV-04,2026-05-29T14:52:46,CLEARED_FALSE_POSITIVE,CUSTOMER_CONTACTED
RVW-202605-003090,ALT-202605-003329,RV-03,2026-05-13T09:16:07,CLEARED_FALSE_POSITIVE,KNOWN_DEVICE
RVW-202605-003091,ALT-202605-003330,RV-01,2026-05-04T13:57:53,CLEARED_FALSE_POSITIVE,DOC_VALID
RVW-202605-003092,ALT-202605-003331,RV-05,2026-05-12T10:12:50,CLEARED_FALSE_POSITIVE,KNOWN_DEVICE
RVW-202605-003093,ALT-202605-003332,RV-03,2026-05-13T09:49:33,CONFIRMED_FRAUD,MULE_CONFIRMED
RVW-202605-003094,ALT-202605-003333,RV-02,2026-06-02T14:53:03,INSUFFICIENT_EVIDENCE,AGED_OUT
RVW-202605-003095,ALT-202605-003334,RV-04,2026-05-05T20:00:24,CLEARED_FALSE_POSITIVE,CUSTOMER_CONTACTED
RVW-202605-003096,ALT-202605-003335,RV-02,2026-05-18T07:41:27,CLEARED_FALSE_POSITIVE,ID_VERIFIED
RVW-202605-003097,ALT-202605-003336,RV-06,2026-05-03T18:16:25,CLEARED_FALSE_POSITIVE,KNOWN_DEVICE
RVW-202605-003098,ALT-202605-003339,RV-05,2026-05-13T08:53:32,CLEARED_FALSE_POSITIVE,KNOWN_DEVICE
RVW-202605-003099,ALT-202605-003340,RV-02,2026-06-08T18:02:38,CLEARED_FALSE_POSITIVE,KNOWN_DEVICE
RVW-202605-003100,ALT-202605-003341,RV-02,2026-05-14T06:50:10,CONFIRMED_FRAUD,ATO_CONFIRMED
RVW-202605-003101,ALT-202605-003342,RV-05,2026-05-30T21:15:36,CLEARED_FALSE_POSITIVE,ID_VERIFIED
RVW-202605-003102,ALT-202605-003343,RV-05,2026-05-29T19:23:36,CLEARED_FALSE_POSITIVE,KNOWN_DEVICE
RVW-202605-003103,ALT-202605-003344,RV-01,2026-05-15T07:25:06,CLEARED_FALSE_POSITIVE,DOC_VALID
RVW-202605-003104,ALT-202605-003345,RV-06,2026-05-17T19:38:22,CLEARED_FALSE_POSITIVE,ID_VERIFIED
RVW-202605-003105,ALT-202605-003346,RV-05,2026-05-17T14:49:09,CONFIRMED_FRAUD,DOC_FORGED
RVW-202605-003106,ALT-202605-003347,RV-06,2026-05-19T13:00:16,INSUFFICIENT_EVIDENCE,NO_CONTACT
RVW-202605-003107,ALT-202605-003348,RV-03,2026-06-09T11:12:17,CONFIRMED_FRAUD,ATO_CONFIRMED
RVW-202605-003108,ALT-202605-003349,RV-01,2026-05-10T06:01:51,CLEARED_FALSE_POSITIVE,CUSTOMER_CONTACTED
RVW-202605-003109,ALT-202605-003350,RV-04,2026-05-12T22:16:26,CONFIRMED_FRAUD,SYNTH_ID_CONFIRMED
RVW-202605-003110,ALT-202605-003351,RV-04,2026-05-14T14:01:45,CLEARED_FALSE_POSITIVE,KNOWN_DEVICE
RVW-202605-003111,ALT-202605-003352,RV-04,2026-05-15T13:49:19,CLEARED_FALSE_POSITIVE,KNOWN_DEVICE
RVW-202605-003112,ALT-202605-003353,RV-03,2026-05-19T15:51:10,CLEARED_FALSE_POSITIVE,CUSTOMER_CONTACTED
RVW-202605-003113,ALT-202605-003354,RV-06,2026-05-31T18:39:44,INSUFFICIENT_EVIDENCE,AGED_OUT
RVW-202605-003114,ALT-202605-003355,RV-03,2026-06-09T09:26:59,CONFIRMED_FRAUD,SYNTH_ID_CONFIRMED
RVW-202605-003115,ALT-202605-003356,RV-05,2026-05-13T10:37:43,CLEARED_FALSE_POSITIVE,ID_VERIFIED
RVW-202605-003116,ALT-202605-003357,RV-03,2026-05-19T19:59:33,CLEARED_FALSE_POSITIVE,KNOWN_DEVICE
RVW-202605-003117,ALT-202605-003359,RV-06,2026-05-19T12:21:13,CLEARED_FALSE_POSITIVE,CUSTOMER_CONTACTED
RVW-202605-003118,ALT-202605-003360,RV-05,2026-05-12T14:18:58,INSUFFICIENT_EVIDENCE,DATA_UNAVAILABLE
RVW-202605-003119,ALT-202605-003361,RV-06,2026-05-21T15:42:55,CONFIRMED_FRAUD,MULE_CONFIRMED
RVW-202605-003120,ALT-202605-003362,RV-03,2026-05-31T21:02:57,CLEARED_FALSE_POSITIVE,KNOWN_DEVICE
RVW-202605-003121,ALT-202605-003363,RV-03,2026-05-11T13:46:09,CLEARED_FALSE_POSITIVE,KNOWN_DEVICE
RVW-202605-003122,ALT-202605-003364,RV-03,2026-06-01T12:38:49,CONFIRMED_FRAUD,DOC_FORGED
RVW-202605-003123,ALT-202605-003365,RV-03,2026-05-31T06:09:51,CLEARED_FALSE_POSITIVE,KNOWN_DEVICE
RVW-202605-003124,ALT-202605-003366,RV-05,2026-05-08T17:01:52,CLEARED_FALSE_POSITIVE,CUSTOMER_CONTACTED
RVW-202605-003125,ALT-202605-003367,RV-01,2026-05-21T14:04:35,CLEARED_FALSE_POSITIVE,ID_VERIFIED
RVW-202605-003126,ALT-202605-003368,RV-02,2026-06-07T10:25:17,INSUFFICIENT_EVIDENCE,NO_CONTACT
RVW-202605-003127,ALT-202605-003369,RV-05,2026-05-02T18:37:35,CLEARED_FALSE_POSITIVE,KNOWN_DEVICE
RVW-202605-003128,ALT-202605-003370,RV-01,2026-05-19T17:39:00,CLEARED_FALSE_POSITIVE,CUSTOMER_CONTACTED
RVW-202605-003129,ALT-202605-003371,RV-03,2026-05-10T19:24:27,CLEARED_FALSE_POSITIVE,ID_VERIFIED
RVW-202605-003130,ALT-202605-003372,RV-03,2026-05-19T09:31:39,CLEARED_FALSE_POSITIVE,KNOWN_DEVICE
RVW-202605-003131,ALT-202605-003373,RV-06,2026-05-30T22:45:46,INSUFFICIENT_EVIDENCE,DATA_UNAVAILABLE
RVW-202605-003132,ALT-202605-003374,RV-02,2026-05-03T22:09:55,CLEARED_FALSE_POSITIVE,ID_VERIFIED
RVW-202605-003133,ALT-202605-003375,RV-04,2026-05-24T22:41:47,CLEARED_FALSE_POSITIVE,ID_VERIFIED
RVW-202605-003134,ALT-202605-003376,RV-01,2026-05-14T13:57:57,CLEARED_FALSE_POSITIVE,DOC_VALID
RVW-202605-003135,ALT-202605-003377,RV-02,2026-05-25T13:10:43,CLEARED_FALSE_POSITIVE,ID_VERIFIED
RVW-202605-003136,ALT-202605-003378,RV-02,2026-05-29T21:19:57,CLEARED_FALSE_POSITIVE,CUSTOMER_CONTACTED
RVW-202605-003137,ALT-202605-003380,RV-06,2026-05-29T11:03:33,CLEARED_FALSE_POSITIVE,ID_VERIFIED
RVW-202605-003138,ALT-202605-003382,RV-04,2026-06-04T08:18:34,CLEARED_FALSE_POSITIVE,KNOWN_DEVICE
RVW-202605-003139,ALT-202605-003384,RV-04,2026-05-15T18:45:48,CONFIRMED_FRAUD,MULE_CONFIRMED
RVW-202605-003140,ALT-202605-003385,RV-05,2026-05-23T14:00:18,CLEARED_FALSE_POSITIVE,KNOWN_DEVICE
RVW-202605-003141,ALT-202605-003386,RV-06,2026-05-16T19:01:01,CLEARED_FALSE_POSITIVE,CUSTOMER_CONTACTED
RVW-202605-003142,ALT-202605-003387,RV-06,2026-05-15T15:11:36,CONFIRMED_FRAUD,ATO_CONFIRMED
RVW-202605-003143,ALT-202605-003388,RV-03,2026-05-19T21:18:41,CLEARED_FALSE_POSITIVE,CUSTOMER_CONTACTED
RVW-202605-003144,ALT-202605-003389,RV-06,2026-05-24T11:16:50,CLEARED_FALSE_POSITIVE,CUSTOMER_CONTACTED
RVW-202605-003145,ALT-202605-003390,RV-01,2026-05-15T20:04:28,CONFIRMED_FRAUD,MULE_CONFIRMED
RVW-202605-003146,ALT-202605-003392,RV-05,2026-05-06T06:37:36,CLEARED_FALSE_POSITIVE,DOC_VALID
RVW-202605-003147,ALT-202605-003393,RV-06,2026-05-11T14:16:18,CLEARED_FALSE_POSITIVE,KNOWN_DEVICE
RVW-202605-003148,ALT-202605-003394,RV-04,2026-05-17T16:57:05,CLEARED_FALSE_POSITIVE,KNOWN_DEVICE
RVW-202605-003149,ALT-202605-003395,RV-05,2026-06-05T09:05:42,CLEARED_FALSE_POSITIVE,ID_VERIFIED
RVW-202605-003150,ALT-202605-003396,RV-02,2026-05-14T19:11:03,CONFIRMED_FRAUD,ATO_CONFIRMED
RVW-202605-003151,ALT-202605-003397,RV-06,2026-05-16T20:59:34,CLEARED_FALSE_POSITIVE,KNOWN_DEVICE
RVW-202605-003152,ALT-202605-003398,RV-04,2026-05-31T22:05:57,CLEARED_FALSE_POSITIVE,KNOWN_DEVICE
RVW-202605-003153,ALT-202605-003399,RV-06,2026-05-04T14:07:05,CLEARED_FALSE_POSITIVE,CUSTOMER_CONTACTED
RVW-202605-003154,ALT-202605-003400,RV-04,2026-05-18T07:58:50,CLEARED_FALSE_POSITIVE,CUSTOMER_CONTACTED
RVW-202605-003155,ALT-202605-003401,RV-01,2026-05-18T14:08:54,CLEARED_FALSE_POSITIVE,CUSTOMER_CONTACTED
RVW-202605-003156,ALT-202605-003402,RV-02,2026-06-05T17:06:48,CLEARED_FALSE_POSITIVE,ID_VERIFIED
RVW-202605-003157,ALT-202605-003404,RV-04,2026-05-26T11:36:53,CLEARED_FALSE_POSITIVE,CUSTOMER_CONTACTED
RVW-202605-003158,ALT-202605-003406,RV-06,2026-05-19T07:41:25,CLEARED_FALSE_POSITIVE,DOC_VALID
RVW-202605-003159,ALT-202605-003407,RV-04,2026-06-01T21:57:45,CONFIRMED_FRAUD,ATO_CONFIRMED
RVW-202605-003160,ALT-202605-003409,RV-02,2026-05-13T20:56:28,CLEARED_FALSE_POSITIVE,CUSTOMER_CONTACTED
RVW-202605-003161,ALT-202605-003410,RV-01,2026-06-03T11:10:10,CLEARED_FALSE_POSITIVE,KNOWN_DEVICE
RVW-202605-003162,ALT-202605-003411,RV-04,2026-05-13T17:30:15,CLEARED_FALSE_POSITIVE,DOC_VALID
RVW-202605-003163,ALT-202605-003412,RV-06,2026-05-11T17:12:39,CLEARED_FALSE_POSITIVE,CUSTOMER_CONTACTED
RVW-202605-003164,ALT-202605-003413,RV-02,2026-06-11T17:52:34,CONFIRMED_FRAUD,ATO_CONFIRMED
RVW-202605-003165,ALT-202605-003414,RV-06,2026-05-24T16:36:44,CLEARED_FALSE_POSITIVE,CUSTOMER_CONTACTED
RVW-202605-003166,ALT-202605-003415,RV-05,2026-06-04T09:20:13,CLEARED_FALSE_POSITIVE,DOC_VALID
RVW-202605-003167,ALT-202605-003417,RV-04,2026-05-13T12:34:21,CLEARED_FALSE_POSITIVE,ID_VERIFIED
RVW-202605-003168,ALT-202605-003418,RV-01,2026-05-26T10:45:58,CLEARED_FALSE_POSITIVE,CUSTOMER_CONTACTED
RVW-202605-003169,ALT-202605-003419,RV-02,2026-06-08T11:39:44,CONFIRMED_FRAUD,MULE_CONFIRMED
RVW-202605-003170,ALT-202605-003420,RV-05,2026-05-19T11:05:38,CLEARED_FALSE_POSITIVE,DOC_VALID
RVW-202605-003171,ALT-202605-003421,RV-01,2026-05-22T18:17:09,CLEARED_FALSE_POSITIVE,KNOWN_DEVICE
RVW-202605-003172,ALT-202605-003422,RV-06,2026-05-25T21:12:36,CLEARED_FALSE_POSITIVE,DOC_VALID
RVW-202605-003173,ALT-202605-003424,RV-03,2026-05-18T07:04:36,CONFIRMED_FRAUD,SYNTH_ID_CONFIRMED
RVW-202605-003174,ALT-202605-003425,RV-01,2026-05-12T14:32:40,INSUFFICIENT_EVIDENCE,DATA_UNAVAILABLE
RVW-202605-003175,ALT-202605-003428,RV-04,2026-05-24T11:41:08,INSUFFICIENT_EVIDENCE,AGED_OUT
RVW-202605-003176,ALT-202605-003429,RV-01,2026-05-25T15:21:34,CLEARED_FALSE_POSITIVE,CUSTOMER_CONTACTED
RVW-202605-003177,ALT-202605-003430,RV-02,2026-05-25T21:55:06,CLEARED_FALSE_POSITIVE,ID_VERIFIED
RVW-202605-003178,ALT-202605-003431,RV-06,2026-05-21T10:22:41,CLEARED_FALSE_POSITIVE,KNOWN_DEVICE
RVW-202605-003179,ALT-202605-003432,RV-03,2026-05-20T19:30:19,CLEARED_FALSE_POSITIVE,DOC_VALID
RVW-202605-003180,ALT-202605-003433,RV-01,2026-05-05T18:15:38,CLEARED_FALSE_POSITIVE,ID_VERIFIED
RVW-202605-003181,ALT-202605-003435,RV-01,2026-06-02T14:12:15,CONFIRMED_FRAUD,ATO_CONFIRMED
RVW-202605-003182,ALT-202605-003437,RV-02,2026-05-22T08:14:59,INSUFFICIENT_EVIDENCE,NO_CONTACT
RVW-202605-003183,ALT-202605-003438,RV-02,2026-05-21T19:19:05,INSUFFICIENT_EVIDENCE,DATA_UNAVAILABLE
RVW-202605-003184,ALT-202605-003439,RV-03,2026-06-06T17:28:34,INSUFFICIENT_EVIDENCE,DATA_UNAVAILABLE
RVW-202605-003185,ALT-202605-003440,RV-03,2026-05-28T13:10:53,CLEARED_FALSE_POSITIVE,KNOWN_DEVICE
RVW-202605-003186,ALT-202605-003441,RV-06,2026-05-20T18:42:14,CLEARED_FALSE_POSITIVE,KNOWN_DEVICE
RVW-202605-003187,ALT-202605-003442,RV-03,2026-06-01T15:05:17,CLEARED_FALSE_POSITIVE,CUSTOMER_CONTACTED
RVW-202605-003188,ALT-202605-003443,RV-02,2026-05-06T11:58:37,INSUFFICIENT_EVIDENCE,NO_CONTACT
RVW-202605-003189,ALT-202605-003444,RV-05,2026-05-29T12:09:15,CLEARED_FALSE_POSITIVE,ID_VERIFIED
RVW-202605-003190,ALT-202605-003445,RV-01,2026-06-03T22:33:22,CONFIRMED_FRAUD,SYNTH_ID_CONFIRMED
RVW-202605-003191,ALT-202605-003446,RV-04,2026-05-25T11:25:07,INSUFFICIENT_EVIDENCE,NO_CONTACT
RVW-202605-003192,ALT-202605-003447,RV-05,2026-05-23T15:59:46,CLEARED_FALSE_POSITIVE,KNOWN_DEVICE
RVW-202605-003193,ALT-202605-003448,RV-05,2026-05-14T14:06:40,CLEARED_FALSE_POSITIVE,CUSTOMER_CONTACTED
RVW-202605-003194,ALT-202605-003449,RV-06,2026-05-08T14:34:56,CONFIRMED_FRAUD,DOC_FORGED
RVW-202605-003195,ALT-202605-003450,RV-03,2026-06-02T10:47:38,CLEARED_FALSE_POSITIVE,ID_VERIFIED
RVW-202605-003196,ALT-202605-003451,RV-03,2026-05-05T17:09:00,CLEARED_FALSE_POSITIVE,ID_VERIFIED
RVW-202605-003197,ALT-202605-003452,RV-03,2026-05-13T20:06:07,INSUFFICIENT_EVIDENCE,AGED_OUT
RVW-202605-003198,ALT-202605-003453,RV-02,2026-05-23T07:28:54,CLEARED_FALSE_POSITIVE,DOC_VALID
RVW-202605-003199,ALT-202605-003454,RV-02,2026-05-09T12:09:59,CONFIRMED_FRAUD,ATO_CONFIRMED
RVW-202605-003200,ALT-202605-003455,RV-06,2026-05-03T16:02:46,CLEARED_FALSE_POSITIVE,CUSTOMER_CONTACTED
RVW-202605-003201,ALT-202605-003456,RV-06,2026-06-06T16:17:23,CLEARED_FALSE_POSITIVE,CUSTOMER_CONTACTED
RVW-202605-003202,ALT-202605-003457,RV-02,2026-05-27T22:17:31,CLEARED_FALSE_POSITIVE,CUSTOMER_CONTACTED
RVW-202605-003203,ALT-202605-003458,RV-02,2026-05-10T13:25:12,CONFIRMED_FRAUD,ATO_CONFIRMED
RVW-202605-003204,ALT-202605-003459,RV-03,2026-05-15T07:56:31,CLEARED_FALSE_POSITIVE,DOC_VALID
RVW-202605-003205,ALT-202605-003460,RV-06,2026-05-18T07:03:49,CLEARED_FALSE_POSITIVE,CUSTOMER_CONTACTED
RVW-202605-003206,ALT-202605-003461,RV-06,2026-06-01T17:34:55,CLEARED_FALSE_POSITIVE,DOC_VALID
RVW-202605-003207,ALT-202605-003462,RV-04,2026-06-11T08:35:38,CONFIRMED_FRAUD,MULE_CONFIRMED
RVW-202605-003208,ALT-202605-003463,RV-01,2026-06-02T14:20:34,INSUFFICIENT_EVIDENCE,AGED_OUT
RVW-202605-003209,ALT-202605-003466,RV-06,2026-05-24T17:28:28,CLEARED_FALSE_POSITIVE,KNOWN_DEVICE
RVW-202605-003210,ALT-202605-003467,RV-01,2026-06-03T07:45:53,CLEARED_FALSE_POSITIVE,DOC_VALID
RVW-202605-003211,ALT-202605-003468,RV-03,2026-05-12T14:07:25,CLEARED_FALSE_POSITIVE,DOC_VALID
RVW-202605-003212,ALT-202605-003469,RV-06,2026-06-08T06:03:49,CONFIRMED_FRAUD,ATO_CONFIRMED
RVW-202605-003213,ALT-202605-003470,RV-04,2026-05-22T22:30:27,INSUFFICIENT_EVIDENCE,AGED_OUT
RVW-202605-003214,ALT-202605-003471,RV-06,2026-05-10T19:06:22,CLEARED_FALSE_POSITIVE,CUSTOMER_CONTACTED
RVW-202605-003215,ALT-202605-003472,RV-06,2026-05-29T14:09:07,CLEARED_FALSE_POSITIVE,KNOWN_DEVICE
RVW-202605-003216,ALT-202605-003473,RV-04,2026-05-05T15:21:33,CLEARED_FALSE_POSITIVE,CUSTOMER_CONTACTED
RVW-202605-003217,ALT-202605-003474,RV-06,2026-05-27T18:26:11,CLEARED_FALSE_POSITIVE,ID_VERIFIED
RVW-202605-003218,ALT-202605-003475,RV-04,2026-05-06T08:05:02,CLEARED_FALSE_POSITIVE,DOC_VALID
RVW-202605-003219,ALT-202605-003476,RV-01,2026-05-17T10:48:12,CLEARED_FALSE_POSITIVE,CUSTOMER_CONTACTED
RVW-202605-003220,ALT-202605-003477,RV-04,2026-05-21T17:40:07,CONFIRMED_FRAUD,ATO_CONFIRMED
RVW-202605-003221,ALT-202605-003478,RV-05,2026-05-21T14:05:46,CLEARED_FALSE_POSITIVE,DOC_VALID
RVW-202605-003222,ALT-202605-003479,RV-02,2026-05-17T19:31:31,CLEARED_FALSE_POSITIVE,DOC_VALID
RVW-202605-003223,ALT-202605-003480,RV-01,2026-05-11T09:50:53,CONFIRMED_FRAUD,DOC_FORGED
RVW-202605-003224,ALT-202605-003481,RV-03,2026-06-04T09:43:08,CLEARED_FALSE_POSITIVE,KNOWN_DEVICE
RVW-202605-003225,ALT-202605-003482,RV-04,2026-05-16T22:46:05,CLEARED_FALSE_POSITIVE,KNOWN_DEVICE
RVW-202605-003226,ALT-202605-003483,RV-06,2026-05-12T22:59:23,CLEARED_FALSE_POSITIVE,CUSTOMER_CONTACTED
RVW-202605-003227,ALT-202605-003484,RV-04,2026-05-14T09:29:45,CLEARED_FALSE_POSITIVE,ID_VERIFIED
RVW-202605-003228,ALT-202605-003485,RV-01,2026-05-16T15:17:13,CLEARED_FALSE_POSITIVE,DOC_VALID
RVW-202605-003229,ALT-202605-003486,RV-06,2026-05-08T22:21:15,CLEARED_FALSE_POSITIVE,KNOWN_DEVICE
RVW-202605-003230,ALT-202605-003487,RV-06,2026-06-08T10:52:57,CLEARED_FALSE_POSITIVE,DOC_VALID
RVW-202605-003231,ALT-202605-003488,RV-03,2026-05-10T08:19:35,CLEARED_FALSE_POSITIVE,ID_VERIFIED
RVW-202605-003232,ALT-202605-003489,RV-04,2026-06-11T22:57:44,CLEARED_FALSE_POSITIVE,DOC_VALID
RVW-202605-003233,ALT-202605-003490,RV-02,2026-05-05T18:02:45,CLEARED_FALSE_POSITIVE,CUSTOMER_CONTACTED
RVW-202605-003234,ALT-202605-003491,RV-05,2026-05-13T19:35:17,CLEARED_FALSE_POSITIVE,ID_VERIFIED
RVW-202605-003235,ALT-202605-003492,RV-04,2026-05-17T14:55:14,CLEARED_FALSE_POSITIVE,ID_VERIFIED
RVW-202605-003236,ALT-202605-003493,RV-03,2026-05-20T12:23:12,INSUFFICIENT_EVIDENCE,AGED_OUT
RVW-202605-003237,ALT-202605-003494,RV-02,2026-06-02T14:49:02,CONFIRMED_FRAUD,ATO_CONFIRMED
RVW-202605-003238,ALT-202605-003495,RV-04,2026-05-25T09:30:09,CLEARED_FALSE_POSITIVE,ID_VERIFIED
RVW-202605-003239,ALT-202605-003496,RV-04,2026-05-09T16:54:16,CLEARED_FALSE_POSITIVE,KNOWN_DEVICE
RVW-202605-003240,ALT-202605-003497,RV-06,2026-05-02T15:11:22,CLEARED_FALSE_POSITIVE,KNOWN_DEVICE
RVW-202605-003241,ALT-202605-003498,RV-02,2026-05-27T13:09:40,CLEARED_FALSE_POSITIVE,DOC_VALID
RVW-202605-003242,ALT-202605-003499,RV-03,2026-05-25T11:23:44,CLEARED_FALSE_POSITIVE,ID_VERIFIED
RVW-202605-003243,ALT-202605-003501,RV-02,2026-05-04T19:11:52,CLEARED_FALSE_POSITIVE,DOC_VALID
RVW-202605-003244,ALT-202605-003502,RV-04,2026-05-25T10:47:51,CLEARED_FALSE_POSITIVE,CUSTOMER_CONTACTED
RVW-202605-003245,ALT-202605-003503,RV-03,2026-05-15T15:48:11,CLEARED_FALSE_POSITIVE,CUSTOMER_CONTACTED
RVW-202605-003246,ALT-202605-003504,RV-02,2026-05-19T17:09:24,CONFIRMED_FRAUD,SYNTH_ID_CONFIRMED
RVW-202605-003247,ALT-202605-003505,RV-01,2026-05-27T14:31:29,CLEARED_FALSE_POSITIVE,DOC_VALID
RVW-202605-003248,ALT-202605-003506,RV-06,2026-06-04T14:14:22,CLEARED_FALSE_POSITIVE,DOC_VALID
RVW-202605-003249,ALT-202605-003507,RV-03,2026-05-17T07:10:29,CLEARED_FALSE_POSITIVE,ID_VERIFIED
RVW-202605-003250,ALT-202605-003508,RV-05,2026-05-14T12:37:51,CLEARED_FALSE_POSITIVE,ID_VERIFIED
RVW-202605-003251,ALT-202605-003510,RV-03,2026-06-07T20:50:41,CONFIRMED_FRAUD,DOC_FORGED
RVW-202605-003252,ALT-202605-003511,RV-04,2026-05-10T20:17:23,CLEARED_FALSE_POSITIVE,ID_VERIFIED
RVW-202605-003253,ALT-202605-003512,RV-06,2026-05-13T20:08:09,CLEARED_FALSE_POSITIVE,KNOWN_DEVICE
RVW-202605-003254,ALT-202605-003513,RV-04,2026-05-15T14:27:48,CLEARED_FALSE_POSITIVE,CUSTOMER_CONTACTED
RVW-202605-003255,ALT-202605-003514,RV-02,2026-05-27T22:38:04,CLEARED_FALSE_POSITIVE,ID_VERIFIED
RVW-202605-003256,ALT-202605-003515,RV-04,2026-05-26T08:20:35,CLEARED_FALSE_POSITIVE,ID_VERIFIED
RVW-202605-003257,ALT-202605-003516,RV-01,2026-05-23T14:12:25,CONFIRMED_FRAUD,MULE_CONFIRMED
RVW-202605-003258,ALT-202605-003517,RV-02,2026-05-11T17:59:24,CLEARED_FALSE_POSITIVE,ID_VERIFIED
RVW-202605-003259,ALT-202605-003518,RV-05,2026-05-24T12:50:28,CLEARED_FALSE_POSITIVE,DOC_VALID
RVW-202605-003260,ALT-202605-003519,RV-06,2026-05-26T19:35:46,CLEARED_FALSE_POSITIVE,ID_VERIFIED
RVW-202605-003261,ALT-202605-003520,RV-05,2026-05-09T14:10:09,CLEARED_FALSE_POSITIVE,CUSTOMER_CONTACTED
RVW-202605-003262,ALT-202605-003521,RV-06,2026-05-04T18:37:16,INSUFFICIENT_EVIDENCE,NO_CONTACT
RVW-202605-003263,ALT-202605-003522,RV-05,2026-05-09T11:14:35,CLEARED_FALSE_POSITIVE,ID_VERIFIED
RVW-202605-003264,ALT-202605-003523,RV-03,2026-05-19T11:42:19,CLEARED_FALSE_POSITIVE,KNOWN_DEVICE
RVW-202605-003265,ALT-202605-003524,RV-03,2026-05-26T07:08:30,CLEARED_FALSE_POSITIVE,DOC_VALID
RVW-202605-003266,ALT-202605-003525,RV-02,2026-05-20T14:27:04,CLEARED_FALSE_POSITIVE,CUSTOMER_CONTACTED
RVW-202605-003267,ALT-202605-003526,RV-06,2026-06-02T08:25:09,CLEARED_FALSE_POSITIVE,KNOWN_DEVICE
RVW-202605-003268,ALT-202605-003527,RV-04,2026-05-31T22:20:47,CLEARED_FALSE_POSITIVE,CUSTOMER_CONTACTED
RVW-202605-003269,ALT-202605-003528,RV-04,2026-06-01T13:31:55,CLEARED_FALSE_POSITIVE,CUSTOMER_CONTACTED
RVW-202605-003270,ALT-202605-003529,RV-01,2026-05-21T17:51:44,CLEARED_FALSE_POSITIVE,DOC_VALID
RVW-202605-003271,ALT-202605-003530,RV-06,2026-05-31T15:34:24,CLEARED_FALSE_POSITIVE,DOC_VALID
RVW-202605-003272,ALT-202605-003531,RV-04,2026-05-15T21:13:37,CLEARED_FALSE_POSITIVE,DOC_VALID
RVW-202605-003273,ALT-202605-003532,RV-02,2026-05-14T12:58:26,CLEARED_FALSE_POSITIVE,CUSTOMER_CONTACTED
RVW-202605-003274,ALT-202605-003535,RV-04,2026-05-23T20:27:11,CLEARED_FALSE_POSITIVE,ID_VERIFIED
RVW-202605-003275,ALT-202605-003536,RV-04,2026-06-06T06:05:47,CLEARED_FALSE_POSITIVE,ID_VERIFIED
RVW-202605-003276,ALT-202605-003537,RV-01,2026-05-12T07:40:06,CLEARED_FALSE_POSITIVE,CUSTOMER_CONTACTED
RVW-202605-003277,ALT-202605-003538,RV-03,2026-05-16T20:55:49,CLEARED_FALSE_POSITIVE,DOC_VALID
RVW-202605-003278,ALT-202605-003539,RV-03,2026-05-21T06:23:46,CLEARED_FALSE_POSITIVE,ID_VERIFIED
RVW-202605-003279,ALT-202605-003542,RV-06,2026-05-13T07:03:31,CLEARED_FALSE_POSITIVE,KNOWN_DEVICE
RVW-202605-003280,ALT-202605-003543,RV-01,2026-05-26T22:43:49,CLEARED_FALSE_POSITIVE,ID_VERIFIED
RVW-202605-003281,ALT-202605-003544,RV-01,2026-05-26T07:20:37,CLEARED_FALSE_POSITIVE,KNOWN_DEVICE
RVW-202605-003282,ALT-202605-003545,RV-03,2026-05-30T12:30:34,INSUFFICIENT_EVIDENCE,NO_CONTACT
RVW-202605-003283,ALT-202605-003547,RV-05,2026-05-20T22:44:22,CLEARED_FALSE_POSITIVE,KNOWN_DEVICE
RVW-202605-003284,ALT-202605-003548,RV-06,2026-05-20T21:20:02,CLEARED_FALSE_POSITIVE,KNOWN_DEVICE
RVW-202605-003285,ALT-202605-003549,RV-06,2026-05-30T17:26:09,INSUFFICIENT_EVIDENCE,DATA_UNAVAILABLE
RVW-202605-003286,ALT-202605-003550,RV-06,2026-05-20T11:45:33,INSUFFICIENT_EVIDENCE,AGED_OUT
RVW-202605-003287,ALT-202605-003551,RV-04,2026-05-20T18:58:09,CLEARED_FALSE_POSITIVE,DOC_VALID
RVW-202605-003288,ALT-202605-003552,RV-01,2026-05-11T21:44:58,CLEARED_FALSE_POSITIVE,ID_VERIFIED
RVW-202605-003289,ALT-202605-003553,RV-03,2026-06-04T20:00:18,CONFIRMED_FRAUD,ATO_CONFIRMED
RVW-202605-003290,ALT-202605-003554,RV-03,2026-05-11T09:09:47,CONFIRMED_FRAUD,DOC_FORGED
RVW-202605-003291,ALT-202605-003555,RV-05,2026-05-06T12:49:24,CLEARED_FALSE_POSITIVE,DOC_VALID
RVW-202605-003292,ALT-202605-003556,RV-04,2026-05-10T15:16:09,CLEARED_FALSE_POSITIVE,ID_VERIFIED
RVW-202605-003293,ALT-202605-003557,RV-04,2026-06-06T22:14:09,CLEARED_FALSE_POSITIVE,DOC_VALID
RVW-202605-003294,ALT-202605-003558,RV-04,2026-05-29T17:46:02,INSUFFICIENT_EVIDENCE,NO_CONTACT
RVW-202605-003295,ALT-202605-003559,RV-06,2026-05-25T15:21:25,CLEARED_FALSE_POSITIVE,CUSTOMER_CONTACTED
RVW-202605-003296,ALT-202605-003560,RV-04,2026-06-03T06:26:11,CLEARED_FALSE_POSITIVE,CUSTOMER_CONTACTED
RVW-202605-003297,ALT-202605-003561,RV-03,2026-05-26T22:06:08,INSUFFICIENT_EVIDENCE,DATA_UNAVAILABLE
RVW-202605-003298,ALT-202605-003562,RV-04,2026-06-09T13:58:32,CLEARED_FALSE_POSITIVE,KNOWN_DEVICE
RVW-202605-003299,ALT-202605-003563,RV-04,2026-05-17T08:24:58,CLEARED_FALSE_POSITIVE,KNOWN_DEVICE
RVW-202605-003300,ALT-202605-003564,RV-05,2026-05-17T07:45:46,CLEARED_FALSE_POSITIVE,DOC_VALID
RVW-202605-003301,ALT-202605-003565,RV-06,2026-06-03T19:44:16,CLEARED_FALSE_POSITIVE,ID_VERIFIED
RVW-202605-003302,ALT-202605-003566,RV-05,2026-05-22T16:26:00,INSUFFICIENT_EVIDENCE,NO_CONTACT
RVW-202605-003303,ALT-202605-003567,RV-04,2026-05-24T12:27:14,INSUFFICIENT_EVIDENCE,DATA_UNAVAILABLE
RVW-202605-003304,ALT-202605-003568,RV-01,2026-06-04T11:43:48,CLEARED_FALSE_POSITIVE,CUSTOMER_CONTACTED
RVW-202605-003305,ALT-202605-003569,RV-05,2026-05-28T08:50:03,INSUFFICIENT_EVIDENCE,NO_CONTACT
RVW-202605-003306,ALT-202605-003570,RV-06,2026-05-14T12:52:18,CONFIRMED_FRAUD,MULE_CONFIRMED
RVW-202605-003307,ALT-202605-003571,RV-04,2026-05-20T09:09:00,INSUFFICIENT_EVIDENCE,DATA_UNAVAILABLE
RVW-202605-003308,ALT-202605-003572,RV-02,2026-06-02T18:04:29,CLEARED_FALSE_POSITIVE,DOC_VALID
RVW-202605-003309,ALT-202605-003573,RV-03,2026-05-15T07:14:50,CLEARED_FALSE_POSITIVE,CUSTOMER_CONTACTED
RVW-202605-003310,ALT-202605-003574,RV-04,2026-05-25T21:12:12,CONFIRMED_FRAUD,MULE_CONFIRMED
RVW-202605-003311,ALT-202605-003575,RV-03,2026-05-18T09:57:07,CLEARED_FALSE_POSITIVE,DOC_VALID
RVW-202605-003312,ALT-202605-003576,RV-06,2026-05-14T21:03:32,CLEARED_FALSE_POSITIVE,CUSTOMER_CONTACTED
RVW-202605-003313,ALT-202605-003577,RV-04,2026-05-16T14:34:55,CLEARED_FALSE_POSITIVE,DOC_VALID
RVW-202605-003314,ALT-202605-003578,RV-01,2026-05-10T10:10:49,CLEARED_FALSE_POSITIVE,DOC_VALID
RVW-202605-003315,ALT-202605-003579,RV-06,2026-05-13T09:58:58,CLEARED_FALSE_POSITIVE,KNOWN_DEVICE
RVW-202605-003316,ALT-202605-003580,RV-01,2026-06-09T13:32:14,CLEARED_FALSE_POSITIVE,KNOWN_DEVICE
RVW-202605-003317,ALT-202605-003581,RV-06,2026-05-20T21:05:50,CLEARED_FALSE_POSITIVE,CUSTOMER_CONTACTED
RVW-202605-003318,ALT-202605-003582,RV-02,2026-05-21T10:17:57,CLEARED_FALSE_POSITIVE,CUSTOMER_CONTACTED
RVW-202605-003319,ALT-202605-003583,RV-04,2026-05-13T13:33:04,CLEARED_FALSE_POSITIVE,CUSTOMER_CONTACTED
RVW-202605-003320,ALT-202605-003584,RV-02,2026-05-31T11:07:43,CLEARED_FALSE_POSITIVE,KNOWN_DEVICE
RVW-202605-003321,ALT-202605-003585,RV-06,2026-05-18T12:10:41,CONFIRMED_FRAUD,MULE_CONFIRMED
RVW-202605-003322,ALT-202605-003586,RV-01,2026-05-10T16:17:02,CLEARED_FALSE_POSITIVE,DOC_VALID
RVW-202605-003323,ALT-202605-003587,RV-01,2026-05-19T08:30:42,CLEARED_FALSE_POSITIVE,KNOWN_DEVICE
RVW-202605-003324,ALT-202605-003588,RV-03,2026-05-25T17:29:12,CLEARED_FALSE_POSITIVE,ID_VERIFIED
RVW-202605-003325,ALT-202605-003589,RV-06,2026-05-15T13:18:07,CLEARED_FALSE_POSITIVE,KNOWN_DEVICE
RVW-202605-003326,ALT-202605-003590,RV-06,2026-06-08T17:11:41,CLEARED_FALSE_POSITIVE,CUSTOMER_CONTACTED
RVW-202605-003327,ALT-202605-003591,RV-04,2026-05-19T10:39:38,CONFIRMED_FRAUD,DOC_FORGED
RVW-202605-003328,ALT-202605-003592,RV-03,2026-05-16T15:05:53,CLEARED_FALSE_POSITIVE,DOC_VALID
RVW-202605-003329,ALT-202605-003593,RV-06,2026-05-17T22:53:49,CLEARED_FALSE_POSITIVE,CUSTOMER_CONTACTED
RVW-202605-003330,ALT-202605-003594,RV-06,2026-05-27T21:52:46,CLEARED_FALSE_POSITIVE,ID_VERIFIED
RVW-202605-003331,ALT-202605-003595,RV-03,2026-06-05T21:25:27,CLEARED_FALSE_POSITIVE,ID_VERIFIED
RVW-202605-003332,ALT-202605-003596,RV-05,2026-06-03T07:13:24,INSUFFICIENT_EVIDENCE,AGED_OUT
RVW-202605-003333,ALT-202605-003597,RV-04,2026-05-15T14:42:53,CLEARED_FALSE_POSITIVE,ID_VERIFIED
RVW-202605-003334,ALT-202605-003598,RV-01,2026-06-07T14:24:38,INSUFFICIENT_EVIDENCE,AGED_OUT
RVW-202605-003335,ALT-202605-003599,RV-06,2026-05-22T08:14:45,CLEARED_FALSE_POSITIVE,DOC_VALID
RVW-202605-003336,ALT-202605-003600,RV-05,2026-05-05T11:07:08,CLEARED_FALSE_POSITIVE,KNOWN_DEVICE
RVW-202605-003337,ALT-202605-003601,RV-03,2026-05-12T18:19:28,CLEARED_FALSE_POSITIVE,ID_VERIFIED
RVW-202605-003338,ALT-202605-003603,RV-02,2026-05-17T15:20:25,CLEARED_FALSE_POSITIVE,KNOWN_DEVICE
RVW-202605-003339,ALT-202605-003604,RV-01,2026-05-19T13:50:50,INSUFFICIENT_EVIDENCE,NO_CONTACT
RVW-202605-003340,ALT-202605-003605,RV-02,2026-05-24T20:09:33,CONFIRMED_FRAUD,DOC_FORGED
RVW-202605-003341,ALT-202605-003606,RV-01,2026-05-16T18:08:35,CLEARED_FALSE_POSITIVE,CUSTOMER_CONTACTED
RVW-202605-003342,ALT-202605-003607,RV-04,2026-05-21T13:24:38,CLEARED_FALSE_POSITIVE,DOC_VALID
RVW-202605-003343,ALT-202605-003608,RV-05,2026-05-30T20:21:38,CLEARED_FALSE_POSITIVE,DOC_VALID
RVW-202605-003344,ALT-202605-003609,RV-01,2026-05-18T14:43:46,CLEARED_FALSE_POSITIVE,CUSTOMER_CONTACTED
RVW-202605-003345,ALT-202605-003610,RV-01,2026-05-10T18:39:07,INSUFFICIENT_EVIDENCE,AGED_OUT
RVW-202605-003346,ALT-202605-003612,RV-02,2026-05-30T19:43:44,CLEARED_FALSE_POSITIVE,DOC_VALID
RVW-202605-003347,ALT-202605-003613,RV-03,2026-05-27T07:06:20,CLEARED_FALSE_POSITIVE,ID_VERIFIED
RVW-202605-003348,ALT-202605-003614,RV-03,2026-05-19T09:42:05,CLEARED_FALSE_POSITIVE,DOC_VALID
RVW-202605-003349,ALT-202605-003615,RV-06,2026-06-01T18:51:40,CLEARED_FALSE_POSITIVE,DOC_VALID
RVW-202605-003350,ALT-202605-003616,RV-03,2026-06-03T20:27:19,CLEARED_FALSE_POSITIVE,DOC_VALID
RVW-202605-003351,ALT-202605-003617,RV-03,2026-05-08T19:23:04,CONFIRMED_FRAUD,DOC_FORGED
RVW-202605-003352,ALT-202605-003618,RV-06,2026-05-07T16:16:14,CLEARED_FALSE_POSITIVE,DOC_VALID
RVW-202605-003353,ALT-202605-003619,RV-01,2026-05-24T10:33:51,CLEARED_FALSE_POSITIVE,KNOWN_DEVICE
RVW-202605-003354,ALT-202605-003620,RV-02,2026-05-12T06:33:20,INSUFFICIENT_EVIDENCE,DATA_UNAVAILABLE
RVW-202605-003355,ALT-202605-003621,RV-05,2026-05-25T06:43:44,CLEARED_FALSE_POSITIVE,KNOWN_DEVICE
RVW-202605-003356,ALT-202605-003622,RV-02,2026-05-13T18:14:15,CLEARED_FALSE_POSITIVE,KNOWN_DEVICE
RVW-202605-003357,ALT-202605-003623,RV-03,2026-05-09T08:40:53,CLEARED_FALSE_POSITIVE,ID_VERIFIED
RVW-202605-003358,ALT-202605-003624,RV-05,2026-06-04T10:25:33,CLEARED_FALSE_POSITIVE,ID_VERIFIED
RVW-202605-003359,ALT-202605-003625,RV-04,2026-05-07T08:11:15,CLEARED_FALSE_POSITIVE,KNOWN_DEVICE
RVW-202605-003360,ALT-202605-003626,RV-06,2026-06-09T20:12:08,CLEARED_FALSE_POSITIVE,DOC_VALID
RVW-202605-003361,ALT-202605-003627,RV-05,2026-05-15T18:02:58,CLEARED_FALSE_POSITIVE,DOC_VALID
RVW-202605-003362,ALT-202605-003628,RV-04,2026-05-05T07:09:12,CONFIRMED_FRAUD,DOC_FORGED
RVW-202605-003363,ALT-202605-003629,RV-05,2026-05-16T16:19:08,CLEARED_FALSE_POSITIVE,ID_VERIFIED
RVW-202605-003364,ALT-202605-003631,RV-02,2026-05-13T22:16:41,CLEARED_FALSE_POSITIVE,CUSTOMER_CONTACTED
RVW-202605-003365,ALT-202605-003632,RV-03,2026-06-01T10:11:14,CONFIRMED_FRAUD,ATO_CONFIRMED
RVW-202605-003366,ALT-202605-003633,RV-01,2026-05-17T10:47:23,CLEARED_FALSE_POSITIVE,DOC_VALID
RVW-202605-003367,ALT-202605-003634,RV-04,2026-05-23T06:33:06,CLEARED_FALSE_POSITIVE,DOC_VALID
RVW-202605-003368,ALT-202605-003635,RV-06,2026-05-05T19:34:20,CLEARED_FALSE_POSITIVE,CUSTOMER_CONTACTED
RVW-202605-003369,ALT-202605-003636,RV-03,2026-06-05T22:40:53,CLEARED_FALSE_POSITIVE,CUSTOMER_CONTACTED
RVW-202605-003370,ALT-202605-003637,RV-02,2026-06-02T15:26:26,CLEARED_FALSE_POSITIVE,ID_VERIFIED
RVW-202605-003371,ALT-202605-003638,RV-01,2026-05-08T09:58:35,CLEARED_FALSE_POSITIVE,KNOWN_DEVICE
RVW-202605-003372,ALT-202605-003639,RV-04,2026-05-21T14:29:21,CLEARED_FALSE_POSITIVE,ID_VERIFIED
RVW-202605-003373,ALT-202605-003640,RV-06,2026-05-23T09:16:40,CLEARED_FALSE_POSITIVE,ID_VERIFIED
RVW-202605-003374,ALT-202605-003641,RV-03,2026-05-26T21:43:55,CONFIRMED_FRAUD,MULE_CONFIRMED
RVW-202605-003375,ALT-202605-003642,RV-02,2026-05-28T15:22:18,CONFIRMED_FRAUD,ATO_CONFIRMED
RVW-202605-003376,ALT-202605-003643,RV-05,2026-05-22T09:11:25,CONFIRMED_FRAUD,SYNTH_ID_CONFIRMED
RVW-202605-003377,ALT-202605-003644,RV-04,2026-05-22T11:46:09,CLEARED_FALSE_POSITIVE,ID_VERIFIED
RVW-202605-003378,ALT-202605-003645,RV-02,2026-05-15T16:55:46,CLEARED_FALSE_POSITIVE,ID_VERIFIED
RVW-202605-003379,ALT-202605-003646,RV-01,2026-05-13T08:56:09,CLEARED_FALSE_POSITIVE,KNOWN_DEVICE
RVW-202605-003380,ALT-202605-003647,RV-05,2026-05-28T14:01:46,CLEARED_FALSE_POSITIVE,ID_VERIFIED
RVW-202605-003381,ALT-202605-003649,RV-01,2026-05-09T18:14:48,CLEARED_FALSE_POSITIVE,DOC_VALID
RVW-202605-003382,ALT-202605-003650,RV-02,2026-05-24T10:45:34,CLEARED_FALSE_POSITIVE,KNOWN_DEVICE
RVW-202605-003383,ALT-202605-003651,RV-06,2026-05-18T08:46:27,CLEARED_FALSE_POSITIVE,CUSTOMER_CONTACTED
RVW-202605-003384,ALT-202605-003652,RV-02,2026-05-29T21:49:00,CONFIRMED_FRAUD,DOC_FORGED
RVW-202605-003385,ALT-202605-003653,RV-06,2026-06-01T09:44:33,CLEARED_FALSE_POSITIVE,DOC_VALID
RVW-202605-003386,ALT-202605-003654,RV-04,2026-05-04T15:07:37,CLEARED_FALSE_POSITIVE,KNOWN_DEVICE
RVW-202605-003387,ALT-202605-003655,RV-06,2026-05-09T14:39:03,CLEARED_FALSE_POSITIVE,KNOWN_DEVICE
RVW-202605-003388,ALT-202605-003656,RV-02,2026-05-14T22:50:56,CLEARED_FALSE_POSITIVE,ID_VERIFIED
RVW-202605-003389,ALT-202605-003657,RV-04,2026-05-10T15:42:07,CLEARED_FALSE_POSITIVE,CUSTOMER_CONTACTED
RVW-202605-003390,ALT-202605-003658,RV-02,2026-05-22T14:08:48,CONFIRMED_FRAUD,SYNTH_ID_CONFIRMED
RVW-202605-003391,ALT-202605-003659,RV-04,2026-05-12T16:44:15,CLEARED_FALSE_POSITIVE,ID_VERIFIED
RVW-202605-003392,ALT-202605-003660,RV-02,2026-05-27T22:26:00,CONFIRMED_FRAUD,DOC_FORGED
RVW-202605-003393,ALT-202605-003661,RV-05,2026-05-21T22:25:44,CLEARED_FALSE_POSITIVE,KNOWN_DEVICE
RVW-202605-003394,ALT-202605-003662,RV-04,2026-05-31T13:23:53,CLEARED_FALSE_POSITIVE,CUSTOMER_CONTACTED
RVW-202605-003395,ALT-202605-003663,RV-04,2026-05-29T22:28:53,INSUFFICIENT_EVIDENCE,AGED_OUT
RVW-202605-003396,ALT-202605-003664,RV-04,2026-05-21T08:42:44,CLEARED_FALSE_POSITIVE,KNOWN_DEVICE
RVW-202605-003397,ALT-202605-003665,RV-02,2026-05-16T17:24:26,CLEARED_FALSE_POSITIVE,CUSTOMER_CONTACTED
RVW-202605-003398,ALT-202605-003666,RV-05,2026-06-05T17:44:16,CONFIRMED_FRAUD,DOC_FORGED
RVW-202605-003399,ALT-202605-003667,RV-05,2026-05-29T08:20:18,CLEARED_FALSE_POSITIVE,ID_VERIFIED
RVW-202605-003400,ALT-202605-003668,RV-02,2026-06-04T08:06:31,CLEARED_FALSE_POSITIVE,DOC_VALID
RVW-202605-003401,ALT-202605-003669,RV-02,2026-05-22T07:10:14,CLEARED_FALSE_POSITIVE,KNOWN_DEVICE
RVW-202605-003402,ALT-202605-003670,RV-06,2026-05-24T06:51:21,CLEARED_FALSE_POSITIVE,CUSTOMER_CONTACTED
RVW-202605-003403,ALT-202605-003671,RV-02,2026-05-18T21:16:39,CLEARED_FALSE_POSITIVE,CUSTOMER_CONTACTED
RVW-202605-003404,ALT-202605-003672,RV-01,2026-05-15T15:45:56,INSUFFICIENT_EVIDENCE,DATA_UNAVAILABLE
RVW-202605-003405,ALT-202605-003673,RV-04,2026-05-17T12:25:42,CLEARED_FALSE_POSITIVE,KNOWN_DEVICE
RVW-202605-003406,ALT-202605-003674,RV-02,2026-05-08T10:28:47,CLEARED_FALSE_POSITIVE,DOC_VALID
RVW-202605-003407,ALT-202605-003675,RV-04,2026-05-15T17:36:58,CLEARED_FALSE_POSITIVE,KNOWN_DEVICE
RVW-202605-003408,ALT-202605-003676,RV-04,2026-05-27T22:10:10,CONFIRMED_FRAUD,ATO_CONFIRMED
RVW-202605-003409,ALT-202605-003677,RV-02,2026-05-20T09:24:54,INSUFFICIENT_EVIDENCE,AGED_OUT
RVW-202605-003410,ALT-202605-003678,RV-01,2026-05-27T07:32:56,CONFIRMED_FRAUD,DOC_FORGED
RVW-202605-003411,ALT-202605-003680,RV-01,2026-05-16T13:32:55,CLEARED_FALSE_POSITIVE,KNOWN_DEVICE
RVW-202605-003412,ALT-202605-003681,RV-01,2026-05-15T20:40:34,CLEARED_FALSE_POSITIVE,ID_VERIFIED
RVW-202605-003413,ALT-202605-003682,RV-05,2026-05-26T22:53:12,INSUFFICIENT_EVIDENCE,NO_CONTACT
RVW-202605-003414,ALT-202605-003683,RV-01,2026-05-26T12:41:14,INSUFFICIENT_EVIDENCE,DATA_UNAVAILABLE
RVW-202605-003415,ALT-202605-003684,RV-04,2026-05-26T17:36:36,CONFIRMED_FRAUD,DOC_FORGED
RVW-202605-003416,ALT-202605-003685,RV-02,2026-05-25T07:48:13,CLEARED_FALSE_POSITIVE,CUSTOMER_CONTACTED
RVW-202605-003417,ALT-202605-003686,RV-03,2026-06-03T09:24:13,CLEARED_FALSE_POSITIVE,CUSTOMER_CONTACTED
RVW-202605-003418,ALT-202605-003687,RV-02,2026-05-29T14:14:48,CLEARED_FALSE_POSITIVE,KNOWN_DEVICE
RVW-202605-003419,ALT-202605-003688,RV-06,2026-05-05T12:40:47,CONFIRMED_FRAUD,ATO_CONFIRMED
RVW-202605-003420,ALT-202605-003689,RV-06,2026-05-23T19:21:05,CONFIRMED_FRAUD,ATO_CONFIRMED
RVW-202605-003421,ALT-202605-003690,RV-06,2026-05-29T16:48:27,CLEARED_FALSE_POSITIVE,CUSTOMER_CONTACTED
RVW-202605-003422,ALT-202605-003691,RV-04,2026-05-10T22:29:16,INSUFFICIENT_EVIDENCE,AGED_OUT
RVW-202605-003423,ALT-202605-003692,RV-06,2026-05-21T17:51:21,CONFIRMED_FRAUD,SYNTH_ID_CONFIRMED
RVW-202605-003424,ALT-202605-003693,RV-06,2026-05-18T16:51:13,CLEARED_FALSE_POSITIVE,ID_VERIFIED
RVW-202605-003425,ALT-202605-003694,RV-02,2026-05-15T13:33:27,CLEARED_FALSE_POSITIVE,ID_VERIFIED
RVW-202605-003426,ALT-202605-003695,RV-03,2026-05-25T20:01:03,CLEARED_FALSE_POSITIVE,DOC_VALID
RVW-202605-003427,ALT-202605-003696,RV-04,2026-05-18T16:54:38,CLEARED_FALSE_POSITIVE,ID_VERIFIED
RVW-202605-003428,ALT-202605-003698,RV-03,2026-06-03T14:26:10,INSUFFICIENT_EVIDENCE,NO_CONTACT
RVW-202605-003429,ALT-202605-003699,RV-01,2026-05-26T14:17:37,CONFIRMED_FRAUD,SYNTH_ID_CONFIRMED
RVW-202605-003430,ALT-202605-003700,RV-02,2026-05-11T07:16:00,CLEARED_FALSE_POSITIVE,KNOWN_DEVICE
RVW-202605-003431,ALT-202605-003701,RV-05,2026-05-21T07:38:07,CLEARED_FALSE_POSITIVE,ID_VERIFIED
RVW-202605-003432,ALT-202605-003702,RV-06,2026-06-02T12:19:58,CLEARED_FALSE_POSITIVE,DOC_VALID
RVW-202605-003433,ALT-202605-003703,RV-02,2026-05-09T20:37:17,INSUFFICIENT_EVIDENCE,AGED_OUT
RVW-202605-003434,ALT-202605-003704,RV-01,2026-06-08T22:19:35,INSUFFICIENT_EVIDENCE,DATA_UNAVAILABLE
RVW-202605-003435,ALT-202605-003705,RV-06,2026-05-10T10:57:39,INSUFFICIENT_EVIDENCE,DATA_UNAVAILABLE
RVW-202605-003436,ALT-202605-003706,RV-02,2026-05-10T08:33:50,CLEARED_FALSE_POSITIVE,CUSTOMER_CONTACTED
RVW-202605-003437,ALT-202605-003708,RV-01,2026-05-22T08:08:28,CLEARED_FALSE_POSITIVE,KNOWN_DEVICE
RVW-202605-003438,ALT-202605-003709,RV-03,2026-05-21T13:59:48,CLEARED_FALSE_POSITIVE,CUSTOMER_CONTACTED
RVW-202605-003439,ALT-202605-003711,RV-06,2026-05-22T20:24:13,INSUFFICIENT_EVIDENCE,DATA_UNAVAILABLE
RVW-202605-003440,ALT-202605-003712,RV-04,2026-06-01T06:07:07,CLEARED_FALSE_POSITIVE,CUSTOMER_CONTACTED
RVW-202605-003441,ALT-202605-003713,RV-04,2026-06-09T09:25:30,CLEARED_FALSE_POSITIVE,ID_VERIFIED
RVW-202605-003442,ALT-202605-003714,RV-01,2026-05-09T08:16:47,CLEARED_FALSE_POSITIVE,CUSTOMER_CONTACTED
RVW-202605-003443,ALT-202605-003715,RV-05,2026-06-04T18:49:40,CONFIRMED_FRAUD,DOC_FORGED
RVW-202605-003444,ALT-202605-003716,RV-03,2026-05-28T07:54:13,CLEARED_FALSE_POSITIVE,DOC_VALID
RVW-202605-003445,ALT-202605-003717,RV-01,2026-05-21T13:25:44,CLEARED_FALSE_POSITIVE,ID_VERIFIED
RVW-202605-003446,ALT-202605-003718,RV-06,2026-05-24T17:41:46,CLEARED_FALSE_POSITIVE,KNOWN_DEVICE
RVW-202605-003447,ALT-202605-003719,RV-04,2026-05-26T20:04:38,CLEARED_FALSE_POSITIVE,KNOWN_DEVICE
RVW-202605-003448,ALT-202605-003720,RV-02,2026-05-28T08:26:18,CLEARED_FALSE_POSITIVE,CUSTOMER_CONTACTED
RVW-202605-003449,ALT-202605-003721,RV-03,2026-05-11T09:47:19,CLEARED_FALSE_POSITIVE,CUSTOMER_CONTACTED
RVW-202605-003450,ALT-202605-003722,RV-04,2026-05-23T08:59:11,CONFIRMED_FRAUD,SYNTH_ID_CONFIRMED
RVW-202605-003451,ALT-202605-003723,RV-03,2026-05-06T13:57:07,CLEARED_FALSE_POSITIVE,ID_VERIFIED
RVW-202605-003452,ALT-202605-003724,RV-02,2026-05-30T22:34:44,INSUFFICIENT_EVIDENCE,NO_CONTACT
RVW-202605-003453,ALT-202605-003725,RV-03,2026-05-18T17:38:19,CLEARED_FALSE_POSITIVE,KNOWN_DEVICE
RVW-202605-003454,ALT-202605-003726,RV-01,2026-06-05T15:27:04,CLEARED_FALSE_POSITIVE,KNOWN_DEVICE
RVW-202605-003455,ALT-202605-003727,RV-05,2026-05-17T06:41:49,INSUFFICIENT_EVIDENCE,NO_CONTACT
RVW-202605-003456,ALT-202605-003728,RV-03,2026-05-29T21:24:38,CLEARED_FALSE_POSITIVE,ID_VERIFIED
RVW-202605-003457,ALT-202605-003729,RV-05,2026-05-29T10:15:14,CLEARED_FALSE_POSITIVE,KNOWN_DEVICE
RVW-202605-003458,ALT-202605-003730,RV-06,2026-05-27T06:45:28,CLEARED_FALSE_POSITIVE,CUSTOMER_CONTACTED
RVW-202605-003459,ALT-202605-003731,RV-05,2026-05-02T14:31:33,CLEARED_FALSE_POSITIVE,DOC_VALID
RVW-202605-003460,ALT-202605-003732,RV-05,2026-05-21T13:20:04,CLEARED_FALSE_POSITIVE,KNOWN_DEVICE
RVW-202605-003461,ALT-202605-003733,RV-01,2026-06-06T11:21:26,CLEARED_FALSE_POSITIVE,DOC_VALID
RVW-202605-003462,ALT-202605-003734,RV-05,2026-05-19T16:15:03,CLEARED_FALSE_POSITIVE,DOC_VALID
RVW-202605-003463,ALT-202605-003735,RV-02,2026-05-18T11:40:29,INSUFFICIENT_EVIDENCE,DATA_UNAVAILABLE
RVW-202605-003464,ALT-202605-003736,RV-01,2026-05-16T11:27:46,CONFIRMED_FRAUD,DOC_FORGED
RVW-202605-003465,ALT-202605-003737,RV-03,2026-05-20T10:07:42,CLEARED_FALSE_POSITIVE,KNOWN_DEVICE
RVW-202605-003466,ALT-202605-003738,RV-03,2026-05-09T09:25:43,CLEARED_FALSE_POSITIVE,KNOWN_DEVICE
RVW-202605-003467,ALT-202605-003739,RV-05,2026-05-17T10:03:23,CONFIRMED_FRAUD,SYNTH_ID_CONFIRMED
RVW-202605-003468,ALT-202605-003740,RV-04,2026-05-26T16:31:03,CONFIRMED_FRAUD,MULE_CONFIRMED
RVW-202605-003469,ALT-202605-003741,RV-03,2026-05-29T11:22:45,CONFIRMED_FRAUD,MULE_CONFIRMED
RVW-202605-003470,ALT-202605-003742,RV-03,2026-05-14T22:38:07,CLEARED_FALSE_POSITIVE,ID_VERIFIED
RVW-202605-003471,ALT-202605-003743,RV-03,2026-05-29T20:19:56,CONFIRMED_FRAUD,SYNTH_ID_CONFIRMED
RVW-202605-003472,ALT-202605-003744,RV-04,2026-06-10T12:29:25,CLEARED_FALSE_POSITIVE,DOC_VALID
RVW-202605-003473,ALT-202605-003745,RV-05,2026-05-29T07:10:11,CLEARED_FALSE_POSITIVE,ID_VERIFIED
RVW-202605-003474,ALT-202605-003746,RV-01,2026-06-02T12:49:19,CONFIRMED_FRAUD,SYNTH_ID_CONFIRMED
RVW-202605-003475,ALT-202605-003747,RV-06,2026-06-05T22:35:31,CLEARED_FALSE_POSITIVE,CUSTOMER_CONTACTED
RVW-202605-003476,ALT-202605-003748,RV-04,2026-05-19T16:47:28,CLEARED_FALSE_POSITIVE,KNOWN_DEVICE
RVW-202605-003477,ALT-202605-003749,RV-06,2026-06-03T20:38:39,CONFIRMED_FRAUD,SYNTH_ID_CONFIRMED
RVW-202605-003478,ALT-202605-003750,RV-02,2026-05-28T16:09:11,CLEARED_FALSE_POSITIVE,DOC_VALID
RVW-202605-003479,ALT-202605-003751,RV-05,2026-06-05T15:12:38,CLEARED_FALSE_POSITIVE,CUSTOMER_CONTACTED
RVW-202605-003480,ALT-202605-003752,RV-02,2026-05-25T14:48:05,CLEARED_FALSE_POSITIVE,KNOWN_DEVICE
RVW-202605-003481,ALT-202605-003753,RV-03,2026-05-22T13:09:34,CLEARED_FALSE_POSITIVE,DOC_VALID
RVW-202605-003482,ALT-202605-003754,RV-05,2026-05-11T16:38:31,CLEARED_FALSE_POSITIVE,DOC_VALID
RVW-202605-003483,ALT-202605-003755,RV-01,2026-06-02T21:26:58,CLEARED_FALSE_POSITIVE,ID_VERIFIED
RVW-202605-003484,ALT-202605-003756,RV-05,2026-05-30T13:37:38,INSUFFICIENT_EVIDENCE,DATA_UNAVAILABLE
RVW-202605-003485,ALT-202605-003757,RV-05,2026-06-10T15:22:06,CLEARED_FALSE_POSITIVE,KNOWN_DEVICE
RVW-202605-003486,ALT-202605-003758,RV-05,2026-06-04T08:36:45,CLEARED_FALSE_POSITIVE,DOC_VALID
RVW-202605-003487,ALT-202605-003759,RV-04,2026-05-19T13:19:38,CONFIRMED_FRAUD,MULE_CONFIRMED
RVW-202605-003488,ALT-202605-003760,RV-03,2026-05-07T11:54:13,CLEARED_FALSE_POSITIVE,KNOWN_DEVICE
RVW-202605-003489,ALT-202605-003761,RV-05,2026-06-03T08:11:24,CLEARED_FALSE_POSITIVE,DOC_VALID
RVW-202605-003490,ALT-202605-003762,RV-06,2026-06-05T14:23:00,CONFIRMED_FRAUD,MULE_CONFIRMED
RVW-202605-003491,ALT-202605-003763,RV-04,2026-06-02T22:07:01,CLEARED_FALSE_POSITIVE,KNOWN_DEVICE
RVW-202605-003492,ALT-202605-003764,RV-03,2026-05-17T10:35:26,CLEARED_FALSE_POSITIVE,DOC_VALID
RVW-202605-003493,ALT-202605-003765,RV-02,2026-05-08T07:12:31,CLEARED_FALSE_POSITIVE,CUSTOMER_CONTACTED
RVW-202605-003494,ALT-202605-003766,RV-03,2026-05-09T21:11:55,CLEARED_FALSE_POSITIVE,ID_VERIFIED
RVW-202605-003495,ALT-202605-003767,RV-06,2026-05-24T18:48:39,CLEARED_FALSE_POSITIVE,KNOWN_DEVICE
RVW-202605-003496,ALT-202605-003768,RV-01,2026-05-16T13:43:14,CLEARED_FALSE_POSITIVE,CUSTOMER_CONTACTED
RVW-202605-003497,ALT-202605-003769,RV-01,2026-05-21T07:56:28,CLEARED_FALSE_POSITIVE,DOC_VALID
RVW-202605-003498,ALT-202605-003770,RV-01,2026-05-09T08:11:31,CLEARED_FALSE_POSITIVE,ID_VERIFIED
RVW-202605-003499,ALT-202605-003771,RV-05,2026-05-20T08:14:47,CLEARED_FALSE_POSITIVE,KNOWN_DEVICE
RVW-202605-003500,ALT-202605-003772,RV-06,2026-05-17T19:17:51,CLEARED_FALSE_POSITIVE,ID_VERIFIED
RVW-202605-003501,ALT-202605-003773,RV-06,2026-05-24T06:46:00,CLEARED_FALSE_POSITIVE,CUSTOMER_CONTACTED
RVW-202605-003502,ALT-202605-003774,RV-04,2026-05-30T11:24:11,CONFIRMED_FRAUD,DOC_FORGED
RVW-202605-003503,ALT-202605-003776,RV-01,2026-06-01T09:22:40,INSUFFICIENT_EVIDENCE,DATA_UNAVAILABLE
RVW-202605-003504,ALT-202605-003777,RV-02,2026-05-23T13:38:00,CLEARED_FALSE_POSITIVE,CUSTOMER_CONTACTED
RVW-202605-003505,ALT-202605-003778,RV-05,2026-05-26T19:11:47,CONFIRMED_FRAUD,ATO_CONFIRMED
RVW-202605-003506,ALT-202605-003779,RV-04,2026-06-09T17:21:32,CLEARED_FALSE_POSITIVE,ID_VERIFIED
RVW-202605-003507,ALT-202605-003780,RV-03,2026-05-12T07:53:31,CLEARED_FALSE_POSITIVE,DOC_VALID
RVW-202605-003508,ALT-202605-003781,RV-02,2026-05-05T07:06:26,CLEARED_FALSE_POSITIVE,KNOWN_DEVICE
RVW-202605-003509,ALT-202605-003782,RV-04,2026-05-04T15:00:00,CLEARED_FALSE_POSITIVE,ID_VERIFIED
RVW-202605-003510,ALT-202605-003783,RV-02,2026-05-22T09:33:50,CLEARED_FALSE_POSITIVE,ID_VERIFIED
RVW-202605-003511,ALT-202605-003784,RV-06,2026-05-14T09:44:38,CLEARED_FALSE_POSITIVE,KNOWN_DEVICE
RVW-202605-003512,ALT-202605-003785,RV-05,2026-05-27T19:38:05,CONFIRMED_FRAUD,MULE_CONFIRMED
RVW-202605-003513,ALT-202605-003786,RV-03,2026-05-13T19:02:12,CONFIRMED_FRAUD,MULE_CONFIRMED
RVW-202605-003514,ALT-202605-003787,RV-06,2026-06-07T18:40:40,CLEARED_FALSE_POSITIVE,ID_VERIFIED
RVW-202605-003515,ALT-202605-003788,RV-03,2026-05-24T14:08:55,CONFIRMED_FRAUD,DOC_FORGED
RVW-202605-003516,ALT-202605-003789,RV-03,2026-05-06T09:21:03,CONFIRMED_FRAUD,DOC_FORGED
RVW-202605-003517,ALT-202605-003790,RV-06,2026-06-08T10:06:51,CLEARED_FALSE_POSITIVE,KNOWN_DEVICE
RVW-202605-003518,ALT-202605-003791,RV-04,2026-05-22T21:03:06,CLEARED_FALSE_POSITIVE,ID_VERIFIED
RVW-202605-003519,ALT-202605-003792,RV-01,2026-05-12T21:35:27,CONFIRMED_FRAUD,ATO_CONFIRMED
RVW-202605-003520,ALT-202605-003793,RV-04,2026-05-08T18:33:34,CLEARED_FALSE_POSITIVE,DOC_VALID
RVW-202605-003521,ALT-202605-003794,RV-01,2026-06-10T20:04:08,CLEARED_FALSE_POSITIVE,KNOWN_DEVICE
RVW-202605-003522,ALT-202605-003795,RV-02,2026-05-08T22:35:41,CONFIRMED_FRAUD,DOC_FORGED
RVW-202605-003523,ALT-202605-003796,RV-06,2026-05-16T11:18:07,INSUFFICIENT_EVIDENCE,NO_CONTACT
RVW-202605-003524,ALT-202605-003797,RV-05,2026-05-14T13:33:30,CONFIRMED_FRAUD,DOC_FORGED
RVW-202605-003525,ALT-202605-003798,RV-03,2026-05-14T14:39:06,CLEARED_FALSE_POSITIVE,DOC_VALID
RVW-202605-003526,ALT-202605-003799,RV-03,2026-06-05T07:27:50,CLEARED_FALSE_POSITIVE,DOC_VALID
RVW-202605-003527,ALT-202605-003800,RV-02,2026-06-04T06:54:49,INSUFFICIENT_EVIDENCE,DATA_UNAVAILABLE
RVW-202605-003528,ALT-202605-003801,RV-05,2026-05-25T14:02:28,CLEARED_FALSE_POSITIVE,ID_VERIFIED
RVW-202605-003529,ALT-202605-003802,RV-03,2026-05-05T13:41:39,CLEARED_FALSE_POSITIVE,CUSTOMER_CONTACTED
RVW-202605-003530,ALT-202605-003803,RV-05,2026-05-22T11:24:43,CLEARED_FALSE_POSITIVE,KNOWN_DEVICE
RVW-202605-003531,ALT-202605-003804,RV-06,2026-05-28T19:13:05,CLEARED_FALSE_POSITIVE,CUSTOMER_CONTACTED
RVW-202605-003532,ALT-202605-003805,RV-04,2026-05-24T16:50:37,CLEARED_FALSE_POSITIVE,ID_VERIFIED
RVW-202605-003533,ALT-202605-003806,RV-05,2026-05-25T10:41:28,CLEARED_FALSE_POSITIVE,ID_VERIFIED
RVW-202605-003534,ALT-202605-003807,RV-04,2026-05-24T20:45:20,CONFIRMED_FRAUD,DOC_FORGED
RVW-202605-003535,ALT-202605-003808,RV-05,2026-05-27T17:42:24,CONFIRMED_FRAUD,SYNTH_ID_CONFIRMED
RVW-202605-003536,ALT-202605-003809,RV-05,2026-06-04T15:32:42,CLEARED_FALSE_POSITIVE,KNOWN_DEVICE
RVW-202605-003537,ALT-202605-003810,RV-04,2026-05-16T18:16:02,CONFIRMED_FRAUD,MULE_CONFIRMED
RVW-202605-003538,ALT-202605-003811,RV-01,2026-05-19T07:12:33,CONFIRMED_FRAUD,MULE_CONFIRMED
RVW-202605-003539,ALT-202605-003812,RV-01,2026-05-15T08:09:28,CONFIRMED_FRAUD,DOC_FORGED
RVW-202605-003540,ALT-202605-003813,RV-01,2026-05-21T19:38:18,CLEARED_FALSE_POSITIVE,CUSTOMER_CONTACTED
RVW-202605-003541,ALT-202605-003814,RV-05,2026-06-07T14:25:26,CLEARED_FALSE_POSITIVE,DOC_VALID
RVW-202605-003542,ALT-202605-003815,RV-03,2026-05-12T16:02:47,CLEARED_FALSE_POSITIVE,CUSTOMER_CONTACTED
RVW-202605-003543,ALT-202605-003816,RV-03,2026-05-23T08:48:31,CLEARED_FALSE_POSITIVE,DOC_VALID
RVW-202605-003544,ALT-202605-003817,RV-03,2026-05-24T07:16:25,CLEARED_FALSE_POSITIVE,DOC_VALID
RVW-202605-003545,ALT-202605-003818,RV-03,2026-05-14T15:31:29,CONFIRMED_FRAUD,MULE_CONFIRMED
RVW-202605-003546,ALT-202605-003819,RV-02,2026-06-06T07:55:58,CLEARED_FALSE_POSITIVE,KNOWN_DEVICE
RVW-202605-003547,ALT-202605-003821,RV-02,2026-06-03T15:16:41,CLEARED_FALSE_POSITIVE,DOC_VALID
RVW-202605-003548,ALT-202605-003823,RV-03,2026-05-25T06:35:51,INSUFFICIENT_EVIDENCE,DATA_UNAVAILABLE
RVW-202605-003549,ALT-202605-003824,RV-01,2026-05-27T09:25:56,CLEARED_FALSE_POSITIVE,ID_VERIFIED
RVW-202605-003550,ALT-202605-003825,RV-01,2026-05-22T11:26:19,CLEARED_FALSE_POSITIVE,DOC_VALID
RVW-202605-003551,ALT-202605-003826,RV-03,2026-05-07T22:18:56,INSUFFICIENT_EVIDENCE,NO_CONTACT
RVW-202605-003552,ALT-202605-003827,RV-02,2026-05-19T06:50:34,CONFIRMED_FRAUD,MULE_CONFIRMED
RVW-202605-003553,ALT-202605-003828,RV-05,2026-05-26T12:26:33,CLEARED_FALSE_POSITIVE,KNOWN_DEVICE
RVW-202605-003554,ALT-202605-003829,RV-02,2026-05-23T10:17:03,CLEARED_FALSE_POSITIVE,DOC_VALID
RVW-202605-003555,ALT-202605-003830,RV-05,2026-05-05T14:52:48,CLEARED_FALSE_POSITIVE,CUSTOMER_CONTACTED
RVW-202605-003556,ALT-202605-003831,RV-04,2026-05-18T12:02:36,CLEARED_FALSE_POSITIVE,ID_VERIFIED
RVW-202605-003557,ALT-202605-003832,RV-01,2026-05-05T20:01:05,INSUFFICIENT_EVIDENCE,DATA_UNAVAILABLE
RVW-202605-003558,ALT-202605-003833,RV-03,2026-05-14T08:03:47,CLEARED_FALSE_POSITIVE,ID_VERIFIED
RVW-202605-003559,ALT-202605-003834,RV-02,2026-05-31T13:28:51,CONFIRMED_FRAUD,MULE_CONFIRMED
RVW-202605-003560,ALT-202605-003835,RV-01,2026-05-04T22:26:13,INSUFFICIENT_EVIDENCE,DATA_UNAVAILABLE
RVW-202605-003561,ALT-202605-003836,RV-05,2026-06-07T15:21:27,CLEARED_FALSE_POSITIVE,DOC_VALID
RVW-202605-003562,ALT-202605-003837,RV-02,2026-05-31T14:35:42,CLEARED_FALSE_POSITIVE,CUSTOMER_CONTACTED
RVW-202605-003563,ALT-202605-003838,RV-02,2026-05-24T18:27:08,INSUFFICIENT_EVIDENCE,NO_CONTACT
RVW-202605-003564,ALT-202605-003839,RV-01,2026-05-25T15:58:52,CLEARED_FALSE_POSITIVE,KNOWN_DEVICE
RVW-202605-003565,ALT-202605-003840,RV-05,2026-05-16T22:47:21,CLEARED_FALSE_POSITIVE,DOC_VALID
RVW-202605-003566,ALT-202605-003841,RV-05,2026-05-18T20:20:12,INSUFFICIENT_EVIDENCE,AGED_OUT
RVW-202605-003567,ALT-202605-003842,RV-04,2026-06-03T18:18:13,CONFIRMED_FRAUD,ATO_CONFIRMED
RVW-202605-003568,ALT-202605-003843,RV-01,2026-05-27T11:59:43,CLEARED_FALSE_POSITIVE,KNOWN_DEVICE
RVW-202605-003569,ALT-202605-003844,RV-04,2026-06-10T21:38:09,CLEARED_FALSE_POSITIVE,ID_VERIFIED
RVW-202605-003570,ALT-202605-003845,RV-05,2026-05-17T11:46:17,CLEARED_FALSE_POSITIVE,CUSTOMER_CONTACTED
RVW-202605-003571,ALT-202605-003846,RV-06,2026-05-20T12:57:43,CLEARED_FALSE_POSITIVE,ID_VERIFIED
RVW-202605-003572,ALT-202605-003847,RV-01,2026-05-30T19:46:07,CLEARED_FALSE_POSITIVE,CUSTOMER_CONTACTED
RVW-202605-003573,ALT-202605-003848,RV-04,2026-05-31T08:32:56,CONFIRMED_FRAUD,ATO_CONFIRMED
RVW-202605-003574,ALT-202605-003849,RV-02,2026-05-25T10:48:14,CLEARED_FALSE_POSITIVE,CUSTOMER_CONTACTED
RVW-202605-003575,ALT-202605-003850,RV-03,2026-05-19T22:44:51,CLEARED_FALSE_POSITIVE,CUSTOMER_CONTACTED
RVW-202605-003576,ALT-202605-003851,RV-04,2026-05-19T09:15:48,CLEARED_FALSE_POSITIVE,DOC_VALID
RVW-202605-003577,ALT-202605-003852,RV-05,2026-05-02T12:29:35,CLEARED_FALSE_POSITIVE,KNOWN_DEVICE
RVW-202605-003578,ALT-202605-003853,RV-03,2026-05-18T18:11:21,CLEARED_FALSE_POSITIVE,DOC_VALID
RVW-202605-003579,ALT-202605-003854,RV-03,2026-05-12T21:06:30,CLEARED_FALSE_POSITIVE,KNOWN_DEVICE
RVW-202605-003580,ALT-202605-003855,RV-02,2026-05-29T06:28:37,INSUFFICIENT_EVIDENCE,DATA_UNAVAILABLE
RVW-202605-003581,ALT-202605-003856,RV-06,2026-06-07T15:12:32,INSUFFICIENT_EVIDENCE,AGED_OUT
RVW-202605-003582,ALT-202605-003857,RV-02,2026-05-11T17:29:22,CLEARED_FALSE_POSITIVE,KNOWN_DEVICE
RVW-202605-003583,ALT-202605-003858,RV-05,2026-05-09T11:21:53,CLEARED_FALSE_POSITIVE,CUSTOMER_CONTACTED
RVW-202605-003584,ALT-202605-003859,RV-06,2026-05-28T06:08:11,INSUFFICIENT_EVIDENCE,AGED_OUT
RVW-202605-003585,ALT-202605-003860,RV-05,2026-05-10T07:46:26,CLEARED_FALSE_POSITIVE,KNOWN_DEVICE
RVW-202605-003586,ALT-202605-003861,RV-05,2026-05-10T19:28:40,CONFIRMED_FRAUD,ATO_CONFIRMED
RVW-202605-003587,ALT-202605-003862,RV-01,2026-05-17T10:20:33,CLEARED_FALSE_POSITIVE,CUSTOMER_CONTACTED
RVW-202605-003588,ALT-202605-003864,RV-03,2026-06-01T12:13:03,CONFIRMED_FRAUD,SYNTH_ID_CONFIRMED
RVW-202605-003589,ALT-202605-003865,RV-01,2026-05-13T17:13:40,CLEARED_FALSE_POSITIVE,DOC_VALID
RVW-202605-003590,ALT-202605-003866,RV-05,2026-05-18T12:37:09,CLEARED_FALSE_POSITIVE,ID_VERIFIED
RVW-202605-003591,ALT-202605-003867,RV-05,2026-05-24T19:28:04,CONFIRMED_FRAUD,ATO_CONFIRMED
RVW-202605-003592,ALT-202605-003868,RV-04,2026-05-05T06:28:02,CLEARED_FALSE_POSITIVE,CUSTOMER_CONTACTED
RVW-202605-003593,ALT-202605-003869,RV-05,2026-06-04T17:43:00,CLEARED_FALSE_POSITIVE,KNOWN_DEVICE
RVW-202605-003594,ALT-202605-003870,RV-02,2026-05-20T21:36:48,INSUFFICIENT_EVIDENCE,AGED_OUT
RVW-202605-003595,ALT-202605-003871,RV-01,2026-06-04T10:47:43,CLEARED_FALSE_POSITIVE,DOC_VALID
RVW-202605-003596,ALT-202605-003872,RV-06,2026-05-31T22:08:07,CLEARED_FALSE_POSITIVE,DOC_VALID
RVW-202605-003597,ALT-202605-003873,RV-02,2026-05-17T21:33:24,CONFIRMED_FRAUD,DOC_FORGED
RVW-202605-003598,ALT-202605-003874,RV-06,2026-05-23T16:38:22,INSUFFICIENT_EVIDENCE,DATA_UNAVAILABLE
RVW-202605-003599,ALT-202605-003875,RV-06,2026-06-01T08:45:46,CLEARED_FALSE_POSITIVE,CUSTOMER_CONTACTED
RVW-202605-003600,ALT-202605-003876,RV-04,2026-05-25T15:39:53,CLEARED_FALSE_POSITIVE,KNOWN_DEVICE
RVW-202605-003601,ALT-202605-003877,RV-04,2026-05-31T18:15:42,CLEARED_FALSE_POSITIVE,DOC_VALID
RVW-202605-003602,ALT-202605-003878,RV-04,2026-05-14T07:26:42,CLEARED_FALSE_POSITIVE,KNOWN_DEVICE
RVW-202605-003603,ALT-202605-003879,RV-01,2026-05-11T06:46:39,CLEARED_FALSE_POSITIVE,CUSTOMER_CONTACTED
RVW-202605-003604,ALT-202605-003880,RV-05,2026-06-01T20:25:31,CLEARED_FALSE_POSITIVE,CUSTOMER_CONTACTED
RVW-202605-003605,ALT-202605-003881,RV-03,2026-06-09T15:55:14,CLEARED_FALSE_POSITIVE,DOC_VALID
RVW-202605-003606,ALT-202605-003882,RV-04,2026-05-09T10:40:19,CLEARED_FALSE_POSITIVE,KNOWN_DEVICE
RVW-202605-003607,ALT-202605-003883,RV-06,2026-05-29T09:23:32,CLEARED_FALSE_POSITIVE,CUSTOMER_CONTACTED
RVW-202605-003608,ALT-202605-003884,RV-02,2026-05-30T17:27:14,CLEARED_FALSE_POSITIVE,KNOWN_DEVICE
RVW-202605-003609,ALT-202605-003886,RV-05,2026-06-08T15:48:49,CLEARED_FALSE_POSITIVE,DOC_VALID
RVW-202605-003610,ALT-202605-003887,RV-06,2026-05-17T16:34:36,CONFIRMED_FRAUD,SYNTH_ID_CONFIRMED
RVW-202605-003611,ALT-202605-003888,RV-04,2026-06-04T11:00:00,CONFIRMED_FRAUD,SYNTH_ID_CONFIRMED
RVW-202605-003612,ALT-202605-003889,RV-04,2026-05-20T22:11:29,CLEARED_FALSE_POSITIVE,CUSTOMER_CONTACTED
RVW-202605-003613,ALT-202605-003890,RV-01,2026-05-17T17:04:20,CLEARED_FALSE_POSITIVE,DOC_VALID
RVW-202605-003614,ALT-202605-003891,RV-02,2026-06-03T20:53:36,CLEARED_FALSE_POSITIVE,CUSTOMER_CONTACTED
RVW-202605-003615,ALT-202605-003893,RV-03,2026-06-01T21:45:43,CLEARED_FALSE_POSITIVE,DOC_VALID
RVW-202605-003616,ALT-202605-003894,RV-02,2026-05-23T06:36:53,CLEARED_FALSE_POSITIVE,CUSTOMER_CONTACTED
RVW-202605-003617,ALT-202605-003895,RV-01,2026-05-16T07:38:18,INSUFFICIENT_EVIDENCE,AGED_OUT
RVW-202605-003618,ALT-202605-003896,RV-03,2026-05-14T20:15:44,CLEARED_FALSE_POSITIVE,ID_VERIFIED
RVW-202605-003619,ALT-202605-003897,RV-05,2026-05-31T09:21:03,CLEARED_FALSE_POSITIVE,DOC_VALID
RVW-202605-003620,ALT-202605-003898,RV-02,2026-05-07T19:49:12,CLEARED_FALSE_POSITIVE,ID_VERIFIED
RVW-202605-003621,ALT-202605-003900,RV-03,2026-05-13T12:50:38,CONFIRMED_FRAUD,MULE_CONFIRMED
RVW-202605-003622,ALT-202605-003901,RV-02,2026-05-11T22:59:43,CONFIRMED_FRAUD,SYNTH_ID_CONFIRMED
RVW-202605-003623,ALT-202605-003902,RV-02,2026-05-15T09:40:48,CONFIRMED_FRAUD,ATO_CONFIRMED
RVW-202605-003624,ALT-202605-003903,RV-06,2026-06-03T11:06:30,CLEARED_FALSE_POSITIVE,DOC_VALID
RVW-202605-003625,ALT-202605-003904,RV-02,2026-05-31T13:12:56,CONFIRMED_FRAUD,MULE_CONFIRMED
RVW-202605-003626,ALT-202605-003905,RV-06,2026-05-09T15:38:17,CLEARED_FALSE_POSITIVE,CUSTOMER_CONTACTED
RVW-202605-003627,ALT-202605-003906,RV-04,2026-05-17T20:02:18,CLEARED_FALSE_POSITIVE,ID_VERIFIED
RVW-202605-003628,ALT-202605-003907,RV-05,2026-05-19T20:42:46,CLEARED_FALSE_POSITIVE,DOC_VALID
RVW-202605-003629,ALT-202605-003908,RV-01,2026-05-19T20:27:45,CLEARED_FALSE_POSITIVE,CUSTOMER_CONTACTED
RVW-202605-003630,ALT-202605-003909,RV-05,2026-05-12T06:03:48,CLEARED_FALSE_POSITIVE,KNOWN_DEVICE
RVW-202605-003631,ALT-202605-003910,RV-06,2026-05-23T20:29:32,CONFIRMED_FRAUD,ATO_CONFIRMED
RVW-202605-003632,ALT-202605-003911,RV-05,2026-05-03T07:40:26,CLEARED_FALSE_POSITIVE,DOC_VALID
RVW-202605-003633,ALT-202605-003912,RV-01,2026-06-05T18:22:25,CLEARED_FALSE_POSITIVE,KNOWN_DEVICE
RVW-202605-003634,ALT-202605-003913,RV-05,2026-05-27T15:36:15,CLEARED_FALSE_POSITIVE,KNOWN_DEVICE
RVW-202605-003635,ALT-202605-003914,RV-05,2026-05-17T08:21:18,CLEARED_FALSE_POSITIVE,DOC_VALID
RVW-202605-003636,ALT-202605-003916,RV-06,2026-05-21T12:29:00,CLEARED_FALSE_POSITIVE,KNOWN_DEVICE
RVW-202605-003637,ALT-202605-003917,RV-04,2026-05-31T19:30:46,CLEARED_FALSE_POSITIVE,ID_VERIFIED
RVW-202605-003638,ALT-202605-003918,RV-04,2026-05-22T09:21:03,CLEARED_FALSE_POSITIVE,CUSTOMER_CONTACTED
RVW-202605-003639,ALT-202605-003919,RV-01,2026-05-21T11:20:19,CLEARED_FALSE_POSITIVE,CUSTOMER_CONTACTED
RVW-202605-003640,ALT-202605-003920,RV-05,2026-06-08T09:31:53,CLEARED_FALSE_POSITIVE,KNOWN_DEVICE
RVW-202605-003641,ALT-202605-003921,RV-06,2026-05-31T14:09:38,CONFIRMED_FRAUD,SYNTH_ID_CONFIRMED
RVW-202605-003642,ALT-202605-003922,RV-02,2026-05-26T16:26:36,CONFIRMED_FRAUD,MULE_CONFIRMED
RVW-202605-003643,ALT-202605-003923,RV-03,2026-05-14T19:32:04,CLEARED_FALSE_POSITIVE,DOC_VALID
RVW-202605-003644,ALT-202605-003924,RV-06,2026-05-21T06:06:51,CONFIRMED_FRAUD,SYNTH_ID_CONFIRMED
RVW-202605-003645,ALT-202605-003925,RV-01,2026-05-31T06:31:49,CLEARED_FALSE_POSITIVE,KNOWN_DEVICE
RVW-202605-003646,ALT-202605-003926,RV-03,2026-05-27T15:09:52,CLEARED_FALSE_POSITIVE,CUSTOMER_CONTACTED
RVW-202605-003647,ALT-202605-003928,RV-03,2026-05-29T06:35:26,CLEARED_FALSE_POSITIVE,ID_VERIFIED
RVW-202605-003648,ALT-202605-003929,RV-02,2026-05-17T21:24:44,CLEARED_FALSE_POSITIVE,CUSTOMER_CONTACTED
RVW-202605-003649,ALT-202605-003930,RV-02,2026-05-14T21:00:40,CLEARED_FALSE_POSITIVE,CUSTOMER_CONTACTED
RVW-202605-003650,ALT-202605-003931,RV-04,2026-05-28T15:27:02,CLEARED_FALSE_POSITIVE,ID_VERIFIED
RVW-202605-003651,ALT-202605-003933,RV-03,2026-05-07T09:04:43,CONFIRMED_FRAUD,MULE_CONFIRMED
RVW-202605-003652,ALT-202605-003934,RV-01,2026-05-10T17:50:54,INSUFFICIENT_EVIDENCE,NO_CONTACT
RVW-202605-003653,ALT-202605-003935,RV-04,2026-05-15T15:19:46,CONFIRMED_FRAUD,ATO_CONFIRMED
RVW-202605-003654,ALT-202605-003936,RV-05,2026-05-15T20:17:22,CONFIRMED_FRAUD,ATO_CONFIRMED
RVW-202605-003655,ALT-202605-003937,RV-01,2026-05-29T14:28:37,INSUFFICIENT_EVIDENCE,NO_CONTACT
RVW-202605-003656,ALT-202605-003938,RV-05,2026-05-30T06:58:16,CLEARED_FALSE_POSITIVE,CUSTOMER_CONTACTED
RVW-202605-003657,ALT-202605-003940,RV-01,2026-05-20T20:48:28,CLEARED_FALSE_POSITIVE,CUSTOMER_CONTACTED
RVW-202605-003658,ALT-202605-003941,RV-06,2026-06-03T07:08:40,CLEARED_FALSE_POSITIVE,CUSTOMER_CONTACTED
RVW-202605-003659,ALT-202605-003942,RV-06,2026-05-07T12:30:11,CONFIRMED_FRAUD,ATO_CONFIRMED
RVW-202605-003660,ALT-202605-003943,RV-04,2026-05-28T09:58:21,CLEARED_FALSE_POSITIVE,KNOWN_DEVICE
RVW-202605-003661,ALT-202605-003945,RV-02,2026-05-11T12:03:47,CONFIRMED_FRAUD,MULE_CONFIRMED
RVW-202605-003662,ALT-202605-003946,RV-01,2026-06-09T18:27:48,CLEARED_FALSE_POSITIVE,DOC_VALID
RVW-202605-003663,ALT-202605-003948,RV-06,2026-05-27T16:44:34,CLEARED_FALSE_POSITIVE,ID_VERIFIED
RVW-202605-003664,ALT-202605-003949,RV-03,2026-05-11T18:23:09,CLEARED_FALSE_POSITIVE,DOC_VALID
RVW-202605-003665,ALT-202605-003950,RV-01,2026-05-07T10:31:24,CLEARED_FALSE_POSITIVE,ID_VERIFIED
RVW-202605-003666,ALT-202605-003951,RV-01,2026-05-17T17:41:47,INSUFFICIENT_EVIDENCE,DATA_UNAVAILABLE
RVW-202605-003667,ALT-202605-003952,RV-03,2026-05-09T20:18:55,CLEARED_FALSE_POSITIVE,CUSTOMER_CONTACTED
RVW-202605-003668,ALT-202605-003953,RV-05,2026-06-05T06:57:03,CLEARED_FALSE_POSITIVE,CUSTOMER_CONTACTED
RVW-202605-003669,ALT-202605-003955,RV-05,2026-06-06T11:29:48,CLEARED_FALSE_POSITIVE,KNOWN_DEVICE
RVW-202605-003670,ALT-202605-003956,RV-01,2026-06-02T16:34:30,CLEARED_FALSE_POSITIVE,DOC_VALID
RVW-202605-003671,ALT-202605-003957,RV-04,2026-05-30T09:29:01,CLEARED_FALSE_POSITIVE,DOC_VALID
RVW-202605-003672,ALT-202605-003958,RV-03,2026-05-02T08:28:52,CONFIRMED_FRAUD,MULE_CONFIRMED
RVW-202605-003673,ALT-202605-003959,RV-06,2026-05-29T15:48:30,CLEARED_FALSE_POSITIVE,KNOWN_DEVICE
RVW-202605-003674,ALT-202605-003960,RV-02,2026-05-13T22:17:09,CONFIRMED_FRAUD,MULE_CONFIRMED
RVW-202605-003675,ALT-202605-003961,RV-02,2026-05-29T20:58:45,INSUFFICIENT_EVIDENCE,NO_CONTACT
RVW-202605-003676,ALT-202605-003962,RV-05,2026-05-05T07:22:09,CLEARED_FALSE_POSITIVE,KNOWN_DEVICE
RVW-202605-003677,ALT-202605-003963,RV-04,2026-05-28T17:29:49,INSUFFICIENT_EVIDENCE,DATA_UNAVAILABLE
RVW-202605-003678,ALT-202605-003964,RV-05,2026-05-12T18:40:03,CLEARED_FALSE_POSITIVE,DOC_VALID
RVW-202605-003679,ALT-202605-003965,RV-03,2026-05-08T22:45:31,CLEARED_FALSE_POSITIVE,DOC_VALID
RVW-202605-003680,ALT-202605-003966,RV-06,2026-05-08T16:44:40,CLEARED_FALSE_POSITIVE,KNOWN_DEVICE
RVW-202605-003681,ALT-202605-003967,RV-01,2026-05-27T22:27:06,CLEARED_FALSE_POSITIVE,ID_VERIFIED
RVW-202605-003682,ALT-202605-003968,RV-01,2026-05-26T21:55:29,CLEARED_FALSE_POSITIVE,KNOWN_DEVICE
RVW-202605-003683,ALT-202605-003969,RV-05,2026-05-23T12:09:15,CLEARED_FALSE_POSITIVE,ID_VERIFIED
RVW-202605-003684,ALT-202605-003970,RV-06,2026-06-02T15:55:02,CLEARED_FALSE_POSITIVE,KNOWN_DEVICE
RVW-202605-003685,ALT-202605-003971,RV-04,2026-05-22T08:19:51,CLEARED_FALSE_POSITIVE,KNOWN_DEVICE
RVW-202605-003686,ALT-202605-003972,RV-01,2026-06-09T06:31:36,CLEARED_FALSE_POSITIVE,DOC_VALID
RVW-202605-003687,ALT-202605-003973,RV-01,2026-05-10T15:18:53,CLEARED_FALSE_POSITIVE,DOC_VALID
RVW-202605-003688,ALT-202605-003974,RV-03,2026-05-13T16:37:42,CLEARED_FALSE_POSITIVE,DOC_VALID
RVW-202605-003689,ALT-202605-003975,RV-01,2026-05-30T17:13:02,CLEARED_FALSE_POSITIVE,KNOWN_DEVICE
RVW-202605-003690,ALT-202605-003977,RV-02,2026-05-26T18:07:55,CLEARED_FALSE_POSITIVE,KNOWN_DEVICE
RVW-202605-003691,ALT-202605-003978,RV-03,2026-05-25T19:04:35,CONFIRMED_FRAUD,DOC_FORGED
RVW-202605-003692,ALT-202605-003980,RV-03,2026-05-24T20:44:09,CLEARED_FALSE_POSITIVE,CUSTOMER_CONTACTED
RVW-202605-003693,ALT-202605-003981,RV-05,2026-05-07T22:46:03,CLEARED_FALSE_POSITIVE,KNOWN_DEVICE
RVW-202605-003694,ALT-202605-003982,RV-01,2026-06-01T13:15:08,CLEARED_FALSE_POSITIVE,KNOWN_DEVICE
RVW-202605-003695,ALT-202605-003983,RV-05,2026-05-25T08:53:09,CLEARED_FALSE_POSITIVE,DOC_VALID
RVW-202605-003696,ALT-202605-003984,RV-06,2026-05-31T21:29:39,CONFIRMED_FRAUD,SYNTH_ID_CONFIRMED
RVW-202605-003697,ALT-202605-003985,RV-06,2026-06-08T19:20:45,CLEARED_FALSE_POSITIVE,KNOWN_DEVICE
RVW-202605-003698,ALT-202605-003986,RV-01,2026-05-22T18:44:15,CLEARED_FALSE_POSITIVE,CUSTOMER_CONTACTED
RVW-202605-003699,ALT-202605-003987,RV-01,2026-05-22T07:44:30,CLEARED_FALSE_POSITIVE,DOC_VALID
RVW-202605-003700,ALT-202605-003988,RV-01,2026-05-23T11:13:00,CLEARED_FALSE_POSITIVE,DOC_VALID
RVW-202605-003701,ALT-202605-003989,RV-03,2026-05-19T19:44:55,CLEARED_FALSE_POSITIVE,KNOWN_DEVICE
RVW-202605-003702,ALT-202605-003991,RV-02,2026-05-30T15:06:51,INSUFFICIENT_EVIDENCE,DATA_UNAVAILABLE
RVW-202605-003703,ALT-202605-003992,RV-01,2026-05-30T06:02:41,CLEARED_FALSE_POSITIVE,DOC_VALID
RVW-202605-003704,ALT-202605-003993,RV-05,2026-05-08T21:09:25,CLEARED_FALSE_POSITIVE,CUSTOMER_CONTACTED
RVW-202605-003705,ALT-202605-003994,RV-03,2026-05-27T18:33:40,CLEARED_FALSE_POSITIVE,ID_VERIFIED
RVW-202605-003706,ALT-202605-003995,RV-02,2026-05-14T17:41:04,CONFIRMED_FRAUD,ATO_CONFIRMED
RVW-202605-003707,ALT-202605-003996,RV-02,2026-05-16T07:43:24,CLEARED_FALSE_POSITIVE,KNOWN_DEVICE
RVW-202605-003708,ALT-202605-003997,RV-03,2026-05-30T11:25:21,CLEARED_FALSE_POSITIVE,KNOWN_DEVICE
RVW-202605-003709,ALT-202605-003998,RV-06,2026-05-06T19:22:58,CLEARED_FALSE_POSITIVE,ID_VERIFIED
RVW-202605-003710,ALT-202605-003999,RV-04,2026-05-24T22:01:23,CLEARED_FALSE_POSITIVE,ID_VERIFIED
RVW-202605-003711,ALT-202605-004000,RV-04,2026-05-21T15:13:45,CLEARED_FALSE_POSITIVE,ID_VERIFIED
RVW-202605-003712,ALT-202605-004001,RV-04,2026-05-25T09:43:17,CONFIRMED_FRAUD,MULE_CONFIRMED
RVW-202605-003713,ALT-202605-004002,RV-06,2026-05-06T20:33:32,CLEARED_FALSE_POSITIVE,KNOWN_DEVICE
RVW-202605-003714,ALT-202605-004003,RV-04,2026-05-18T18:09:02,CLEARED_FALSE_POSITIVE,ID_VERIFIED
RVW-202605-003715,ALT-202605-004004,RV-05,2026-05-29T14:16:06,CONFIRMED_FRAUD,MULE_CONFIRMED
RVW-202605-003716,ALT-202605-004005,RV-03,2026-05-13T22:48:17,CLEARED_FALSE_POSITIVE,CUSTOMER_CONTACTED
RVW-202605-003717,ALT-202605-004006,RV-05,2026-05-13T20:35:23,CLEARED_FALSE_POSITIVE,ID_VERIFIED
RVW-202605-003718,ALT-202605-004007,RV-05,2026-05-26T21:21:48,CLEARED_FALSE_POSITIVE,CUSTOMER_CONTACTED
RVW-202605-003719,ALT-202605-004008,RV-04,2026-05-28T19:43:59,CLEARED_FALSE_POSITIVE,CUSTOMER_CONTACTED
RVW-202605-003720,ALT-202605-004009,RV-05,2026-05-25T19:11:45,CLEARED_FALSE_POSITIVE,KNOWN_DEVICE
RVW-202605-003721,ALT-202605-004010,RV-06,2026-06-04T09:30:47,CLEARED_FALSE_POSITIVE,ID_VERIFIED
RVW-202605-003722,ALT-202605-004012,RV-02,2026-06-01T21:47:16,CLEARED_FALSE_POSITIVE,CUSTOMER_CONTACTED
RVW-202605-003723,ALT-202605-004013,RV-03,2026-06-01T15:49:51,CONFIRMED_FRAUD,ATO_CONFIRMED
RVW-202605-003724,ALT-202605-004015,RV-06,2026-05-19T07:57:43,CONFIRMED_FRAUD,SYNTH_ID_CONFIRMED
RVW-202605-003725,ALT-202605-004016,RV-03,2026-05-06T13:19:29,CLEARED_FALSE_POSITIVE,DOC_VALID
RVW-202605-003726,ALT-202605-004017,RV-04,2026-06-05T07:39:01,CLEARED_FALSE_POSITIVE,DOC_VALID
RVW-202605-003727,ALT-202605-004018,RV-01,2026-06-02T16:06:54,CONFIRMED_FRAUD,DOC_FORGED
RVW-202605-003728,ALT-202605-004019,RV-06,2026-05-20T13:03:36,CLEARED_FALSE_POSITIVE,ID_VERIFIED
RVW-202605-003729,ALT-202605-004020,RV-05,2026-05-17T17:04:27,CLEARED_FALSE_POSITIVE,KNOWN_DEVICE
RVW-202605-003730,ALT-202605-004021,RV-03,2026-05-29T15:49:49,CONFIRMED_FRAUD,MULE_CONFIRMED
RVW-202605-003731,ALT-202605-004022,RV-06,2026-06-01T12:00:56,CLEARED_FALSE_POSITIVE,ID_VERIFIED
RVW-202605-003732,ALT-202605-004023,RV-04,2026-05-12T10:36:35,INSUFFICIENT_EVIDENCE,AGED_OUT
RVW-202605-003733,ALT-202605-004024,RV-05,2026-05-12T22:15:31,CLEARED_FALSE_POSITIVE,KNOWN_DEVICE
RVW-202605-003734,ALT-202605-004025,RV-06,2026-05-17T20:03:41,CLEARED_FALSE_POSITIVE,CUSTOMER_CONTACTED
RVW-202605-003735,ALT-202605-004026,RV-06,2026-05-16T13:35:22,CLEARED_FALSE_POSITIVE,DOC_VALID
RVW-202605-003736,ALT-202605-004027,RV-05,2026-06-02T13:57:03,CLEARED_FALSE_POSITIVE,ID_VERIFIED
RVW-202605-003737,ALT-202605-004029,RV-01,2026-06-05T07:25:54,CLEARED_FALSE_POSITIVE,DOC_VALID
RVW-202605-003738,ALT-202605-004030,RV-05,2026-06-02T15:25:10,CLEARED_FALSE_POSITIVE,KNOWN_DEVICE
RVW-202605-003739,ALT-202605-004031,RV-05,2026-05-26T11:33:28,CLEARED_FALSE_POSITIVE,KNOWN_DEVICE
RVW-202605-003740,ALT-202605-004032,RV-02,2026-05-06T12:51:17,CLEARED_FALSE_POSITIVE,ID_VERIFIED
RVW-202605-003741,ALT-202605-004033,RV-04,2026-05-22T18:08:14,CLEARED_FALSE_POSITIVE,KNOWN_DEVICE
RVW-202605-003742,ALT-202605-004034,RV-01,2026-05-27T08:43:00,CLEARED_FALSE_POSITIVE,DOC_VALID
RVW-202605-003743,ALT-202605-004035,RV-02,2026-05-18T15:35:07,CLEARED_FALSE_POSITIVE,CUSTOMER_CONTACTED
RVW-202605-003744,ALT-202605-004036,RV-02,2026-05-19T22:22:39,CLEARED_FALSE_POSITIVE,KNOWN_DEVICE
RVW-202605-003745,ALT-202605-004037,RV-01,2026-05-27T18:46:37,CLEARED_FALSE_POSITIVE,CUSTOMER_CONTACTED
RVW-202605-003746,ALT-202605-004038,RV-06,2026-05-14T14:20:11,CLEARED_FALSE_POSITIVE,CUSTOMER_CONTACTED
RVW-202605-003747,ALT-202605-004039,RV-02,2026-05-18T11:07:00,CONFIRMED_FRAUD,ATO_CONFIRMED
RVW-202605-003748,ALT-202605-004041,RV-04,2026-05-20T19:48:30,CLEARED_FALSE_POSITIVE,ID_VERIFIED
RVW-202605-003749,ALT-202605-004042,RV-01,2026-05-30T09:31:01,CONFIRMED_FRAUD,MULE_CONFIRMED
RVW-202605-003750,ALT-202605-004043,RV-01,2026-05-21T15:29:47,CONFIRMED_FRAUD,SYNTH_ID_CONFIRMED
RVW-202605-003751,ALT-202605-004044,RV-05,2026-06-10T07:50:44,CLEARED_FALSE_POSITIVE,DOC_VALID
RVW-202605-003752,ALT-202605-004045,RV-01,2026-06-02T14:47:09,CLEARED_FALSE_POSITIVE,KNOWN_DEVICE
RVW-202605-003753,ALT-202605-004046,RV-01,2026-05-29T20:19:58,CLEARED_FALSE_POSITIVE,DOC_VALID
RVW-202605-003754,ALT-202605-004047,RV-01,2026-05-23T08:16:19,CLEARED_FALSE_POSITIVE,ID_VERIFIED
RVW-202605-003755,ALT-202605-004048,RV-04,2026-05-20T10:44:34,INSUFFICIENT_EVIDENCE,AGED_OUT
RVW-202605-003756,ALT-202605-004049,RV-04,2026-05-12T09:43:27,CONFIRMED_FRAUD,MULE_CONFIRMED
RVW-202605-003757,ALT-202605-004050,RV-04,2026-05-13T16:19:14,CLEARED_FALSE_POSITIVE,DOC_VALID
RVW-202605-003758,ALT-202605-004051,RV-04,2026-06-01T18:32:23,CLEARED_FALSE_POSITIVE,DOC_VALID
RVW-202605-003759,ALT-202605-004052,RV-02,2026-05-05T12:16:55,CLEARED_FALSE_POSITIVE,CUSTOMER_CONTACTED
RVW-202605-003760,ALT-202605-004053,RV-03,2026-05-18T21:26:19,CLEARED_FALSE_POSITIVE,DOC_VALID
RVW-202605-003761,ALT-202605-004054,RV-06,2026-06-04T13:12:22,CLEARED_FALSE_POSITIVE,ID_VERIFIED
RVW-202605-003762,ALT-202605-004055,RV-04,2026-05-29T12:32:04,CLEARED_FALSE_POSITIVE,DOC_VALID
RVW-202605-003763,ALT-202605-004056,RV-06,2026-05-09T07:40:18,CLEARED_FALSE_POSITIVE,ID_VERIFIED
RVW-202605-003764,ALT-202605-004057,RV-06,2026-05-21T06:49:07,CONFIRMED_FRAUD,DOC_FORGED
RVW-202605-003765,ALT-202605-004058,RV-05,2026-05-10T22:47:08,CLEARED_FALSE_POSITIVE,KNOWN_DEVICE
RVW-202605-003766,ALT-202605-004059,RV-06,2026-05-15T13:47:01,INSUFFICIENT_EVIDENCE,DATA_UNAVAILABLE
RVW-202605-003767,ALT-202605-004060,RV-05,2026-05-20T20:40:41,CLEARED_FALSE_POSITIVE,ID_VERIFIED
RVW-202605-003768,ALT-202605-004063,RV-01,2026-05-11T11:57:07,CLEARED_FALSE_POSITIVE,CUSTOMER_CONTACTED
RVW-202605-003769,ALT-202605-004064,RV-05,2026-05-05T17:25:12,CLEARED_FALSE_POSITIVE,KNOWN_DEVICE
RVW-202605-003770,ALT-202605-004065,RV-05,2026-06-10T12:28:46,CLEARED_FALSE_POSITIVE,CUSTOMER_CONTACTED
RVW-202605-003771,ALT-202605-004066,RV-05,2026-05-14T17:37:25,CLEARED_FALSE_POSITIVE,DOC_VALID
RVW-202605-003772,ALT-202605-004067,RV-02,2026-05-13T07:34:37,CLEARED_FALSE_POSITIVE,DOC_VALID
RVW-202605-003773,ALT-202605-004068,RV-02,2026-05-30T18:59:49,CLEARED_FALSE_POSITIVE,KNOWN_DEVICE
RVW-202605-003774,ALT-202605-004069,RV-04,2026-05-31T09:36:04,CLEARED_FALSE_POSITIVE,DOC_VALID
RVW-202605-003775,ALT-202605-004070,RV-03,2026-06-02T21:14:30,CLEARED_FALSE_POSITIVE,CUSTOMER_CONTACTED
RVW-202605-003776,ALT-202605-004071,RV-02,2026-05-18T10:06:15,CLEARED_FALSE_POSITIVE,KNOWN_DEVICE
RVW-202605-003777,ALT-202605-004072,RV-04,2026-05-21T15:14:03,CONFIRMED_FRAUD,ATO_CONFIRMED
RVW-202605-003778,ALT-202605-004073,RV-04,2026-05-18T22:40:26,CONFIRMED_FRAUD,DOC_FORGED
RVW-202605-003779,ALT-202605-004074,RV-03,2026-06-02T19:58:49,INSUFFICIENT_EVIDENCE,DATA_UNAVAILABLE
RVW-202605-003780,ALT-202605-004075,RV-04,2026-06-01T15:04:57,CONFIRMED_FRAUD,SYNTH_ID_CONFIRMED
RVW-202605-003781,ALT-202605-004077,RV-03,2026-05-29T09:52:16,CLEARED_FALSE_POSITIVE,ID_VERIFIED
RVW-202605-003782,ALT-202605-004078,RV-01,2026-05-02T21:25:07,CLEARED_FALSE_POSITIVE,DOC_VALID
RVW-202605-003783,ALT-202605-004079,RV-06,2026-05-27T12:34:33,INSUFFICIENT_EVIDENCE,DATA_UNAVAILABLE
RVW-202605-003784,ALT-202605-004080,RV-01,2026-05-31T14:07:41,CONFIRMED_FRAUD,SYNTH_ID_CONFIRMED
RVW-202605-003785,ALT-202605-004081,RV-05,2026-05-23T21:44:38,CLEARED_FALSE_POSITIVE,DOC_VALID
RVW-202605-003786,ALT-202605-004082,RV-03,2026-05-16T22:09:28,CLEARED_FALSE_POSITIVE,KNOWN_DEVICE
RVW-202605-003787,ALT-202605-004083,RV-01,2026-05-28T19:56:19,CLEARED_FALSE_POSITIVE,DOC_VALID
RVW-202605-003788,ALT-202605-004084,RV-01,2026-05-09T15:51:03,CLEARED_FALSE_POSITIVE,CUSTOMER_CONTACTED
RVW-202605-003789,ALT-202605-004085,RV-02,2026-05-27T13:48:41,CLEARED_FALSE_POSITIVE,DOC_VALID
RVW-202605-003790,ALT-202605-004086,RV-03,2026-06-02T15:44:42,CLEARED_FALSE_POSITIVE,CUSTOMER_CONTACTED
RVW-202605-003791,ALT-202605-004087,RV-03,2026-06-01T17:01:00,CLEARED_FALSE_POSITIVE,CUSTOMER_CONTACTED
RVW-202605-003792,ALT-202605-004088,RV-02,2026-05-17T18:17:35,INSUFFICIENT_EVIDENCE,AGED_OUT
RVW-202605-003793,ALT-202605-004089,RV-05,2026-05-08T10:17:46,CLEARED_FALSE_POSITIVE,CUSTOMER_CONTACTED
RVW-202605-003794,ALT-202605-004090,RV-01,2026-05-05T06:13:58,CLEARED_FALSE_POSITIVE,KNOWN_DEVICE
RVW-202605-003795,ALT-202605-004091,RV-02,2026-05-30T09:51:31,CONFIRMED_FRAUD,SYNTH_ID_CONFIRMED
RVW-202605-003796,ALT-202605-004092,RV-06,2026-06-05T21:39:00,INSUFFICIENT_EVIDENCE,DATA_UNAVAILABLE
RVW-202605-003797,ALT-202605-004093,RV-02,2026-05-18T14:00:03,INSUFFICIENT_EVIDENCE,DATA_UNAVAILABLE
RVW-202605-003798,ALT-202605-004094,RV-02,2026-05-21T09:35:34,CLEARED_FALSE_POSITIVE,DOC_VALID
RVW-202605-003799,ALT-202605-004095,RV-06,2026-05-29T06:07:21,CONFIRMED_FRAUD,ATO_CONFIRMED
RVW-202605-003800,ALT-202605-004096,RV-01,2026-05-15T07:03:56,CLEARED_FALSE_POSITIVE,ID_VERIFIED
RVW-202605-003801,ALT-202605-004097,RV-04,2026-05-16T10:48:48,CLEARED_FALSE_POSITIVE,ID_VERIFIED
RVW-202605-003802,ALT-202605-004098,RV-03,2026-05-31T13:22:44,CLEARED_FALSE_POSITIVE,DOC_VALID
RVW-202605-003803,ALT-202605-004099,RV-01,2026-06-01T12:29:56,CLEARED_FALSE_POSITIVE,CUSTOMER_CONTACTED
RVW-202605-003804,ALT-202605-004100,RV-02,2026-05-23T13:38:25,CONFIRMED_FRAUD,DOC_FORGED
RVW-202605-003805,ALT-202605-004101,RV-05,2026-05-14T19:35:17,CLEARED_FALSE_POSITIVE,KNOWN_DEVICE
RVW-202605-003806,ALT-202605-004102,RV-03,2026-05-29T11:31:17,INSUFFICIENT_EVIDENCE,AGED_OUT
RVW-202605-003807,ALT-202605-004103,RV-05,2026-05-12T06:55:06,CLEARED_FALSE_POSITIVE,CUSTOMER_CONTACTED
RVW-202605-003808,ALT-202605-004104,RV-02,2026-05-20T09:30:01,CLEARED_FALSE_POSITIVE,DOC_VALID
RVW-202605-003809,ALT-202605-004105,RV-04,2026-05-09T20:14:49,CONFIRMED_FRAUD,SYNTH_ID_CONFIRMED
RVW-202605-003810,ALT-202605-004106,RV-04,2026-05-25T16:27:33,CLEARED_FALSE_POSITIVE,ID_VERIFIED
RVW-202605-003811,ALT-202605-004107,RV-04,2026-05-12T22:44:10,CLEARED_FALSE_POSITIVE,ID_VERIFIED
RVW-202605-003812,ALT-202605-004108,RV-02,2026-05-28T06:28:16,CLEARED_FALSE_POSITIVE,DOC_VALID
RVW-202605-003813,ALT-202605-004109,RV-05,2026-05-28T19:48:44,CLEARED_FALSE_POSITIVE,DOC_VALID
RVW-202605-003814,ALT-202605-004110,RV-05,2026-05-24T10:57:56,INSUFFICIENT_EVIDENCE,AGED_OUT
RVW-202605-003815,ALT-202605-004111,RV-03,2026-05-23T13:01:16,CLEARED_FALSE_POSITIVE,ID_VERIFIED
RVW-202605-003816,ALT-202605-004112,RV-02,2026-05-15T12:01:52,CLEARED_FALSE_POSITIVE,KNOWN_DEVICE
RVW-202605-003817,ALT-202605-004113,RV-03,2026-06-03T18:16:06,CLEARED_FALSE_POSITIVE,KNOWN_DEVICE
RVW-202605-003818,ALT-202605-004114,RV-01,2026-05-31T21:29:06,CLEARED_FALSE_POSITIVE,DOC_VALID
RVW-202605-003819,ALT-202605-004115,RV-06,2026-05-25T13:09:24,INSUFFICIENT_EVIDENCE,NO_CONTACT
RVW-202605-003820,ALT-202605-004116,RV-02,2026-05-27T21:51:10,CONFIRMED_FRAUD,MULE_CONFIRMED
RVW-202605-003821,ALT-202605-004117,RV-02,2026-06-02T12:43:41,CLEARED_FALSE_POSITIVE,ID_VERIFIED
RVW-202605-003822,ALT-202605-004118,RV-03,2026-06-06T20:43:13,CLEARED_FALSE_POSITIVE,KNOWN_DEVICE
RVW-202605-003823,ALT-202605-004120,RV-05,2026-05-22T20:16:28,CONFIRMED_FRAUD,MULE_CONFIRMED
RVW-202605-003824,ALT-202605-004121,RV-06,2026-06-05T19:04:16,CONFIRMED_FRAUD,ATO_CONFIRMED
RVW-202605-003825,ALT-202605-004122,RV-02,2026-05-08T10:34:03,CLEARED_FALSE_POSITIVE,CUSTOMER_CONTACTED
RVW-202605-003826,ALT-202605-004123,RV-02,2026-05-20T08:47:32,CLEARED_FALSE_POSITIVE,ID_VERIFIED
RVW-202605-003827,ALT-202605-004124,RV-01,2026-06-02T15:18:46,CONFIRMED_FRAUD,MULE_CONFIRMED
RVW-202605-003828,ALT-202605-004125,RV-05,2026-05-18T19:12:16,CLEARED_FALSE_POSITIVE,ID_VERIFIED
RVW-202605-003829,ALT-202605-004126,RV-02,2026-05-30T17:56:02,CLEARED_FALSE_POSITIVE,KNOWN_DEVICE
RVW-202605-003830,ALT-202605-004127,RV-03,2026-05-24T18:02:52,CONFIRMED_FRAUD,SYNTH_ID_CONFIRMED
RVW-202605-003831,ALT-202605-004128,RV-04,2026-05-22T16:26:13,CLEARED_FALSE_POSITIVE,DOC_VALID
RVW-202605-003832,ALT-202605-004129,RV-01,2026-05-13T18:22:20,CLEARED_FALSE_POSITIVE,CUSTOMER_CONTACTED
RVW-202605-003833,ALT-202605-004130,RV-05,2026-05-21T19:24:12,CONFIRMED_FRAUD,SYNTH_ID_CONFIRMED
RVW-202605-003834,ALT-202605-004131,RV-03,2026-05-09T08:59:48,CLEARED_FALSE_POSITIVE,KNOWN_DEVICE
RVW-202605-003835,ALT-202605-004132,RV-02,2026-05-05T19:41:03,CLEARED_FALSE_POSITIVE,KNOWN_DEVICE
RVW-202605-003836,ALT-202605-004133,RV-04,2026-05-25T15:13:04,CLEARED_FALSE_POSITIVE,CUSTOMER_CONTACTED
RVW-202605-003837,ALT-202605-004134,RV-02,2026-06-05T13:58:59,CONFIRMED_FRAUD,MULE_CONFIRMED
RVW-202605-003838,ALT-202605-004135,RV-04,2026-05-19T06:37:52,CLEARED_FALSE_POSITIVE,ID_VERIFIED
RVW-202605-003839,ALT-202605-004136,RV-06,2026-05-30T10:17:02,CLEARED_FALSE_POSITIVE,ID_VERIFIED
RVW-202605-003840,ALT-202605-004137,RV-02,2026-05-28T21:23:47,CLEARED_FALSE_POSITIVE,DOC_VALID
RVW-202605-003841,ALT-202605-004138,RV-02,2026-05-19T11:07:10,CONFIRMED_FRAUD,SYNTH_ID_CONFIRMED
RVW-202605-003842,ALT-202605-004139,RV-01,2026-06-05T18:38:45,CLEARED_FALSE_POSITIVE,ID_VERIFIED
RVW-202605-003843,ALT-202605-004140,RV-05,2026-05-04T10:04:01,CONFIRMED_FRAUD,MULE_CONFIRMED
RVW-202605-003844,ALT-202605-004141,RV-03,2026-05-24T12:49:26,CLEARED_FALSE_POSITIVE,KNOWN_DEVICE
RVW-202605-003845,ALT-202605-004142,RV-05,2026-05-20T16:02:49,CLEARED_FALSE_POSITIVE,DOC_VALID
RVW-202605-003846,ALT-202605-004143,RV-06,2026-05-16T08:38:12,CLEARED_FALSE_POSITIVE,DOC_VALID
RVW-202605-003847,ALT-202605-004144,RV-01,2026-05-27T20:20:22,CLEARED_FALSE_POSITIVE,DOC_VALID
RVW-202605-003848,ALT-202605-004145,RV-03,2026-05-13T15:09:34,CLEARED_FALSE_POSITIVE,KNOWN_DEVICE
RVW-202605-003849,ALT-202605-004146,RV-06,2026-05-31T08:06:39,INSUFFICIENT_EVIDENCE,DATA_UNAVAILABLE
RVW-202605-003850,ALT-202605-004147,RV-06,2026-05-22T17:40:30,CLEARED_FALSE_POSITIVE,DOC_VALID
RVW-202605-003851,ALT-202605-004148,RV-04,2026-06-06T22:25:58,CONFIRMED_FRAUD,MULE_CONFIRMED
RVW-202605-003852,ALT-202605-004149,RV-03,2026-05-29T21:56:31,CONFIRMED_FRAUD,DOC_FORGED
RVW-202605-003853,ALT-202605-004150,RV-01,2026-05-23T07:57:25,INSUFFICIENT_EVIDENCE,NO_CONTACT
RVW-202605-003854,ALT-202605-004151,RV-05,2026-05-13T12:13:01,CLEARED_FALSE_POSITIVE,KNOWN_DEVICE
RVW-202605-003855,ALT-202605-004152,RV-04,2026-05-26T15:33:51,CONFIRMED_FRAUD,MULE_CONFIRMED
RVW-202605-003856,ALT-202605-004153,RV-03,2026-06-07T16:28:11,CLEARED_FALSE_POSITIVE,CUSTOMER_CONTACTED
RVW-202605-003857,ALT-202605-004154,RV-01,2026-05-11T08:39:42,CONFIRMED_FRAUD,DOC_FORGED
RVW-202605-003858,ALT-202605-004155,RV-04,2026-05-20T11:38:23,CLEARED_FALSE_POSITIVE,CUSTOMER_CONTACTED
RVW-202605-003859,ALT-202605-004156,RV-03,2026-05-23T10:00:23,CLEARED_FALSE_POSITIVE,CUSTOMER_CONTACTED
RVW-202605-003860,ALT-202605-004157,RV-04,2026-05-04T13:50:37,CLEARED_FALSE_POSITIVE,KNOWN_DEVICE
RVW-202605-003861,ALT-202605-004159,RV-04,2026-05-13T14:53:35,CLEARED_FALSE_POSITIVE,ID_VERIFIED
RVW-202605-003862,ALT-202605-004160,RV-03,2026-05-08T14:11:00,CONFIRMED_FRAUD,ATO_CONFIRMED
RVW-202605-003863,ALT-202605-004162,RV-01,2026-05-19T21:38:58,CLEARED_FALSE_POSITIVE,KNOWN_DEVICE
RVW-202605-003864,ALT-202605-004163,RV-06,2026-05-26T22:28:13,CONFIRMED_FRAUD,DOC_FORGED
RVW-202605-003865,ALT-202605-004164,RV-01,2026-05-23T14:24:40,CLEARED_FALSE_POSITIVE,CUSTOMER_CONTACTED
RVW-202605-003866,ALT-202605-004165,RV-06,2026-05-24T20:52:23,CLEARED_FALSE_POSITIVE,KNOWN_DEVICE
RVW-202605-003867,ALT-202605-004166,RV-05,2026-06-06T14:31:58,CONFIRMED_FRAUD,DOC_FORGED
RVW-202605-003868,ALT-202605-004167,RV-03,2026-05-09T15:12:50,INSUFFICIENT_EVIDENCE,NO_CONTACT
RVW-202605-003869,ALT-202605-004168,RV-04,2026-05-29T18:55:46,CLEARED_FALSE_POSITIVE,DOC_VALID
RVW-202605-003870,ALT-202605-004170,RV-01,2026-05-27T19:58:55,CLEARED_FALSE_POSITIVE,CUSTOMER_CONTACTED
RVW-202605-003871,ALT-202605-004171,RV-03,2026-06-06T18:34:45,CLEARED_FALSE_POSITIVE,DOC_VALID
RVW-202605-003872,ALT-202605-004172,RV-04,2026-05-26T13:38:31,CLEARED_FALSE_POSITIVE,CUSTOMER_CONTACTED
RVW-202605-003873,ALT-202605-004173,RV-05,2026-05-29T13:21:06,CLEARED_FALSE_POSITIVE,DOC_VALID
RVW-202605-003874,ALT-202605-004174,RV-06,2026-05-29T10:21:16,INSUFFICIENT_EVIDENCE,DATA_UNAVAILABLE
RVW-202605-003875,ALT-202605-004175,RV-06,2026-05-27T08:41:20,INSUFFICIENT_EVIDENCE,NO_CONTACT
RVW-202605-003876,ALT-202605-004176,RV-04,2026-06-04T11:31:04,CLEARED_FALSE_POSITIVE,KNOWN_DEVICE
RVW-202605-003877,ALT-202605-004177,RV-04,2026-05-19T10:12:18,CONFIRMED_FRAUD,DOC_FORGED
RVW-202605-003878,ALT-202605-004178,RV-06,2026-06-08T18:00:59,CLEARED_FALSE_POSITIVE,DOC_VALID
RVW-202605-003879,ALT-202605-004180,RV-02,2026-05-25T08:57:08,CLEARED_FALSE_POSITIVE,DOC_VALID
RVW-202605-003880,ALT-202605-004181,RV-06,2026-05-16T17:32:37,CLEARED_FALSE_POSITIVE,DOC_VALID
RVW-202605-003881,ALT-202605-004182,RV-01,2026-05-30T07:52:24,CONFIRMED_FRAUD,ATO_CONFIRMED
RVW-202605-003882,ALT-202605-004183,RV-05,2026-05-22T14:44:55,CLEARED_FALSE_POSITIVE,KNOWN_DEVICE
RVW-202605-003883,ALT-202605-004184,RV-03,2026-05-24T18:55:27,CLEARED_FALSE_POSITIVE,KNOWN_DEVICE
RVW-202605-003884,ALT-202605-004185,RV-04,2026-05-19T12:55:39,CLEARED_FALSE_POSITIVE,ID_VERIFIED
RVW-202605-003885,ALT-202605-004186,RV-03,2026-05-27T19:35:33,CLEARED_FALSE_POSITIVE,KNOWN_DEVICE
RVW-202605-003886,ALT-202605-004187,RV-04,2026-05-24T16:14:29,CLEARED_FALSE_POSITIVE,KNOWN_DEVICE
RVW-202605-003887,ALT-202605-004188,RV-02,2026-06-02T10:48:04,CLEARED_FALSE_POSITIVE,CUSTOMER_CONTACTED
RVW-202605-003888,ALT-202605-004189,RV-03,2026-05-14T12:21:12,CLEARED_FALSE_POSITIVE,KNOWN_DEVICE
RVW-202605-003889,ALT-202605-004190,RV-05,2026-05-20T21:07:47,CONFIRMED_FRAUD,SYNTH_ID_CONFIRMED
RVW-202605-003890,ALT-202605-004191,RV-04,2026-05-13T09:08:22,CLEARED_FALSE_POSITIVE,KNOWN_DEVICE
RVW-202605-003891,ALT-202605-004192,RV-05,2026-05-14T14:22:16,CONFIRMED_FRAUD,MULE_CONFIRMED
RVW-202605-003892,ALT-202605-004193,RV-06,2026-05-15T09:21:20,CLEARED_FALSE_POSITIVE,DOC_VALID
RVW-202605-003893,ALT-202605-004194,RV-01,2026-05-13T15:09:52,CLEARED_FALSE_POSITIVE,CUSTOMER_CONTACTED
RVW-202605-003894,ALT-202605-004195,RV-03,2026-05-19T08:45:06,CLEARED_FALSE_POSITIVE,ID_VERIFIED
RVW-202605-003895,ALT-202605-004197,RV-02,2026-06-03T06:04:12,CONFIRMED_FRAUD,SYNTH_ID_CONFIRMED
RVW-202605-003896,ALT-202605-004198,RV-04,2026-05-25T15:00:11,CLEARED_FALSE_POSITIVE,ID_VERIFIED
RVW-202605-003897,ALT-202605-004199,RV-01,2026-05-19T19:56:37,CLEARED_FALSE_POSITIVE,KNOWN_DEVICE
RVW-202605-003898,ALT-202605-004200,RV-05,2026-05-24T13:34:41,CLEARED_FALSE_POSITIVE,ID_VERIFIED
RVW-202605-003899,ALT-202605-004201,RV-04,2026-05-29T18:49:48,CLEARED_FALSE_POSITIVE,DOC_VALID
RVW-202605-003900,ALT-202605-004202,RV-06,2026-05-19T15:28:10,CLEARED_FALSE_POSITIVE,KNOWN_DEVICE
RVW-202605-003901,ALT-202605-004203,RV-06,2026-06-01T08:50:09,INSUFFICIENT_EVIDENCE,AGED_OUT
RVW-202605-003902,ALT-202605-004205,RV-05,2026-05-23T19:00:44,CLEARED_FALSE_POSITIVE,CUSTOMER_CONTACTED
RVW-202605-003903,ALT-202605-004206,RV-05,2026-06-05T11:58:02,CLEARED_FALSE_POSITIVE,ID_VERIFIED
RVW-202605-003904,ALT-202605-004207,RV-06,2026-05-19T18:51:14,CLEARED_FALSE_POSITIVE,KNOWN_DEVICE
RVW-202605-003905,ALT-202605-004208,RV-05,2026-05-20T10:41:12,CONFIRMED_FRAUD,SYNTH_ID_CONFIRMED
RVW-202605-003906,ALT-202605-004209,RV-03,2026-05-17T09:22:35,INSUFFICIENT_EVIDENCE,NO_CONTACT
RVW-202605-003907,ALT-202605-004210,RV-02,2026-05-24T09:32:50,CLEARED_FALSE_POSITIVE,KNOWN_DEVICE
RVW-202605-003908,ALT-202605-004211,RV-03,2026-05-14T16:17:56,CLEARED_FALSE_POSITIVE,KNOWN_DEVICE
RVW-202605-003909,ALT-202605-004212,RV-03,2026-05-19T09:38:15,CLEARED_FALSE_POSITIVE,CUSTOMER_CONTACTED
RVW-202605-003910,ALT-202605-004213,RV-02,2026-05-25T14:45:52,CLEARED_FALSE_POSITIVE,ID_VERIFIED
RVW-202605-003911,ALT-202605-004214,RV-05,2026-05-25T22:14:18,CLEARED_FALSE_POSITIVE,CUSTOMER_CONTACTED
RVW-202605-003912,ALT-202605-004215,RV-06,2026-05-16T10:10:53,CLEARED_FALSE_POSITIVE,ID_VERIFIED
RVW-202605-003913,ALT-202605-004216,RV-04,2026-05-18T15:58:44,CONFIRMED_FRAUD,MULE_CONFIRMED
RVW-202605-003914,ALT-202605-004217,RV-02,2026-06-01T20:27:11,CLEARED_FALSE_POSITIVE,KNOWN_DEVICE
RVW-202605-003915,ALT-202605-004218,RV-01,2026-05-07T20:45:58,CLEARED_FALSE_POSITIVE,ID_VERIFIED
RVW-202605-003916,ALT-202605-004219,RV-05,2026-05-16T22:01:16,CLEARED_FALSE_POSITIVE,ID_VERIFIED
RVW-202605-003917,ALT-202605-004220,RV-06,2026-06-01T18:18:55,CLEARED_FALSE_POSITIVE,KNOWN_DEVICE
RVW-202605-003918,ALT-202605-004221,RV-02,2026-05-23T15:38:57,CONFIRMED_FRAUD,SYNTH_ID_CONFIRMED
RVW-202605-003919,ALT-202605-004222,RV-06,2026-05-13T17:49:18,CONFIRMED_FRAUD,MULE_CONFIRMED
RVW-202605-003920,ALT-202605-004223,RV-02,2026-06-01T17:36:27,CLEARED_FALSE_POSITIVE,CUSTOMER_CONTACTED
RVW-202605-003921,ALT-202605-004224,RV-06,2026-05-24T17:22:49,CLEARED_FALSE_POSITIVE,ID_VERIFIED
RVW-202605-003922,ALT-202605-004225,RV-02,2026-05-09T22:08:34,CLEARED_FALSE_POSITIVE,CUSTOMER_CONTACTED
RVW-202605-003923,ALT-202605-004226,RV-06,2026-05-26T21:03:58,CLEARED_FALSE_POSITIVE,CUSTOMER_CONTACTED
RVW-202605-003924,ALT-202605-004227,RV-05,2026-05-14T12:18:34,CONFIRMED_FRAUD,SYNTH_ID_CONFIRMED
RVW-202605-003925,ALT-202605-004228,RV-01,2026-06-02T06:01:21,CLEARED_FALSE_POSITIVE,DOC_VALID
RVW-202605-003926,ALT-202605-004229,RV-04,2026-05-30T15:50:45,CONFIRMED_FRAUD,DOC_FORGED
RVW-202605-003927,ALT-202605-004230,RV-02,2026-06-11T18:15:51,CLEARED_FALSE_POSITIVE,ID_VERIFIED
RVW-202605-003928,ALT-202605-004231,RV-03,2026-05-19T09:17:37,CLEARED_FALSE_POSITIVE,CUSTOMER_CONTACTED
RVW-202605-003929,ALT-202605-004232,RV-06,2026-05-16T22:00:28,CLEARED_FALSE_POSITIVE,CUSTOMER_CONTACTED
RVW-202605-003930,ALT-202605-004233,RV-06,2026-05-13T17:55:04,CLEARED_FALSE_POSITIVE,CUSTOMER_CONTACTED
RVW-202605-003931,ALT-202605-004234,RV-06,2026-05-11T12:35:04,CONFIRMED_FRAUD,SYNTH_ID_CONFIRMED
RVW-202605-003932,ALT-202605-004235,RV-06,2026-06-05T17:59:26,CLEARED_FALSE_POSITIVE,KNOWN_DEVICE
RVW-202605-003933,ALT-202605-004236,RV-03,2026-05-31T07:04:18,CLEARED_FALSE_POSITIVE,DOC_VALID
RVW-202605-003934,ALT-202605-004238,RV-05,2026-05-27T13:43:27,INSUFFICIENT_EVIDENCE,AGED_OUT
RVW-202605-003935,ALT-202605-004239,RV-04,2026-06-09T20:12:35,CLEARED_FALSE_POSITIVE,KNOWN_DEVICE
RVW-202605-003936,ALT-202605-004241,RV-02,2026-05-23T21:36:23,CONFIRMED_FRAUD,ATO_CONFIRMED
RVW-202605-003937,ALT-202605-004242,RV-05,2026-05-31T16:23:59,CLEARED_FALSE_POSITIVE,ID_VERIFIED
RVW-202605-003938,ALT-202605-004244,RV-04,2026-05-29T07:03:39,CLEARED_FALSE_POSITIVE,DOC_VALID
RVW-202605-003939,ALT-202605-004245,RV-04,2026-05-19T16:45:31,CLEARED_FALSE_POSITIVE,ID_VERIFIED
RVW-202605-003940,ALT-202605-004246,RV-03,2026-05-15T22:59:22,CLEARED_FALSE_POSITIVE,KNOWN_DEVICE
RVW-202605-003941,ALT-202605-004247,RV-06,2026-05-03T15:35:10,INSUFFICIENT_EVIDENCE,DATA_UNAVAILABLE
RVW-202605-003942,ALT-202605-004248,RV-02,2026-05-22T19:25:24,CLEARED_FALSE_POSITIVE,CUSTOMER_CONTACTED
RVW-202605-003943,ALT-202605-004250,RV-02,2026-05-13T15:13:39,CLEARED_FALSE_POSITIVE,CUSTOMER_CONTACTED
RVW-202605-003944,ALT-202605-004251,RV-05,2026-05-31T08:47:22,CLEARED_FALSE_POSITIVE,KNOWN_DEVICE
RVW-202605-003945,ALT-202605-004252,RV-01,2026-05-24T07:18:34,CONFIRMED_FRAUD,DOC_FORGED
RVW-202605-003946,ALT-202605-004253,RV-04,2026-05-11T16:21:11,CLEARED_FALSE_POSITIVE,DOC_VALID
RVW-202605-003947,ALT-202605-004254,RV-06,2026-05-14T16:00:48,CONFIRMED_FRAUD,ATO_CONFIRMED
RVW-202605-003948,ALT-202605-004256,RV-05,2026-05-12T21:57:14,CLEARED_FALSE_POSITIVE,KNOWN_DEVICE
RVW-202605-003949,ALT-202605-004257,RV-01,2026-05-23T07:03:31,CLEARED_FALSE_POSITIVE,CUSTOMER_CONTACTED
RVW-202605-003950,ALT-202605-004258,RV-01,2026-05-11T13:31:53,CLEARED_FALSE_POSITIVE,KNOWN_DEVICE
RVW-202605-003951,ALT-202605-004259,RV-04,2026-05-30T20:26:59,CLEARED_FALSE_POSITIVE,CUSTOMER_CONTACTED
RVW-202605-003952,ALT-202605-004260,RV-03,2026-05-08T20:10:46,CLEARED_FALSE_POSITIVE,DOC_VALID
RVW-202605-003953,ALT-202605-004261,RV-04,2026-05-13T14:37:39,CLEARED_FALSE_POSITIVE,KNOWN_DEVICE
RVW-202605-003954,ALT-202605-004262,RV-04,2026-05-26T11:46:30,CLEARED_FALSE_POSITIVE,DOC_VALID
RVW-202605-003955,ALT-202605-004263,RV-06,2026-05-18T12:37:50,CLEARED_FALSE_POSITIVE,ID_VERIFIED
RVW-202605-003956,ALT-202605-004264,RV-02,2026-05-15T08:59:08,CLEARED_FALSE_POSITIVE,CUSTOMER_CONTACTED
RVW-202605-003957,ALT-202605-004265,RV-01,2026-05-05T10:19:57,CONFIRMED_FRAUD,SYNTH_ID_CONFIRMED
RVW-202605-003958,ALT-202605-004266,RV-03,2026-05-10T07:00:04,CLEARED_FALSE_POSITIVE,DOC_VALID
RVW-202605-003959,ALT-202605-004267,RV-06,2026-05-19T08:26:29,CLEARED_FALSE_POSITIVE,KNOWN_DEVICE
RVW-202605-003960,ALT-202605-004268,RV-03,2026-05-14T20:56:55,CLEARED_FALSE_POSITIVE,KNOWN_DEVICE
RVW-202605-003961,ALT-202605-004269,RV-03,2026-05-07T21:38:53,INSUFFICIENT_EVIDENCE,NO_CONTACT
RVW-202605-003962,ALT-202605-004270,RV-02,2026-05-16T10:53:50,CLEARED_FALSE_POSITIVE,DOC_VALID
RVW-202605-003963,ALT-202605-004271,RV-04,2026-05-10T21:50:02,CLEARED_FALSE_POSITIVE,ID_VERIFIED
RVW-202605-003964,ALT-202605-004272,RV-01,2026-05-31T18:38:07,CLEARED_FALSE_POSITIVE,ID_VERIFIED
RVW-202605-003965,ALT-202605-004273,RV-02,2026-06-06T18:29:33,CLEARED_FALSE_POSITIVE,ID_VERIFIED
RVW-202605-003966,ALT-202605-004274,RV-05,2026-05-13T12:54:04,CLEARED_FALSE_POSITIVE,DOC_VALID
RVW-202605-003967,ALT-202605-004275,RV-01,2026-05-21T19:18:24,CLEARED_FALSE_POSITIVE,KNOWN_DEVICE
RVW-202605-003968,ALT-202605-004276,RV-06,2026-05-20T18:15:34,CLEARED_FALSE_POSITIVE,ID_VERIFIED
RVW-202605-003969,ALT-202605-004277,RV-05,2026-05-19T15:08:49,CONFIRMED_FRAUD,MULE_CONFIRMED
RVW-202605-003970,ALT-202605-004278,RV-04,2026-05-19T17:46:21,CLEARED_FALSE_POSITIVE,KNOWN_DEVICE
RVW-202605-003971,ALT-202605-004279,RV-03,2026-05-12T19:24:11,CLEARED_FALSE_POSITIVE,KNOWN_DEVICE
RVW-202605-003972,ALT-202605-004280,RV-01,2026-05-09T09:52:47,CLEARED_FALSE_POSITIVE,CUSTOMER_CONTACTED
RVW-202605-003973,ALT-202605-004281,RV-04,2026-06-04T10:16:08,CLEARED_FALSE_POSITIVE,ID_VERIFIED
RVW-202605-003974,ALT-202605-004282,RV-03,2026-05-18T14:16:57,CONFIRMED_FRAUD,MULE_CONFIRMED
RVW-202605-003975,ALT-202605-004283,RV-06,2026-05-18T18:43:45,INSUFFICIENT_EVIDENCE,DATA_UNAVAILABLE
RVW-202605-003976,ALT-202605-004285,RV-05,2026-05-20T06:38:53,INSUFFICIENT_EVIDENCE,DATA_UNAVAILABLE
RVW-202605-003977,ALT-202605-004286,RV-04,2026-05-13T18:36:09,CLEARED_FALSE_POSITIVE,KNOWN_DEVICE
RVW-202605-003978,ALT-202605-004287,RV-02,2026-05-20T06:13:36,INSUFFICIENT_EVIDENCE,NO_CONTACT
RVW-202605-003979,ALT-202605-004288,RV-04,2026-05-31T16:29:23,CLEARED_FALSE_POSITIVE,DOC_VALID
RVW-202605-003980,ALT-202605-004289,RV-02,2026-05-24T21:20:25,INSUFFICIENT_EVIDENCE,NO_CONTACT
RVW-202605-003981,ALT-202605-004290,RV-02,2026-05-13T19:14:52,INSUFFICIENT_EVIDENCE,AGED_OUT
RVW-202605-003982,ALT-202605-004291,RV-06,2026-05-21T06:17:10,CLEARED_FALSE_POSITIVE,DOC_VALID
RVW-202605-003983,ALT-202605-004292,RV-02,2026-05-28T20:17:08,CLEARED_FALSE_POSITIVE,DOC_VALID
RVW-202605-003984,ALT-202605-004293,RV-02,2026-05-19T08:05:21,CLEARED_FALSE_POSITIVE,KNOWN_DEVICE
RVW-202605-003985,ALT-202605-004295,RV-04,2026-06-02T09:05:44,CLEARED_FALSE_POSITIVE,CUSTOMER_CONTACTED
RVW-202605-003986,ALT-202605-004296,RV-01,2026-05-25T09:33:05,CLEARED_FALSE_POSITIVE,CUSTOMER_CONTACTED
RVW-202605-003987,ALT-202605-004297,RV-01,2026-05-25T12:44:55,CLEARED_FALSE_POSITIVE,ID_VERIFIED
RVW-202605-003988,ALT-202605-004298,RV-03,2026-05-23T16:43:35,CLEARED_FALSE_POSITIVE,DOC_VALID
RVW-202605-003989,ALT-202605-004299,RV-05,2026-05-14T15:40:43,CLEARED_FALSE_POSITIVE,DOC_VALID
RVW-202605-003990,ALT-202605-004301,RV-01,2026-05-12T10:59:54,CLEARED_FALSE_POSITIVE,CUSTOMER_CONTACTED
RVW-202605-003991,ALT-202605-004302,RV-04,2026-06-10T16:20:12,CLEARED_FALSE_POSITIVE,ID_VERIFIED
RVW-202605-003992,ALT-202605-004303,RV-06,2026-05-28T10:29:35,CLEARED_FALSE_POSITIVE,ID_VERIFIED
RVW-202605-003993,ALT-202605-004304,RV-06,2026-05-07T08:02:24,CONFIRMED_FRAUD,ATO_CONFIRMED
RVW-202605-003994,ALT-202605-004305,RV-05,2026-05-25T10:01:04,CONFIRMED_FRAUD,SYNTH_ID_CONFIRMED
RVW-202605-003995,ALT-202605-004306,RV-05,2026-06-04T13:32:29,CONFIRMED_FRAUD,SYNTH_ID_CONFIRMED
RVW-202605-003996,ALT-202605-004307,RV-06,2026-06-09T19:52:00,CLEARED_FALSE_POSITIVE,KNOWN_DEVICE
RVW-202605-003997,ALT-202605-004308,RV-02,2026-05-05T08:55:57,CLEARED_FALSE_POSITIVE,CUSTOMER_CONTACTED
RVW-202605-003998,ALT-202605-004309,RV-05,2026-06-04T16:10:45,CONFIRMED_FRAUD,DOC_FORGED
RVW-202605-003999,ALT-202605-004310,RV-04,2026-05-21T20:30:13,CLEARED_FALSE_POSITIVE,KNOWN_DEVICE
RVW-202605-004000,ALT-202605-004311,RV-05,2026-05-21T13:48:58,CLEARED_FALSE_POSITIVE,DOC_VALID
RVW-202605-004001,ALT-202605-004312,RV-02,2026-06-07T15:15:12,CLEARED_FALSE_POSITIVE,DOC_VALID
RVW-202605-004002,ALT-202605-004313,RV-04,2026-05-22T13:54:37,CLEARED_FALSE_POSITIVE,KNOWN_DEVICE
RVW-202605-004003,ALT-202605-004314,RV-02,2026-05-19T08:59:39,INSUFFICIENT_EVIDENCE,DATA_UNAVAILABLE
RVW-202605-004004,ALT-202605-004315,RV-04,2026-06-07T09:14:38,CLEARED_FALSE_POSITIVE,ID_VERIFIED
RVW-202605-004005,ALT-202605-004316,RV-03,2026-05-20T15:02:52,INSUFFICIENT_EVIDENCE,NO_CONTACT
RVW-202605-004006,ALT-202605-004317,RV-04,2026-05-14T21:33:47,CLEARED_FALSE_POSITIVE,DOC_VALID
RVW-202605-004007,ALT-202605-004318,RV-05,2026-05-13T18:39:01,CONFIRMED_FRAUD,DOC_FORGED
RVW-202605-004008,ALT-202605-004319,RV-06,2026-05-17T08:30:44,INSUFFICIENT_EVIDENCE,AGED_OUT
RVW-202605-004009,ALT-202605-004320,RV-06,2026-05-24T17:30:12,CONFIRMED_FRAUD,DOC_FORGED
RVW-202605-004010,ALT-202605-004321,RV-04,2026-05-23T07:41:49,CLEARED_FALSE_POSITIVE,DOC_VALID
RVW-202605-004011,ALT-202605-004322,RV-05,2026-05-05T08:15:53,CLEARED_FALSE_POSITIVE,ID_VERIFIED
RVW-202605-004012,ALT-202605-004323,RV-02,2026-05-03T17:09:10,CONFIRMED_FRAUD,SYNTH_ID_CONFIRMED
RVW-202605-004013,ALT-202605-004324,RV-05,2026-05-22T13:44:31,CLEARED_FALSE_POSITIVE,ID_VERIFIED
RVW-202605-004014,ALT-202605-004325,RV-06,2026-05-13T07:35:24,CLEARED_FALSE_POSITIVE,CUSTOMER_CONTACTED
RVW-202605-004015,ALT-202605-004326,RV-04,2026-05-19T20:37:28,CLEARED_FALSE_POSITIVE,DOC_VALID
RVW-202605-004016,ALT-202605-004327,RV-04,2026-05-16T09:31:09,CONFIRMED_FRAUD,SYNTH_ID_CONFIRMED
RVW-202605-004017,ALT-202605-004328,RV-03,2026-06-05T18:46:06,CONFIRMED_FRAUD,SYNTH_ID_CONFIRMED
RVW-202605-004018,ALT-202605-004329,RV-02,2026-05-14T07:21:00,CLEARED_FALSE_POSITIVE,ID_VERIFIED
RVW-202605-004019,ALT-202605-004330,RV-04,2026-05-11T17:17:52,CLEARED_FALSE_POSITIVE,ID_VERIFIED
RVW-202605-004020,ALT-202605-004331,RV-05,2026-05-02T15:49:05,CLEARED_FALSE_POSITIVE,DOC_VALID
RVW-202605-004021,ALT-202605-004332,RV-04,2026-05-11T10:44:46,CONFIRMED_FRAUD,ATO_CONFIRMED
RVW-202605-004022,ALT-202605-004333,RV-04,2026-05-15T07:40:07,INSUFFICIENT_EVIDENCE,AGED_OUT
RVW-202605-004023,ALT-202605-004334,RV-02,2026-05-19T09:15:29,CONFIRMED_FRAUD,ATO_CONFIRMED
RVW-202605-004024,ALT-202605-004335,RV-04,2026-05-15T22:54:25,INSUFFICIENT_EVIDENCE,AGED_OUT
RVW-202605-004025,ALT-202605-004336,RV-06,2026-06-04T21:03:13,CLEARED_FALSE_POSITIVE,DOC_VALID
RVW-202605-004026,ALT-202605-004337,RV-06,2026-05-04T22:48:07,INSUFFICIENT_EVIDENCE,NO_CONTACT
RVW-202605-004027,ALT-202605-004338,RV-03,2026-06-08T15:00:18,CLEARED_FALSE_POSITIVE,ID_VERIFIED
RVW-202605-004028,ALT-202605-004339,RV-01,2026-05-03T08:07:25,INSUFFICIENT_EVIDENCE,AGED_OUT
RVW-202605-004029,ALT-202605-004340,RV-02,2026-05-25T19:31:51,INSUFFICIENT_EVIDENCE,DATA_UNAVAILABLE
RVW-202605-004030,ALT-202605-004341,RV-06,2026-06-07T19:44:00,CLEARED_FALSE_POSITIVE,DOC_VALID
RVW-202605-004031,ALT-202605-004342,RV-01,2026-05-04T13:04:38,CLEARED_FALSE_POSITIVE,ID_VERIFIED
RVW-202605-004032,ALT-202605-004343,RV-05,2026-05-26T18:54:19,CLEARED_FALSE_POSITIVE,KNOWN_DEVICE
RVW-202605-004033,ALT-202605-004344,RV-06,2026-06-08T10:46:39,CONFIRMED_FRAUD,SYNTH_ID_CONFIRMED
RVW-202605-004034,ALT-202605-004345,RV-06,2026-05-19T18:31:09,CLEARED_FALSE_POSITIVE,DOC_VALID
RVW-202605-004035,ALT-202605-004346,RV-02,2026-05-28T20:06:44,CONFIRMED_FRAUD,ATO_CONFIRMED
RVW-202605-004036,ALT-202605-004347,RV-06,2026-05-05T08:11:59,CLEARED_FALSE_POSITIVE,CUSTOMER_CONTACTED
RVW-202605-004037,ALT-202605-004348,RV-02,2026-05-18T17:45:20,INSUFFICIENT_EVIDENCE,AGED_OUT
RVW-202605-004038,ALT-202605-004349,RV-02,2026-06-04T15:59:33,CONFIRMED_FRAUD,DOC_FORGED
RVW-202605-004039,ALT-202605-004350,RV-03,2026-05-31T20:27:47,CLEARED_FALSE_POSITIVE,CUSTOMER_CONTACTED
RVW-202605-004040,ALT-202605-004351,RV-03,2026-05-11T07:34:18,CLEARED_FALSE_POSITIVE,DOC_VALID
RVW-202605-004041,ALT-202605-004352,RV-05,2026-05-19T11:49:04,CLEARED_FALSE_POSITIVE,DOC_VALID
RVW-202605-004042,ALT-202605-004353,RV-04,2026-05-21T18:39:13,CLEARED_FALSE_POSITIVE,ID_VERIFIED
RVW-202605-004043,ALT-202605-004354,RV-05,2026-05-21T13:58:28,CLEARED_FALSE_POSITIVE,ID_VERIFIED
RVW-202605-004044,ALT-202605-004355,RV-03,2026-05-13T11:28:50,CLEARED_FALSE_POSITIVE,DOC_VALID
RVW-202605-004045,ALT-202605-004356,RV-03,2026-05-21T16:51:17,CLEARED_FALSE_POSITIVE,KNOWN_DEVICE
RVW-202605-004046,ALT-202605-004357,RV-01,2026-05-08T08:32:45,INSUFFICIENT_EVIDENCE,DATA_UNAVAILABLE
RVW-202605-004047,ALT-202605-004358,RV-02,2026-05-10T13:21:11,CLEARED_FALSE_POSITIVE,ID_VERIFIED
RVW-202605-004048,ALT-202605-004359,RV-05,2026-05-07T08:02:57,CLEARED_FALSE_POSITIVE,DOC_VALID
RVW-202605-004049,ALT-202605-004360,RV-04,2026-05-19T11:53:46,CLEARED_FALSE_POSITIVE,DOC_VALID
RVW-202605-004050,ALT-202605-004361,RV-05,2026-05-04T20:14:58,CLEARED_FALSE_POSITIVE,KNOWN_DEVICE
RVW-202605-004051,ALT-202605-004362,RV-04,2026-05-23T10:59:05,CLEARED_FALSE_POSITIVE,KNOWN_DEVICE
RVW-202605-004052,ALT-202605-004363,RV-03,2026-05-08T18:42:19,CLEARED_FALSE_POSITIVE,CUSTOMER_CONTACTED
RVW-202605-004053,ALT-202605-004364,RV-05,2026-05-29T13:31:08,CLEARED_FALSE_POSITIVE,KNOWN_DEVICE
RVW-202605-004054,ALT-202605-004365,RV-06,2026-05-31T17:37:17,CLEARED_FALSE_POSITIVE,KNOWN_DEVICE
RVW-202605-004055,ALT-202605-004366,RV-05,2026-06-07T17:28:27,CLEARED_FALSE_POSITIVE,KNOWN_DEVICE
RVW-202605-004056,ALT-202605-004367,RV-05,2026-05-13T21:50:12,INSUFFICIENT_EVIDENCE,DATA_UNAVAILABLE
RVW-202605-004057,ALT-202605-004368,RV-02,2026-06-10T12:23:45,CLEARED_FALSE_POSITIVE,KNOWN_DEVICE
RVW-202605-004058,ALT-202605-004369,RV-01,2026-05-12T06:40:09,CLEARED_FALSE_POSITIVE,ID_VERIFIED
RVW-202605-004059,ALT-202605-004370,RV-04,2026-06-04T13:59:04,CLEARED_FALSE_POSITIVE,KNOWN_DEVICE
RVW-202605-004060,ALT-202605-004371,RV-04,2026-05-29T09:58:24,CLEARED_FALSE_POSITIVE,ID_VERIFIED
RVW-202605-004061,ALT-202605-004372,RV-03,2026-05-21T06:22:01,CLEARED_FALSE_POSITIVE,DOC_VALID
RVW-202605-004062,ALT-202605-004373,RV-03,2026-05-21T12:18:18,INSUFFICIENT_EVIDENCE,NO_CONTACT
RVW-202605-004063,ALT-202605-004374,RV-04,2026-05-19T17:35:09,CLEARED_FALSE_POSITIVE,DOC_VALID
RVW-202605-004064,ALT-202605-004375,RV-06,2026-05-15T12:56:02,CLEARED_FALSE_POSITIVE,CUSTOMER_CONTACTED
RVW-202605-004065,ALT-202605-004376,RV-03,2026-05-12T22:50:50,CLEARED_FALSE_POSITIVE,CUSTOMER_CONTACTED
RVW-202605-004066,ALT-202605-004378,RV-04,2026-05-23T22:04:31,CLEARED_FALSE_POSITIVE,KNOWN_DEVICE
RVW-202605-004067,ALT-202605-004379,RV-04,2026-05-29T22:55:29,CLEARED_FALSE_POSITIVE,KNOWN_DEVICE
RVW-202605-004068,ALT-202605-004380,RV-02,2026-05-11T10:46:59,CLEARED_FALSE_POSITIVE,KNOWN_DEVICE
RVW-202605-004069,ALT-202605-004381,RV-02,2026-05-28T15:31:49,CLEARED_FALSE_POSITIVE,CUSTOMER_CONTACTED
RVW-202605-004070,ALT-202605-004382,RV-02,2026-05-28T14:30:08,CONFIRMED_FRAUD,ATO_CONFIRMED
RVW-202605-004071,ALT-202605-004383,RV-03,2026-05-28T20:05:17,CLEARED_FALSE_POSITIVE,DOC_VALID
RVW-202605-004072,ALT-202605-004384,RV-02,2026-05-29T17:04:46,CLEARED_FALSE_POSITIVE,KNOWN_DEVICE
RVW-202605-004073,ALT-202605-004387,RV-03,2026-05-29T16:46:19,CLEARED_FALSE_POSITIVE,KNOWN_DEVICE
RVW-202605-004074,ALT-202605-004388,RV-03,2026-06-02T17:45:52,CLEARED_FALSE_POSITIVE,CUSTOMER_CONTACTED
RVW-202605-004075,ALT-202605-004389,RV-03,2026-05-13T08:14:47,CLEARED_FALSE_POSITIVE,KNOWN_DEVICE
RVW-202605-004076,ALT-202605-004390,RV-04,2026-06-10T21:47:53,CONFIRMED_FRAUD,ATO_CONFIRMED
RVW-202605-004077,ALT-202605-004391,RV-02,2026-05-14T20:16:57,CLEARED_FALSE_POSITIVE,DOC_VALID
RVW-202605-004078,ALT-202605-004392,RV-03,2026-05-31T11:34:19,CLEARED_FALSE_POSITIVE,CUSTOMER_CONTACTED
RVW-202605-004079,ALT-202605-004393,RV-01,2026-05-21T19:49:07,CLEARED_FALSE_POSITIVE,KNOWN_DEVICE
RVW-202605-004080,ALT-202605-004394,RV-05,2026-05-14T19:38:46,CLEARED_FALSE_POSITIVE,DOC_VALID
RVW-202605-004081,ALT-202605-004395,RV-02,2026-05-10T20:36:46,CLEARED_FALSE_POSITIVE,DOC_VALID
RVW-202605-004082,ALT-202605-004396,RV-04,2026-05-16T13:31:13,CONFIRMED_FRAUD,ATO_CONFIRMED
RVW-202605-004083,ALT-202605-004397,RV-05,2026-05-28T16:56:12,CLEARED_FALSE_POSITIVE,CUSTOMER_CONTACTED
RVW-202605-004084,ALT-202605-004398,RV-03,2026-05-05T15:23:17,INSUFFICIENT_EVIDENCE,NO_CONTACT
RVW-202605-004085,ALT-202605-004399,RV-01,2026-06-01T09:32:51,CLEARED_FALSE_POSITIVE,DOC_VALID
RVW-202605-004086,ALT-202605-004401,RV-06,2026-05-02T17:44:57,CLEARED_FALSE_POSITIVE,DOC_VALID
RVW-202605-004087,ALT-202605-004402,RV-01,2026-05-04T13:34:18,CLEARED_FALSE_POSITIVE,KNOWN_DEVICE
RVW-202605-004088,ALT-202605-004403,RV-06,2026-05-30T14:06:58,CLEARED_FALSE_POSITIVE,ID_VERIFIED
RVW-202605-004089,ALT-202605-004404,RV-03,2026-05-31T13:51:09,CLEARED_FALSE_POSITIVE,CUSTOMER_CONTACTED
RVW-202605-004090,ALT-202605-004405,RV-01,2026-05-29T20:48:13,CLEARED_FALSE_POSITIVE,CUSTOMER_CONTACTED
RVW-202605-004091,ALT-202605-004406,RV-05,2026-05-28T20:38:02,CONFIRMED_FRAUD,ATO_CONFIRMED
RVW-202605-004092,ALT-202605-004408,RV-04,2026-05-20T11:02:23,CONFIRMED_FRAUD,MULE_CONFIRMED
RVW-202605-004093,ALT-202605-004409,RV-05,2026-05-31T19:52:40,CLEARED_FALSE_POSITIVE,DOC_VALID
RVW-202605-004094,ALT-202605-004410,RV-02,2026-05-13T22:01:02,CLEARED_FALSE_POSITIVE,ID_VERIFIED
RVW-202605-004095,ALT-202605-004411,RV-04,2026-05-25T09:51:13,INSUFFICIENT_EVIDENCE,NO_CONTACT
RVW-202605-004096,ALT-202605-004412,RV-06,2026-06-04T10:18:43,CLEARED_FALSE_POSITIVE,CUSTOMER_CONTACTED
RVW-202605-004097,ALT-202605-004413,RV-02,2026-06-07T21:39:48,CLEARED_FALSE_POSITIVE,KNOWN_DEVICE
RVW-202605-004098,ALT-202605-004414,RV-02,2026-05-16T14:25:07,CONFIRMED_FRAUD,SYNTH_ID_CONFIRMED
RVW-202605-004099,ALT-202605-004415,RV-01,2026-05-05T19:21:49,CLEARED_FALSE_POSITIVE,DOC_VALID
RVW-202605-004100,ALT-202605-004416,RV-05,2026-05-26T20:52:43,CLEARED_FALSE_POSITIVE,CUSTOMER_CONTACTED
RVW-202605-004101,ALT-202605-004417,RV-04,2026-06-01T20:56:42,CLEARED_FALSE_POSITIVE,ID_VERIFIED
RVW-202605-004102,ALT-202605-004418,RV-01,2026-05-18T10:27:24,CONFIRMED_FRAUD,DOC_FORGED
RVW-202605-004103,ALT-202605-004419,RV-06,2026-05-30T07:42:53,INSUFFICIENT_EVIDENCE,AGED_OUT
RVW-202605-004104,ALT-202605-004420,RV-06,2026-06-01T22:45:51,CLEARED_FALSE_POSITIVE,DOC_VALID
RVW-202605-004105,ALT-202605-004421,RV-05,2026-06-07T18:11:45,INSUFFICIENT_EVIDENCE,DATA_UNAVAILABLE
RVW-202605-004106,ALT-202605-004422,RV-02,2026-05-04T12:44:19,CLEARED_FALSE_POSITIVE,DOC_VALID
RVW-202605-004107,ALT-202605-004424,RV-04,2026-05-30T15:43:55,INSUFFICIENT_EVIDENCE,NO_CONTACT
RVW-202605-004108,ALT-202605-004425,RV-06,2026-05-20T21:43:41,CLEARED_FALSE_POSITIVE,CUSTOMER_CONTACTED
RVW-202605-004109,ALT-202605-004426,RV-01,2026-05-25T20:08:54,CLEARED_FALSE_POSITIVE,DOC_VALID
RVW-202605-004110,ALT-202605-004427,RV-01,2026-05-12T08:20:14,CONFIRMED_FRAUD,MULE_CONFIRMED
RVW-202605-004111,ALT-202605-004428,RV-02,2026-05-27T18:29:09,CONFIRMED_FRAUD,ATO_CONFIRMED
RVW-202605-004112,ALT-202605-004429,RV-01,2026-05-25T22:36:52,CLEARED_FALSE_POSITIVE,CUSTOMER_CONTACTED
RVW-202605-004113,ALT-202605-004430,RV-02,2026-05-17T12:57:57,CLEARED_FALSE_POSITIVE,ID_VERIFIED
RVW-202605-004114,ALT-202605-004431,RV-03,2026-05-24T16:23:20,CLEARED_FALSE_POSITIVE,CUSTOMER_CONTACTED
RVW-202605-004115,ALT-202605-004432,RV-01,2026-05-22T13:33:03,CLEARED_FALSE_POSITIVE,DOC_VALID
RVW-202605-004116,ALT-202605-004433,RV-06,2026-06-08T17:59:27,CONFIRMED_FRAUD,ATO_CONFIRMED
RVW-202605-004117,ALT-202605-004435,RV-05,2026-06-01T13:46:54,CONFIRMED_FRAUD,MULE_CONFIRMED
RVW-202605-004118,ALT-202605-004436,RV-05,2026-05-28T13:26:23,CONFIRMED_FRAUD,ATO_CONFIRMED
RVW-202605-004119,ALT-202605-004437,RV-05,2026-05-16T12:03:01,CLEARED_FALSE_POSITIVE,CUSTOMER_CONTACTED
RVW-202605-004120,ALT-202605-004438,RV-02,2026-05-04T16:03:35,CLEARED_FALSE_POSITIVE,ID_VERIFIED
RVW-202605-004121,ALT-202605-004439,RV-04,2026-05-21T09:40:42,INSUFFICIENT_EVIDENCE,DATA_UNAVAILABLE
RVW-202605-004122,ALT-202605-004440,RV-04,2026-05-12T15:21:43,CLEARED_FALSE_POSITIVE,DOC_VALID
RVW-202605-004123,ALT-202605-004441,RV-03,2026-05-31T10:27:48,CLEARED_FALSE_POSITIVE,ID_VERIFIED
RVW-202605-004124,ALT-202605-004442,RV-05,2026-05-17T22:05:23,CLEARED_FALSE_POSITIVE,ID_VERIFIED
RVW-202605-004125,ALT-202605-004443,RV-04,2026-05-17T13:17:35,CLEARED_FALSE_POSITIVE,DOC_VALID
RVW-202605-004126,ALT-202605-004444,RV-03,2026-05-16T16:40:45,CLEARED_FALSE_POSITIVE,ID_VERIFIED
RVW-202605-004127,ALT-202605-004445,RV-03,2026-05-31T06:49:10,CLEARED_FALSE_POSITIVE,CUSTOMER_CONTACTED
RVW-202605-004128,ALT-202605-004446,RV-03,2026-06-07T09:29:31,CLEARED_FALSE_POSITIVE,DOC_VALID
RVW-202605-004129,ALT-202605-004447,RV-03,2026-05-12T08:37:04,CLEARED_FALSE_POSITIVE,CUSTOMER_CONTACTED
RVW-202605-004130,ALT-202605-004448,RV-04,2026-05-12T07:09:09,CONFIRMED_FRAUD,MULE_CONFIRMED
RVW-202605-004131,ALT-202605-004449,RV-04,2026-06-05T10:17:14,CONFIRMED_FRAUD,SYNTH_ID_CONFIRMED
RVW-202605-004132,ALT-202605-004450,RV-04,2026-05-12T10:34:44,CLEARED_FALSE_POSITIVE,CUSTOMER_CONTACTED
RVW-202605-004133,ALT-202605-004451,RV-04,2026-05-23T06:41:22,CLEARED_FALSE_POSITIVE,KNOWN_DEVICE
RVW-202605-004134,ALT-202605-004452,RV-01,2026-05-17T20:45:26,CONFIRMED_FRAUD,MULE_CONFIRMED
RVW-202605-004135,ALT-202605-004453,RV-01,2026-05-20T14:39:40,INSUFFICIENT_EVIDENCE,DATA_UNAVAILABLE
RVW-202605-004136,ALT-202605-004454,RV-03,2026-05-27T19:12:49,INSUFFICIENT_EVIDENCE,DATA_UNAVAILABLE
RVW-202605-004137,ALT-202605-004455,RV-01,2026-05-13T19:48:11,CLEARED_FALSE_POSITIVE,ID_VERIFIED
RVW-202605-004138,ALT-202605-004456,RV-02,2026-06-03T11:03:08,CLEARED_FALSE_POSITIVE,CUSTOMER_CONTACTED
RVW-202605-004139,ALT-202605-004457,RV-05,2026-05-24T20:05:43,CLEARED_FALSE_POSITIVE,CUSTOMER_CONTACTED
RVW-202605-004140,ALT-202605-004458,RV-01,2026-05-06T15:02:43,CLEARED_FALSE_POSITIVE,ID_VERIFIED
RVW-202605-004141,ALT-202605-004459,RV-06,2026-05-20T17:46:47,CLEARED_FALSE_POSITIVE,DOC_VALID
RVW-202605-004142,ALT-202605-004460,RV-01,2026-05-24T11:52:55,CLEARED_FALSE_POSITIVE,DOC_VALID
RVW-202605-004143,ALT-202605-004461,RV-02,2026-05-11T08:27:59,CLEARED_FALSE_POSITIVE,DOC_VALID
RVW-202605-004144,ALT-202605-004463,RV-05,2026-05-29T09:09:24,INSUFFICIENT_EVIDENCE,AGED_OUT
RVW-202605-004145,ALT-202605-004464,RV-03,2026-05-19T18:04:42,CLEARED_FALSE_POSITIVE,ID_VERIFIED
RVW-202605-004146,ALT-202605-004465,RV-04,2026-05-22T08:17:41,CLEARED_FALSE_POSITIVE,CUSTOMER_CONTACTED
RVW-202605-004147,ALT-202605-004466,RV-06,2026-05-19T10:19:59,CLEARED_FALSE_POSITIVE,ID_VERIFIED
RVW-202605-004148,ALT-202605-004467,RV-06,2026-05-13T22:20:56,CLEARED_FALSE_POSITIVE,DOC_VALID
RVW-202605-004149,ALT-202605-004468,RV-04,2026-05-15T15:17:42,CLEARED_FALSE_POSITIVE,DOC_VALID
RVW-202605-004150,ALT-202605-004469,RV-03,2026-05-06T15:03:31,CONFIRMED_FRAUD,SYNTH_ID_CONFIRMED
RVW-202605-004151,ALT-202605-004470,RV-06,2026-05-22T08:27:18,INSUFFICIENT_EVIDENCE,DATA_UNAVAILABLE
RVW-202605-004152,ALT-202605-004471,RV-02,2026-05-25T21:53:14,CONFIRMED_FRAUD,SYNTH_ID_CONFIRMED
RVW-202605-004153,ALT-202605-004472,RV-06,2026-05-08T21:30:47,CLEARED_FALSE_POSITIVE,ID_VERIFIED
RVW-202605-004154,ALT-202605-004473,RV-04,2026-05-27T15:06:26,CLEARED_FALSE_POSITIVE,CUSTOMER_CONTACTED
RVW-202605-004155,ALT-202605-004474,RV-06,2026-05-27T18:03:43,INSUFFICIENT_EVIDENCE,DATA_UNAVAILABLE
RVW-202605-004156,ALT-202605-004475,RV-03,2026-05-22T09:39:14,CLEARED_FALSE_POSITIVE,DOC_VALID
RVW-202605-004157,ALT-202605-004476,RV-06,2026-05-24T20:05:17,CLEARED_FALSE_POSITIVE,ID_VERIFIED
RVW-202605-004158,ALT-202605-004477,RV-04,2026-06-04T14:45:33,CLEARED_FALSE_POSITIVE,KNOWN_DEVICE
RVW-202605-004159,ALT-202605-004478,RV-03,2026-05-09T19:50:25,INSUFFICIENT_EVIDENCE,DATA_UNAVAILABLE
RVW-202605-004160,ALT-202605-004480,RV-06,2026-05-29T14:46:25,CLEARED_FALSE_POSITIVE,ID_VERIFIED
RVW-202605-004161,ALT-202605-004481,RV-03,2026-05-25T22:53:06,CLEARED_FALSE_POSITIVE,ID_VERIFIED
RVW-202605-004162,ALT-202605-004483,RV-04,2026-05-25T17:43:42,CLEARED_FALSE_POSITIVE,CUSTOMER_CONTACTED
RVW-202605-004163,ALT-202605-004484,RV-06,2026-05-26T22:14:15,CLEARED_FALSE_POSITIVE,ID_VERIFIED
RVW-202605-004164,ALT-202605-004485,RV-06,2026-06-02T15:24:43,CONFIRMED_FRAUD,SYNTH_ID_CONFIRMED
RVW-202605-004165,ALT-202605-004486,RV-04,2026-05-19T13:59:08,CLEARED_FALSE_POSITIVE,DOC_VALID
RVW-202605-004166,ALT-202605-004488,RV-03,2026-05-12T19:56:35,CONFIRMED_FRAUD,MULE_CONFIRMED
RVW-202605-004167,ALT-202605-004489,RV-06,2026-05-15T06:44:10,CLEARED_FALSE_POSITIVE,KNOWN_DEVICE
RVW-202605-004168,ALT-202605-004490,RV-05,2026-05-15T10:16:08,CLEARED_FALSE_POSITIVE,KNOWN_DEVICE
RVW-202605-004169,ALT-202605-004491,RV-06,2026-05-27T09:07:43,CONFIRMED_FRAUD,SYNTH_ID_CONFIRMED
RVW-202605-004170,ALT-202605-004492,RV-05,2026-05-17T08:45:10,CLEARED_FALSE_POSITIVE,CUSTOMER_CONTACTED
RVW-202605-004171,ALT-202605-004493,RV-03,2026-05-29T14:19:17,CONFIRMED_FRAUD,DOC_FORGED
RVW-202605-004172,ALT-202605-004494,RV-06,2026-05-10T08:50:45,CLEARED_FALSE_POSITIVE,CUSTOMER_CONTACTED
RVW-202605-004173,ALT-202605-004495,RV-06,2026-06-08T13:31:22,CLEARED_FALSE_POSITIVE,KNOWN_DEVICE
RVW-202605-004174,ALT-202605-004496,RV-05,2026-05-29T18:50:08,CLEARED_FALSE_POSITIVE,ID_VERIFIED
RVW-202605-004175,ALT-202605-004497,RV-04,2026-05-12T18:36:25,CLEARED_FALSE_POSITIVE,ID_VERIFIED
RVW-202605-004176,ALT-202605-004498,RV-03,2026-05-27T17:35:26,CLEARED_FALSE_POSITIVE,CUSTOMER_CONTACTED
RVW-202605-004177,ALT-202605-004500,RV-04,2026-05-13T16:44:26,CONFIRMED_FRAUD,DOC_FORGED
RVW-202605-004178,ALT-202605-004503,RV-04,2026-05-29T14:46:32,CLEARED_FALSE_POSITIVE,CUSTOMER_CONTACTED
RVW-202605-004179,ALT-202605-004504,RV-06,2026-05-28T19:33:41,CLEARED_FALSE_POSITIVE,KNOWN_DEVICE
RVW-202605-004180,ALT-202605-004505,RV-02,2026-05-14T15:01:12,INSUFFICIENT_EVIDENCE,DATA_UNAVAILABLE
RVW-202605-004181,ALT-202605-004506,RV-06,2026-05-29T17:49:58,CLEARED_FALSE_POSITIVE,KNOWN_DEVICE
RVW-202605-004182,ALT-202605-004508,RV-06,2026-06-01T22:30:28,CLEARED_FALSE_POSITIVE,KNOWN_DEVICE
RVW-202605-004183,ALT-202605-004509,RV-03,2026-05-21T22:58:59,CLEARED_FALSE_POSITIVE,KNOWN_DEVICE
RVW-202605-004184,ALT-202605-004510,RV-06,2026-05-17T21:55:37,CLEARED_FALSE_POSITIVE,CUSTOMER_CONTACTED
RVW-202605-004185,ALT-202605-004511,RV-05,2026-05-26T19:50:13,CLEARED_FALSE_POSITIVE,CUSTOMER_CONTACTED
RVW-202605-004186,ALT-202605-004512,RV-02,2026-05-31T18:39:59,CLEARED_FALSE_POSITIVE,CUSTOMER_CONTACTED
RVW-202605-004187,ALT-202605-004514,RV-01,2026-06-08T07:55:57,CLEARED_FALSE_POSITIVE,DOC_VALID
RVW-202605-004188,ALT-202605-004515,RV-06,2026-05-31T15:37:45,CLEARED_FALSE_POSITIVE,CUSTOMER_CONTACTED
RVW-202605-004189,ALT-202605-004516,RV-02,2026-05-31T07:20:21,CLEARED_FALSE_POSITIVE,ID_VERIFIED
RVW-202605-004190,ALT-202605-004517,RV-06,2026-05-12T08:45:11,CLEARED_FALSE_POSITIVE,KNOWN_DEVICE
RVW-202605-004191,ALT-202605-004518,RV-01,2026-05-10T08:25:42,CONFIRMED_FRAUD,DOC_FORGED
RVW-202605-004192,ALT-202605-004520,RV-05,2026-05-22T14:00:49,CLEARED_FALSE_POSITIVE,CUSTOMER_CONTACTED
RVW-202605-004193,ALT-202605-004522,RV-01,2026-05-26T06:19:15,INSUFFICIENT_EVIDENCE,NO_CONTACT
RVW-202605-004194,ALT-202605-004523,RV-02,2026-05-21T09:04:25,CLEARED_FALSE_POSITIVE,CUSTOMER_CONTACTED
RVW-202605-004195,ALT-202605-004524,RV-01,2026-05-11T20:59:46,CLEARED_FALSE_POSITIVE,ID_VERIFIED
RVW-202605-004196,ALT-202605-004525,RV-05,2026-05-14T07:20:51,CLEARED_FALSE_POSITIVE,KNOWN_DEVICE
RVW-202605-004197,ALT-202605-004526,RV-02,2026-05-21T13:36:13,CLEARED_FALSE_POSITIVE,ID_VERIFIED
RVW-202605-004198,ALT-202605-004527,RV-03,2026-05-29T12:20:38,CLEARED_FALSE_POSITIVE,KNOWN_DEVICE
RVW-202605-004199,ALT-202605-004528,RV-04,2026-05-14T08:31:26,CLEARED_FALSE_POSITIVE,DOC_VALID
RVW-202605-004200,ALT-202605-004529,RV-04,2026-06-01T08:16:23,CLEARED_FALSE_POSITIVE,CUSTOMER_CONTACTED
RVW-202605-004201,ALT-202605-004530,RV-01,2026-05-23T07:49:14,CONFIRMED_FRAUD,MULE_CONFIRMED
RVW-202605-004202,ALT-202605-004531,RV-05,2026-05-26T12:20:25,CLEARED_FALSE_POSITIVE,CUSTOMER_CONTACTED
RVW-202605-004203,ALT-202605-004532,RV-02,2026-05-18T15:33:57,CLEARED_FALSE_POSITIVE,CUSTOMER_CONTACTED
RVW-202605-004204,ALT-202605-004533,RV-06,2026-05-06T22:28:26,CONFIRMED_FRAUD,ATO_CONFIRMED
RVW-202605-004205,ALT-202605-004534,RV-04,2026-05-26T12:40:41,CLEARED_FALSE_POSITIVE,CUSTOMER_CONTACTED
RVW-202605-004206,ALT-202605-004535,RV-05,2026-06-02T11:49:09,CLEARED_FALSE_POSITIVE,CUSTOMER_CONTACTED
RVW-202605-004207,ALT-202605-004536,RV-04,2026-05-22T14:00:55,CLEARED_FALSE_POSITIVE,KNOWN_DEVICE
RVW-202605-004208,ALT-202605-004537,RV-01,2026-05-14T13:19:49,CLEARED_FALSE_POSITIVE,ID_VERIFIED
RVW-202605-004209,ALT-202605-004538,RV-02,2026-05-30T14:44:16,CONFIRMED_FRAUD,DOC_FORGED
RVW-202605-004210,ALT-202605-004539,RV-01,2026-05-18T21:04:31,CLEARED_FALSE_POSITIVE,CUSTOMER_CONTACTED
RVW-202605-004211,ALT-202605-004540,RV-02,2026-05-19T15:52:18,CLEARED_FALSE_POSITIVE,CUSTOMER_CONTACTED
RVW-202605-004212,ALT-202605-004542,RV-03,2026-05-17T19:02:39,CLEARED_FALSE_POSITIVE,DOC_VALID
RVW-202605-004213,ALT-202605-004543,RV-05,2026-05-10T08:27:06,CLEARED_FALSE_POSITIVE,DOC_VALID
RVW-202605-004214,ALT-202605-004544,RV-03,2026-05-27T08:58:50,INSUFFICIENT_EVIDENCE,NO_CONTACT
RVW-202605-004215,ALT-202605-004545,RV-03,2026-05-28T07:47:54,CONFIRMED_FRAUD,MULE_CONFIRMED
RVW-202605-004216,ALT-202605-004546,RV-02,2026-06-04T16:28:18,INSUFFICIENT_EVIDENCE,AGED_OUT
RVW-202605-004217,ALT-202605-004547,RV-01,2026-06-02T19:20:37,CLEARED_FALSE_POSITIVE,KNOWN_DEVICE
RVW-202605-004218,ALT-202605-004548,RV-01,2026-05-27T06:59:15,CLEARED_FALSE_POSITIVE,CUSTOMER_CONTACTED
RVW-202605-004219,ALT-202605-004549,RV-02,2026-05-22T17:57:42,CLEARED_FALSE_POSITIVE,ID_VERIFIED
RVW-202605-004220,ALT-202605-004550,RV-04,2026-06-01T13:43:08,CLEARED_FALSE_POSITIVE,KNOWN_DEVICE
RVW-202605-004221,ALT-202605-004551,RV-05,2026-05-31T20:25:05,CLEARED_FALSE_POSITIVE,ID_VERIFIED
RVW-202605-004222,ALT-202605-004553,RV-05,2026-06-05T13:02:08,CLEARED_FALSE_POSITIVE,DOC_VALID
RVW-202605-004223,ALT-202605-004554,RV-02,2026-06-03T12:24:18,CLEARED_FALSE_POSITIVE,DOC_VALID
RVW-202605-004224,ALT-202605-004555,RV-04,2026-05-11T18:08:15,CLEARED_FALSE_POSITIVE,ID_VERIFIED
RVW-202605-004225,ALT-202605-004556,RV-01,2026-06-05T09:20:55,CLEARED_FALSE_POSITIVE,CUSTOMER_CONTACTED
RVW-202605-004226,ALT-202605-004557,RV-01,2026-05-15T15:53:31,CLEARED_FALSE_POSITIVE,DOC_VALID
RVW-202605-004227,ALT-202605-004558,RV-03,2026-06-01T13:19:07,CLEARED_FALSE_POSITIVE,DOC_VALID
RVW-202605-004228,ALT-202605-004559,RV-01,2026-05-26T09:39:16,CLEARED_FALSE_POSITIVE,ID_VERIFIED
RVW-202605-004229,ALT-202605-004562,RV-05,2026-05-19T11:57:44,CONFIRMED_FRAUD,ATO_CONFIRMED
RVW-202605-004230,ALT-202605-004563,RV-02,2026-05-20T10:50:41,CLEARED_FALSE_POSITIVE,CUSTOMER_CONTACTED
RVW-202605-004231,ALT-202605-004564,RV-05,2026-05-29T06:51:31,CONFIRMED_FRAUD,DOC_FORGED
RVW-202605-004232,ALT-202605-004565,RV-02,2026-05-22T12:08:35,INSUFFICIENT_EVIDENCE,DATA_UNAVAILABLE
RVW-202605-004233,ALT-202605-004566,RV-03,2026-05-25T16:10:14,INSUFFICIENT_EVIDENCE,DATA_UNAVAILABLE
RVW-202605-004234,ALT-202605-004567,RV-05,2026-05-21T12:53:09,CLEARED_FALSE_POSITIVE,DOC_VALID
RVW-202605-004235,ALT-202605-004568,RV-05,2026-05-21T18:41:01,CLEARED_FALSE_POSITIVE,KNOWN_DEVICE
RVW-202605-004236,ALT-202605-004569,RV-02,2026-05-18T10:29:39,CLEARED_FALSE_POSITIVE,ID_VERIFIED
RVW-202605-004237,ALT-202605-004570,RV-05,2026-05-04T13:08:19,CONFIRMED_FRAUD,ATO_CONFIRMED
RVW-202605-004238,ALT-202605-004572,RV-03,2026-05-24T15:39:58,CLEARED_FALSE_POSITIVE,DOC_VALID
RVW-202605-004239,ALT-202605-004573,RV-06,2026-05-07T07:50:38,CLEARED_FALSE_POSITIVE,KNOWN_DEVICE
RVW-202605-004240,ALT-202605-004574,RV-01,2026-06-06T06:28:56,CLEARED_FALSE_POSITIVE,DOC_VALID
RVW-202605-004241,ALT-202605-004575,RV-05,2026-06-11T21:39:27,CONFIRMED_FRAUD,DOC_FORGED
RVW-202605-004242,ALT-202605-004576,RV-05,2026-05-21T16:15:37,CLEARED_FALSE_POSITIVE,ID_VERIFIED
RVW-202605-004243,ALT-202605-004577,RV-06,2026-05-24T07:43:08,INSUFFICIENT_EVIDENCE,AGED_OUT
RVW-202605-004244,ALT-202605-004578,RV-03,2026-05-17T09:45:57,CLEARED_FALSE_POSITIVE,CUSTOMER_CONTACTED
RVW-202605-004245,ALT-202605-004579,RV-03,2026-05-15T10:40:19,CLEARED_FALSE_POSITIVE,DOC_VALID
RVW-202605-004246,ALT-202605-004580,RV-02,2026-05-12T14:06:03,CONFIRMED_FRAUD,ATO_CONFIRMED
RVW-202605-004247,ALT-202605-004581,RV-05,2026-06-04T17:29:10,CONFIRMED_FRAUD,MULE_CONFIRMED
RVW-202605-004248,ALT-202605-004582,RV-04,2026-05-25T13:06:58,CLEARED_FALSE_POSITIVE,ID_VERIFIED
RVW-202605-004249,ALT-202605-004583,RV-05,2026-05-31T07:20:10,CLEARED_FALSE_POSITIVE,KNOWN_DEVICE
RVW-202605-004250,ALT-202605-004584,RV-03,2026-06-02T09:17:26,CLEARED_FALSE_POSITIVE,KNOWN_DEVICE
RVW-202605-004251,ALT-202605-004585,RV-01,2026-05-23T11:36:46,INSUFFICIENT_EVIDENCE,AGED_OUT
RVW-202605-004252,ALT-202605-004587,RV-04,2026-05-20T08:23:13,CLEARED_FALSE_POSITIVE,DOC_VALID
RVW-202605-004253,ALT-202605-004588,RV-01,2026-05-17T06:29:56,CLEARED_FALSE_POSITIVE,ID_VERIFIED
RVW-202605-004254,ALT-202605-004589,RV-04,2026-05-28T10:16:05,CLEARED_FALSE_POSITIVE,CUSTOMER_CONTACTED
RVW-202605-004255,ALT-202605-004590,RV-01,2026-05-26T12:24:50,CLEARED_FALSE_POSITIVE,KNOWN_DEVICE
RVW-202605-004256,ALT-202605-004591,RV-05,2026-05-19T22:22:31,CLEARED_FALSE_POSITIVE,KNOWN_DEVICE
RVW-202605-004257,ALT-202605-004592,RV-06,2026-05-23T16:02:43,INSUFFICIENT_EVIDENCE,DATA_UNAVAILABLE
RVW-202605-004258,ALT-202605-004593,RV-01,2026-05-17T17:52:58,CONFIRMED_FRAUD,SYNTH_ID_CONFIRMED
RVW-202605-004259,ALT-202605-004594,RV-01,2026-05-11T06:10:54,CLEARED_FALSE_POSITIVE,CUSTOMER_CONTACTED
RVW-202605-004260,ALT-202605-004595,RV-04,2026-05-21T20:23:21,CLEARED_FALSE_POSITIVE,CUSTOMER_CONTACTED
RVW-202605-004261,ALT-202605-004596,RV-02,2026-05-24T20:49:08,CLEARED_FALSE_POSITIVE,ID_VERIFIED
RVW-202605-004262,ALT-202605-004597,RV-02,2026-05-11T16:47:00,CLEARED_FALSE_POSITIVE,ID_VERIFIED
RVW-202605-004263,ALT-202605-004598,RV-06,2026-05-11T17:31:50,CLEARED_FALSE_POSITIVE,KNOWN_DEVICE
RVW-202605-004264,ALT-202605-004599,RV-03,2026-05-13T14:59:59,CLEARED_FALSE_POSITIVE,CUSTOMER_CONTACTED
RVW-202605-004265,ALT-202605-004600,RV-01,2026-05-17T18:49:06,CLEARED_FALSE_POSITIVE,CUSTOMER_CONTACTED
RVW-202605-004266,ALT-202605-004601,RV-02,2026-05-25T10:48:28,CLEARED_FALSE_POSITIVE,KNOWN_DEVICE
RVW-202605-004267,ALT-202605-004602,RV-02,2026-05-17T06:27:31,CLEARED_FALSE_POSITIVE,ID_VERIFIED
RVW-202605-004268,ALT-202605-004603,RV-04,2026-05-29T10:08:21,CLEARED_FALSE_POSITIVE,CUSTOMER_CONTACTED
RVW-202605-004269,ALT-202605-004604,RV-02,2026-05-17T09:46:50,CLEARED_FALSE_POSITIVE,DOC_VALID
RVW-202605-004270,ALT-202605-004605,RV-03,2026-05-26T11:04:09,CONFIRMED_FRAUD,SYNTH_ID_CONFIRMED
RVW-202605-004271,ALT-202605-004606,RV-05,2026-06-10T19:15:27,CLEARED_FALSE_POSITIVE,ID_VERIFIED
RVW-202605-004272,ALT-202605-004607,RV-05,2026-05-19T13:50:44,INSUFFICIENT_EVIDENCE,DATA_UNAVAILABLE
RVW-202605-004273,ALT-202605-004609,RV-03,2026-05-18T18:20:49,CLEARED_FALSE_POSITIVE,KNOWN_DEVICE
RVW-202605-004274,ALT-202605-004610,RV-01,2026-06-05T15:33:49,CONFIRMED_FRAUD,MULE_CONFIRMED
RVW-202605-004275,ALT-202605-004612,RV-03,2026-05-06T16:20:23,INSUFFICIENT_EVIDENCE,AGED_OUT
RVW-202605-004276,ALT-202605-004614,RV-03,2026-05-19T13:04:42,CLEARED_FALSE_POSITIVE,ID_VERIFIED
RVW-202605-004277,ALT-202605-004616,RV-06,2026-05-11T15:30:36,CLEARED_FALSE_POSITIVE,DOC_VALID
RVW-202605-004278,ALT-202605-004617,RV-05,2026-05-14T17:31:16,CLEARED_FALSE_POSITIVE,CUSTOMER_CONTACTED
RVW-202605-004279,ALT-202605-004618,RV-02,2026-05-21T13:00:22,INSUFFICIENT_EVIDENCE,AGED_OUT
RVW-202605-004280,ALT-202605-004620,RV-04,2026-05-21T17:42:52,CLEARED_FALSE_POSITIVE,KNOWN_DEVICE
RVW-202605-004281,ALT-202605-004621,RV-04,2026-05-20T22:21:59,INSUFFICIENT_EVIDENCE,NO_CONTACT
RVW-202605-004282,ALT-202605-004622,RV-04,2026-05-22T21:43:18,CLEARED_FALSE_POSITIVE,KNOWN_DEVICE
RVW-202605-004283,ALT-202605-004623,RV-02,2026-06-04T10:55:24,CLEARED_FALSE_POSITIVE,DOC_VALID
RVW-202605-004284,ALT-202605-004624,RV-01,2026-05-07T14:10:34,CLEARED_FALSE_POSITIVE,CUSTOMER_CONTACTED
RVW-202605-004285,ALT-202605-004625,RV-03,2026-05-21T14:50:19,CLEARED_FALSE_POSITIVE,ID_VERIFIED
RVW-202605-004286,ALT-202605-004626,RV-03,2026-06-03T08:19:19,CLEARED_FALSE_POSITIVE,ID_VERIFIED
RVW-202605-004287,ALT-202605-004627,RV-01,2026-06-06T22:42:32,INSUFFICIENT_EVIDENCE,AGED_OUT
RVW-202605-004288,ALT-202605-004628,RV-02,2026-05-08T13:34:24,CLEARED_FALSE_POSITIVE,DOC_VALID
RVW-202605-004289,ALT-202605-004629,RV-06,2026-06-04T18:35:51,CONFIRMED_FRAUD,ATO_CONFIRMED
RVW-202605-004290,ALT-202605-004631,RV-03,2026-05-29T17:52:52,CLEARED_FALSE_POSITIVE,DOC_VALID
RVW-202605-004291,ALT-202605-004632,RV-06,2026-05-28T16:57:16,CONFIRMED_FRAUD,DOC_FORGED
RVW-202605-004292,ALT-202605-004633,RV-06,2026-05-29T18:04:46,CLEARED_FALSE_POSITIVE,DOC_VALID
RVW-202605-004293,ALT-202605-004634,RV-04,2026-05-08T07:15:49,CLEARED_FALSE_POSITIVE,ID_VERIFIED
RVW-202605-004294,ALT-202605-004635,RV-05,2026-05-21T13:43:35,CLEARED_FALSE_POSITIVE,CUSTOMER_CONTACTED
RVW-202605-004295,ALT-202605-004636,RV-02,2026-05-18T06:53:16,CONFIRMED_FRAUD,DOC_FORGED
RVW-202605-004296,ALT-202605-004637,RV-05,2026-05-15T17:40:57,CLEARED_FALSE_POSITIVE,DOC_VALID
RVW-202605-004297,ALT-202605-004638,RV-01,2026-05-10T19:05:50,CLEARED_FALSE_POSITIVE,KNOWN_DEVICE
RVW-202605-004298,ALT-202605-004639,RV-05,2026-06-10T21:28:51,CLEARED_FALSE_POSITIVE,KNOWN_DEVICE
RVW-202605-004299,ALT-202605-004640,RV-04,2026-06-03T21:44:56,CLEARED_FALSE_POSITIVE,KNOWN_DEVICE
RVW-202605-004300,ALT-202605-004641,RV-03,2026-05-07T17:08:35,CLEARED_FALSE_POSITIVE,KNOWN_DEVICE
RVW-202605-004301,ALT-202605-004642,RV-03,2026-05-22T13:20:57,CONFIRMED_FRAUD,MULE_CONFIRMED
RVW-202605-004302,ALT-202605-004643,RV-05,2026-05-04T13:53:57,CLEARED_FALSE_POSITIVE,CUSTOMER_CONTACTED
RVW-202605-004303,ALT-202605-004645,RV-06,2026-05-29T14:48:58,CLEARED_FALSE_POSITIVE,KNOWN_DEVICE
RVW-202605-004304,ALT-202605-004646,RV-02,2026-05-20T13:47:48,CLEARED_FALSE_POSITIVE,ID_VERIFIED
RVW-202605-004305,ALT-202605-004648,RV-02,2026-05-12T10:45:56,CLEARED_FALSE_POSITIVE,KNOWN_DEVICE
RVW-202605-004306,ALT-202605-004649,RV-01,2026-05-28T08:10:14,CLEARED_FALSE_POSITIVE,CUSTOMER_CONTACTED
RVW-202605-004307,ALT-202605-004650,RV-05,2026-05-31T22:08:11,CLEARED_FALSE_POSITIVE,CUSTOMER_CONTACTED
RVW-202605-004308,ALT-202605-004651,RV-05,2026-05-11T17:34:00,CLEARED_FALSE_POSITIVE,DOC_VALID
RVW-202605-004309,ALT-202605-004652,RV-01,2026-05-25T13:45:26,CLEARED_FALSE_POSITIVE,KNOWN_DEVICE
RVW-202605-004310,ALT-202605-004653,RV-06,2026-05-31T20:10:44,CONFIRMED_FRAUD,SYNTH_ID_CONFIRMED
RVW-202605-004311,ALT-202605-004654,RV-03,2026-05-25T16:29:30,CLEARED_FALSE_POSITIVE,CUSTOMER_CONTACTED
RVW-202605-004312,ALT-202605-004655,RV-02,2026-06-02T21:54:30,CLEARED_FALSE_POSITIVE,CUSTOMER_CONTACTED
RVW-202605-004313,ALT-202605-004656,RV-02,2026-05-29T06:05:23,CLEARED_FALSE_POSITIVE,CUSTOMER_CONTACTED
RVW-202605-004314,ALT-202605-004657,RV-04,2026-05-07T12:02:42,CONFIRMED_FRAUD,MULE_CONFIRMED
RVW-202605-004315,ALT-202605-004658,RV-03,2026-05-10T16:50:51,INSUFFICIENT_EVIDENCE,NO_CONTACT
RVW-202605-004316,ALT-202605-004659,RV-02,2026-05-24T21:11:51,CLEARED_FALSE_POSITIVE,ID_VERIFIED
RVW-202605-004317,ALT-202605-004660,RV-05,2026-05-25T12:37:59,CLEARED_FALSE_POSITIVE,CUSTOMER_CONTACTED
RVW-202605-004318,ALT-202605-004661,RV-06,2026-05-16T11:00:16,CONFIRMED_FRAUD,SYNTH_ID_CONFIRMED
RVW-202605-004319,ALT-202605-004662,RV-04,2026-05-17T10:06:23,CLEARED_FALSE_POSITIVE,KNOWN_DEVICE
RVW-202605-004320,ALT-202605-004663,RV-01,2026-05-25T13:03:44,CLEARED_FALSE_POSITIVE,KNOWN_DEVICE
RVW-202605-004321,ALT-202605-004664,RV-05,2026-05-16T08:25:20,CLEARED_FALSE_POSITIVE,KNOWN_DEVICE
RVW-202605-004322,ALT-202605-004665,RV-04,2026-05-06T13:18:39,CLEARED_FALSE_POSITIVE,DOC_VALID
RVW-202605-004323,ALT-202605-004666,RV-02,2026-06-05T16:42:27,CLEARED_FALSE_POSITIVE,KNOWN_DEVICE
RVW-202605-004324,ALT-202605-004667,RV-06,2026-05-09T10:52:39,CONFIRMED_FRAUD,MULE_CONFIRMED
RVW-202605-004325,ALT-202605-004668,RV-06,2026-05-05T16:04:14,CLEARED_FALSE_POSITIVE,ID_VERIFIED
RVW-202605-004326,ALT-202605-004669,RV-06,2026-05-16T10:10:10,CLEARED_FALSE_POSITIVE,ID_VERIFIED
RVW-202605-004327,ALT-202605-004670,RV-05,2026-05-24T17:11:38,INSUFFICIENT_EVIDENCE,AGED_OUT
RVW-202605-004328,ALT-202605-004671,RV-03,2026-05-25T17:59:40,CLEARED_FALSE_POSITIVE,ID_VERIFIED
RVW-202605-004329,ALT-202605-004672,RV-05,2026-06-07T15:19:35,CLEARED_FALSE_POSITIVE,DOC_VALID
RVW-202605-004330,ALT-202605-004673,RV-02,2026-05-30T07:01:01,CONFIRMED_FRAUD,SYNTH_ID_CONFIRMED
RVW-202605-004331,ALT-202605-004674,RV-03,2026-05-07T22:25:14,INSUFFICIENT_EVIDENCE,AGED_OUT
RVW-202605-004332,ALT-202605-004677,RV-02,2026-06-01T12:39:20,CLEARED_FALSE_POSITIVE,DOC_VALID
RVW-202605-004333,ALT-202605-004678,RV-05,2026-05-16T15:05:57,CLEARED_FALSE_POSITIVE,CUSTOMER_CONTACTED
RVW-202605-004334,ALT-202605-004679,RV-05,2026-05-28T07:58:22,CLEARED_FALSE_POSITIVE,CUSTOMER_CONTACTED
RVW-202605-004335,ALT-202605-004680,RV-01,2026-05-20T21:10:56,CONFIRMED_FRAUD,MULE_CONFIRMED
RVW-202605-004336,ALT-202605-004681,RV-04,2026-06-10T15:43:27,CONFIRMED_FRAUD,DOC_FORGED
RVW-202605-004337,ALT-202605-004682,RV-05,2026-05-21T11:41:20,CLEARED_FALSE_POSITIVE,ID_VERIFIED
RVW-202605-004338,ALT-202605-004683,RV-03,2026-05-14T06:10:28,CLEARED_FALSE_POSITIVE,DOC_VALID
RVW-202605-004339,ALT-202605-004685,RV-03,2026-06-03T14:43:41,CONFIRMED_FRAUD,ATO_CONFIRMED
RVW-202605-004340,ALT-202605-004686,RV-02,2026-05-23T10:35:42,CLEARED_FALSE_POSITIVE,DOC_VALID
RVW-202605-004341,ALT-202605-004687,RV-01,2026-05-26T13:30:34,CLEARED_FALSE_POSITIVE,DOC_VALID
RVW-202605-004342,ALT-202605-004688,RV-01,2026-05-29T19:07:02,CLEARED_FALSE_POSITIVE,CUSTOMER_CONTACTED
RVW-202605-004343,ALT-202605-004690,RV-03,2026-05-30T13:21:31,CLEARED_FALSE_POSITIVE,KNOWN_DEVICE
RVW-202605-004344,ALT-202605-004691,RV-05,2026-05-13T19:11:29,CLEARED_FALSE_POSITIVE,KNOWN_DEVICE
RVW-202605-004345,ALT-202605-004692,RV-02,2026-05-29T18:41:44,INSUFFICIENT_EVIDENCE,NO_CONTACT
RVW-202605-004346,ALT-202605-004693,RV-01,2026-05-05T09:08:26,CONFIRMED_FRAUD,SYNTH_ID_CONFIRMED
RVW-202605-004347,ALT-202605-004694,RV-01,2026-05-10T08:49:01,CONFIRMED_FRAUD,SYNTH_ID_CONFIRMED
RVW-202605-004348,ALT-202605-004695,RV-05,2026-06-05T12:04:13,CLEARED_FALSE_POSITIVE,CUSTOMER_CONTACTED
RVW-202605-004349,ALT-202605-004696,RV-04,2026-06-05T18:07:11,CLEARED_FALSE_POSITIVE,ID_VERIFIED
RVW-202605-004350,ALT-202605-004697,RV-02,2026-05-21T06:28:50,CLEARED_FALSE_POSITIVE,CUSTOMER_CONTACTED
RVW-202605-004351,ALT-202605-004698,RV-06,2026-05-24T07:15:42,CLEARED_FALSE_POSITIVE,DOC_VALID
RVW-202605-004352,ALT-202605-004699,RV-01,2026-05-14T11:19:02,CLEARED_FALSE_POSITIVE,DOC_VALID
RVW-202605-004353,ALT-202605-004700,RV-04,2026-05-19T20:04:05,CLEARED_FALSE_POSITIVE,CUSTOMER_CONTACTED
RVW-202605-004354,ALT-202605-004701,RV-04,2026-05-17T12:06:39,CONFIRMED_FRAUD,ATO_CONFIRMED
RVW-202605-004355,ALT-202605-004702,RV-03,2026-05-13T15:24:04,CLEARED_FALSE_POSITIVE,ID_VERIFIED
RVW-202605-004356,ALT-202605-004703,RV-05,2026-05-10T12:39:37,CLEARED_FALSE_POSITIVE,ID_VERIFIED
RVW-202605-004357,ALT-202605-004705,RV-06,2026-05-11T08:20:34,CLEARED_FALSE_POSITIVE,DOC_VALID
RVW-202605-004358,ALT-202605-004706,RV-01,2026-05-29T10:24:02,CLEARED_FALSE_POSITIVE,DOC_VALID
RVW-202605-004359,ALT-202605-004707,RV-01,2026-05-24T11:41:26,CLEARED_FALSE_POSITIVE,DOC_VALID
RVW-202605-004360,ALT-202605-004708,RV-02,2026-05-07T06:09:33,CLEARED_FALSE_POSITIVE,CUSTOMER_CONTACTED
RVW-202605-004361,ALT-202605-004709,RV-01,2026-05-27T21:12:53,CONFIRMED_FRAUD,DOC_FORGED
RVW-202605-004362,ALT-202605-004710,RV-05,2026-05-27T15:26:20,CLEARED_FALSE_POSITIVE,ID_VERIFIED
RVW-202605-004363,ALT-202605-004711,RV-06,2026-05-17T15:02:38,INSUFFICIENT_EVIDENCE,DATA_UNAVAILABLE
RVW-202605-004364,ALT-202605-004712,RV-05,2026-05-12T17:17:55,CONFIRMED_FRAUD,DOC_FORGED
RVW-202605-004365,ALT-202605-004713,RV-01,2026-05-31T22:33:50,CONFIRMED_FRAUD,SYNTH_ID_CONFIRMED
RVW-202605-004366,ALT-202605-004714,RV-02,2026-05-10T08:37:53,CLEARED_FALSE_POSITIVE,DOC_VALID
RVW-202605-004367,ALT-202605-004715,RV-05,2026-05-10T10:55:26,CLEARED_FALSE_POSITIVE,ID_VERIFIED
RVW-202605-004368,ALT-202605-004717,RV-04,2026-05-12T16:50:26,CLEARED_FALSE_POSITIVE,DOC_VALID
RVW-202605-004369,ALT-202605-004718,RV-04,2026-05-26T15:49:29,CLEARED_FALSE_POSITIVE,KNOWN_DEVICE
RVW-202605-004370,ALT-202605-004719,RV-04,2026-05-31T11:48:00,CLEARED_FALSE_POSITIVE,CUSTOMER_CONTACTED
RVW-202605-004371,ALT-202605-004720,RV-02,2026-05-27T06:49:35,CLEARED_FALSE_POSITIVE,KNOWN_DEVICE
RVW-202605-004372,ALT-202605-004721,RV-05,2026-05-20T06:02:38,CLEARED_FALSE_POSITIVE,CUSTOMER_CONTACTED
RVW-202605-004373,ALT-202605-004722,RV-01,2026-05-21T10:46:53,INSUFFICIENT_EVIDENCE,NO_CONTACT
RVW-202605-004374,ALT-202605-004724,RV-04,2026-05-24T14:40:54,CONFIRMED_FRAUD,SYNTH_ID_CONFIRMED
RVW-202605-004375,ALT-202605-004725,RV-03,2026-06-05T14:46:57,CLEARED_FALSE_POSITIVE,DOC_VALID
RVW-202605-004376,ALT-202605-004726,RV-04,2026-05-29T13:50:31,INSUFFICIENT_EVIDENCE,NO_CONTACT
RVW-202605-004377,ALT-202605-004727,RV-03,2026-06-03T13:10:12,CLEARED_FALSE_POSITIVE,KNOWN_DEVICE
RVW-202605-004378,ALT-202605-004728,RV-01,2026-05-25T19:23:06,CLEARED_FALSE_POSITIVE,CUSTOMER_CONTACTED
RVW-202605-004379,ALT-202605-004729,RV-06,2026-05-29T14:56:25,CLEARED_FALSE_POSITIVE,ID_VERIFIED
RVW-202605-004380,ALT-202605-004730,RV-02,2026-05-23T17:14:11,CLEARED_FALSE_POSITIVE,CUSTOMER_CONTACTED
RVW-202605-004381,ALT-202605-004731,RV-05,2026-05-24T22:55:33,CLEARED_FALSE_POSITIVE,CUSTOMER_CONTACTED
RVW-202605-004382,ALT-202605-004733,RV-01,2026-06-09T10:17:16,CLEARED_FALSE_POSITIVE,ID_VERIFIED
RVW-202605-004383,ALT-202605-004734,RV-05,2026-05-11T11:10:39,CLEARED_FALSE_POSITIVE,KNOWN_DEVICE
RVW-202605-004384,ALT-202605-004735,RV-05,2026-05-13T21:57:30,INSUFFICIENT_EVIDENCE,NO_CONTACT
RVW-202605-004385,ALT-202605-004738,RV-04,2026-05-29T12:44:19,CLEARED_FALSE_POSITIVE,CUSTOMER_CONTACTED
RVW-202605-004386,ALT-202605-004740,RV-01,2026-05-05T16:02:42,CLEARED_FALSE_POSITIVE,CUSTOMER_CONTACTED
RVW-202605-004387,ALT-202605-004741,RV-01,2026-05-30T18:07:37,CLEARED_FALSE_POSITIVE,KNOWN_DEVICE
RVW-202605-004388,ALT-202605-004742,RV-01,2026-05-10T06:12:28,INSUFFICIENT_EVIDENCE,DATA_UNAVAILABLE
RVW-202605-004389,ALT-202605-004743,RV-01,2026-06-06T14:09:39,CONFIRMED_FRAUD,ATO_CONFIRMED
RVW-202605-004390,ALT-202605-004744,RV-05,2026-05-14T19:21:21,CLEARED_FALSE_POSITIVE,ID_VERIFIED
RVW-202605-004391,ALT-202605-004745,RV-01,2026-05-06T16:58:17,CONFIRMED_FRAUD,SYNTH_ID_CONFIRMED
RVW-202605-004392,ALT-202605-004746,RV-01,2026-05-28T09:30:23,INSUFFICIENT_EVIDENCE,DATA_UNAVAILABLE
RVW-202605-004393,ALT-202605-004747,RV-02,2026-05-13T15:09:46,CLEARED_FALSE_POSITIVE,KNOWN_DEVICE
RVW-202605-004394,ALT-202605-004748,RV-05,2026-05-30T12:07:55,CLEARED_FALSE_POSITIVE,ID_VERIFIED
RVW-202605-004395,ALT-202605-004750,RV-04,2026-05-31T12:30:16,CLEARED_FALSE_POSITIVE,KNOWN_DEVICE
RVW-202605-004396,ALT-202605-004751,RV-01,2026-05-22T17:46:18,CONFIRMED_FRAUD,SYNTH_ID_CONFIRMED
RVW-202605-004397,ALT-202605-004752,RV-03,2026-05-26T21:43:29,CLEARED_FALSE_POSITIVE,DOC_VALID
RVW-202605-004398,ALT-202605-004753,RV-03,2026-06-03T18:50:51,CLEARED_FALSE_POSITIVE,KNOWN_DEVICE
RVW-202605-004399,ALT-202605-004754,RV-01,2026-05-31T19:28:31,CLEARED_FALSE_POSITIVE,ID_VERIFIED
RVW-202605-004400,ALT-202605-004755,RV-05,2026-05-28T21:34:51,CLEARED_FALSE_POSITIVE,ID_VERIFIED
RVW-202605-004401,ALT-202605-004756,RV-01,2026-05-28T08:51:36,INSUFFICIENT_EVIDENCE,NO_CONTACT
RVW-202605-004402,ALT-202605-004757,RV-02,2026-05-14T19:47:21,CONFIRMED_FRAUD,MULE_CONFIRMED
RVW-202605-004403,ALT-202605-004758,RV-04,2026-06-04T06:44:03,INSUFFICIENT_EVIDENCE,AGED_OUT
RVW-202605-004404,ALT-202605-004759,RV-02,2026-05-11T08:46:08,CLEARED_FALSE_POSITIVE,CUSTOMER_CONTACTED
RVW-202605-004405,ALT-202605-004760,RV-02,2026-05-19T10:46:05,CLEARED_FALSE_POSITIVE,KNOWN_DEVICE
RVW-202605-004406,ALT-202605-004761,RV-03,2026-05-31T09:39:28,CLEARED_FALSE_POSITIVE,ID_VERIFIED
RVW-202605-004407,ALT-202605-004762,RV-02,2026-05-16T09:53:10,CLEARED_FALSE_POSITIVE,DOC_VALID
RVW-202605-004408,ALT-202605-004764,RV-03,2026-05-18T15:53:28,CLEARED_FALSE_POSITIVE,CUSTOMER_CONTACTED
RVW-202605-004409,ALT-202605-004765,RV-06,2026-05-09T12:43:46,INSUFFICIENT_EVIDENCE,NO_CONTACT
RVW-202605-004410,ALT-202605-004766,RV-06,2026-05-09T19:57:21,CONFIRMED_FRAUD,ATO_CONFIRMED
RVW-202605-004411,ALT-202605-004767,RV-06,2026-05-13T10:42:15,CONFIRMED_FRAUD,MULE_CONFIRMED
RVW-202605-004412,ALT-202605-004768,RV-01,2026-05-08T21:31:24,CONFIRMED_FRAUD,MULE_CONFIRMED
RVW-202605-004413,ALT-202605-004770,RV-04,2026-05-13T20:45:13,INSUFFICIENT_EVIDENCE,DATA_UNAVAILABLE
RVW-202605-004414,ALT-202605-004772,RV-03,2026-05-28T10:56:35,CLEARED_FALSE_POSITIVE,ID_VERIFIED
RVW-202605-004415,ALT-202605-004773,RV-06,2026-06-03T17:29:46,CLEARED_FALSE_POSITIVE,DOC_VALID
RVW-202605-004416,ALT-202605-004775,RV-02,2026-06-05T07:30:24,INSUFFICIENT_EVIDENCE,NO_CONTACT
RVW-202605-004417,ALT-202605-004776,RV-02,2026-06-06T21:57:33,CONFIRMED_FRAUD,DOC_FORGED
RVW-202605-004418,ALT-202605-004777,RV-06,2026-05-26T07:35:15,CLEARED_FALSE_POSITIVE,KNOWN_DEVICE
RVW-202605-004419,ALT-202605-004778,RV-05,2026-05-25T09:18:07,CLEARED_FALSE_POSITIVE,KNOWN_DEVICE
RVW-202605-004420,ALT-202605-004779,RV-06,2026-06-01T14:54:00,CLEARED_FALSE_POSITIVE,ID_VERIFIED
RVW-202605-004421,ALT-202605-004780,RV-01,2026-05-16T17:21:34,INSUFFICIENT_EVIDENCE,AGED_OUT
RVW-202605-004422,ALT-202605-004781,RV-03,2026-05-18T13:05:52,INSUFFICIENT_EVIDENCE,AGED_OUT
RVW-202605-004423,ALT-202605-004782,RV-03,2026-05-12T11:28:19,CLEARED_FALSE_POSITIVE,DOC_VALID
RVW-202605-004424,ALT-202605-004783,RV-03,2026-05-13T20:41:21,CLEARED_FALSE_POSITIVE,ID_VERIFIED
RVW-202605-004425,ALT-202605-004785,RV-06,2026-05-09T17:48:04,CLEARED_FALSE_POSITIVE,ID_VERIFIED
RVW-202605-004426,ALT-202605-004787,RV-04,2026-06-04T14:20:23,CONFIRMED_FRAUD,DOC_FORGED
RVW-202605-004427,ALT-202605-004788,RV-04,2026-05-26T16:14:59,CLEARED_FALSE_POSITIVE,KNOWN_DEVICE
RVW-202605-004428,ALT-202605-004789,RV-06,2026-05-12T13:40:24,CLEARED_FALSE_POSITIVE,CUSTOMER_CONTACTED
RVW-202605-004429,ALT-202605-004790,RV-05,2026-05-30T15:24:45,CLEARED_FALSE_POSITIVE,ID_VERIFIED
RVW-202605-004430,ALT-202605-004791,RV-02,2026-05-10T15:52:14,CLEARED_FALSE_POSITIVE,DOC_VALID
RVW-202605-004431,ALT-202605-004792,RV-01,2026-05-25T09:13:52,CLEARED_FALSE_POSITIVE,DOC_VALID
RVW-202605-004432,ALT-202605-004793,RV-02,2026-05-20T09:38:25,CLEARED_FALSE_POSITIVE,KNOWN_DEVICE
RVW-202605-004433,ALT-202605-004794,RV-03,2026-06-05T18:33:47,CONFIRMED_FRAUD,DOC_FORGED
RVW-202605-004434,ALT-202605-004795,RV-03,2026-05-04T22:32:29,CONFIRMED_FRAUD,SYNTH_ID_CONFIRMED
RVW-202605-004435,ALT-202605-004796,RV-05,2026-05-24T18:48:41,CONFIRMED_FRAUD,DOC_FORGED
RVW-202605-004436,ALT-202605-004797,RV-05,2026-05-26T22:16:56,CLEARED_FALSE_POSITIVE,KNOWN_DEVICE
RVW-202605-004437,ALT-202605-004798,RV-06,2026-05-13T14:39:35,CLEARED_FALSE_POSITIVE,DOC_VALID
RVW-202605-004438,ALT-202605-004799,RV-01,2026-05-23T18:30:03,CLEARED_FALSE_POSITIVE,CUSTOMER_CONTACTED
RVW-202605-004439,ALT-202605-004802,RV-01,2026-05-08T11:29:30,CLEARED_FALSE_POSITIVE,CUSTOMER_CONTACTED
RVW-202605-004440,ALT-202605-004803,RV-02,2026-05-09T10:52:37,CONFIRMED_FRAUD,ATO_CONFIRMED
RVW-202605-004441,ALT-202605-004804,RV-03,2026-05-14T08:52:34,CLEARED_FALSE_POSITIVE,DOC_VALID
RVW-202605-004442,ALT-202605-004805,RV-01,2026-05-29T12:51:25,INSUFFICIENT_EVIDENCE,AGED_OUT
RVW-202605-004443,ALT-202605-004806,RV-05,2026-05-14T13:44:19,CLEARED_FALSE_POSITIVE,DOC_VALID
RVW-202605-004444,ALT-202605-004807,RV-06,2026-06-05T11:15:12,CLEARED_FALSE_POSITIVE,ID_VERIFIED
RVW-202605-004445,ALT-202605-004808,RV-04,2026-05-27T18:15:16,CLEARED_FALSE_POSITIVE,CUSTOMER_CONTACTED
RVW-202605-004446,ALT-202605-004809,RV-04,2026-05-17T17:30:26,CONFIRMED_FRAUD,SYNTH_ID_CONFIRMED
RVW-202605-004447,ALT-202605-004810,RV-03,2026-05-07T14:50:46,CLEARED_FALSE_POSITIVE,ID_VERIFIED
RVW-202605-004448,ALT-202605-004811,RV-01,2026-06-08T09:52:03,CONFIRMED_FRAUD,MULE_CONFIRMED
RVW-202605-004449,ALT-202605-004812,RV-05,2026-06-03T19:50:56,CONFIRMED_FRAUD,MULE_CONFIRMED
RVW-202605-004450,ALT-202605-004813,RV-03,2026-05-25T09:56:13,CLEARED_FALSE_POSITIVE,DOC_VALID
RVW-202605-004451,ALT-202605-004814,RV-01,2026-06-04T21:03:24,CLEARED_FALSE_POSITIVE,DOC_VALID
RVW-202605-004452,ALT-202605-004815,RV-02,2026-05-07T18:53:58,INSUFFICIENT_EVIDENCE,DATA_UNAVAILABLE
RVW-202605-004453,ALT-202605-004816,RV-03,2026-06-07T18:43:12,CONFIRMED_FRAUD,MULE_CONFIRMED
RVW-202605-004454,ALT-202605-004817,RV-04,2026-06-06T22:41:33,CLEARED_FALSE_POSITIVE,DOC_VALID
RVW-202605-004455,ALT-202605-004818,RV-01,2026-06-04T12:51:45,CLEARED_FALSE_POSITIVE,ID_VERIFIED
RVW-202605-004456,ALT-202605-004819,RV-05,2026-05-09T16:05:31,CLEARED_FALSE_POSITIVE,KNOWN_DEVICE
RVW-202605-004457,ALT-202605-004820,RV-02,2026-05-23T15:18:34,CONFIRMED_FRAUD,DOC_FORGED
RVW-202605-004458,ALT-202605-004821,RV-04,2026-05-31T12:03:38,CLEARED_FALSE_POSITIVE,CUSTOMER_CONTACTED
RVW-202605-004459,ALT-202605-004822,RV-03,2026-05-29T19:01:15,CONFIRMED_FRAUD,DOC_FORGED
RVW-202605-004460,ALT-202605-004824,RV-01,2026-05-27T06:55:47,CLEARED_FALSE_POSITIVE,ID_VERIFIED
RVW-202605-004461,ALT-202605-004825,RV-04,2026-05-27T16:30:45,CLEARED_FALSE_POSITIVE,CUSTOMER_CONTACTED
RVW-202605-004462,ALT-202605-004826,RV-03,2026-05-29T08:51:04,CLEARED_FALSE_POSITIVE,CUSTOMER_CONTACTED
RVW-202605-004463,ALT-202605-004827,RV-03,2026-05-26T13:48:42,CLEARED_FALSE_POSITIVE,ID_VERIFIED
RVW-202605-004464,ALT-202605-004828,RV-01,2026-05-16T18:16:58,INSUFFICIENT_EVIDENCE,DATA_UNAVAILABLE
RVW-202605-004465,ALT-202605-004830,RV-04,2026-06-04T06:02:00,CLEARED_FALSE_POSITIVE,KNOWN_DEVICE
RVW-202605-004466,ALT-202605-004831,RV-01,2026-06-07T09:26:21,CLEARED_FALSE_POSITIVE,ID_VERIFIED
RVW-202605-004467,ALT-202605-004832,RV-05,2026-05-06T07:46:53,CLEARED_FALSE_POSITIVE,ID_VERIFIED
RVW-202605-004468,ALT-202605-004833,RV-01,2026-05-15T12:00:03,CLEARED_FALSE_POSITIVE,CUSTOMER_CONTACTED
RVW-202605-004469,ALT-202605-004834,RV-01,2026-05-22T06:06:08,INSUFFICIENT_EVIDENCE,DATA_UNAVAILABLE
RVW-202605-004470,ALT-202605-004835,RV-06,2026-06-03T08:15:07,INSUFFICIENT_EVIDENCE,NO_CONTACT
RVW-202605-004471,ALT-202605-004836,RV-04,2026-05-26T16:33:24,CLEARED_FALSE_POSITIVE,ID_VERIFIED
RVW-202605-004472,ALT-202605-004837,RV-01,2026-05-28T07:49:29,CLEARED_FALSE_POSITIVE,KNOWN_DEVICE
RVW-202605-004473,ALT-202605-004838,RV-03,2026-05-14T14:53:02,CONFIRMED_FRAUD,ATO_CONFIRMED
RVW-202605-004474,ALT-202605-004839,RV-03,2026-05-22T08:31:08,CONFIRMED_FRAUD,ATO_CONFIRMED
RVW-202605-004475,ALT-202605-004840,RV-01,2026-05-22T15:20:29,CONFIRMED_FRAUD,ATO_CONFIRMED
RVW-202605-004476,ALT-202605-004841,RV-01,2026-05-14T10:01:18,CLEARED_FALSE_POSITIVE,ID_VERIFIED
RVW-202605-004477,ALT-202605-004843,RV-02,2026-05-17T22:38:57,INSUFFICIENT_EVIDENCE,AGED_OUT
RVW-202605-004478,ALT-202605-004844,RV-01,2026-05-16T08:32:51,CLEARED_FALSE_POSITIVE,KNOWN_DEVICE
RVW-202605-004479,ALT-202605-004846,RV-06,2026-05-22T07:42:35,CLEARED_FALSE_POSITIVE,ID_VERIFIED
RVW-202605-004480,ALT-202605-004847,RV-02,2026-06-04T14:09:45,INSUFFICIENT_EVIDENCE,NO_CONTACT
RVW-202605-004481,ALT-202605-004848,RV-02,2026-05-07T18:14:29,CONFIRMED_FRAUD,DOC_FORGED
RVW-202605-004482,ALT-202605-004849,RV-06,2026-05-26T10:58:26,CONFIRMED_FRAUD,SYNTH_ID_CONFIRMED
RVW-202605-004483,ALT-202605-004850,RV-05,2026-05-20T14:47:03,CLEARED_FALSE_POSITIVE,KNOWN_DEVICE
RVW-202605-004484,ALT-202605-004851,RV-02,2026-05-25T08:40:29,CLEARED_FALSE_POSITIVE,DOC_VALID
RVW-202605-004485,ALT-202605-004853,RV-06,2026-06-02T21:45:56,CONFIRMED_FRAUD,SYNTH_ID_CONFIRMED
RVW-202605-004486,ALT-202605-004855,RV-04,2026-06-03T21:30:22,CLEARED_FALSE_POSITIVE,ID_VERIFIED
RVW-202605-004487,ALT-202605-004856,RV-03,2026-05-21T10:09:21,CLEARED_FALSE_POSITIVE,KNOWN_DEVICE
RVW-202605-004488,ALT-202605-004857,RV-04,2026-05-23T06:05:48,INSUFFICIENT_EVIDENCE,NO_CONTACT
RVW-202605-004489,ALT-202605-004858,RV-01,2026-05-04T18:42:53,CLEARED_FALSE_POSITIVE,ID_VERIFIED
RVW-202605-004490,ALT-202605-004859,RV-05,2026-06-04T19:26:18,CLEARED_FALSE_POSITIVE,KNOWN_DEVICE
RVW-202605-004491,ALT-202605-004860,RV-02,2026-05-18T20:06:20,CLEARED_FALSE_POSITIVE,ID_VERIFIED
RVW-202605-004492,ALT-202605-004861,RV-01,2026-05-27T16:09:16,INSUFFICIENT_EVIDENCE,DATA_UNAVAILABLE
RVW-202605-004493,ALT-202605-004862,RV-04,2026-05-11T08:02:16,CLEARED_FALSE_POSITIVE,DOC_VALID
RVW-202605-004494,ALT-202605-004863,RV-03,2026-05-14T15:42:56,CLEARED_FALSE_POSITIVE,KNOWN_DEVICE
RVW-202605-004495,ALT-202605-004864,RV-04,2026-05-14T15:19:11,CLEARED_FALSE_POSITIVE,KNOWN_DEVICE
RVW-202605-004496,ALT-202605-004865,RV-04,2026-05-02T21:06:44,CLEARED_FALSE_POSITIVE,ID_VERIFIED
RVW-202605-004497,ALT-202605-004866,RV-03,2026-06-11T21:51:32,CLEARED_FALSE_POSITIVE,ID_VERIFIED
RVW-202605-004498,ALT-202605-004868,RV-02,2026-05-30T13:12:01,CONFIRMED_FRAUD,SYNTH_ID_CONFIRMED
RVW-202605-004499,ALT-202605-004870,RV-05,2026-05-11T17:31:36,CLEARED_FALSE_POSITIVE,KNOWN_DEVICE
RVW-202605-004500,ALT-202605-004871,RV-06,2026-05-04T17:51:23,CLEARED_FALSE_POSITIVE,CUSTOMER_CONTACTED
RVW-202605-004501,ALT-202605-004872,RV-05,2026-05-18T18:49:45,CLEARED_FALSE_POSITIVE,KNOWN_DEVICE
RVW-202605-004502,ALT-202605-004873,RV-04,2026-05-29T12:28:39,CLEARED_FALSE_POSITIVE,ID_VERIFIED
RVW-202605-004503,ALT-202605-004874,RV-02,2026-05-14T11:52:04,CLEARED_FALSE_POSITIVE,CUSTOMER_CONTACTED
RVW-202605-004504,ALT-202605-004875,RV-03,2026-05-15T14:12:16,CLEARED_FALSE_POSITIVE,KNOWN_DEVICE
RVW-202605-004505,ALT-202605-004876,RV-05,2026-06-05T20:23:41,CLEARED_FALSE_POSITIVE,CUSTOMER_CONTACTED
RVW-202605-004506,ALT-202605-004877,RV-06,2026-05-10T18:49:47,CLEARED_FALSE_POSITIVE,CUSTOMER_CONTACTED
RVW-202605-004507,ALT-202605-004878,RV-06,2026-05-25T18:21:01,CLEARED_FALSE_POSITIVE,ID_VERIFIED
RVW-202605-004508,ALT-202605-004879,RV-01,2026-05-28T15:37:13,CONFIRMED_FRAUD,DOC_FORGED
RVW-202605-004509,ALT-202605-004880,RV-01,2026-05-27T06:29:52,CLEARED_FALSE_POSITIVE,KNOWN_DEVICE
RVW-202605-004510,ALT-202605-004881,RV-03,2026-05-13T22:33:59,INSUFFICIENT_EVIDENCE,AGED_OUT
RVW-202605-004511,ALT-202605-004882,RV-03,2026-05-11T22:58:57,CLEARED_FALSE_POSITIVE,KNOWN_DEVICE
RVW-202605-004512,ALT-202605-004883,RV-05,2026-05-26T09:30:43,CLEARED_FALSE_POSITIVE,CUSTOMER_CONTACTED
RVW-202605-004513,ALT-202605-004884,RV-01,2026-05-18T18:55:43,CLEARED_FALSE_POSITIVE,CUSTOMER_CONTACTED
RVW-202605-004514,ALT-202605-004885,RV-04,2026-05-20T15:01:17,CLEARED_FALSE_POSITIVE,CUSTOMER_CONTACTED
RVW-202605-004515,ALT-202605-004886,RV-06,2026-05-22T21:32:29,CLEARED_FALSE_POSITIVE,ID_VERIFIED
RVW-202605-004516,ALT-202605-004887,RV-06,2026-05-29T17:11:52,CLEARED_FALSE_POSITIVE,ID_VERIFIED
RVW-202605-004517,ALT-202605-004888,RV-02,2026-05-14T06:42:18,CLEARED_FALSE_POSITIVE,DOC_VALID
RVW-202605-004518,ALT-202605-004889,RV-03,2026-06-05T07:27:07,INSUFFICIENT_EVIDENCE,AGED_OUT
RVW-202605-004519,ALT-202605-004890,RV-03,2026-05-11T20:54:58,INSUFFICIENT_EVIDENCE,AGED_OUT
RVW-202605-004520,ALT-202605-004891,RV-06,2026-05-23T11:32:06,CLEARED_FALSE_POSITIVE,CUSTOMER_CONTACTED
RVW-202605-004521,ALT-202605-004892,RV-06,2026-05-10T10:30:45,CLEARED_FALSE_POSITIVE,DOC_VALID
RVW-202605-004522,ALT-202605-004893,RV-02,2026-06-03T19:41:16,CLEARED_FALSE_POSITIVE,KNOWN_DEVICE
RVW-202605-004523,ALT-202605-004894,RV-05,2026-06-06T13:12:43,CONFIRMED_FRAUD,DOC_FORGED
RVW-202605-004524,ALT-202605-004895,RV-01,2026-05-15T08:37:41,CLEARED_FALSE_POSITIVE,DOC_VALID
RVW-202605-004525,ALT-202605-004896,RV-06,2026-05-07T13:02:06,CONFIRMED_FRAUD,MULE_CONFIRMED
RVW-202605-004526,ALT-202605-004897,RV-04,2026-05-21T08:53:48,CLEARED_FALSE_POSITIVE,KNOWN_DEVICE
RVW-202605-004527,ALT-202605-004899,RV-05,2026-05-26T22:28:21,CLEARED_FALSE_POSITIVE,DOC_VALID
RVW-202605-004528,ALT-202605-004900,RV-03,2026-05-07T20:08:05,CLEARED_FALSE_POSITIVE,KNOWN_DEVICE
RVW-202605-004529,ALT-202605-004901,RV-06,2026-05-26T21:51:35,CLEARED_FALSE_POSITIVE,ID_VERIFIED
RVW-202605-004530,ALT-202605-004902,RV-04,2026-05-22T06:51:21,CLEARED_FALSE_POSITIVE,DOC_VALID
RVW-202605-004531,ALT-202605-004903,RV-03,2026-05-07T17:00:22,CONFIRMED_FRAUD,DOC_FORGED
RVW-202605-004532,ALT-202605-004904,RV-05,2026-05-25T07:48:48,CLEARED_FALSE_POSITIVE,CUSTOMER_CONTACTED
RVW-202605-004533,ALT-202605-004905,RV-05,2026-06-01T20:55:13,CLEARED_FALSE_POSITIVE,KNOWN_DEVICE
RVW-202605-004534,ALT-202605-004906,RV-01,2026-05-29T10:21:44,CLEARED_FALSE_POSITIVE,DOC_VALID
RVW-202605-004535,ALT-202605-004907,RV-03,2026-05-06T12:34:30,CLEARED_FALSE_POSITIVE,CUSTOMER_CONTACTED
RVW-202605-004536,ALT-202605-004908,RV-05,2026-05-15T09:22:34,CONFIRMED_FRAUD,ATO_CONFIRMED
RVW-202605-004537,ALT-202605-004909,RV-03,2026-05-29T08:03:00,CLEARED_FALSE_POSITIVE,KNOWN_DEVICE
RVW-202605-004538,ALT-202605-004910,RV-01,2026-05-07T07:18:41,CLEARED_FALSE_POSITIVE,CUSTOMER_CONTACTED
RVW-202605-004539,ALT-202605-004911,RV-02,2026-05-10T19:59:46,CLEARED_FALSE_POSITIVE,CUSTOMER_CONTACTED
RVW-202605-004540,ALT-202605-004912,RV-03,2026-05-23T12:37:50,CLEARED_FALSE_POSITIVE,CUSTOMER_CONTACTED
RVW-202605-004541,ALT-202605-004913,RV-03,2026-05-22T22:17:45,CLEARED_FALSE_POSITIVE,DOC_VALID
RVW-202605-004542,ALT-202605-004914,RV-06,2026-05-10T15:26:42,CLEARED_FALSE_POSITIVE,CUSTOMER_CONTACTED
RVW-202605-004543,ALT-202605-004915,RV-01,2026-05-20T21:38:06,CLEARED_FALSE_POSITIVE,CUSTOMER_CONTACTED
RVW-202605-004544,ALT-202605-004916,RV-05,2026-05-27T10:16:36,INSUFFICIENT_EVIDENCE,NO_CONTACT
RVW-202605-004545,ALT-202605-004917,RV-02,2026-05-12T19:52:17,CLEARED_FALSE_POSITIVE,CUSTOMER_CONTACTED
RVW-202605-004546,ALT-202605-004918,RV-02,2026-05-11T14:22:00,INSUFFICIENT_EVIDENCE,AGED_OUT
RVW-202605-004547,ALT-202605-004919,RV-05,2026-06-02T16:49:52,CLEARED_FALSE_POSITIVE,ID_VERIFIED
RVW-202605-004548,ALT-202605-004920,RV-02,2026-05-12T09:30:23,CONFIRMED_FRAUD,DOC_FORGED
RVW-202605-004549,ALT-202605-004921,RV-06,2026-06-04T11:40:00,CLEARED_FALSE_POSITIVE,ID_VERIFIED
RVW-202605-004550,ALT-202605-004922,RV-01,2026-05-28T21:43:34,INSUFFICIENT_EVIDENCE,DATA_UNAVAILABLE
RVW-202605-004551,ALT-202605-004923,RV-02,2026-05-22T14:36:02,INSUFFICIENT_EVIDENCE,NO_CONTACT
RVW-202605-004552,ALT-202605-004924,RV-05,2026-06-04T11:50:48,INSUFFICIENT_EVIDENCE,DATA_UNAVAILABLE
RVW-202605-004553,ALT-202605-004925,RV-06,2026-05-11T13:16:16,CONFIRMED_FRAUD,SYNTH_ID_CONFIRMED
RVW-202605-004554,ALT-202605-004926,RV-01,2026-05-25T12:11:08,CLEARED_FALSE_POSITIVE,CUSTOMER_CONTACTED
RVW-202605-004555,ALT-202605-004927,RV-03,2026-05-09T06:04:17,CONFIRMED_FRAUD,DOC_FORGED
RVW-202605-004556,ALT-202605-004928,RV-06,2026-05-04T21:17:30,CONFIRMED_FRAUD,SYNTH_ID_CONFIRMED
RVW-202605-004557,ALT-202605-004929,RV-04,2026-05-04T07:03:15,CLEARED_FALSE_POSITIVE,KNOWN_DEVICE
RVW-202605-004558,ALT-202605-004930,RV-03,2026-05-03T08:35:41,CLEARED_FALSE_POSITIVE,DOC_VALID
RVW-202605-004559,ALT-202605-004931,RV-01,2026-05-12T16:57:50,CLEARED_FALSE_POSITIVE,KNOWN_DEVICE
RVW-202605-004560,ALT-202605-004932,RV-05,2026-05-14T17:23:31,CONFIRMED_FRAUD,ATO_CONFIRMED
RVW-202605-004561,ALT-202605-004933,RV-06,2026-06-03T06:46:02,INSUFFICIENT_EVIDENCE,AGED_OUT
RVW-202605-004562,ALT-202605-004934,RV-02,2026-06-02T09:52:24,CONFIRMED_FRAUD,ATO_CONFIRMED
RVW-202605-004563,ALT-202605-004935,RV-03,2026-05-11T08:43:47,CLEARED_FALSE_POSITIVE,KNOWN_DEVICE
RVW-202605-004564,ALT-202605-004936,RV-03,2026-05-22T14:40:39,CLEARED_FALSE_POSITIVE,DOC_VALID
RVW-202605-004565,ALT-202605-004937,RV-04,2026-05-18T19:05:11,CLEARED_FALSE_POSITIVE,DOC_VALID
RVW-202605-004566,ALT-202605-004938,RV-01,2026-05-08T07:44:41,CLEARED_FALSE_POSITIVE,DOC_VALID
RVW-202605-004567,ALT-202605-004940,RV-01,2026-05-21T12:21:15,CLEARED_FALSE_POSITIVE,KNOWN_DEVICE
RVW-202605-004568,ALT-202605-004941,RV-03,2026-05-14T10:42:40,CONFIRMED_FRAUD,DOC_FORGED
RVW-202605-004569,ALT-202605-004942,RV-03,2026-05-27T18:20:44,CLEARED_FALSE_POSITIVE,DOC_VALID
RVW-202605-004570,ALT-202605-004943,RV-06,2026-05-10T21:49:26,CLEARED_FALSE_POSITIVE,ID_VERIFIED
RVW-202605-004571,ALT-202605-004944,RV-03,2026-06-09T18:56:02,CLEARED_FALSE_POSITIVE,KNOWN_DEVICE
RVW-202605-004572,ALT-202605-004945,RV-05,2026-05-19T18:53:40,CLEARED_FALSE_POSITIVE,KNOWN_DEVICE
RVW-202605-004573,ALT-202605-004946,RV-04,2026-05-04T11:29:23,CLEARED_FALSE_POSITIVE,ID_VERIFIED
RVW-202605-004574,ALT-202605-004947,RV-02,2026-05-12T06:24:20,CLEARED_FALSE_POSITIVE,CUSTOMER_CONTACTED
RVW-202605-004575,ALT-202605-004948,RV-05,2026-05-11T08:06:12,CLEARED_FALSE_POSITIVE,CUSTOMER_CONTACTED
RVW-202605-004576,ALT-202605-004949,RV-06,2026-05-12T16:56:50,CLEARED_FALSE_POSITIVE,DOC_VALID
RVW-202605-004577,ALT-202605-004950,RV-03,2026-05-17T13:42:32,INSUFFICIENT_EVIDENCE,AGED_OUT
RVW-202605-004578,ALT-202605-004951,RV-04,2026-05-13T13:57:42,CONFIRMED_FRAUD,MULE_CONFIRMED
RVW-202605-004579,ALT-202605-004952,RV-03,2026-05-18T12:33:23,CLEARED_FALSE_POSITIVE,CUSTOMER_CONTACTED
RVW-202605-004580,ALT-202605-004953,RV-06,2026-05-30T13:55:53,CLEARED_FALSE_POSITIVE,DOC_VALID
RVW-202605-004581,ALT-202605-004954,RV-03,2026-05-15T15:13:13,CLEARED_FALSE_POSITIVE,KNOWN_DEVICE
RVW-202605-004582,ALT-202605-004955,RV-03,2026-05-29T18:06:44,CLEARED_FALSE_POSITIVE,CUSTOMER_CONTACTED
RVW-202605-004583,ALT-202605-004956,RV-06,2026-05-23T20:30:02,INSUFFICIENT_EVIDENCE,DATA_UNAVAILABLE
RVW-202605-004584,ALT-202605-004957,RV-04,2026-05-24T20:34:13,CONFIRMED_FRAUD,DOC_FORGED
RVW-202605-004585,ALT-202605-004958,RV-06,2026-06-02T14:37:19,INSUFFICIENT_EVIDENCE,NO_CONTACT
RVW-202605-004586,ALT-202605-004959,RV-01,2026-05-30T18:43:38,CONFIRMED_FRAUD,MULE_CONFIRMED
RVW-202605-004587,ALT-202605-004960,RV-06,2026-05-13T16:00:24,CONFIRMED_FRAUD,SYNTH_ID_CONFIRMED
RVW-202605-004588,ALT-202605-004961,RV-06,2026-05-17T19:47:49,CLEARED_FALSE_POSITIVE,DOC_VALID
RVW-202605-004589,ALT-202605-004962,RV-02,2026-05-06T14:35:19,CONFIRMED_FRAUD,DOC_FORGED
RVW-202605-004590,ALT-202605-004963,RV-06,2026-05-19T17:23:19,CLEARED_FALSE_POSITIVE,ID_VERIFIED
RVW-202605-004591,ALT-202605-004964,RV-01,2026-05-18T12:40:13,CONFIRMED_FRAUD,MULE_CONFIRMED
RVW-202605-004592,ALT-202605-004965,RV-03,2026-05-08T12:53:36,CONFIRMED_FRAUD,DOC_FORGED
RVW-202605-004593,ALT-202605-004966,RV-04,2026-05-20T16:52:17,CLEARED_FALSE_POSITIVE,CUSTOMER_CONTACTED
RVW-202605-004594,ALT-202605-004967,RV-02,2026-05-14T06:13:11,CLEARED_FALSE_POSITIVE,ID_VERIFIED
RVW-202605-004595,ALT-202605-004968,RV-02,2026-06-09T20:41:15,CLEARED_FALSE_POSITIVE,KNOWN_DEVICE
RVW-202605-004596,ALT-202605-004969,RV-04,2026-05-25T19:29:57,CLEARED_FALSE_POSITIVE,KNOWN_DEVICE
RVW-202605-004597,ALT-202605-004970,RV-01,2026-05-21T09:14:12,CLEARED_FALSE_POSITIVE,DOC_VALID
RVW-202605-004598,ALT-202605-004971,RV-06,2026-05-24T15:49:00,CLEARED_FALSE_POSITIVE,CUSTOMER_CONTACTED
RVW-202605-004599,ALT-202605-004972,RV-04,2026-05-17T21:26:39,CLEARED_FALSE_POSITIVE,KNOWN_DEVICE
RVW-202605-004600,ALT-202605-004973,RV-04,2026-05-03T16:43:55,CLEARED_FALSE_POSITIVE,ID_VERIFIED
RVW-202605-004601,ALT-202605-004974,RV-06,2026-05-21T22:02:44,CLEARED_FALSE_POSITIVE,KNOWN_DEVICE
RVW-202605-004602,ALT-202605-004975,RV-01,2026-05-24T19:08:58,CLEARED_FALSE_POSITIVE,CUSTOMER_CONTACTED
RVW-202605-004603,ALT-202605-004976,RV-04,2026-05-13T07:08:06,CLEARED_FALSE_POSITIVE,ID_VERIFIED
RVW-202605-004604,ALT-202605-004977,RV-02,2026-06-07T22:31:42,CLEARED_FALSE_POSITIVE,DOC_VALID
RVW-202605-004605,ALT-202605-004978,RV-03,2026-05-08T15:59:36,CONFIRMED_FRAUD,SYNTH_ID_CONFIRMED
RVW-202605-004606,ALT-202605-004979,RV-04,2026-05-25T20:07:25,INSUFFICIENT_EVIDENCE,NO_CONTACT
RVW-202605-004607,ALT-202605-004980,RV-06,2026-06-01T06:10:02,INSUFFICIENT_EVIDENCE,DATA_UNAVAILABLE
RVW-202605-004608,ALT-202605-004981,RV-04,2026-05-07T17:45:51,CONFIRMED_FRAUD,DOC_FORGED
RVW-202605-004609,ALT-202605-004982,RV-04,2026-05-17T06:38:17,CONFIRMED_FRAUD,SYNTH_ID_CONFIRMED
RVW-202605-004610,ALT-202605-004983,RV-04,2026-05-12T07:14:20,CLEARED_FALSE_POSITIVE,DOC_VALID
RVW-202605-004611,ALT-202605-004984,RV-03,2026-05-22T13:39:32,CONFIRMED_FRAUD,DOC_FORGED
RVW-202605-004612,ALT-202605-004986,RV-03,2026-05-06T09:28:59,CONFIRMED_FRAUD,MULE_CONFIRMED
RVW-202605-004613,ALT-202605-004987,RV-06,2026-05-27T06:47:22,CONFIRMED_FRAUD,ATO_CONFIRMED
RVW-202605-004614,ALT-202605-004988,RV-06,2026-05-19T12:29:10,CONFIRMED_FRAUD,MULE_CONFIRMED
RVW-202605-004615,ALT-202605-004989,RV-05,2026-06-07T08:50:39,CLEARED_FALSE_POSITIVE,KNOWN_DEVICE
RVW-202605-004616,ALT-202605-004990,RV-04,2026-05-14T13:04:13,CLEARED_FALSE_POSITIVE,KNOWN_DEVICE
RVW-202605-004617,ALT-202605-004991,RV-02,2026-05-23T22:12:12,CLEARED_FALSE_POSITIVE,DOC_VALID
RVW-202605-004618,ALT-202605-004992,RV-05,2026-06-02T11:15:39,CLEARED_FALSE_POSITIVE,ID_VERIFIED
RVW-202605-004619,ALT-202605-004993,RV-01,2026-06-05T10:03:07,CLEARED_FALSE_POSITIVE,DOC_VALID
RVW-202605-004620,ALT-202605-004994,RV-05,2026-05-26T19:25:48,CLEARED_FALSE_POSITIVE,ID_VERIFIED
RVW-202605-004621,ALT-202605-004995,RV-06,2026-05-06T06:49:38,CLEARED_FALSE_POSITIVE,ID_VERIFIED
RVW-202605-004622,ALT-202605-004996,RV-02,2026-05-20T11:39:22,CLEARED_FALSE_POSITIVE,ID_VERIFIED
RVW-202605-004623,ALT-202605-004997,RV-04,2026-05-24T06:16:01,CLEARED_FALSE_POSITIVE,ID_VERIFIED
RVW-202605-004624,ALT-202605-004998,RV-04,2026-05-20T09:37:24,CLEARED_FALSE_POSITIVE,CUSTOMER_CONTACTED
RVW-202605-004625,ALT-202605-004999,RV-05,2026-05-12T12:50:57,CONFIRMED_FRAUD,SYNTH_ID_CONFIRMED
RVW-202605-004626,ALT-202605-005000,RV-03,2026-05-22T14:49:19,CLEARED_FALSE_POSITIVE,DOC_VALID
RVW-202605-004627,ALT-202605-005001,RV-04,2026-05-09T19:52:18,INSUFFICIENT_EVIDENCE,NO_CONTACT
RVW-202605-004628,ALT-202605-005002,RV-04,2026-06-02T15:21:32,INSUFFICIENT_EVIDENCE,AGED_OUT
RVW-202605-004629,ALT-202605-005003,RV-01,2026-05-07T06:48:18,CONFIRMED_FRAUD,MULE_CONFIRMED
RVW-202605-004630,ALT-202605-005004,RV-01,2026-05-17T08:53:05,INSUFFICIENT_EVIDENCE,DATA_UNAVAILABLE
RVW-202605-004631,ALT-202605-005005,RV-05,2026-05-16T10:56:29,CONFIRMED_FRAUD,SYNTH_ID_CONFIRMED
RVW-202605-004632,ALT-202605-005006,RV-06,2026-05-25T22:38:51,INSUFFICIENT_EVIDENCE,DATA_UNAVAILABLE
RVW-202605-004633,ALT-202605-005007,RV-06,2026-06-04T20:09:03,CLEARED_FALSE_POSITIVE,DOC_VALID
RVW-202605-004634,ALT-202605-005008,RV-01,2026-05-26T08:41:50,CONFIRMED_FRAUD,ATO_CONFIRMED
RVW-202605-004635,ALT-202605-005009,RV-02,2026-06-06T18:27:58,CLEARED_FALSE_POSITIVE,CUSTOMER_CONTACTED
RVW-202605-004636,ALT-202605-005010,RV-03,2026-05-21T16:31:55,CLEARED_FALSE_POSITIVE,CUSTOMER_CONTACTED
RVW-202605-004637,ALT-202605-005011,RV-04,2026-05-07T12:55:00,CLEARED_FALSE_POSITIVE,CUSTOMER_CONTACTED
RVW-202605-004638,ALT-202605-005012,RV-05,2026-05-23T07:24:51,CONFIRMED_FRAUD,ATO_CONFIRMED
RVW-202605-004639,ALT-202605-005013,RV-04,2026-05-20T21:23:44,CLEARED_FALSE_POSITIVE,KNOWN_DEVICE
RVW-202605-004640,ALT-202605-005014,RV-04,2026-05-27T22:23:47,CLEARED_FALSE_POSITIVE,DOC_VALID
RVW-202605-004641,ALT-202605-005015,RV-03,2026-05-22T14:21:58,INSUFFICIENT_EVIDENCE,NO_CONTACT
RVW-202605-004642,ALT-202605-005016,RV-01,2026-05-12T12:29:07,CLEARED_FALSE_POSITIVE,CUSTOMER_CONTACTED
RVW-202605-004643,ALT-202605-005017,RV-04,2026-05-10T14:23:46,CLEARED_FALSE_POSITIVE,CUSTOMER_CONTACTED
RVW-202605-004644,ALT-202605-005019,RV-03,2026-05-18T22:45:36,CLEARED_FALSE_POSITIVE,CUSTOMER_CONTACTED
RVW-202605-004645,ALT-202605-005020,RV-05,2026-06-02T14:54:43,CLEARED_FALSE_POSITIVE,ID_VERIFIED
RVW-202605-004646,ALT-202605-005021,RV-05,2026-05-19T15:46:40,INSUFFICIENT_EVIDENCE,DATA_UNAVAILABLE
RVW-202605-004647,ALT-202605-005022,RV-04,2026-05-31T17:43:43,CLEARED_FALSE_POSITIVE,ID_VERIFIED
RVW-202605-004648,ALT-202605-005023,RV-05,2026-05-14T22:03:36,CLEARED_FALSE_POSITIVE,CUSTOMER_CONTACTED
RVW-202605-004649,ALT-202605-005024,RV-01,2026-05-30T07:38:19,CLEARED_FALSE_POSITIVE,DOC_VALID
RVW-202605-004650,ALT-202605-005025,RV-02,2026-06-03T17:55:54,CLEARED_FALSE_POSITIVE,CUSTOMER_CONTACTED
RVW-202605-004651,ALT-202605-005026,RV-01,2026-05-19T20:01:07,CLEARED_FALSE_POSITIVE,ID_VERIFIED
RVW-202605-004652,ALT-202605-005027,RV-01,2026-05-10T10:34:17,CONFIRMED_FRAUD,ATO_CONFIRMED
RVW-202605-004653,ALT-202605-005028,RV-03,2026-05-31T16:39:24,CONFIRMED_FRAUD,SYNTH_ID_CONFIRMED
RVW-202605-004654,ALT-202605-005029,RV-04,2026-06-05T21:09:41,CONFIRMED_FRAUD,DOC_FORGED
RVW-202605-004655,ALT-202605-005030,RV-01,2026-06-09T20:45:10,INSUFFICIENT_EVIDENCE,AGED_OUT
RVW-202605-004656,ALT-202605-005031,RV-04,2026-06-02T06:08:08,CLEARED_FALSE_POSITIVE,CUSTOMER_CONTACTED
RVW-202605-004657,ALT-202605-005032,RV-06,2026-05-14T14:49:59,CONFIRMED_FRAUD,SYNTH_ID_CONFIRMED
RVW-202605-004658,ALT-202605-005033,RV-05,2026-05-15T20:02:16,CLEARED_FALSE_POSITIVE,ID_VERIFIED
RVW-202605-004659,ALT-202605-005034,RV-04,2026-06-08T21:40:45,CLEARED_FALSE_POSITIVE,ID_VERIFIED
RVW-202605-004660,ALT-202605-005035,RV-02,2026-05-14T11:34:36,CLEARED_FALSE_POSITIVE,ID_VERIFIED
RVW-202605-004661,ALT-202605-005036,RV-06,2026-05-12T14:50:39,CONFIRMED_FRAUD,MULE_CONFIRMED
RVW-202605-004662,ALT-202605-005037,RV-01,2026-05-01T08:45:07,INSUFFICIENT_EVIDENCE,NO_CONTACT
RVW-202605-004663,ALT-202605-005038,RV-06,2026-05-29T07:12:23,CLEARED_FALSE_POSITIVE,DOC_VALID
RVW-202605-004664,ALT-202605-005039,RV-04,2026-05-15T06:05:57,CONFIRMED_FRAUD,ATO_CONFIRMED
RVW-202605-004665,ALT-202605-005041,RV-01,2026-05-07T10:33:09,CLEARED_FALSE_POSITIVE,ID_VERIFIED
RVW-202605-004666,ALT-202605-005042,RV-06,2026-05-29T17:38:03,CLEARED_FALSE_POSITIVE,DOC_VALID
RVW-202605-004667,ALT-202605-005043,RV-05,2026-05-23T18:50:36,CLEARED_FALSE_POSITIVE,DOC_VALID
RVW-202605-004668,ALT-202605-005044,RV-04,2026-06-03T06:40:19,CLEARED_FALSE_POSITIVE,ID_VERIFIED
RVW-202605-004669,ALT-202605-005045,RV-02,2026-05-23T16:37:49,CLEARED_FALSE_POSITIVE,DOC_VALID
RVW-202605-004670,ALT-202605-005046,RV-02,2026-06-06T07:44:22,CLEARED_FALSE_POSITIVE,CUSTOMER_CONTACTED
RVW-202605-004671,ALT-202605-005047,RV-01,2026-05-12T12:09:49,CONFIRMED_FRAUD,MULE_CONFIRMED
RVW-202605-004672,ALT-202605-005048,RV-03,2026-05-21T20:17:26,CLEARED_FALSE_POSITIVE,ID_VERIFIED
RVW-202605-004673,ALT-202605-005049,RV-04,2026-05-20T07:08:04,CLEARED_FALSE_POSITIVE,DOC_VALID
RVW-202605-004674,ALT-202605-005050,RV-06,2026-05-18T12:36:41,CLEARED_FALSE_POSITIVE,KNOWN_DEVICE
RVW-202605-004675,ALT-202605-005051,RV-06,2026-05-17T12:55:18,CLEARED_FALSE_POSITIVE,DOC_VALID
RVW-202605-004676,ALT-202605-005052,RV-03,2026-05-11T09:33:06,CLEARED_FALSE_POSITIVE,ID_VERIFIED
RVW-202605-004677,ALT-202605-005053,RV-05,2026-05-28T06:40:39,CLEARED_FALSE_POSITIVE,KNOWN_DEVICE
RVW-202605-004678,ALT-202605-005054,RV-04,2026-05-28T21:15:34,CLEARED_FALSE_POSITIVE,KNOWN_DEVICE
RVW-202605-004679,ALT-202605-005055,RV-01,2026-05-31T10:07:00,CLEARED_FALSE_POSITIVE,CUSTOMER_CONTACTED
RVW-202605-004680,ALT-202605-005056,RV-04,2026-05-31T17:08:29,INSUFFICIENT_EVIDENCE,NO_CONTACT
RVW-202605-004681,ALT-202605-005057,RV-02,2026-05-09T14:04:59,CLEARED_FALSE_POSITIVE,CUSTOMER_CONTACTED
RVW-202605-004682,ALT-202605-005058,RV-06,2026-05-24T10:07:19,CONFIRMED_FRAUD,MULE_CONFIRMED
RVW-202605-004683,ALT-202605-005059,RV-02,2026-05-12T16:03:27,CONFIRMED_FRAUD,SYNTH_ID_CONFIRMED
RVW-202605-004684,ALT-202605-005060,RV-01,2026-05-20T21:07:39,INSUFFICIENT_EVIDENCE,DATA_UNAVAILABLE
RVW-202605-004685,ALT-202605-005061,RV-03,2026-05-13T06:16:52,CLEARED_FALSE_POSITIVE,CUSTOMER_CONTACTED
RVW-202605-004686,ALT-202605-005062,RV-03,2026-05-16T07:37:01,CLEARED_FALSE_POSITIVE,ID_VERIFIED
RVW-202605-004687,ALT-202605-005063,RV-05,2026-05-29T07:17:29,CONFIRMED_FRAUD,SYNTH_ID_CONFIRMED
RVW-202605-004688,ALT-202605-005064,RV-04,2026-06-05T15:00:04,INSUFFICIENT_EVIDENCE,AGED_OUT
RVW-202605-004689,ALT-202605-005065,RV-06,2026-05-17T06:28:05,CLEARED_FALSE_POSITIVE,KNOWN_DEVICE
RVW-202605-004690,ALT-202605-005066,RV-05,2026-05-18T12:06:06,CLEARED_FALSE_POSITIVE,ID_VERIFIED
RVW-202605-004691,ALT-202605-005067,RV-05,2026-05-23T13:50:41,CLEARED_FALSE_POSITIVE,DOC_VALID
RVW-202605-004692,ALT-202605-005068,RV-03,2026-05-26T09:56:07,CLEARED_FALSE_POSITIVE,ID_VERIFIED
RVW-202605-004693,ALT-202605-005069,RV-04,2026-05-31T14:03:05,INSUFFICIENT_EVIDENCE,NO_CONTACT
RVW-202605-004694,ALT-202605-005070,RV-06,2026-05-12T07:42:01,CLEARED_FALSE_POSITIVE,DOC_VALID
RVW-202605-004695,ALT-202605-005071,RV-04,2026-05-19T21:12:00,CLEARED_FALSE_POSITIVE,ID_VERIFIED
RVW-202605-004696,ALT-202605-005073,RV-04,2026-05-30T19:54:28,CLEARED_FALSE_POSITIVE,ID_VERIFIED
RVW-202605-004697,ALT-202605-005074,RV-05,2026-06-05T16:15:49,CLEARED_FALSE_POSITIVE,DOC_VALID
RVW-202605-004698,ALT-202605-005075,RV-04,2026-05-17T22:03:37,CLEARED_FALSE_POSITIVE,DOC_VALID
RVW-202605-004699,ALT-202605-005077,RV-04,2026-05-09T22:05:44,CLEARED_FALSE_POSITIVE,DOC_VALID
RVW-202605-004700,ALT-202605-005078,RV-01,2026-06-02T11:11:11,CLEARED_FALSE_POSITIVE,ID_VERIFIED
RVW-202605-004701,ALT-202605-005079,RV-02,2026-05-18T07:04:10,CONFIRMED_FRAUD,DOC_FORGED
RVW-202605-004702,ALT-202605-005080,RV-05,2026-05-05T15:47:58,CLEARED_FALSE_POSITIVE,DOC_VALID
RVW-202605-004703,ALT-202605-005082,RV-06,2026-05-10T14:54:30,CONFIRMED_FRAUD,SYNTH_ID_CONFIRMED
RVW-202605-004704,ALT-202605-005083,RV-01,2026-05-30T16:13:58,CONFIRMED_FRAUD,SYNTH_ID_CONFIRMED
RVW-202605-004705,ALT-202605-005084,RV-01,2026-05-05T11:39:19,CLEARED_FALSE_POSITIVE,KNOWN_DEVICE
RVW-202605-004706,ALT-202605-005085,RV-05,2026-05-27T07:18:01,CONFIRMED_FRAUD,SYNTH_ID_CONFIRMED
RVW-202605-004707,ALT-202605-005086,RV-05,2026-05-12T06:12:45,CLEARED_FALSE_POSITIVE,CUSTOMER_CONTACTED
RVW-202605-004708,ALT-202605-005087,RV-05,2026-06-04T20:01:51,CONFIRMED_FRAUD,MULE_CONFIRMED
RVW-202605-004709,ALT-202605-005088,RV-01,2026-05-17T12:22:04,CLEARED_FALSE_POSITIVE,ID_VERIFIED
RVW-202605-004710,ALT-202605-005089,RV-05,2026-05-29T13:58:51,INSUFFICIENT_EVIDENCE,DATA_UNAVAILABLE
RVW-202605-004711,ALT-202605-005090,RV-05,2026-05-13T21:30:31,CLEARED_FALSE_POSITIVE,ID_VERIFIED
RVW-202605-004712,ALT-202605-005091,RV-05,2026-06-05T19:36:47,CLEARED_FALSE_POSITIVE,ID_VERIFIED
RVW-202605-004713,ALT-202605-005092,RV-04,2026-05-26T17:53:56,CLEARED_FALSE_POSITIVE,DOC_VALID
RVW-202605-004714,ALT-202605-005093,RV-01,2026-06-04T10:15:56,CLEARED_FALSE_POSITIVE,KNOWN_DEVICE
RVW-202605-004715,ALT-202605-005094,RV-06,2026-05-14T09:39:44,CONFIRMED_FRAUD,ATO_CONFIRMED
RVW-202605-004716,ALT-202605-005095,RV-04,2026-06-10T22:13:56,CLEARED_FALSE_POSITIVE,CUSTOMER_CONTACTED
RVW-202605-004717,ALT-202605-005096,RV-05,2026-06-06T19:27:20,CLEARED_FALSE_POSITIVE,KNOWN_DEVICE
RVW-202605-004718,ALT-202605-005097,RV-01,2026-05-12T06:12:35,CLEARED_FALSE_POSITIVE,CUSTOMER_CONTACTED
RVW-202605-004719,ALT-202605-005098,RV-03,2026-05-21T10:35:42,CLEARED_FALSE_POSITIVE,KNOWN_DEVICE
RVW-202605-004720,ALT-202605-005099,RV-04,2026-05-24T16:43:39,CLEARED_FALSE_POSITIVE,KNOWN_DEVICE
RVW-202605-004721,ALT-202605-005100,RV-01,2026-05-27T14:45:36,CLEARED_FALSE_POSITIVE,DOC_VALID
RVW-202605-004722,ALT-202605-005101,RV-01,2026-05-19T06:01:02,CLEARED_FALSE_POSITIVE,CUSTOMER_CONTACTED
RVW-202605-004723,ALT-202605-005102,RV-06,2026-05-12T20:53:01,CLEARED_FALSE_POSITIVE,CUSTOMER_CONTACTED
RVW-202605-004724,ALT-202605-005103,RV-04,2026-05-03T09:05:50,CLEARED_FALSE_POSITIVE,CUSTOMER_CONTACTED
RVW-202605-004725,ALT-202605-005104,RV-06,2026-06-01T20:23:47,CLEARED_FALSE_POSITIVE,ID_VERIFIED
RVW-202605-004726,ALT-202605-005106,RV-06,2026-05-12T13:35:11,CONFIRMED_FRAUD,SYNTH_ID_CONFIRMED
RVW-202605-004727,ALT-202605-005107,RV-01,2026-05-07T17:34:57,CLEARED_FALSE_POSITIVE,CUSTOMER_CONTACTED
RVW-202605-004728,ALT-202605-005108,RV-03,2026-05-18T13:36:36,CLEARED_FALSE_POSITIVE,CUSTOMER_CONTACTED
RVW-202605-004729,ALT-202605-005109,RV-02,2026-05-29T13:20:51,CLEARED_FALSE_POSITIVE,ID_VERIFIED
RVW-202605-004730,ALT-202605-005110,RV-03,2026-05-12T10:22:25,CLEARED_FALSE_POSITIVE,KNOWN_DEVICE
RVW-202605-004731,ALT-202605-005111,RV-04,2026-05-21T09:11:54,CLEARED_FALSE_POSITIVE,CUSTOMER_CONTACTED
RVW-202605-004732,ALT-202605-005112,RV-05,2026-05-14T10:24:41,CLEARED_FALSE_POSITIVE,ID_VERIFIED
RVW-202605-004733,ALT-202605-005113,RV-02,2026-05-27T14:29:35,INSUFFICIENT_EVIDENCE,DATA_UNAVAILABLE
RVW-202605-004734,ALT-202605-005114,RV-02,2026-05-10T11:22:06,CLEARED_FALSE_POSITIVE,DOC_VALID
RVW-202605-004735,ALT-202605-005115,RV-03,2026-05-21T13:43:47,CLEARED_FALSE_POSITIVE,KNOWN_DEVICE
RVW-202605-004736,ALT-202605-005116,RV-02,2026-06-01T20:41:55,INSUFFICIENT_EVIDENCE,AGED_OUT
RVW-202605-004737,ALT-202605-005117,RV-06,2026-05-14T18:17:52,CONFIRMED_FRAUD,ATO_CONFIRMED
RVW-202605-004738,ALT-202605-005118,RV-01,2026-05-16T15:31:06,CLEARED_FALSE_POSITIVE,CUSTOMER_CONTACTED
RVW-202605-004739,ALT-202605-005119,RV-03,2026-05-28T12:35:25,CLEARED_FALSE_POSITIVE,KNOWN_DEVICE
RVW-202605-004740,ALT-202605-005120,RV-03,2026-05-14T20:11:36,CLEARED_FALSE_POSITIVE,KNOWN_DEVICE
RVW-202605-004741,ALT-202605-005121,RV-02,2026-05-23T16:34:38,CLEARED_FALSE_POSITIVE,CUSTOMER_CONTACTED
RVW-202605-004742,ALT-202605-005122,RV-02,2026-06-06T07:52:03,CLEARED_FALSE_POSITIVE,CUSTOMER_CONTACTED
RVW-202605-004743,ALT-202605-005123,RV-02,2026-05-31T17:27:39,CLEARED_FALSE_POSITIVE,DOC_VALID
RVW-202605-004744,ALT-202605-005125,RV-05,2026-05-20T10:05:53,CLEARED_FALSE_POSITIVE,CUSTOMER_CONTACTED
RVW-202605-004745,ALT-202605-005126,RV-01,2026-05-23T12:56:23,CLEARED_FALSE_POSITIVE,DOC_VALID
RVW-202605-004746,ALT-202605-005127,RV-01,2026-05-08T16:08:03,CLEARED_FALSE_POSITIVE,ID_VERIFIED
RVW-202605-004747,ALT-202605-005128,RV-06,2026-05-23T16:50:42,CONFIRMED_FRAUD,DOC_FORGED
RVW-202605-004748,ALT-202605-005129,RV-06,2026-05-20T17:06:59,CLEARED_FALSE_POSITIVE,KNOWN_DEVICE
RVW-202605-004749,ALT-202605-005130,RV-05,2026-06-04T14:15:50,CLEARED_FALSE_POSITIVE,DOC_VALID
RVW-202605-004750,ALT-202605-005131,RV-04,2026-05-05T22:24:16,CLEARED_FALSE_POSITIVE,DOC_VALID
RVW-202605-004751,ALT-202605-005132,RV-04,2026-05-24T11:28:55,INSUFFICIENT_EVIDENCE,NO_CONTACT
RVW-202605-004752,ALT-202605-005133,RV-01,2026-05-27T22:29:19,CLEARED_FALSE_POSITIVE,KNOWN_DEVICE
RVW-202605-004753,ALT-202605-005134,RV-06,2026-05-21T15:44:50,CONFIRMED_FRAUD,MULE_CONFIRMED
RVW-202605-004754,ALT-202605-005135,RV-04,2026-05-21T18:13:46,CLEARED_FALSE_POSITIVE,DOC_VALID
RVW-202605-004755,ALT-202605-005136,RV-03,2026-05-12T07:45:28,CLEARED_FALSE_POSITIVE,DOC_VALID
RVW-202605-004756,ALT-202605-005137,RV-04,2026-05-05T09:17:29,CLEARED_FALSE_POSITIVE,CUSTOMER_CONTACTED
RVW-202605-004757,ALT-202605-005138,RV-02,2026-05-16T12:25:29,CLEARED_FALSE_POSITIVE,KNOWN_DEVICE
RVW-202605-004758,ALT-202605-005139,RV-01,2026-05-24T17:43:44,CLEARED_FALSE_POSITIVE,CUSTOMER_CONTACTED
RVW-202605-004759,ALT-202605-005140,RV-04,2026-05-06T11:50:52,CLEARED_FALSE_POSITIVE,ID_VERIFIED
RVW-202605-004760,ALT-202605-005141,RV-02,2026-05-28T17:12:06,CONFIRMED_FRAUD,ATO_CONFIRMED
RVW-202605-004761,ALT-202605-005143,RV-02,2026-05-22T16:59:55,CLEARED_FALSE_POSITIVE,ID_VERIFIED
RVW-202605-004762,ALT-202605-005144,RV-06,2026-05-09T10:08:42,INSUFFICIENT_EVIDENCE,DATA_UNAVAILABLE
RVW-202605-004763,ALT-202605-005145,RV-04,2026-05-11T09:58:35,CLEARED_FALSE_POSITIVE,KNOWN_DEVICE
RVW-202605-004764,ALT-202605-005146,RV-04,2026-05-25T07:47:21,CLEARED_FALSE_POSITIVE,DOC_VALID
RVW-202605-004765,ALT-202605-005147,RV-06,2026-05-25T08:06:01,CLEARED_FALSE_POSITIVE,CUSTOMER_CONTACTED
RVW-202605-004766,ALT-202605-005148,RV-06,2026-05-16T13:21:35,INSUFFICIENT_EVIDENCE,NO_CONTACT
RVW-202605-004767,ALT-202605-005149,RV-06,2026-06-06T21:53:42,CLEARED_FALSE_POSITIVE,KNOWN_DEVICE
RVW-202605-004768,ALT-202605-005150,RV-02,2026-05-07T08:28:07,CLEARED_FALSE_POSITIVE,KNOWN_DEVICE
RVW-202605-004769,ALT-202605-005151,RV-03,2026-05-13T20:23:12,CLEARED_FALSE_POSITIVE,KNOWN_DEVICE
RVW-202605-004770,ALT-202605-005152,RV-06,2026-06-07T12:53:33,CONFIRMED_FRAUD,MULE_CONFIRMED
RVW-202605-004771,ALT-202605-005153,RV-05,2026-05-06T21:51:16,CLEARED_FALSE_POSITIVE,KNOWN_DEVICE
RVW-202605-004772,ALT-202605-005154,RV-03,2026-05-29T20:31:58,CONFIRMED_FRAUD,ATO_CONFIRMED
RVW-202605-004773,ALT-202605-005155,RV-05,2026-05-14T13:56:16,CLEARED_FALSE_POSITIVE,ID_VERIFIED
RVW-202605-004774,ALT-202605-005156,RV-05,2026-05-23T06:07:57,INSUFFICIENT_EVIDENCE,DATA_UNAVAILABLE
RVW-202605-004775,ALT-202605-005157,RV-02,2026-05-15T06:04:26,CONFIRMED_FRAUD,MULE_CONFIRMED
RVW-202605-004776,ALT-202605-005158,RV-01,2026-05-29T10:32:19,CLEARED_FALSE_POSITIVE,DOC_VALID
RVW-202605-004777,ALT-202605-005159,RV-02,2026-05-23T20:19:37,CLEARED_FALSE_POSITIVE,ID_VERIFIED
RVW-202605-004778,ALT-202605-005160,RV-03,2026-05-14T11:54:02,CLEARED_FALSE_POSITIVE,CUSTOMER_CONTACTED
RVW-202605-004779,ALT-202605-005161,RV-03,2026-06-07T15:47:10,CLEARED_FALSE_POSITIVE,ID_VERIFIED
RVW-202605-004780,ALT-202605-005162,RV-04,2026-05-27T06:08:35,CLEARED_FALSE_POSITIVE,DOC_VALID
RVW-202605-004781,ALT-202605-005164,RV-02,2026-05-31T11:27:26,CLEARED_FALSE_POSITIVE,DOC_VALID
RVW-202605-004782,ALT-202605-005166,RV-03,2026-05-22T22:53:15,CONFIRMED_FRAUD,DOC_FORGED
RVW-202605-004783,ALT-202605-005167,RV-06,2026-05-12T14:58:58,CLEARED_FALSE_POSITIVE,CUSTOMER_CONTACTED
RVW-202605-004784,ALT-202605-005168,RV-04,2026-05-30T22:43:31,CLEARED_FALSE_POSITIVE,CUSTOMER_CONTACTED
RVW-202605-004785,ALT-202605-005169,RV-02,2026-06-04T17:52:37,CLEARED_FALSE_POSITIVE,DOC_VALID
RVW-202605-004786,ALT-202605-005170,RV-02,2026-06-07T20:02:57,CLEARED_FALSE_POSITIVE,ID_VERIFIED
RVW-202605-004787,ALT-202605-005171,RV-04,2026-06-01T21:19:59,INSUFFICIENT_EVIDENCE,AGED_OUT
RVW-202605-004788,ALT-202605-005172,RV-05,2026-05-25T19:04:53,CLEARED_FALSE_POSITIVE,KNOWN_DEVICE
RVW-202605-004789,ALT-202605-005173,RV-05,2026-05-21T12:31:05,CLEARED_FALSE_POSITIVE,ID_VERIFIED
RVW-202605-004790,ALT-202605-005174,RV-04,2026-05-26T13:20:07,CONFIRMED_FRAUD,SYNTH_ID_CONFIRMED
RVW-202605-004791,ALT-202605-005175,RV-01,2026-06-01T06:02:14,CONFIRMED_FRAUD,MULE_CONFIRMED
RVW-202605-004792,ALT-202605-005176,RV-06,2026-05-26T19:31:18,CLEARED_FALSE_POSITIVE,ID_VERIFIED
RVW-202605-004793,ALT-202605-005178,RV-05,2026-05-02T17:21:15,CLEARED_FALSE_POSITIVE,DOC_VALID
RVW-202605-004794,ALT-202605-005179,RV-06,2026-05-06T21:11:55,CLEARED_FALSE_POSITIVE,KNOWN_DEVICE
RVW-202605-004795,ALT-202605-005180,RV-04,2026-05-25T21:22:05,CLEARED_FALSE_POSITIVE,KNOWN_DEVICE
RVW-202605-004796,ALT-202605-005181,RV-01,2026-05-25T09:13:08,CLEARED_FALSE_POSITIVE,DOC_VALID
RVW-202605-004797,ALT-202605-005182,RV-03,2026-06-04T06:35:46,CLEARED_FALSE_POSITIVE,CUSTOMER_CONTACTED
RVW-202605-004798,ALT-202605-005183,RV-06,2026-05-21T06:06:49,CLEARED_FALSE_POSITIVE,CUSTOMER_CONTACTED
RVW-202605-004799,ALT-202605-005184,RV-02,2026-05-12T19:48:15,CLEARED_FALSE_POSITIVE,DOC_VALID
RVW-202605-004800,ALT-202605-005185,RV-02,2026-05-13T22:34:56,CONFIRMED_FRAUD,SYNTH_ID_CONFIRMED
RVW-202605-004801,ALT-202605-005186,RV-05,2026-06-07T09:37:08,CLEARED_FALSE_POSITIVE,ID_VERIFIED
RVW-202605-004802,ALT-202605-005187,RV-01,2026-05-13T07:31:49,CLEARED_FALSE_POSITIVE,DOC_VALID
RVW-202605-004803,ALT-202605-005188,RV-02,2026-05-09T20:50:04,CLEARED_FALSE_POSITIVE,DOC_VALID
RVW-202605-004804,ALT-202605-005189,RV-02,2026-05-11T18:59:58,CLEARED_FALSE_POSITIVE,KNOWN_DEVICE
RVW-202605-004805,ALT-202605-005190,RV-04,2026-05-21T10:42:13,CONFIRMED_FRAUD,DOC_FORGED
RVW-202605-004806,ALT-202605-005192,RV-06,2026-05-19T22:51:29,CLEARED_FALSE_POSITIVE,CUSTOMER_CONTACTED
RVW-202605-004807,ALT-202605-005193,RV-06,2026-05-21T11:41:25,CONFIRMED_FRAUD,MULE_CONFIRMED
RVW-202605-004808,ALT-202605-005194,RV-01,2026-05-12T13:13:50,CLEARED_FALSE_POSITIVE,KNOWN_DEVICE
RVW-202605-004809,ALT-202605-005195,RV-05,2026-06-07T21:55:46,CLEARED_FALSE_POSITIVE,KNOWN_DEVICE
RVW-202605-004810,ALT-202605-005196,RV-01,2026-05-17T11:35:04,INSUFFICIENT_EVIDENCE,DATA_UNAVAILABLE
RVW-202605-004811,ALT-202605-005197,RV-02,2026-05-13T14:21:10,CLEARED_FALSE_POSITIVE,DOC_VALID
RVW-202605-004812,ALT-202605-005198,RV-01,2026-05-26T22:11:05,CLEARED_FALSE_POSITIVE,CUSTOMER_CONTACTED
RVW-202605-004813,ALT-202605-005199,RV-02,2026-05-19T20:26:27,CLEARED_FALSE_POSITIVE,CUSTOMER_CONTACTED
RVW-202605-004814,ALT-202605-005200,RV-05,2026-06-04T21:16:26,CLEARED_FALSE_POSITIVE,ID_VERIFIED
RVW-202605-004815,ALT-202605-005201,RV-05,2026-06-07T10:56:13,CONFIRMED_FRAUD,MULE_CONFIRMED
RVW-202605-004816,ALT-202605-005202,RV-03,2026-05-13T11:56:43,CLEARED_FALSE_POSITIVE,ID_VERIFIED
RVW-202605-004817,ALT-202605-005203,RV-06,2026-05-04T19:17:44,CLEARED_FALSE_POSITIVE,DOC_VALID
RVW-202605-004818,ALT-202605-005204,RV-05,2026-05-11T10:13:47,CLEARED_FALSE_POSITIVE,ID_VERIFIED
RVW-202605-004819,ALT-202605-005206,RV-05,2026-05-23T21:05:23,CLEARED_FALSE_POSITIVE,CUSTOMER_CONTACTED
RVW-202605-004820,ALT-202605-005207,RV-06,2026-05-13T15:44:03,CONFIRMED_FRAUD,MULE_CONFIRMED
RVW-202605-004821,ALT-202605-005208,RV-06,2026-05-18T10:40:54,CONFIRMED_FRAUD,ATO_CONFIRMED
RVW-202605-004822,ALT-202605-005209,RV-02,2026-05-11T20:34:43,CLEARED_FALSE_POSITIVE,KNOWN_DEVICE
RVW-202605-004823,ALT-202605-005210,RV-02,2026-05-15T08:01:39,CLEARED_FALSE_POSITIVE,KNOWN_DEVICE
RVW-202605-004824,ALT-202605-005211,RV-01,2026-05-08T16:11:01,CONFIRMED_FRAUD,MULE_CONFIRMED
RVW-202605-004825,ALT-202605-005212,RV-05,2026-05-07T13:41:23,CLEARED_FALSE_POSITIVE,ID_VERIFIED
RVW-202605-004826,ALT-202605-005213,RV-04,2026-05-14T06:16:16,CONFIRMED_FRAUD,ATO_CONFIRMED
RVW-202605-004827,ALT-202605-005214,RV-01,2026-05-10T19:28:04,CLEARED_FALSE_POSITIVE,KNOWN_DEVICE
RVW-202605-004828,ALT-202605-005215,RV-01,2026-06-09T09:24:51,CONFIRMED_FRAUD,SYNTH_ID_CONFIRMED
RVW-202605-004829,ALT-202605-005216,RV-04,2026-06-01T13:09:52,CLEARED_FALSE_POSITIVE,CUSTOMER_CONTACTED
RVW-202605-004830,ALT-202605-005217,RV-01,2026-05-21T14:27:25,CONFIRMED_FRAUD,DOC_FORGED
RVW-202605-004831,ALT-202605-005218,RV-04,2026-05-25T13:56:59,CLEARED_FALSE_POSITIVE,DOC_VALID
RVW-202605-004832,ALT-202605-005219,RV-01,2026-05-31T08:18:02,INSUFFICIENT_EVIDENCE,NO_CONTACT
RVW-202605-004833,ALT-202605-005220,RV-05,2026-05-22T10:51:11,CONFIRMED_FRAUD,DOC_FORGED
RVW-202605-004834,ALT-202605-005221,RV-05,2026-05-24T09:41:33,CLEARED_FALSE_POSITIVE,CUSTOMER_CONTACTED
RVW-202605-004835,ALT-202605-005222,RV-04,2026-06-02T17:06:27,CONFIRMED_FRAUD,DOC_FORGED
RVW-202605-004836,ALT-202605-005223,RV-06,2026-05-17T17:03:59,CLEARED_FALSE_POSITIVE,CUSTOMER_CONTACTED
RVW-202605-004837,ALT-202605-005224,RV-05,2026-05-06T10:35:30,CLEARED_FALSE_POSITIVE,KNOWN_DEVICE
RVW-202605-004838,ALT-202605-005225,RV-01,2026-05-15T16:23:58,CLEARED_FALSE_POSITIVE,KNOWN_DEVICE
RVW-202605-004839,ALT-202605-005226,RV-05,2026-05-15T11:24:16,CLEARED_FALSE_POSITIVE,ID_VERIFIED
RVW-202605-004840,ALT-202605-005227,RV-01,2026-05-17T15:17:36,CLEARED_FALSE_POSITIVE,CUSTOMER_CONTACTED
RVW-202605-004841,ALT-202605-005228,RV-01,2026-05-06T12:37:18,INSUFFICIENT_EVIDENCE,NO_CONTACT
RVW-202605-004842,ALT-202605-005229,RV-04,2026-05-16T19:14:48,CLEARED_FALSE_POSITIVE,DOC_VALID
RVW-202605-004843,ALT-202605-005230,RV-05,2026-05-09T14:09:03,INSUFFICIENT_EVIDENCE,AGED_OUT
RVW-202605-004844,ALT-202605-005231,RV-04,2026-05-19T15:26:20,CLEARED_FALSE_POSITIVE,DOC_VALID
RVW-202605-004845,ALT-202605-005232,RV-05,2026-06-01T14:26:33,CONFIRMED_FRAUD,SYNTH_ID_CONFIRMED
RVW-202605-004846,ALT-202605-005233,RV-06,2026-05-09T16:30:26,CLEARED_FALSE_POSITIVE,ID_VERIFIED
RVW-202605-004847,ALT-202605-005234,RV-03,2026-05-24T17:35:55,CONFIRMED_FRAUD,DOC_FORGED
RVW-202605-004848,ALT-202605-005235,RV-03,2026-06-06T18:04:43,CLEARED_FALSE_POSITIVE,ID_VERIFIED
RVW-202605-004849,ALT-202605-005236,RV-04,2026-05-29T16:05:59,CLEARED_FALSE_POSITIVE,DOC_VALID
RVW-202605-004850,ALT-202605-005237,RV-03,2026-05-19T07:50:18,CLEARED_FALSE_POSITIVE,ID_VERIFIED
RVW-202605-004851,ALT-202605-005238,RV-05,2026-05-16T22:10:47,CONFIRMED_FRAUD,MULE_CONFIRMED
RVW-202605-004852,ALT-202605-005239,RV-01,2026-05-04T08:26:21,CONFIRMED_FRAUD,DOC_FORGED
RVW-202605-004853,ALT-202605-005240,RV-06,2026-06-03T20:25:29,CLEARED_FALSE_POSITIVE,CUSTOMER_CONTACTED
RVW-202605-004854,ALT-202605-005241,RV-02,2026-05-30T18:45:41,CLEARED_FALSE_POSITIVE,KNOWN_DEVICE
RVW-202605-004855,ALT-202605-005242,RV-04,2026-05-17T10:47:09,CLEARED_FALSE_POSITIVE,KNOWN_DEVICE
RVW-202605-004856,ALT-202605-005243,RV-03,2026-05-06T08:02:19,CLEARED_FALSE_POSITIVE,ID_VERIFIED
RVW-202605-004857,ALT-202605-005244,RV-01,2026-05-29T19:54:17,CONFIRMED_FRAUD,DOC_FORGED
RVW-202605-004858,ALT-202605-005245,RV-06,2026-05-07T07:42:14,CLEARED_FALSE_POSITIVE,KNOWN_DEVICE
RVW-202605-004859,ALT-202605-005246,RV-03,2026-05-23T12:16:51,CLEARED_FALSE_POSITIVE,ID_VERIFIED
RVW-202605-004860,ALT-202605-005247,RV-01,2026-05-29T13:10:02,CLEARED_FALSE_POSITIVE,CUSTOMER_CONTACTED
RVW-202605-004861,ALT-202605-005248,RV-03,2026-05-26T09:47:06,CONFIRMED_FRAUD,SYNTH_ID_CONFIRMED
RVW-202605-004862,ALT-202605-005250,RV-03,2026-05-23T15:51:00,CLEARED_FALSE_POSITIVE,ID_VERIFIED
RVW-202605-004863,ALT-202605-005251,RV-05,2026-05-25T15:23:23,CONFIRMED_FRAUD,MULE_CONFIRMED
RVW-202605-004864,ALT-202605-005252,RV-02,2026-06-07T21:07:28,CLEARED_FALSE_POSITIVE,DOC_VALID
RVW-202605-004865,ALT-202605-005253,RV-06,2026-05-05T15:50:40,CLEARED_FALSE_POSITIVE,CUSTOMER_CONTACTED
RVW-202605-004866,ALT-202605-005254,RV-04,2026-06-10T15:00:35,CONFIRMED_FRAUD,ATO_CONFIRMED
RVW-202605-004867,ALT-202605-005255,RV-05,2026-05-23T16:23:23,CLEARED_FALSE_POSITIVE,DOC_VALID
RVW-202605-004868,ALT-202605-005256,RV-01,2026-05-13T06:28:42,CLEARED_FALSE_POSITIVE,DOC_VALID
RVW-202605-004869,ALT-202605-005257,RV-01,2026-05-19T16:13:15,CONFIRMED_FRAUD,ATO_CONFIRMED
RVW-202605-004870,ALT-202605-005258,RV-01,2026-05-10T13:09:06,CLEARED_FALSE_POSITIVE,KNOWN_DEVICE
RVW-202605-004871,ALT-202605-005259,RV-05,2026-05-09T07:34:02,CLEARED_FALSE_POSITIVE,CUSTOMER_CONTACTED
RVW-202605-004872,ALT-202605-005260,RV-04,2026-05-30T08:43:49,CONFIRMED_FRAUD,ATO_CONFIRMED
RVW-202605-004873,ALT-202605-005261,RV-02,2026-05-07T09:28:12,CLEARED_FALSE_POSITIVE,DOC_VALID
RVW-202605-004874,ALT-202605-005262,RV-06,2026-05-28T19:33:58,INSUFFICIENT_EVIDENCE,NO_CONTACT
RVW-202605-004875,ALT-202605-005263,RV-03,2026-06-01T21:26:08,INSUFFICIENT_EVIDENCE,DATA_UNAVAILABLE
RVW-202605-004876,ALT-202605-005264,RV-01,2026-05-18T17:38:08,CONFIRMED_FRAUD,ATO_CONFIRMED
RVW-202605-004877,ALT-202605-005265,RV-05,2026-05-12T18:05:50,CONFIRMED_FRAUD,SYNTH_ID_CONFIRMED
RVW-202605-004878,ALT-202605-005266,RV-02,2026-05-14T12:17:12,INSUFFICIENT_EVIDENCE,NO_CONTACT
RVW-202605-004879,ALT-202605-005267,RV-04,2026-06-01T06:36:33,CLEARED_FALSE_POSITIVE,KNOWN_DEVICE
RVW-202605-004880,ALT-202605-005268,RV-03,2026-05-09T08:40:40,CLEARED_FALSE_POSITIVE,CUSTOMER_CONTACTED
RVW-202605-004881,ALT-202605-005269,RV-04,2026-05-13T14:07:20,CLEARED_FALSE_POSITIVE,CUSTOMER_CONTACTED
RVW-202605-004882,ALT-202605-005270,RV-04,2026-05-15T11:48:21,CONFIRMED_FRAUD,SYNTH_ID_CONFIRMED
RVW-202605-004883,ALT-202605-005271,RV-03,2026-05-23T11:22:38,INSUFFICIENT_EVIDENCE,NO_CONTACT
RVW-202605-004884,ALT-202605-005272,RV-05,2026-05-23T22:17:17,CONFIRMED_FRAUD,MULE_CONFIRMED
RVW-202605-004885,ALT-202605-005273,RV-02,2026-06-01T18:44:11,CONFIRMED_FRAUD,DOC_FORGED
RVW-202605-004886,ALT-202605-005274,RV-01,2026-05-20T18:27:08,INSUFFICIENT_EVIDENCE,NO_CONTACT
RVW-202605-004887,ALT-202605-005275,RV-06,2026-05-06T07:49:55,CLEARED_FALSE_POSITIVE,DOC_VALID
RVW-202605-004888,ALT-202605-005276,RV-06,2026-05-22T10:40:25,CLEARED_FALSE_POSITIVE,DOC_VALID
RVW-202605-004889,ALT-202605-005277,RV-02,2026-05-23T19:51:02,CLEARED_FALSE_POSITIVE,DOC_VALID
RVW-202605-004890,ALT-202605-005278,RV-02,2026-06-04T20:00:20,CONFIRMED_FRAUD,DOC_FORGED
RVW-202605-004891,ALT-202605-005279,RV-04,2026-05-23T13:36:46,CLEARED_FALSE_POSITIVE,KNOWN_DEVICE
RVW-202605-004892,ALT-202605-005280,RV-01,2026-05-14T11:43:04,INSUFFICIENT_EVIDENCE,NO_CONTACT
RVW-202605-004893,ALT-202605-005281,RV-03,2026-05-13T22:39:01,CLEARED_FALSE_POSITIVE,DOC_VALID
RVW-202605-004894,ALT-202605-005282,RV-02,2026-06-09T06:49:17,CONFIRMED_FRAUD,ATO_CONFIRMED
RVW-202605-004895,ALT-202605-005283,RV-06,2026-05-15T09:17:01,CLEARED_FALSE_POSITIVE,CUSTOMER_CONTACTED
RVW-202605-004896,ALT-202605-005284,RV-04,2026-06-08T18:08:02,CLEARED_FALSE_POSITIVE,ID_VERIFIED
RVW-202605-004897,ALT-202605-005285,RV-01,2026-05-15T09:28:18,CONFIRMED_FRAUD,MULE_CONFIRMED
RVW-202605-004898,ALT-202605-005286,RV-01,2026-05-25T20:30:41,INSUFFICIENT_EVIDENCE,AGED_OUT
RVW-202605-004899,ALT-202605-005288,RV-02,2026-05-19T08:22:39,CLEARED_FALSE_POSITIVE,KNOWN_DEVICE
RVW-202605-004900,ALT-202605-005289,RV-02,2026-06-02T13:32:18,CLEARED_FALSE_POSITIVE,ID_VERIFIED
RVW-202605-004901,ALT-202605-005290,RV-04,2026-05-15T15:24:42,CONFIRMED_FRAUD,DOC_FORGED
RVW-202605-004902,ALT-202605-005291,RV-02,2026-06-08T17:40:09,CLEARED_FALSE_POSITIVE,CUSTOMER_CONTACTED
RVW-202605-004903,ALT-202605-005292,RV-06,2026-05-29T09:05:24,CLEARED_FALSE_POSITIVE,CUSTOMER_CONTACTED
RVW-202605-004904,ALT-202605-005293,RV-02,2026-05-01T14:20:56,CLEARED_FALSE_POSITIVE,ID_VERIFIED
RVW-202605-004905,ALT-202605-005294,RV-06,2026-05-12T10:32:46,CLEARED_FALSE_POSITIVE,ID_VERIFIED
RVW-202605-004906,ALT-202605-005295,RV-01,2026-05-23T19:32:48,CLEARED_FALSE_POSITIVE,ID_VERIFIED
RVW-202605-004907,ALT-202605-005296,RV-04,2026-05-11T12:16:36,CLEARED_FALSE_POSITIVE,KNOWN_DEVICE
RVW-202605-004908,ALT-202605-005298,RV-02,2026-05-13T13:51:45,CONFIRMED_FRAUD,MULE_CONFIRMED
RVW-202605-004909,ALT-202605-005299,RV-01,2026-05-28T16:02:05,CLEARED_FALSE_POSITIVE,DOC_VALID
RVW-202605-004910,ALT-202605-005300,RV-04,2026-05-11T22:09:03,INSUFFICIENT_EVIDENCE,AGED_OUT
RVW-202605-004911,ALT-202605-005301,RV-05,2026-06-03T11:01:52,CLEARED_FALSE_POSITIVE,KNOWN_DEVICE
RVW-202605-004912,ALT-202605-005302,RV-04,2026-05-31T08:19:18,CLEARED_FALSE_POSITIVE,ID_VERIFIED
RVW-202605-004913,ALT-202605-005303,RV-04,2026-05-07T11:00:25,CONFIRMED_FRAUD,ATO_CONFIRMED
RVW-202605-004914,ALT-202605-005304,RV-06,2026-05-01T11:45:01,CLEARED_FALSE_POSITIVE,DOC_VALID
RVW-202605-004915,ALT-202605-005305,RV-04,2026-05-24T18:08:02,CLEARED_FALSE_POSITIVE,DOC_VALID
RVW-202605-004916,ALT-202605-005307,RV-01,2026-06-03T07:37:52,CONFIRMED_FRAUD,MULE_CONFIRMED
RVW-202605-004917,ALT-202605-005308,RV-03,2026-05-15T11:24:41,CLEARED_FALSE_POSITIVE,DOC_VALID
RVW-202605-004918,ALT-202605-005309,RV-02,2026-06-04T12:17:25,CLEARED_FALSE_POSITIVE,ID_VERIFIED
RVW-202605-004919,ALT-202605-005310,RV-05,2026-05-26T19:23:05,CLEARED_FALSE_POSITIVE,ID_VERIFIED
RVW-202605-004920,ALT-202605-005312,RV-05,2026-05-16T20:19:32,CLEARED_FALSE_POSITIVE,CUSTOMER_CONTACTED
RVW-202605-004921,ALT-202605-005313,RV-03,2026-05-29T09:24:25,INSUFFICIENT_EVIDENCE,NO_CONTACT
RVW-202605-004922,ALT-202605-005314,RV-02,2026-06-01T10:56:46,CLEARED_FALSE_POSITIVE,ID_VERIFIED
RVW-202605-004923,ALT-202605-005315,RV-02,2026-05-28T13:20:06,CLEARED_FALSE_POSITIVE,CUSTOMER_CONTACTED
RVW-202605-004924,ALT-202605-005316,RV-04,2026-05-10T18:43:30,CLEARED_FALSE_POSITIVE,ID_VERIFIED
RVW-202605-004925,ALT-202605-005317,RV-01,2026-06-07T11:50:42,CLEARED_FALSE_POSITIVE,CUSTOMER_CONTACTED
RVW-202605-004926,ALT-202605-005319,RV-06,2026-05-23T09:58:34,CLEARED_FALSE_POSITIVE,KNOWN_DEVICE
RVW-202605-004927,ALT-202605-005320,RV-03,2026-05-11T09:01:06,CLEARED_FALSE_POSITIVE,CUSTOMER_CONTACTED
RVW-202605-004928,ALT-202605-005321,RV-04,2026-06-03T17:23:20,CLEARED_FALSE_POSITIVE,ID_VERIFIED
RVW-202605-004929,ALT-202605-005322,RV-03,2026-05-30T12:32:19,CLEARED_FALSE_POSITIVE,ID_VERIFIED
RVW-202605-004930,ALT-202605-005323,RV-06,2026-05-25T10:52:16,CLEARED_FALSE_POSITIVE,DOC_VALID
RVW-202605-004931,ALT-202605-005324,RV-06,2026-05-30T18:12:07,CLEARED_FALSE_POSITIVE,ID_VERIFIED
RVW-202605-004932,ALT-202605-005325,RV-05,2026-06-05T15:17:07,CLEARED_FALSE_POSITIVE,CUSTOMER_CONTACTED
RVW-202605-004933,ALT-202605-005327,RV-04,2026-05-20T11:28:35,CLEARED_FALSE_POSITIVE,KNOWN_DEVICE
RVW-202605-004934,ALT-202605-005328,RV-04,2026-05-24T10:02:54,CLEARED_FALSE_POSITIVE,ID_VERIFIED
RVW-202605-004935,ALT-202605-005329,RV-01,2026-05-24T13:19:38,CLEARED_FALSE_POSITIVE,ID_VERIFIED
RVW-202605-004936,ALT-202605-005330,RV-01,2026-05-15T21:08:03,CONFIRMED_FRAUD,ATO_CONFIRMED
RVW-202605-004937,ALT-202605-005331,RV-05,2026-05-29T22:42:03,CONFIRMED_FRAUD,SYNTH_ID_CONFIRMED
RVW-202605-004938,ALT-202605-005332,RV-04,2026-05-11T08:35:08,CONFIRMED_FRAUD,ATO_CONFIRMED
RVW-202605-004939,ALT-202605-005333,RV-02,2026-05-22T22:31:29,CLEARED_FALSE_POSITIVE,DOC_VALID
RVW-202605-004940,ALT-202605-005334,RV-01,2026-06-08T18:02:51,CLEARED_FALSE_POSITIVE,KNOWN_DEVICE
RVW-202605-004941,ALT-202605-005335,RV-01,2026-05-28T19:22:55,INSUFFICIENT_EVIDENCE,DATA_UNAVAILABLE
RVW-202605-004942,ALT-202605-005336,RV-04,2026-05-22T20:39:57,CLEARED_FALSE_POSITIVE,DOC_VALID
RVW-202605-004943,ALT-202605-005337,RV-03,2026-05-26T12:39:13,CLEARED_FALSE_POSITIVE,CUSTOMER_CONTACTED
RVW-202605-004944,ALT-202605-005338,RV-05,2026-05-15T14:33:30,INSUFFICIENT_EVIDENCE,DATA_UNAVAILABLE
RVW-202605-004945,ALT-202605-005339,RV-04,2026-05-15T11:41:56,CLEARED_FALSE_POSITIVE,ID_VERIFIED
RVW-202605-004946,ALT-202605-005341,RV-06,2026-05-23T12:41:05,CLEARED_FALSE_POSITIVE,DOC_VALID
RVW-202605-004947,ALT-202605-005342,RV-02,2026-05-07T20:12:58,CLEARED_FALSE_POSITIVE,DOC_VALID
RVW-202605-004948,ALT-202605-005344,RV-03,2026-05-09T20:14:52,CLEARED_FALSE_POSITIVE,CUSTOMER_CONTACTED
RVW-202605-004949,ALT-202605-005345,RV-05,2026-05-14T21:52:41,CLEARED_FALSE_POSITIVE,KNOWN_DEVICE
RVW-202605-004950,ALT-202605-005346,RV-03,2026-05-19T07:11:30,CLEARED_FALSE_POSITIVE,DOC_VALID
RVW-202605-004951,ALT-202605-005347,RV-01,2026-05-20T08:52:55,CLEARED_FALSE_POSITIVE,ID_VERIFIED
RVW-202605-004952,ALT-202605-005348,RV-04,2026-05-20T10:16:30,CONFIRMED_FRAUD,ATO_CONFIRMED
RVW-202605-004953,ALT-202605-005349,RV-05,2026-05-13T16:02:22,CLEARED_FALSE_POSITIVE,KNOWN_DEVICE
RVW-202605-004954,ALT-202605-005350,RV-01,2026-05-28T11:28:15,CLEARED_FALSE_POSITIVE,ID_VERIFIED
RVW-202605-004955,ALT-202605-005351,RV-02,2026-05-04T12:57:24,INSUFFICIENT_EVIDENCE,NO_CONTACT
RVW-202605-004956,ALT-202605-005352,RV-06,2026-05-31T15:58:35,INSUFFICIENT_EVIDENCE,DATA_UNAVAILABLE
RVW-202605-004957,ALT-202605-005353,RV-01,2026-05-08T19:31:34,CONFIRMED_FRAUD,ATO_CONFIRMED
RVW-202605-004958,ALT-202605-005354,RV-01,2026-05-21T17:00:18,CONFIRMED_FRAUD,ATO_CONFIRMED
RVW-202605-004959,ALT-202605-005355,RV-04,2026-05-15T09:07:44,CLEARED_FALSE_POSITIVE,CUSTOMER_CONTACTED
RVW-202605-004960,ALT-202605-005356,RV-04,2026-05-26T08:35:07,CLEARED_FALSE_POSITIVE,CUSTOMER_CONTACTED
RVW-202605-004961,ALT-202605-005357,RV-06,2026-05-18T21:34:55,CLEARED_FALSE_POSITIVE,ID_VERIFIED
RVW-202605-004962,ALT-202605-005358,RV-02,2026-05-17T06:25:27,CLEARED_FALSE_POSITIVE,CUSTOMER_CONTACTED
RVW-202605-004963,ALT-202605-005359,RV-01,2026-05-21T17:58:56,CLEARED_FALSE_POSITIVE,CUSTOMER_CONTACTED
RVW-202605-004964,ALT-202605-005360,RV-04,2026-05-23T22:53:35,CLEARED_FALSE_POSITIVE,KNOWN_DEVICE
RVW-202605-004965,ALT-202605-005361,RV-02,2026-06-01T17:49:12,CLEARED_FALSE_POSITIVE,ID_VERIFIED
RVW-202605-004966,ALT-202605-005362,RV-06,2026-05-21T06:54:31,CLEARED_FALSE_POSITIVE,KNOWN_DEVICE
RVW-202605-004967,ALT-202605-005363,RV-06,2026-05-19T07:24:51,CLEARED_FALSE_POSITIVE,DOC_VALID
RVW-202605-004968,ALT-202605-005364,RV-06,2026-05-13T17:07:41,CLEARED_FALSE_POSITIVE,CUSTOMER_CONTACTED
RVW-202605-004969,ALT-202605-005365,RV-06,2026-05-16T20:28:40,CLEARED_FALSE_POSITIVE,KNOWN_DEVICE
RVW-202605-004970,ALT-202605-005366,RV-03,2026-05-12T19:01:38,CLEARED_FALSE_POSITIVE,DOC_VALID
RVW-202605-004971,ALT-202605-005368,RV-05,2026-05-22T06:37:29,CLEARED_FALSE_POSITIVE,DOC_VALID
RVW-202605-004972,ALT-202605-005369,RV-01,2026-06-01T20:09:53,INSUFFICIENT_EVIDENCE,DATA_UNAVAILABLE
RVW-202605-004973,ALT-202605-005370,RV-04,2026-05-27T16:25:59,CONFIRMED_FRAUD,SYNTH_ID_CONFIRMED
RVW-202605-004974,ALT-202605-005371,RV-05,2026-05-22T06:32:11,CLEARED_FALSE_POSITIVE,ID_VERIFIED
RVW-202605-004975,ALT-202605-005372,RV-03,2026-05-15T11:28:29,CLEARED_FALSE_POSITIVE,DOC_VALID
RVW-202605-004976,ALT-202605-005373,RV-03,2026-05-12T15:39:04,CLEARED_FALSE_POSITIVE,ID_VERIFIED
RVW-202605-004977,ALT-202605-005374,RV-05,2026-05-13T08:36:44,CLEARED_FALSE_POSITIVE,KNOWN_DEVICE
RVW-202605-004978,ALT-202605-005375,RV-04,2026-05-30T21:39:32,CONFIRMED_FRAUD,MULE_CONFIRMED
RVW-202605-004979,ALT-202605-005376,RV-02,2026-05-22T14:39:59,CLEARED_FALSE_POSITIVE,DOC_VALID
RVW-202605-004980,ALT-202605-005378,RV-02,2026-05-17T12:00:28,CONFIRMED_FRAUD,ATO_CONFIRMED
RVW-202605-004981,ALT-202605-005380,RV-03,2026-05-29T16:56:56,CLEARED_FALSE_POSITIVE,ID_VERIFIED
RVW-202605-004982,ALT-202605-005381,RV-06,2026-05-17T18:31:51,INSUFFICIENT_EVIDENCE,DATA_UNAVAILABLE
RVW-202605-004983,ALT-202605-005382,RV-01,2026-05-26T06:59:44,CLEARED_FALSE_POSITIVE,CUSTOMER_CONTACTED
RVW-202605-004984,ALT-202605-005383,RV-02,2026-06-07T15:25:32,CLEARED_FALSE_POSITIVE,DOC_VALID
RVW-202605-004985,ALT-202605-005384,RV-04,2026-06-05T15:42:05,CLEARED_FALSE_POSITIVE,ID_VERIFIED
RVW-202605-004986,ALT-202605-005385,RV-04,2026-05-26T19:27:50,CLEARED_FALSE_POSITIVE,CUSTOMER_CONTACTED
RVW-202605-004987,ALT-202605-005386,RV-02,2026-05-26T19:59:31,CLEARED_FALSE_POSITIVE,ID_VERIFIED
RVW-202605-004988,ALT-202605-005387,RV-02,2026-05-27T11:25:04,CLEARED_FALSE_POSITIVE,DOC_VALID
RVW-202605-004989,ALT-202605-005388,RV-05,2026-05-14T14:53:18,CLEARED_FALSE_POSITIVE,ID_VERIFIED
RVW-202605-004990,ALT-202605-005389,RV-02,2026-05-29T09:07:55,CLEARED_FALSE_POSITIVE,KNOWN_DEVICE
RVW-202605-004991,ALT-202605-005390,RV-06,2026-05-26T11:59:43,CLEARED_FALSE_POSITIVE,KNOWN_DEVICE
RVW-202605-004992,ALT-202605-005391,RV-03,2026-05-17T20:48:56,INSUFFICIENT_EVIDENCE,NO_CONTACT
RVW-202605-004993,ALT-202605-005392,RV-03,2026-05-15T16:20:59,CONFIRMED_FRAUD,ATO_CONFIRMED
RVW-202605-004994,ALT-202605-005393,RV-02,2026-05-30T16:22:15,CLEARED_FALSE_POSITIVE,CUSTOMER_CONTACTED
RVW-202605-004995,ALT-202605-005394,RV-01,2026-05-20T15:50:33,CLEARED_FALSE_POSITIVE,DOC_VALID
RVW-202605-004996,ALT-202605-005395,RV-02,2026-06-01T10:46:16,CLEARED_FALSE_POSITIVE,DOC_VALID
RVW-202605-004997,ALT-202605-005396,RV-06,2026-05-10T16:47:44,CLEARED_FALSE_POSITIVE,KNOWN_DEVICE
RVW-202605-004998,ALT-202605-005397,RV-03,2026-05-21T15:36:49,CLEARED_FALSE_POSITIVE,DOC_VALID
RVW-202605-004999,ALT-202605-005398,RV-04,2026-05-12T14:16:07,CLEARED_FALSE_POSITIVE,ID_VERIFIED
RVW-202605-005000,ALT-202605-005399,RV-02,2026-05-27T16:51:26,CLEARED_FALSE_POSITIVE,ID_VERIFIED
RVW-202605-005001,ALT-202605-005400,RV-05,2026-05-08T16:29:58,CLEARED_FALSE_POSITIVE,KNOWN_DEVICE
RVW-202605-005002,ALT-202605-005401,RV-01,2026-05-12T12:58:01,CLEARED_FALSE_POSITIVE,DOC_VALID
RVW-202605-005003,ALT-202605-005402,RV-06,2026-05-26T14:00:58,CLEARED_FALSE_POSITIVE,CUSTOMER_CONTACTED
RVW-202605-005004,ALT-202605-005403,RV-06,2026-05-20T15:12:45,CLEARED_FALSE_POSITIVE,CUSTOMER_CONTACTED
RVW-202605-005005,ALT-202605-005404,RV-02,2026-05-13T18:10:48,INSUFFICIENT_EVIDENCE,DATA_UNAVAILABLE
RVW-202605-005006,ALT-202605-005405,RV-03,2026-05-15T11:45:53,CONFIRMED_FRAUD,MULE_CONFIRMED
RVW-202605-005007,ALT-202605-005406,RV-05,2026-06-01T18:22:35,INSUFFICIENT_EVIDENCE,AGED_OUT
RVW-202605-005008,ALT-202605-005407,RV-02,2026-06-04T12:29:39,CLEARED_FALSE_POSITIVE,ID_VERIFIED
RVW-202605-005009,ALT-202605-005408,RV-01,2026-05-20T21:41:06,CLEARED_FALSE_POSITIVE,DOC_VALID
RVW-202605-005010,ALT-202605-005409,RV-04,2026-05-31T17:04:09,CONFIRMED_FRAUD,DOC_FORGED
RVW-202605-005011,ALT-202605-005410,RV-03,2026-05-06T10:53:21,CLEARED_FALSE_POSITIVE,DOC_VALID
RVW-202605-005012,ALT-202605-005411,RV-01,2026-06-01T20:16:35,CONFIRMED_FRAUD,ATO_CONFIRMED
RVW-202605-005013,ALT-202605-005412,RV-04,2026-06-02T19:09:45,CONFIRMED_FRAUD,SYNTH_ID_CONFIRMED
RVW-202605-005014,ALT-202605-005413,RV-02,2026-05-24T20:30:57,CLEARED_FALSE_POSITIVE,KNOWN_DEVICE
RVW-202605-005015,ALT-202605-005414,RV-04,2026-06-02T21:52:42,CLEARED_FALSE_POSITIVE,ID_VERIFIED
RVW-202605-005016,ALT-202605-005415,RV-06,2026-05-18T14:13:41,CLEARED_FALSE_POSITIVE,DOC_VALID
RVW-202605-005017,ALT-202605-005416,RV-06,2026-06-04T10:50:47,CONFIRMED_FRAUD,DOC_FORGED
RVW-202605-005018,ALT-202605-005417,RV-06,2026-05-23T21:02:42,CLEARED_FALSE_POSITIVE,KNOWN_DEVICE
RVW-202605-005019,ALT-202605-005418,RV-05,2026-06-02T09:23:23,CLEARED_FALSE_POSITIVE,KNOWN_DEVICE
RVW-202605-005020,ALT-202605-005419,RV-05,2026-05-06T10:28:51,CLEARED_FALSE_POSITIVE,DOC_VALID
RVW-202605-005021,ALT-202605-005420,RV-06,2026-05-30T18:29:04,CLEARED_FALSE_POSITIVE,KNOWN_DEVICE
RVW-202605-005022,ALT-202605-005421,RV-02,2026-05-14T21:18:56,CLEARED_FALSE_POSITIVE,DOC_VALID
RVW-202605-005023,ALT-202605-005422,RV-06,2026-06-04T13:32:53,CLEARED_FALSE_POSITIVE,ID_VERIFIED
RVW-202605-005024,ALT-202605-005423,RV-05,2026-05-25T22:09:41,INSUFFICIENT_EVIDENCE,DATA_UNAVAILABLE
RVW-202605-005025,ALT-202605-005425,RV-04,2026-05-22T13:33:32,CLEARED_FALSE_POSITIVE,CUSTOMER_CONTACTED
RVW-202605-005026,ALT-202605-005426,RV-05,2026-05-14T17:16:28,CLEARED_FALSE_POSITIVE,DOC_VALID
RVW-202605-005027,ALT-202605-005427,RV-06,2026-05-13T22:22:47,CONFIRMED_FRAUD,SYNTH_ID_CONFIRMED
RVW-202605-005028,ALT-202605-005428,RV-02,2026-05-26T17:23:40,CLEARED_FALSE_POSITIVE,DOC_VALID
RVW-202605-005029,ALT-202605-005429,RV-05,2026-05-01T14:29:43,INSUFFICIENT_EVIDENCE,NO_CONTACT
RVW-202605-005030,ALT-202605-005430,RV-05,2026-05-10T08:02:50,CLEARED_FALSE_POSITIVE,CUSTOMER_CONTACTED
RVW-202605-005031,ALT-202605-005431,RV-01,2026-05-04T06:41:15,CLEARED_FALSE_POSITIVE,ID_VERIFIED
RVW-202605-005032,ALT-202605-005432,RV-01,2026-05-31T14:41:21,CLEARED_FALSE_POSITIVE,CUSTOMER_CONTACTED
RVW-202605-005033,ALT-202605-005433,RV-02,2026-05-20T18:33:20,CLEARED_FALSE_POSITIVE,CUSTOMER_CONTACTED
RVW-202605-005034,ALT-202605-005434,RV-02,2026-05-13T12:22:06,CONFIRMED_FRAUD,MULE_CONFIRMED
RVW-202605-005035,ALT-202605-005435,RV-03,2026-05-28T22:25:12,CLEARED_FALSE_POSITIVE,ID_VERIFIED
RVW-202605-005036,ALT-202605-005436,RV-06,2026-05-27T17:20:06,CLEARED_FALSE_POSITIVE,DOC_VALID
RVW-202605-005037,ALT-202605-005437,RV-04,2026-05-09T21:26:57,CLEARED_FALSE_POSITIVE,CUSTOMER_CONTACTED
RVW-202605-005038,ALT-202605-005438,RV-05,2026-06-03T09:13:55,CLEARED_FALSE_POSITIVE,CUSTOMER_CONTACTED
RVW-202605-005039,ALT-202605-005439,RV-05,2026-05-31T22:09:00,CLEARED_FALSE_POSITIVE,DOC_VALID
RVW-202605-005040,ALT-202605-005440,RV-02,2026-05-18T22:12:49,CONFIRMED_FRAUD,DOC_FORGED
RVW-202605-005041,ALT-202605-005441,RV-04,2026-05-24T11:48:19,CLEARED_FALSE_POSITIVE,KNOWN_DEVICE
RVW-202605-005042,ALT-202605-005442,RV-01,2026-05-04T22:40:54,CLEARED_FALSE_POSITIVE,ID_VERIFIED
RVW-202605-005043,ALT-202605-005443,RV-06,2026-05-07T19:25:13,CONFIRMED_FRAUD,ATO_CONFIRMED
RVW-202605-005044,ALT-202605-005444,RV-03,2026-05-07T22:00:10,CONFIRMED_FRAUD,MULE_CONFIRMED
RVW-202605-005045,ALT-202605-005445,RV-04,2026-05-28T19:00:50,CLEARED_FALSE_POSITIVE,ID_VERIFIED
RVW-202605-005046,ALT-202605-005446,RV-02,2026-05-07T21:47:29,CONFIRMED_FRAUD,DOC_FORGED
RVW-202605-005047,ALT-202605-005447,RV-05,2026-05-13T07:07:34,CLEARED_FALSE_POSITIVE,DOC_VALID
RVW-202605-005048,ALT-202605-005448,RV-06,2026-05-29T07:07:13,INSUFFICIENT_EVIDENCE,NO_CONTACT
RVW-202605-005049,ALT-202605-005450,RV-04,2026-06-10T20:08:59,CLEARED_FALSE_POSITIVE,CUSTOMER_CONTACTED
RVW-202605-005050,ALT-202605-005451,RV-04,2026-05-18T16:21:34,CONFIRMED_FRAUD,ATO_CONFIRMED
RVW-202605-005051,ALT-202605-005452,RV-03,2026-05-12T19:10:59,CONFIRMED_FRAUD,SYNTH_ID_CONFIRMED
RVW-202605-005052,ALT-202605-005453,RV-04,2026-05-10T06:05:22,INSUFFICIENT_EVIDENCE,DATA_UNAVAILABLE
RVW-202605-005053,ALT-202605-005454,RV-06,2026-05-11T12:48:34,CLEARED_FALSE_POSITIVE,CUSTOMER_CONTACTED
RVW-202605-005054,ALT-202605-005455,RV-04,2026-05-08T10:29:17,CLEARED_FALSE_POSITIVE,CUSTOMER_CONTACTED
RVW-202605-005055,ALT-202605-005456,RV-03,2026-05-05T22:06:08,CLEARED_FALSE_POSITIVE,CUSTOMER_CONTACTED
RVW-202605-005056,ALT-202605-005458,RV-05,2026-05-22T08:02:41,CLEARED_FALSE_POSITIVE,CUSTOMER_CONTACTED
RVW-202605-005057,ALT-202605-005459,RV-04,2026-05-19T14:59:15,INSUFFICIENT_EVIDENCE,NO_CONTACT
RVW-202605-005058,ALT-202605-005460,RV-04,2026-05-30T16:07:42,CLEARED_FALSE_POSITIVE,DOC_VALID
RVW-202605-005059,ALT-202605-005462,RV-01,2026-05-11T13:42:44,CLEARED_FALSE_POSITIVE,ID_VERIFIED
RVW-202605-005060,ALT-202605-005463,RV-03,2026-06-09T08:09:32,CONFIRMED_FRAUD,SYNTH_ID_CONFIRMED
RVW-202605-005061,ALT-202605-005464,RV-02,2026-05-28T08:40:56,CLEARED_FALSE_POSITIVE,CUSTOMER_CONTACTED
RVW-202605-005062,ALT-202605-005465,RV-04,2026-05-15T06:36:07,CLEARED_FALSE_POSITIVE,DOC_VALID
RVW-202605-005063,ALT-202605-005466,RV-02,2026-05-10T14:47:22,CLEARED_FALSE_POSITIVE,KNOWN_DEVICE
RVW-202605-005064,ALT-202605-005467,RV-05,2026-06-09T10:30:37,CLEARED_FALSE_POSITIVE,CUSTOMER_CONTACTED
RVW-202605-005065,ALT-202605-005468,RV-04,2026-05-16T08:18:41,CLEARED_FALSE_POSITIVE,DOC_VALID
RVW-202605-005066,ALT-202605-005469,RV-01,2026-05-20T19:32:11,CONFIRMED_FRAUD,SYNTH_ID_CONFIRMED
RVW-202605-005067,ALT-202605-005470,RV-04,2026-05-11T15:24:23,CLEARED_FALSE_POSITIVE,DOC_VALID
RVW-202605-005068,ALT-202605-005471,RV-01,2026-05-23T11:11:47,CONFIRMED_FRAUD,SYNTH_ID_CONFIRMED
RVW-202605-005069,ALT-202605-005472,RV-02,2026-06-04T20:22:21,CLEARED_FALSE_POSITIVE,DOC_VALID
RVW-202605-005070,ALT-202605-005473,RV-06,2026-05-17T22:24:52,CLEARED_FALSE_POSITIVE,DOC_VALID
RVW-202605-005071,ALT-202605-005474,RV-06,2026-05-13T06:58:32,CLEARED_FALSE_POSITIVE,DOC_VALID
RVW-202605-005072,ALT-202605-005475,RV-06,2026-05-23T15:59:08,CLEARED_FALSE_POSITIVE,KNOWN_DEVICE
RVW-202605-005073,ALT-202605-005476,RV-05,2026-05-27T14:32:59,CLEARED_FALSE_POSITIVE,CUSTOMER_CONTACTED
RVW-202605-005074,ALT-202605-005477,RV-04,2026-05-08T06:51:33,CLEARED_FALSE_POSITIVE,ID_VERIFIED
RVW-202605-005075,ALT-202605-005478,RV-03,2026-05-30T16:45:19,CLEARED_FALSE_POSITIVE,CUSTOMER_CONTACTED
RVW-202605-005076,ALT-202605-005479,RV-05,2026-05-07T17:01:12,CLEARED_FALSE_POSITIVE,ID_VERIFIED
RVW-202605-005077,ALT-202605-005480,RV-05,2026-05-05T19:11:33,CLEARED_FALSE_POSITIVE,CUSTOMER_CONTACTED
RVW-202605-005078,ALT-202605-005481,RV-05,2026-06-11T07:45:51,CONFIRMED_FRAUD,SYNTH_ID_CONFIRMED
RVW-202605-005079,ALT-202605-005482,RV-01,2026-05-18T12:07:10,CLEARED_FALSE_POSITIVE,KNOWN_DEVICE
RVW-202605-005080,ALT-202605-005483,RV-01,2026-05-05T17:47:46,CLEARED_FALSE_POSITIVE,DOC_VALID
RVW-202605-005081,ALT-202605-005484,RV-03,2026-05-13T06:00:41,CONFIRMED_FRAUD,DOC_FORGED
RVW-202605-005082,ALT-202605-005485,RV-04,2026-05-19T19:08:09,INSUFFICIENT_EVIDENCE,AGED_OUT
RVW-202605-005083,ALT-202605-005486,RV-03,2026-05-12T11:08:29,CONFIRMED_FRAUD,MULE_CONFIRMED
RVW-202605-005084,ALT-202605-005487,RV-05,2026-05-08T19:55:32,CONFIRMED_FRAUD,DOC_FORGED
RVW-202605-005085,ALT-202605-005488,RV-03,2026-05-18T06:29:55,CLEARED_FALSE_POSITIVE,DOC_VALID
RVW-202605-005086,ALT-202605-005489,RV-05,2026-05-30T13:44:24,CONFIRMED_FRAUD,ATO_CONFIRMED
RVW-202605-005087,ALT-202605-005490,RV-05,2026-05-27T15:32:03,CLEARED_FALSE_POSITIVE,ID_VERIFIED
RVW-202605-005088,ALT-202605-005491,RV-01,2026-05-28T16:33:35,CLEARED_FALSE_POSITIVE,CUSTOMER_CONTACTED
RVW-202605-005089,ALT-202605-005492,RV-04,2026-05-19T12:03:04,INSUFFICIENT_EVIDENCE,DATA_UNAVAILABLE
RVW-202605-005090,ALT-202605-005493,RV-02,2026-05-26T22:33:16,CLEARED_FALSE_POSITIVE,CUSTOMER_CONTACTED
RVW-202605-005091,ALT-202605-005494,RV-01,2026-05-06T07:44:45,CONFIRMED_FRAUD,ATO_CONFIRMED
RVW-202605-005092,ALT-202605-005495,RV-04,2026-05-03T17:00:17,CLEARED_FALSE_POSITIVE,DOC_VALID
RVW-202605-005093,ALT-202605-005496,RV-06,2026-05-14T18:41:06,CONFIRMED_FRAUD,MULE_CONFIRMED
RVW-202605-005094,ALT-202605-005497,RV-05,2026-05-08T11:04:44,CLEARED_FALSE_POSITIVE,KNOWN_DEVICE
RVW-202605-005095,ALT-202605-005498,RV-03,2026-05-10T19:34:04,CONFIRMED_FRAUD,MULE_CONFIRMED
RVW-202605-005096,ALT-202605-005499,RV-02,2026-05-31T22:57:56,CLEARED_FALSE_POSITIVE,CUSTOMER_CONTACTED
RVW-202605-005097,ALT-202605-005500,RV-01,2026-05-25T12:46:55,CLEARED_FALSE_POSITIVE,ID_VERIFIED
RVW-202605-005098,ALT-202605-005501,RV-01,2026-05-29T13:37:45,CONFIRMED_FRAUD,MULE_CONFIRMED
RVW-202605-005099,ALT-202605-005502,RV-06,2026-05-05T18:53:51,CLEARED_FALSE_POSITIVE,CUSTOMER_CONTACTED
RVW-202605-005100,ALT-202605-005503,RV-06,2026-05-14T17:52:07,CLEARED_FALSE_POSITIVE,KNOWN_DEVICE
RVW-202605-005101,ALT-202605-005504,RV-01,2026-05-26T18:52:25,CLEARED_FALSE_POSITIVE,KNOWN_DEVICE
RVW-202605-005102,ALT-202605-005505,RV-02,2026-05-27T20:25:26,CLEARED_FALSE_POSITIVE,KNOWN_DEVICE
RVW-202605-005103,ALT-202605-005506,RV-05,2026-05-05T07:06:03,CLEARED_FALSE_POSITIVE,CUSTOMER_CONTACTED
RVW-202605-005104,ALT-202605-005507,RV-06,2026-05-16T11:21:34,CLEARED_FALSE_POSITIVE,DOC_VALID
RVW-202605-005105,ALT-202605-005508,RV-02,2026-05-19T19:34:32,CLEARED_FALSE_POSITIVE,ID_VERIFIED
RVW-202605-005106,ALT-202605-005509,RV-01,2026-05-16T22:12:00,CLEARED_FALSE_POSITIVE,ID_VERIFIED
RVW-202605-005107,ALT-202605-005510,RV-02,2026-06-06T13:06:56,CONFIRMED_FRAUD,MULE_CONFIRMED
RVW-202605-005108,ALT-202605-005511,RV-02,2026-05-02T14:12:51,INSUFFICIENT_EVIDENCE,AGED_OUT
RVW-202605-005109,ALT-202605-005512,RV-06,2026-05-26T20:07:31,CLEARED_FALSE_POSITIVE,ID_VERIFIED
RVW-202605-005110,ALT-202605-005513,RV-01,2026-05-25T09:21:07,CLEARED_FALSE_POSITIVE,CUSTOMER_CONTACTED
RVW-202605-005111,ALT-202605-005514,RV-05,2026-05-30T08:57:57,CONFIRMED_FRAUD,SYNTH_ID_CONFIRMED
RVW-202605-005112,ALT-202605-005515,RV-02,2026-05-24T08:52:48,CLEARED_FALSE_POSITIVE,ID_VERIFIED
RVW-202605-005113,ALT-202605-005516,RV-03,2026-05-14T16:46:46,CLEARED_FALSE_POSITIVE,DOC_VALID
RVW-202605-005114,ALT-202605-005517,RV-01,2026-05-23T07:12:11,CONFIRMED_FRAUD,MULE_CONFIRMED
RVW-202605-005115,ALT-202605-005518,RV-05,2026-05-21T18:13:20,CLEARED_FALSE_POSITIVE,ID_VERIFIED
RVW-202605-005116,ALT-202605-005519,RV-05,2026-06-10T09:44:22,CONFIRMED_FRAUD,SYNTH_ID_CONFIRMED
RVW-202605-005117,ALT-202605-005520,RV-03,2026-05-28T13:06:00,CLEARED_FALSE_POSITIVE,CUSTOMER_CONTACTED
RVW-202605-005118,ALT-202605-005521,RV-05,2026-05-15T19:30:10,CLEARED_FALSE_POSITIVE,KNOWN_DEVICE
RVW-202605-005119,ALT-202605-005522,RV-02,2026-05-22T18:09:35,CLEARED_FALSE_POSITIVE,CUSTOMER_CONTACTED
RVW-202605-005120,ALT-202605-005525,RV-06,2026-06-08T12:16:20,CLEARED_FALSE_POSITIVE,KNOWN_DEVICE
RVW-202605-005121,ALT-202605-005527,RV-06,2026-05-16T20:41:20,CLEARED_FALSE_POSITIVE,DOC_VALID
RVW-202605-005122,ALT-202605-005528,RV-05,2026-05-13T08:48:47,CLEARED_FALSE_POSITIVE,CUSTOMER_CONTACTED
RVW-202605-005123,ALT-202605-005529,RV-04,2026-05-15T11:27:50,CLEARED_FALSE_POSITIVE,KNOWN_DEVICE
RVW-202605-005124,ALT-202605-005530,RV-06,2026-05-11T14:06:58,CLEARED_FALSE_POSITIVE,KNOWN_DEVICE
RVW-202605-005125,ALT-202605-005532,RV-06,2026-05-28T17:02:01,CLEARED_FALSE_POSITIVE,KNOWN_DEVICE
RVW-202605-005126,ALT-202605-005533,RV-06,2026-05-07T17:22:30,CONFIRMED_FRAUD,DOC_FORGED
RVW-202605-005127,ALT-202605-005534,RV-01,2026-05-28T17:37:25,CONFIRMED_FRAUD,DOC_FORGED
RVW-202605-005128,ALT-202605-005535,RV-06,2026-06-04T06:51:05,CLEARED_FALSE_POSITIVE,KNOWN_DEVICE
RVW-202605-005129,ALT-202605-005536,RV-01,2026-05-13T17:02:41,CLEARED_FALSE_POSITIVE,ID_VERIFIED
RVW-202605-005130,ALT-202605-005537,RV-05,2026-05-17T17:41:42,CLEARED_FALSE_POSITIVE,KNOWN_DEVICE
RVW-202605-005131,ALT-202605-005538,RV-06,2026-05-29T19:22:00,CLEARED_FALSE_POSITIVE,ID_VERIFIED
RVW-202605-005132,ALT-202605-999999,RV-02,2026-05-31T06:21:43,CLEARED_FALSE_POSITIVE,ID_VERIFIED
