review_id,alert_id,reviewer_id,decided_at,outcome,outcome_reason_code
RVW-202608-000001,ALT-202608-000001,RV-02,2026-08-07T22:12:43,CLEARED_FALSE_POSITIVE,ID_VERIFIED
RVW-202608-000002,ALT-202608-000002,RV-01,2026-08-17T18:45:48,CLEARED_FALSE_POSITIVE,KNOWN_DEVICE
RVW-202608-000003,ALT-202608-000003,RV-04,2026-08-11T13:09:15,CLEARED_FALSE_POSITIVE,CUSTOMER_CONTACTED
RVW-202608-000004,ALT-202608-000004,RV-04,2026-08-24T20:58:49,CLEARED_FALSE_POSITIVE,DOC_VALID
RVW-202608-000005,ALT-202608-000005,RV-02,2026-08-06T12:44:51,CLEARED_FALSE_POSITIVE,DOC_VALID
RVW-202608-000006,ALT-202608-000006,RV-02,2026-08-14T17:20:52,CLEARED_FALSE_POSITIVE,KNOWN_DEVICE
RVW-202608-000007,ALT-202608-000007,RV-06,2026-09-06T16:53:57,CLEARED_FALSE_POSITIVE,KNOWN_DEVICE
RVW-202608-000008,ALT-202608-000008,RV-04,2026-08-07T17:09:31,CLEARED_FALSE_POSITIVE,KNOWN_DEVICE
RVW-202608-000009,ALT-202608-000009,RV-06,2026-08-17T21:49:03,CLEARED_FALSE_POSITIVE,ID_VERIFIED
RVW-202608-000010,ALT-202608-000011,RV-06,2026-08-31T21:26:18,CLEARED_FALSE_POSITIVE,DOC_VALID
RVW-202608-000011,ALT-202608-000013,RV-05,2026-08-13T07:12:52,CONFIRMED_FRAUD,DOC_FORGED
RVW-202608-000012,ALT-202608-000014,RV-06,2026-08-09T11:41:28,CLEARED_FALSE_POSITIVE,CUSTOMER_CONTACTED
RVW-202608-000013,ALT-202608-000015,RV-02,2026-08-24T20:08:33,CLEARED_FALSE_POSITIVE,KNOWN_DEVICE
RVW-202608-000014,ALT-202608-000016,RV-01,2026-09-01T07:42:16,CLEARED_FALSE_POSITIVE,CUSTOMER_CONTACTED
RVW-202608-000015,ALT-202608-000017,RV-01,2026-08-13T15:01:20,CLEARED_FALSE_POSITIVE,DOC_VALID
RVW-202608-000016,ALT-202608-000018,RV-04,2026-08-20T10:39:05,CLEARED_FALSE_POSITIVE,CUSTOMER_CONTACTED
RVW-202608-000017,ALT-202608-000019,RV-04,2026-08-12T10:20:58,CLEARED_FALSE_POSITIVE,KNOWN_DEVICE
RVW-202608-000018,ALT-202608-000020,RV-04,2026-08-14T09:33:37,CLEARED_FALSE_POSITIVE,CUSTOMER_CONTACTED
RVW-202608-000019,ALT-202608-000022,RV-06,2026-08-26T13:39:02,CLEARED_FALSE_POSITIVE,ID_VERIFIED
RVW-202608-000020,ALT-202608-000023,RV-04,2026-08-12T21:08:44,CLEARED_FALSE_POSITIVE,CUSTOMER_CONTACTED
RVW-202608-000021,ALT-202608-000024,RV-04,2026-08-17T16:20:54,CONFIRMED_FRAUD,DOC_FORGED
RVW-202608-000022,ALT-202608-000025,RV-01,2026-08-27T18:12:29,CLEARED_FALSE_POSITIVE,ID_VERIFIED
RVW-202608-000023,ALT-202608-000026,RV-01,2026-08-18T20:50:16,CONFIRMED_FRAUD,SYNTH_ID_CONFIRMED
RVW-202608-000024,ALT-202608-000027,RV-01,2026-08-06T15:58:57,CLEARED_FALSE_POSITIVE,CUSTOMER_CONTACTED
RVW-202608-000025,ALT-202608-000028,RV-03,2026-08-23T16:29:21,CLEARED_FALSE_POSITIVE,DOC_VALID
RVW-202608-000026,ALT-202608-000029,RV-04,2026-08-11T07:49:00,CLEARED_FALSE_POSITIVE,KNOWN_DEVICE
RVW-202608-000027,ALT-202608-000030,RV-05,2026-08-09T08:22:29,CLEARED_FALSE_POSITIVE,KNOWN_DEVICE
RVW-202608-000028,ALT-202608-000031,RV-04,2026-08-23T11:17:21,CLEARED_FALSE_POSITIVE,CUSTOMER_CONTACTED
RVW-202608-000029,ALT-202608-000032,RV-04,2026-08-22T20:50:02,CLEARED_FALSE_POSITIVE,CUSTOMER_CONTACTED
RVW-202608-000030,ALT-202608-000033,RV-04,2026-09-01T22:41:03,CLEARED_FALSE_POSITIVE,DOC_VALID
RVW-202608-000031,ALT-202608-000034,RV-06,2026-08-24T06:54:29,CLEARED_FALSE_POSITIVE,DOC_VALID
RVW-202608-000032,ALT-202608-000035,RV-05,2026-08-22T07:17:01,CLEARED_FALSE_POSITIVE,CUSTOMER_CONTACTED
RVW-202608-000033,ALT-202608-000036,RV-03,2026-08-10T17:14:59,INSUFFICIENT_EVIDENCE,DATA_UNAVAILABLE
RVW-202608-000034,ALT-202608-000037,RV-01,2026-08-28T10:15:32,CLEARED_FALSE_POSITIVE,KNOWN_DEVICE
RVW-202608-000035,ALT-202608-000038,RV-05,2026-08-28T08:05:41,CLEARED_FALSE_POSITIVE,KNOWN_DEVICE
RVW-202608-000036,ALT-202608-000039,RV-06,2026-08-17T20:08:08,INSUFFICIENT_EVIDENCE,DATA_UNAVAILABLE
RVW-202608-000037,ALT-202608-000040,RV-03,2026-08-15T15:14:28,CLEARED_FALSE_POSITIVE,ID_VERIFIED
RVW-202608-000038,ALT-202608-000041,RV-04,2026-09-04T07:26:14,CLEARED_FALSE_POSITIVE,DOC_VALID
RVW-202608-000039,ALT-202608-000042,RV-05,2026-08-14T06:01:33,INSUFFICIENT_EVIDENCE,DATA_UNAVAILABLE
RVW-202608-000040,ALT-202608-000043,RV-05,2026-08-24T13:57:30,CLEARED_FALSE_POSITIVE,ID_VERIFIED
RVW-202608-000041,ALT-202608-000044,RV-05,2026-08-23T13:59:49,CLEARED_FALSE_POSITIVE,CUSTOMER_CONTACTED
RVW-202608-000042,ALT-202608-000045,RV-04,2026-08-10T09:31:16,CLEARED_FALSE_POSITIVE,CUSTOMER_CONTACTED
RVW-202608-000043,ALT-202608-000046,RV-02,2026-08-18T10:06:25,CONFIRMED_FRAUD,DOC_FORGED
RVW-202608-000044,ALT-202608-000047,RV-04,2026-08-19T10:12:04,INSUFFICIENT_EVIDENCE,AGED_OUT
RVW-202608-000045,ALT-202608-000048,RV-01,2026-08-07T17:13:33,INSUFFICIENT_EVIDENCE,DATA_UNAVAILABLE
RVW-202608-000046,ALT-202608-000049,RV-03,2026-08-23T12:27:08,CLEARED_FALSE_POSITIVE,CUSTOMER_CONTACTED
RVW-202608-000047,ALT-202608-000050,RV-05,2026-09-07T15:47:27,CLEARED_FALSE_POSITIVE,ID_VERIFIED
RVW-202608-000048,ALT-202608-000051,RV-03,2026-08-27T14:18:30,INSUFFICIENT_EVIDENCE,NO_CONTACT
RVW-202608-000049,ALT-202608-000052,RV-02,2026-09-04T21:20:53,CLEARED_FALSE_POSITIVE,CUSTOMER_CONTACTED
RVW-202608-000050,ALT-202608-000053,RV-03,2026-08-12T18:42:13,CONFIRMED_FRAUD,MULE_CONFIRMED
RVW-202608-000051,ALT-202608-000054,RV-05,2026-09-10T22:03:56,INSUFFICIENT_EVIDENCE,DATA_UNAVAILABLE
RVW-202608-000052,ALT-202608-000055,RV-05,2026-08-21T15:06:54,CONFIRMED_FRAUD,DOC_FORGED
RVW-202608-000053,ALT-202608-000056,RV-02,2026-09-02T09:45:11,CLEARED_FALSE_POSITIVE,KNOWN_DEVICE
RVW-202608-000054,ALT-202608-000057,RV-01,2026-08-27T18:23:54,CONFIRMED_FRAUD,ATO_CONFIRMED
RVW-202608-000055,ALT-202608-000058,RV-06,2026-08-11T08:09:00,CONFIRMED_FRAUD,MULE_CONFIRMED
RVW-202608-000056,ALT-202608-000059,RV-02,2026-08-30T20:37:55,INSUFFICIENT_EVIDENCE,DATA_UNAVAILABLE
RVW-202608-000057,ALT-202608-000060,RV-05,2026-08-31T16:56:35,CLEARED_FALSE_POSITIVE,ID_VERIFIED
RVW-202608-000058,ALT-202608-000061,RV-05,2026-08-14T15:05:16,CLEARED_FALSE_POSITIVE,DOC_VALID
RVW-202608-000059,ALT-202608-000062,RV-02,2026-08-06T19:44:48,CLEARED_FALSE_POSITIVE,DOC_VALID
RVW-202608-000060,ALT-202608-000063,RV-06,2026-09-07T22:26:50,CLEARED_FALSE_POSITIVE,ID_VERIFIED
RVW-202608-000061,ALT-202608-000064,RV-05,2026-08-28T12:39:40,CONFIRMED_FRAUD,MULE_CONFIRMED
RVW-202608-000062,ALT-202608-000065,RV-02,2026-08-28T21:47:09,CLEARED_FALSE_POSITIVE,KNOWN_DEVICE
RVW-202608-000063,ALT-202608-000066,RV-06,2026-08-28T12:53:07,CLEARED_FALSE_POSITIVE,ID_VERIFIED
RVW-202608-000064,ALT-202608-000067,RV-03,2026-08-25T17:32:30,CLEARED_FALSE_POSITIVE,CUSTOMER_CONTACTED
RVW-202608-000065,ALT-202608-000068,RV-02,2026-08-07T15:05:08,CONFIRMED_FRAUD,ATO_CONFIRMED
RVW-202608-000066,ALT-202608-000069,RV-02,2026-08-02T16:42:34,CONFIRMED_FRAUD,ATO_CONFIRMED
RVW-202608-000067,ALT-202608-000070,RV-03,2026-08-11T21:33:24,CLEARED_FALSE_POSITIVE,CUSTOMER_CONTACTED
RVW-202608-000068,ALT-202608-000071,RV-01,2026-08-22T14:32:26,CLEARED_FALSE_POSITIVE,KNOWN_DEVICE
RVW-202608-000069,ALT-202608-000072,RV-01,2026-09-07T08:31:06,CLEARED_FALSE_POSITIVE,KNOWN_DEVICE
RVW-202608-000070,ALT-202608-000073,RV-01,2026-08-21T12:27:11,CONFIRMED_FRAUD,ATO_CONFIRMED
RVW-202608-000071,ALT-202608-000074,RV-01,2026-08-23T14:22:26,CLEARED_FALSE_POSITIVE,ID_VERIFIED
RVW-202608-000072,ALT-202608-000075,RV-05,2026-08-16T11:35:09,CLEARED_FALSE_POSITIVE,CUSTOMER_CONTACTED
RVW-202608-000073,ALT-202608-000077,RV-02,2026-08-14T21:19:05,CLEARED_FALSE_POSITIVE,DOC_VALID
RVW-202608-000074,ALT-202608-000078,RV-06,2026-08-14T11:01:18,CONFIRMED_FRAUD,ATO_CONFIRMED
RVW-202608-000075,ALT-202608-000080,RV-03,2026-08-21T09:04:57,CLEARED_FALSE_POSITIVE,CUSTOMER_CONTACTED
RVW-202608-000076,ALT-202608-000081,RV-04,2026-08-09T14:56:56,CLEARED_FALSE_POSITIVE,ID_VERIFIED
RVW-202608-000077,ALT-202608-000082,RV-02,2026-08-16T16:25:46,CLEARED_FALSE_POSITIVE,DOC_VALID
RVW-202608-000078,ALT-202608-000083,RV-02,2026-08-20T21:24:07,CONFIRMED_FRAUD,MULE_CONFIRMED
RVW-202608-000079,ALT-202608-000084,RV-04,2026-08-22T12:42:07,CONFIRMED_FRAUD,ATO_CONFIRMED
RVW-202608-000080,ALT-202608-000085,RV-04,2026-09-05T20:52:04,CLEARED_FALSE_POSITIVE,DOC_VALID
RVW-202608-000081,ALT-202608-000086,RV-04,2026-08-07T21:39:41,CLEARED_FALSE_POSITIVE,CUSTOMER_CONTACTED
RVW-202608-000082,ALT-202608-000087,RV-02,2026-08-06T09:18:55,CLEARED_FALSE_POSITIVE,DOC_VALID
RVW-202608-000083,ALT-202608-000088,RV-04,2026-08-14T06:31:01,CONFIRMED_FRAUD,MULE_CONFIRMED
RVW-202608-000084,ALT-202608-000089,RV-05,2026-08-20T21:01:37,CONFIRMED_FRAUD,MULE_CONFIRMED
RVW-202608-000085,ALT-202608-000090,RV-03,2026-08-19T11:49:46,CLEARED_FALSE_POSITIVE,KNOWN_DEVICE
RVW-202608-000086,ALT-202608-000091,RV-02,2026-08-24T15:06:52,CLEARED_FALSE_POSITIVE,ID_VERIFIED
RVW-202608-000087,ALT-202608-000092,RV-03,2026-08-18T20:13:49,CLEARED_FALSE_POSITIVE,CUSTOMER_CONTACTED
RVW-202608-000088,ALT-202608-000093,RV-06,2026-08-04T18:05:12,CONFIRMED_FRAUD,DOC_FORGED
RVW-202608-000089,ALT-202608-000094,RV-04,2026-09-01T13:07:55,CLEARED_FALSE_POSITIVE,KNOWN_DEVICE
RVW-202608-000090,ALT-202608-000095,RV-06,2026-08-23T11:47:53,CLEARED_FALSE_POSITIVE,DOC_VALID
RVW-202608-000091,ALT-202608-000097,RV-06,2026-08-21T11:31:33,CLEARED_FALSE_POSITIVE,DOC_VALID
RVW-202608-000092,ALT-202608-000098,RV-04,2026-08-26T19:27:22,CLEARED_FALSE_POSITIVE,KNOWN_DEVICE
RVW-202608-000093,ALT-202608-000099,RV-01,2026-08-28T16:16:45,CLEARED_FALSE_POSITIVE,KNOWN_DEVICE
RVW-202608-000094,ALT-202608-000100,RV-05,2026-08-14T10:49:32,CLEARED_FALSE_POSITIVE,ID_VERIFIED
RVW-202608-000095,ALT-202608-000101,RV-01,2026-09-08T18:55:34,CLEARED_FALSE_POSITIVE,KNOWN_DEVICE
RVW-202608-000096,ALT-202608-000102,RV-02,2026-08-18T11:50:44,CLEARED_FALSE_POSITIVE,CUSTOMER_CONTACTED
RVW-202608-000097,ALT-202608-000103,RV-06,2026-08-22T06:31:31,CLEARED_FALSE_POSITIVE,KNOWN_DEVICE
RVW-202608-000098,ALT-202608-000104,RV-04,2026-08-21T15:06:34,CLEARED_FALSE_POSITIVE,KNOWN_DEVICE
RVW-202608-000099,ALT-202608-000105,RV-02,2026-08-20T13:56:06,CONFIRMED_FRAUD,DOC_FORGED
RVW-202608-000100,ALT-202608-000106,RV-03,2026-08-06T10:09:35,CLEARED_FALSE_POSITIVE,ID_VERIFIED
RVW-202608-000101,ALT-202608-000107,RV-03,2026-09-09T19:23:22,CLEARED_FALSE_POSITIVE,DOC_VALID
RVW-202608-000102,ALT-202608-000108,RV-04,2026-09-02T17:08:10,CLEARED_FALSE_POSITIVE,KNOWN_DEVICE
RVW-202608-000103,ALT-202608-000109,RV-02,2026-08-05T13:35:41,CLEARED_FALSE_POSITIVE,ID_VERIFIED
RVW-202608-000104,ALT-202608-000110,RV-06,2026-08-17T17:01:51,CLEARED_FALSE_POSITIVE,KNOWN_DEVICE
RVW-202608-000105,ALT-202608-000111,RV-05,2026-08-25T18:03:28,CLEARED_FALSE_POSITIVE,KNOWN_DEVICE
RVW-202608-000106,ALT-202608-000112,RV-02,2026-08-05T20:59:52,CLEARED_FALSE_POSITIVE,KNOWN_DEVICE
RVW-202608-000107,ALT-202608-000113,RV-01,2026-08-21T10:32:05,INSUFFICIENT_EVIDENCE,AGED_OUT
RVW-202608-000108,ALT-202608-000114,RV-02,2026-08-22T21:15:49,CLEARED_FALSE_POSITIVE,ID_VERIFIED
RVW-202608-000109,ALT-202608-000115,RV-01,2026-09-01T20:09:31,CLEARED_FALSE_POSITIVE,ID_VERIFIED
RVW-202608-000110,ALT-202608-000116,RV-05,2026-08-31T09:41:53,CLEARED_FALSE_POSITIVE,CUSTOMER_CONTACTED
RVW-202608-000111,ALT-202608-000117,RV-02,2026-08-18T06:02:34,CONFIRMED_FRAUD,DOC_FORGED
RVW-202608-000112,ALT-202608-000119,RV-06,2026-08-18T20:00:45,CLEARED_FALSE_POSITIVE,KNOWN_DEVICE
RVW-202608-000113,ALT-202608-000120,RV-04,2026-08-26T16:04:23,CLEARED_FALSE_POSITIVE,DOC_VALID
RVW-202608-000114,ALT-202608-000121,RV-03,2026-09-02T16:53:05,CLEARED_FALSE_POSITIVE,CUSTOMER_CONTACTED
RVW-202608-000115,ALT-202608-000122,RV-01,2026-08-29T06:50:17,CLEARED_FALSE_POSITIVE,DOC_VALID
RVW-202608-000116,ALT-202608-000123,RV-03,2026-08-31T15:27:15,CLEARED_FALSE_POSITIVE,ID_VERIFIED
RVW-202608-000117,ALT-202608-000124,RV-04,2026-08-29T13:04:19,CONFIRMED_FRAUD,ATO_CONFIRMED
RVW-202608-000118,ALT-202608-000125,RV-02,2026-08-28T14:44:25,CLEARED_FALSE_POSITIVE,CUSTOMER_CONTACTED
RVW-202608-000119,ALT-202608-000126,RV-05,2026-09-01T08:14:01,CLEARED_FALSE_POSITIVE,DOC_VALID
RVW-202608-000120,ALT-202608-000128,RV-06,2026-08-22T06:19:47,CLEARED_FALSE_POSITIVE,CUSTOMER_CONTACTED
RVW-202608-000121,ALT-202608-000129,RV-01,2026-08-25T15:17:04,CLEARED_FALSE_POSITIVE,DOC_VALID
RVW-202608-000122,ALT-202608-000130,RV-06,2026-09-05T08:20:34,CONFIRMED_FRAUD,DOC_FORGED
RVW-202608-000123,ALT-202608-000131,RV-03,2026-08-18T20:36:57,CLEARED_FALSE_POSITIVE,KNOWN_DEVICE
RVW-202608-000124,ALT-202608-000132,RV-01,2026-08-07T20:19:59,CLEARED_FALSE_POSITIVE,DOC_VALID
RVW-202608-000125,ALT-202608-000133,RV-03,2026-08-26T19:23:24,CONFIRMED_FRAUD,DOC_FORGED
RVW-202608-000126,ALT-202608-000134,RV-06,2026-08-25T07:45:43,CONFIRMED_FRAUD,MULE_CONFIRMED
RVW-202608-000127,ALT-202608-000135,RV-02,2026-09-08T10:14:25,INSUFFICIENT_EVIDENCE,AGED_OUT
RVW-202608-000128,ALT-202608-000136,RV-05,2026-08-22T19:38:03,CLEARED_FALSE_POSITIVE,CUSTOMER_CONTACTED
RVW-202608-000129,ALT-202608-000137,RV-01,2026-08-13T06:27:21,CLEARED_FALSE_POSITIVE,ID_VERIFIED
RVW-202608-000130,ALT-202608-000139,RV-05,2026-08-24T11:01:43,CLEARED_FALSE_POSITIVE,KNOWN_DEVICE
RVW-202608-000131,ALT-202608-000140,RV-03,2026-08-10T06:21:42,INSUFFICIENT_EVIDENCE,NO_CONTACT
RVW-202608-000132,ALT-202608-000141,RV-05,2026-08-23T21:21:17,CLEARED_FALSE_POSITIVE,KNOWN_DEVICE
RVW-202608-000133,ALT-202608-000142,RV-01,2026-08-24T17:02:29,CONFIRMED_FRAUD,MULE_CONFIRMED
RVW-202608-000134,ALT-202608-000143,RV-02,2026-08-09T19:56:21,CLEARED_FALSE_POSITIVE,ID_VERIFIED
RVW-202608-000135,ALT-202608-000144,RV-06,2026-08-20T15:28:18,CLEARED_FALSE_POSITIVE,CUSTOMER_CONTACTED
RVW-202608-000136,ALT-202608-000145,RV-03,2026-09-06T08:22:28,CLEARED_FALSE_POSITIVE,CUSTOMER_CONTACTED
RVW-202608-000137,ALT-202608-000147,RV-05,2026-09-06T14:47:12,INSUFFICIENT_EVIDENCE,AGED_OUT
RVW-202608-000138,ALT-202608-000148,RV-03,2026-08-07T17:11:07,CLEARED_FALSE_POSITIVE,CUSTOMER_CONTACTED
RVW-202608-000139,ALT-202608-000149,RV-01,2026-08-15T19:37:51,CONFIRMED_FRAUD,MULE_CONFIRMED
RVW-202608-000140,ALT-202608-000150,RV-02,2026-09-01T14:02:12,CLEARED_FALSE_POSITIVE,DOC_VALID
RVW-202608-000141,ALT-202608-000151,RV-04,2026-08-18T09:27:10,CLEARED_FALSE_POSITIVE,DOC_VALID
RVW-202608-000142,ALT-202608-000152,RV-04,2026-08-20T20:11:27,INSUFFICIENT_EVIDENCE,DATA_UNAVAILABLE
RVW-202608-000143,ALT-202608-000153,RV-06,2026-09-07T18:45:43,CLEARED_FALSE_POSITIVE,ID_VERIFIED
RVW-202608-000144,ALT-202608-000154,RV-01,2026-08-20T22:45:01,CLEARED_FALSE_POSITIVE,CUSTOMER_CONTACTED
RVW-202608-000145,ALT-202608-000155,RV-01,2026-08-12T16:25:20,CONFIRMED_FRAUD,SYNTH_ID_CONFIRMED
RVW-202608-000146,ALT-202608-000157,RV-06,2026-09-07T07:49:45,CLEARED_FALSE_POSITIVE,CUSTOMER_CONTACTED
RVW-202608-000147,ALT-202608-000158,RV-04,2026-08-27T17:25:35,CLEARED_FALSE_POSITIVE,KNOWN_DEVICE
RVW-202608-000148,ALT-202608-000159,RV-03,2026-08-07T15:18:35,CLEARED_FALSE_POSITIVE,CUSTOMER_CONTACTED
RVW-202608-000149,ALT-202608-000160,RV-02,2026-08-08T18:59:10,CONFIRMED_FRAUD,MULE_CONFIRMED
RVW-202608-000150,ALT-202608-000161,RV-06,2026-08-24T08:09:29,CLEARED_FALSE_POSITIVE,ID_VERIFIED
RVW-202608-000151,ALT-202608-000162,RV-01,2026-08-01T12:57:30,INSUFFICIENT_EVIDENCE,NO_CONTACT
RVW-202608-000152,ALT-202608-000163,RV-05,2026-08-21T10:26:35,CONFIRMED_FRAUD,MULE_CONFIRMED
RVW-202608-000153,ALT-202608-000164,RV-01,2026-08-17T17:58:40,CLEARED_FALSE_POSITIVE,KNOWN_DEVICE
RVW-202608-000154,ALT-202608-000165,RV-03,2026-09-10T06:15:14,CLEARED_FALSE_POSITIVE,DOC_VALID
RVW-202608-000155,ALT-202608-000166,RV-04,2026-08-30T06:44:44,INSUFFICIENT_EVIDENCE,NO_CONTACT
RVW-202608-000156,ALT-202608-000167,RV-02,2026-08-15T17:54:13,CLEARED_FALSE_POSITIVE,ID_VERIFIED
RVW-202608-000157,ALT-202608-000168,RV-01,2026-08-17T21:19:03,CLEARED_FALSE_POSITIVE,DOC_VALID
RVW-202608-000158,ALT-202608-000169,RV-03,2026-08-17T12:02:45,CLEARED_FALSE_POSITIVE,DOC_VALID
RVW-202608-000159,ALT-202608-000170,RV-06,2026-09-03T12:25:58,CLEARED_FALSE_POSITIVE,KNOWN_DEVICE
RVW-202608-000160,ALT-202608-000171,RV-02,2026-08-27T17:32:00,CLEARED_FALSE_POSITIVE,CUSTOMER_CONTACTED
RVW-202608-000161,ALT-202608-000172,RV-04,2026-08-23T14:42:39,INSUFFICIENT_EVIDENCE,AGED_OUT
RVW-202608-000162,ALT-202608-000173,RV-06,2026-08-17T12:36:23,CLEARED_FALSE_POSITIVE,ID_VERIFIED
RVW-202608-000163,ALT-202608-000174,RV-06,2026-09-01T12:23:24,CLEARED_FALSE_POSITIVE,CUSTOMER_CONTACTED
RVW-202608-000164,ALT-202608-000175,RV-01,2026-08-19T17:20:40,CLEARED_FALSE_POSITIVE,ID_VERIFIED
RVW-202608-000165,ALT-202608-000176,RV-05,2026-09-02T06:08:00,CLEARED_FALSE_POSITIVE,CUSTOMER_CONTACTED
RVW-202608-000166,ALT-202608-000177,RV-04,2026-08-21T14:42:06,INSUFFICIENT_EVIDENCE,NO_CONTACT
RVW-202608-000167,ALT-202608-000178,RV-06,2026-08-25T10:44:50,INSUFFICIENT_EVIDENCE,DATA_UNAVAILABLE
RVW-202608-000168,ALT-202608-000179,RV-04,2026-08-31T08:03:49,CLEARED_FALSE_POSITIVE,KNOWN_DEVICE
RVW-202608-000169,ALT-202608-000180,RV-05,2026-08-19T11:26:20,CLEARED_FALSE_POSITIVE,KNOWN_DEVICE
RVW-202608-000170,ALT-202608-000181,RV-06,2026-08-18T09:31:25,CONFIRMED_FRAUD,SYNTH_ID_CONFIRMED
RVW-202608-000171,ALT-202608-000182,RV-02,2026-08-16T19:48:13,CLEARED_FALSE_POSITIVE,DOC_VALID
RVW-202608-000172,ALT-202608-000183,RV-06,2026-08-14T12:51:21,CLEARED_FALSE_POSITIVE,CUSTOMER_CONTACTED
RVW-202608-000173,ALT-202608-000184,RV-05,2026-08-06T18:15:14,CLEARED_FALSE_POSITIVE,CUSTOMER_CONTACTED
RVW-202608-000174,ALT-202608-000185,RV-05,2026-09-02T21:36:12,CONFIRMED_FRAUD,SYNTH_ID_CONFIRMED
RVW-202608-000175,ALT-202608-000186,RV-04,2026-08-21T07:25:35,CLEARED_FALSE_POSITIVE,KNOWN_DEVICE
RVW-202608-000176,ALT-202608-000187,RV-05,2026-09-06T14:04:07,CLEARED_FALSE_POSITIVE,DOC_VALID
RVW-202608-000177,ALT-202608-000188,RV-03,2026-08-03T14:56:33,CLEARED_FALSE_POSITIVE,CUSTOMER_CONTACTED
RVW-202608-000178,ALT-202608-000189,RV-01,2026-09-03T17:31:34,CLEARED_FALSE_POSITIVE,ID_VERIFIED
RVW-202608-000179,ALT-202608-000190,RV-04,2026-08-22T14:30:00,CONFIRMED_FRAUD,SYNTH_ID_CONFIRMED
RVW-202608-000180,ALT-202608-000191,RV-04,2026-09-07T17:25:27,CONFIRMED_FRAUD,DOC_FORGED
RVW-202608-000181,ALT-202608-000192,RV-04,2026-08-16T10:25:21,CLEARED_FALSE_POSITIVE,ID_VERIFIED
RVW-202608-000182,ALT-202608-000193,RV-02,2026-08-19T20:26:42,CLEARED_FALSE_POSITIVE,DOC_VALID
RVW-202608-000183,ALT-202608-000194,RV-04,2026-08-29T15:15:57,INSUFFICIENT_EVIDENCE,NO_CONTACT
RVW-202608-000184,ALT-202608-000195,RV-01,2026-08-10T14:41:01,CLEARED_FALSE_POSITIVE,CUSTOMER_CONTACTED
RVW-202608-000185,ALT-202608-000196,RV-03,2026-09-04T18:22:26,CLEARED_FALSE_POSITIVE,KNOWN_DEVICE
RVW-202608-000186,ALT-202608-000197,RV-02,2026-08-24T07:20:45,CLEARED_FALSE_POSITIVE,ID_VERIFIED
RVW-202608-000187,ALT-202608-000198,RV-05,2026-08-12T17:02:52,CLEARED_FALSE_POSITIVE,DOC_VALID
RVW-202608-000188,ALT-202608-000199,RV-06,2026-08-28T22:16:50,CLEARED_FALSE_POSITIVE,DOC_VALID
RVW-202608-000189,ALT-202608-000200,RV-06,2026-08-03T08:57:32,CLEARED_FALSE_POSITIVE,DOC_VALID
RVW-202608-000190,ALT-202608-000201,RV-02,2026-08-09T16:14:26,CLEARED_FALSE_POSITIVE,KNOWN_DEVICE
RVW-202608-000191,ALT-202608-000202,RV-05,2026-08-27T11:29:53,CONFIRMED_FRAUD,MULE_CONFIRMED
RVW-202608-000192,ALT-202608-000203,RV-02,2026-08-17T12:38:24,CLEARED_FALSE_POSITIVE,DOC_VALID
RVW-202608-000193,ALT-202608-000205,RV-06,2026-08-18T12:04:25,CONFIRMED_FRAUD,SYNTH_ID_CONFIRMED
RVW-202608-000194,ALT-202608-000206,RV-05,2026-09-05T21:40:13,CLEARED_FALSE_POSITIVE,KNOWN_DEVICE
RVW-202608-000195,ALT-202608-000207,RV-01,2026-08-21T19:30:45,CONFIRMED_FRAUD,ATO_CONFIRMED
RVW-202608-000196,ALT-202608-000209,RV-03,2026-08-31T09:59:24,INSUFFICIENT_EVIDENCE,DATA_UNAVAILABLE
RVW-202608-000197,ALT-202608-000210,RV-06,2026-09-04T12:58:35,CLEARED_FALSE_POSITIVE,DOC_VALID
RVW-202608-000198,ALT-202608-000211,RV-06,2026-08-02T09:14:32,CLEARED_FALSE_POSITIVE,CUSTOMER_CONTACTED
RVW-202608-000199,ALT-202608-000213,RV-02,2026-08-26T13:37:26,CLEARED_FALSE_POSITIVE,DOC_VALID
RVW-202608-000200,ALT-202608-000215,RV-03,2026-08-24T08:11:10,CONFIRMED_FRAUD,SYNTH_ID_CONFIRMED
RVW-202608-000201,ALT-202608-000216,RV-02,2026-08-22T07:00:43,CLEARED_FALSE_POSITIVE,KNOWN_DEVICE
RVW-202608-000202,ALT-202608-000217,RV-05,2026-08-20T11:36:40,CLEARED_FALSE_POSITIVE,DOC_VALID
RVW-202608-000203,ALT-202608-000218,RV-06,2026-09-03T20:49:35,CONFIRMED_FRAUD,SYNTH_ID_CONFIRMED
RVW-202608-000204,ALT-202608-000219,RV-01,2026-08-17T10:51:33,INSUFFICIENT_EVIDENCE,AGED_OUT
RVW-202608-000205,ALT-202608-000220,RV-03,2026-08-13T06:10:33,CLEARED_FALSE_POSITIVE,DOC_VALID
RVW-202608-000206,ALT-202608-000221,RV-01,2026-08-18T09:52:59,CLEARED_FALSE_POSITIVE,ID_VERIFIED
RVW-202608-000207,ALT-202608-000222,RV-04,2026-08-07T13:06:22,CLEARED_FALSE_POSITIVE,ID_VERIFIED
RVW-202608-000208,ALT-202608-000223,RV-03,2026-08-31T13:33:07,CONFIRMED_FRAUD,MULE_CONFIRMED
RVW-202608-000209,ALT-202608-000224,RV-01,2026-08-29T19:55:31,CLEARED_FALSE_POSITIVE,CUSTOMER_CONTACTED
RVW-202608-000210,ALT-202608-000225,RV-01,2026-08-07T22:20:30,CLEARED_FALSE_POSITIVE,ID_VERIFIED
RVW-202608-000211,ALT-202608-000226,RV-01,2026-08-18T14:43:05,CLEARED_FALSE_POSITIVE,KNOWN_DEVICE
RVW-202608-000212,ALT-202608-000227,RV-04,2026-08-28T06:02:22,CLEARED_FALSE_POSITIVE,KNOWN_DEVICE
RVW-202608-000213,ALT-202608-000228,RV-05,2026-08-30T20:50:51,CLEARED_FALSE_POSITIVE,CUSTOMER_CONTACTED
RVW-202608-000214,ALT-202608-000229,RV-02,2026-08-18T19:29:05,CONFIRMED_FRAUD,ATO_CONFIRMED
RVW-202608-000215,ALT-202608-000231,RV-04,2026-09-05T20:21:18,CLEARED_FALSE_POSITIVE,ID_VERIFIED
RVW-202608-000216,ALT-202608-000232,RV-06,2026-08-09T18:37:06,INSUFFICIENT_EVIDENCE,NO_CONTACT
RVW-202608-000217,ALT-202608-000233,RV-03,2026-08-10T16:50:12,CLEARED_FALSE_POSITIVE,DOC_VALID
RVW-202608-000218,ALT-202608-000234,RV-04,2026-08-21T20:00:40,CLEARED_FALSE_POSITIVE,KNOWN_DEVICE
RVW-202608-000219,ALT-202608-000235,RV-01,2026-08-16T14:22:39,INSUFFICIENT_EVIDENCE,AGED_OUT
RVW-202608-000220,ALT-202608-000236,RV-01,2026-08-02T08:46:04,CLEARED_FALSE_POSITIVE,ID_VERIFIED
RVW-202608-000221,ALT-202608-000237,RV-06,2026-08-16T17:08:39,CLEARED_FALSE_POSITIVE,ID_VERIFIED
RVW-202608-000222,ALT-202608-000238,RV-05,2026-08-20T09:46:21,INSUFFICIENT_EVIDENCE,AGED_OUT
RVW-202608-000223,ALT-202608-000239,RV-04,2026-09-07T15:41:52,CONFIRMED_FRAUD,MULE_CONFIRMED
RVW-202608-000224,ALT-202608-000240,RV-02,2026-09-03T12:32:38,CLEARED_FALSE_POSITIVE,ID_VERIFIED
RVW-202608-000225,ALT-202608-000241,RV-02,2026-08-26T11:14:05,CLEARED_FALSE_POSITIVE,CUSTOMER_CONTACTED
RVW-202608-000226,ALT-202608-000242,RV-05,2026-08-20T15:16:40,CLEARED_FALSE_POSITIVE,CUSTOMER_CONTACTED
RVW-202608-000227,ALT-202608-000243,RV-05,2026-08-29T18:49:38,CLEARED_FALSE_POSITIVE,KNOWN_DEVICE
RVW-202608-000228,ALT-202608-000244,RV-05,2026-08-14T16:11:59,CLEARED_FALSE_POSITIVE,DOC_VALID
RVW-202608-000229,ALT-202608-000245,RV-05,2026-09-02T16:46:49,CONFIRMED_FRAUD,SYNTH_ID_CONFIRMED
RVW-202608-000230,ALT-202608-000247,RV-04,2026-08-17T11:17:33,INSUFFICIENT_EVIDENCE,DATA_UNAVAILABLE
RVW-202608-000231,ALT-202608-000249,RV-06,2026-08-17T14:13:17,CLEARED_FALSE_POSITIVE,DOC_VALID
RVW-202608-000232,ALT-202608-000250,RV-05,2026-08-19T15:48:57,CLEARED_FALSE_POSITIVE,CUSTOMER_CONTACTED
RVW-202608-000233,ALT-202608-000251,RV-03,2026-08-17T09:03:56,CLEARED_FALSE_POSITIVE,KNOWN_DEVICE
RVW-202608-000234,ALT-202608-000252,RV-04,2026-08-14T11:38:45,CLEARED_FALSE_POSITIVE,KNOWN_DEVICE
RVW-202608-000235,ALT-202608-000253,RV-02,2026-08-19T13:27:27,CLEARED_FALSE_POSITIVE,CUSTOMER_CONTACTED
RVW-202608-000236,ALT-202608-000254,RV-04,2026-09-06T13:59:48,CLEARED_FALSE_POSITIVE,CUSTOMER_CONTACTED
RVW-202608-000237,ALT-202608-000256,RV-06,2026-09-02T10:11:16,CONFIRMED_FRAUD,ATO_CONFIRMED
RVW-202608-000238,ALT-202608-000257,RV-06,2026-08-09T11:58:10,CLEARED_FALSE_POSITIVE,ID_VERIFIED
RVW-202608-000239,ALT-202608-000258,RV-04,2026-08-11T07:32:57,CLEARED_FALSE_POSITIVE,DOC_VALID
RVW-202608-000240,ALT-202608-000259,RV-04,2026-08-19T11:37:43,CLEARED_FALSE_POSITIVE,CUSTOMER_CONTACTED
RVW-202608-000241,ALT-202608-000260,RV-05,2026-08-19T10:24:20,CLEARED_FALSE_POSITIVE,DOC_VALID
RVW-202608-000242,ALT-202608-000261,RV-04,2026-08-15T19:36:18,CONFIRMED_FRAUD,MULE_CONFIRMED
RVW-202608-000243,ALT-202608-000262,RV-04,2026-08-18T09:43:36,CLEARED_FALSE_POSITIVE,ID_VERIFIED
RVW-202608-000244,ALT-202608-000263,RV-04,2026-08-24T13:40:48,CLEARED_FALSE_POSITIVE,CUSTOMER_CONTACTED
RVW-202608-000245,ALT-202608-000264,RV-01,2026-08-18T21:59:06,CLEARED_FALSE_POSITIVE,KNOWN_DEVICE
RVW-202608-000246,ALT-202608-000265,RV-06,2026-08-30T15:02:36,INSUFFICIENT_EVIDENCE,DATA_UNAVAILABLE
RVW-202608-000247,ALT-202608-000266,RV-06,2026-08-03T06:47:22,CLEARED_FALSE_POSITIVE,KNOWN_DEVICE
RVW-202608-000248,ALT-202608-000267,RV-05,2026-08-26T16:10:15,CLEARED_FALSE_POSITIVE,KNOWN_DEVICE
RVW-202608-000249,ALT-202608-000268,RV-02,2026-08-03T22:16:52,CLEARED_FALSE_POSITIVE,KNOWN_DEVICE
RVW-202608-000250,ALT-202608-000269,RV-01,2026-08-26T07:40:31,INSUFFICIENT_EVIDENCE,AGED_OUT
RVW-202608-000251,ALT-202608-000270,RV-05,2026-08-09T10:14:07,CLEARED_FALSE_POSITIVE,CUSTOMER_CONTACTED
RVW-202608-000252,ALT-202608-000271,RV-01,2026-08-27T18:45:13,CLEARED_FALSE_POSITIVE,CUSTOMER_CONTACTED
RVW-202608-000253,ALT-202608-000272,RV-04,2026-08-16T22:21:44,CLEARED_FALSE_POSITIVE,KNOWN_DEVICE
RVW-202608-000254,ALT-202608-000273,RV-05,2026-08-09T17:00:02,CLEARED_FALSE_POSITIVE,ID_VERIFIED
RVW-202608-000255,ALT-202608-000274,RV-03,2026-08-28T20:13:15,CLEARED_FALSE_POSITIVE,CUSTOMER_CONTACTED
RVW-202608-000256,ALT-202608-000275,RV-03,2026-08-22T19:55:25,CLEARED_FALSE_POSITIVE,ID_VERIFIED
RVW-202608-000257,ALT-202608-000276,RV-06,2026-08-17T08:39:00,CLEARED_FALSE_POSITIVE,ID_VERIFIED
RVW-202608-000258,ALT-202608-000277,RV-02,2026-08-25T22:22:08,CLEARED_FALSE_POSITIVE,ID_VERIFIED
RVW-202608-000259,ALT-202608-000278,RV-03,2026-08-18T07:25:36,CLEARED_FALSE_POSITIVE,CUSTOMER_CONTACTED
RVW-202608-000260,ALT-202608-000279,RV-02,2026-08-16T18:14:39,CLEARED_FALSE_POSITIVE,ID_VERIFIED
RVW-202608-000261,ALT-202608-000280,RV-03,2026-08-14T08:13:04,CLEARED_FALSE_POSITIVE,DOC_VALID
RVW-202608-000262,ALT-202608-000281,RV-03,2026-08-22T19:01:57,CLEARED_FALSE_POSITIVE,KNOWN_DEVICE
RVW-202608-000263,ALT-202608-000282,RV-04,2026-08-31T07:40:45,CLEARED_FALSE_POSITIVE,DOC_VALID
RVW-202608-000264,ALT-202608-000283,RV-04,2026-08-18T15:45:33,CLEARED_FALSE_POSITIVE,ID_VERIFIED
RVW-202608-000265,ALT-202608-000284,RV-06,2026-08-25T17:35:59,CLEARED_FALSE_POSITIVE,ID_VERIFIED
RVW-202608-000266,ALT-202608-000285,RV-03,2026-08-27T11:51:24,CLEARED_FALSE_POSITIVE,CUSTOMER_CONTACTED
RVW-202608-000267,ALT-202608-000286,RV-02,2026-08-11T07:30:01,CLEARED_FALSE_POSITIVE,KNOWN_DEVICE
RVW-202608-000268,ALT-202608-000287,RV-04,2026-09-01T16:35:13,CLEARED_FALSE_POSITIVE,ID_VERIFIED
RVW-202608-000269,ALT-202608-000288,RV-05,2026-08-10T06:00:37,CLEARED_FALSE_POSITIVE,KNOWN_DEVICE
RVW-202608-000270,ALT-202608-000289,RV-03,2026-08-15T14:42:15,CLEARED_FALSE_POSITIVE,KNOWN_DEVICE
RVW-202608-000271,ALT-202608-000290,RV-02,2026-08-31T20:34:30,CLEARED_FALSE_POSITIVE,ID_VERIFIED
RVW-202608-000272,ALT-202608-000291,RV-06,2026-08-05T09:48:41,CLEARED_FALSE_POSITIVE,DOC_VALID
RVW-202608-000273,ALT-202608-000292,RV-01,2026-08-19T20:45:15,CLEARED_FALSE_POSITIVE,ID_VERIFIED
RVW-202608-000274,ALT-202608-000293,RV-06,2026-09-04T10:26:58,CLEARED_FALSE_POSITIVE,DOC_VALID
RVW-202608-000275,ALT-202608-000294,RV-05,2026-08-30T18:58:09,CLEARED_FALSE_POSITIVE,KNOWN_DEVICE
RVW-202608-000276,ALT-202608-000295,RV-05,2026-08-19T16:56:37,CLEARED_FALSE_POSITIVE,ID_VERIFIED
RVW-202608-000277,ALT-202608-000297,RV-06,2026-08-28T18:18:10,CLEARED_FALSE_POSITIVE,ID_VERIFIED
RVW-202608-000278,ALT-202608-000298,RV-06,2026-09-01T17:44:52,CLEARED_FALSE_POSITIVE,DOC_VALID
RVW-202608-000279,ALT-202608-000299,RV-02,2026-08-23T22:29:39,CLEARED_FALSE_POSITIVE,DOC_VALID
RVW-202608-000280,ALT-202608-000300,RV-02,2026-08-18T12:45:06,INSUFFICIENT_EVIDENCE,NO_CONTACT
RVW-202608-000281,ALT-202608-000301,RV-05,2026-08-19T22:01:36,CLEARED_FALSE_POSITIVE,KNOWN_DEVICE
RVW-202608-000282,ALT-202608-000303,RV-06,2026-08-02T09:56:48,CLEARED_FALSE_POSITIVE,DOC_VALID
RVW-202608-000283,ALT-202608-000304,RV-02,2026-09-05T17:38:08,CLEARED_FALSE_POSITIVE,KNOWN_DEVICE
RVW-202608-000284,ALT-202608-000305,RV-04,2026-08-15T22:51:48,CONFIRMED_FRAUD,DOC_FORGED
RVW-202608-000285,ALT-202608-000306,RV-02,2026-08-24T06:42:03,CLEARED_FALSE_POSITIVE,ID_VERIFIED
RVW-202608-000286,ALT-202608-000307,RV-06,2026-08-24T09:11:21,CLEARED_FALSE_POSITIVE,ID_VERIFIED
RVW-202608-000287,ALT-202608-000309,RV-05,2026-08-15T09:16:08,CLEARED_FALSE_POSITIVE,CUSTOMER_CONTACTED
RVW-202608-000288,ALT-202608-000310,RV-06,2026-09-06T18:42:45,INSUFFICIENT_EVIDENCE,DATA_UNAVAILABLE
RVW-202608-000289,ALT-202608-000311,RV-01,2026-08-31T21:13:41,CLEARED_FALSE_POSITIVE,DOC_VALID
RVW-202608-000290,ALT-202608-000312,RV-04,2026-08-29T09:43:02,CLEARED_FALSE_POSITIVE,DOC_VALID
RVW-202608-000291,ALT-202608-000313,RV-02,2026-09-03T16:41:04,CLEARED_FALSE_POSITIVE,KNOWN_DEVICE
RVW-202608-000292,ALT-202608-000314,RV-05,2026-08-26T14:11:57,CLEARED_FALSE_POSITIVE,ID_VERIFIED
RVW-202608-000293,ALT-202608-000316,RV-02,2026-08-26T22:20:00,CONFIRMED_FRAUD,ATO_CONFIRMED
RVW-202608-000294,ALT-202608-000317,RV-02,2026-08-15T15:43:06,CLEARED_FALSE_POSITIVE,ID_VERIFIED
RVW-202608-000295,ALT-202608-000318,RV-04,2026-08-26T15:37:35,CLEARED_FALSE_POSITIVE,CUSTOMER_CONTACTED
RVW-202608-000296,ALT-202608-000319,RV-03,2026-08-20T11:34:56,CLEARED_FALSE_POSITIVE,ID_VERIFIED
RVW-202608-000297,ALT-202608-000321,RV-03,2026-08-28T22:51:23,CONFIRMED_FRAUD,SYNTH_ID_CONFIRMED
RVW-202608-000298,ALT-202608-000322,RV-03,2026-08-12T11:13:52,CONFIRMED_FRAUD,MULE_CONFIRMED
RVW-202608-000299,ALT-202608-000323,RV-04,2026-08-01T20:12:37,CLEARED_FALSE_POSITIVE,DOC_VALID
RVW-202608-000300,ALT-202608-000324,RV-04,2026-08-31T22:28:10,CLEARED_FALSE_POSITIVE,KNOWN_DEVICE
RVW-202608-000301,ALT-202608-000325,RV-02,2026-08-25T22:57:23,CLEARED_FALSE_POSITIVE,CUSTOMER_CONTACTED
RVW-202608-000302,ALT-202608-000326,RV-03,2026-08-07T11:51:58,CLEARED_FALSE_POSITIVE,CUSTOMER_CONTACTED
RVW-202608-000303,ALT-202608-000327,RV-05,2026-09-01T11:56:16,CLEARED_FALSE_POSITIVE,ID_VERIFIED
RVW-202608-000304,ALT-202608-000328,RV-01,2026-09-03T18:04:09,CONFIRMED_FRAUD,DOC_FORGED
RVW-202608-000305,ALT-202608-000330,RV-05,2026-08-19T14:15:01,CLEARED_FALSE_POSITIVE,CUSTOMER_CONTACTED
RVW-202608-000306,ALT-202608-000331,RV-06,2026-08-23T19:07:07,CLEARED_FALSE_POSITIVE,CUSTOMER_CONTACTED
RVW-202608-000307,ALT-202608-000332,RV-01,2026-08-24T18:07:27,CLEARED_FALSE_POSITIVE,CUSTOMER_CONTACTED
RVW-202608-000308,ALT-202608-000333,RV-02,2026-08-29T16:49:17,CLEARED_FALSE_POSITIVE,CUSTOMER_CONTACTED
RVW-202608-000309,ALT-202608-000334,RV-04,2026-08-29T21:59:46,CLEARED_FALSE_POSITIVE,KNOWN_DEVICE
RVW-202608-000310,ALT-202608-000335,RV-03,2026-08-09T07:53:17,CLEARED_FALSE_POSITIVE,ID_VERIFIED
RVW-202608-000311,ALT-202608-000336,RV-03,2026-08-09T07:10:48,CLEARED_FALSE_POSITIVE,ID_VERIFIED
RVW-202608-000312,ALT-202608-000337,RV-02,2026-08-18T09:46:00,CLEARED_FALSE_POSITIVE,ID_VERIFIED
RVW-202608-000313,ALT-202608-000338,RV-03,2026-08-13T06:41:26,CLEARED_FALSE_POSITIVE,CUSTOMER_CONTACTED
RVW-202608-000314,ALT-202608-000339,RV-01,2026-08-06T21:47:08,CLEARED_FALSE_POSITIVE,CUSTOMER_CONTACTED
RVW-202608-000315,ALT-202608-000340,RV-06,2026-08-08T11:20:52,CLEARED_FALSE_POSITIVE,CUSTOMER_CONTACTED
RVW-202608-000316,ALT-202608-000341,RV-05,2026-09-05T22:11:20,CLEARED_FALSE_POSITIVE,KNOWN_DEVICE
RVW-202608-000317,ALT-202608-000342,RV-04,2026-08-21T07:55:27,CLEARED_FALSE_POSITIVE,DOC_VALID
RVW-202608-000318,ALT-202608-000343,RV-04,2026-08-26T22:26:49,CLEARED_FALSE_POSITIVE,KNOWN_DEVICE
RVW-202608-000319,ALT-202608-000344,RV-05,2026-08-27T19:08:00,CLEARED_FALSE_POSITIVE,ID_VERIFIED
RVW-202608-000320,ALT-202608-000345,RV-02,2026-08-22T21:50:27,CLEARED_FALSE_POSITIVE,DOC_VALID
RVW-202608-000321,ALT-202608-000346,RV-04,2026-08-23T20:57:14,CONFIRMED_FRAUD,SYNTH_ID_CONFIRMED
RVW-202608-000322,ALT-202608-000347,RV-06,2026-08-27T06:20:51,CLEARED_FALSE_POSITIVE,CUSTOMER_CONTACTED
RVW-202608-000323,ALT-202608-000348,RV-06,2026-08-14T06:51:37,CLEARED_FALSE_POSITIVE,DOC_VALID
RVW-202608-000324,ALT-202608-000349,RV-02,2026-09-08T15:11:59,CLEARED_FALSE_POSITIVE,KNOWN_DEVICE
RVW-202608-000325,ALT-202608-000351,RV-02,2026-08-26T21:06:47,CONFIRMED_FRAUD,DOC_FORGED
RVW-202608-000326,ALT-202608-000352,RV-04,2026-08-20T09:38:42,CLEARED_FALSE_POSITIVE,CUSTOMER_CONTACTED
RVW-202608-000327,ALT-202608-000353,RV-01,2026-08-27T16:20:58,CLEARED_FALSE_POSITIVE,CUSTOMER_CONTACTED
RVW-202608-000328,ALT-202608-000354,RV-02,2026-08-21T12:50:37,CONFIRMED_FRAUD,SYNTH_ID_CONFIRMED
RVW-202608-000329,ALT-202608-000355,RV-03,2026-08-18T22:57:20,CLEARED_FALSE_POSITIVE,CUSTOMER_CONTACTED
RVW-202608-000330,ALT-202608-000356,RV-02,2026-08-11T19:32:37,INSUFFICIENT_EVIDENCE,AGED_OUT
RVW-202608-000331,ALT-202608-000357,RV-03,2026-08-20T12:50:31,CONFIRMED_FRAUD,ATO_CONFIRMED
RVW-202608-000332,ALT-202608-000358,RV-06,2026-08-14T08:08:00,CONFIRMED_FRAUD,ATO_CONFIRMED
RVW-202608-000333,ALT-202608-000359,RV-04,2026-08-18T16:46:37,CLEARED_FALSE_POSITIVE,CUSTOMER_CONTACTED
RVW-202608-000334,ALT-202608-000360,RV-06,2026-08-27T16:34:02,CONFIRMED_FRAUD,ATO_CONFIRMED
RVW-202608-000335,ALT-202608-000361,RV-04,2026-08-01T11:01:28,CLEARED_FALSE_POSITIVE,KNOWN_DEVICE
RVW-202608-000336,ALT-202608-000362,RV-04,2026-08-21T18:41:08,CONFIRMED_FRAUD,MULE_CONFIRMED
RVW-202608-000337,ALT-202608-000363,RV-01,2026-08-25T22:02:20,CLEARED_FALSE_POSITIVE,ID_VERIFIED
RVW-202608-000338,ALT-202608-000364,RV-01,2026-08-13T19:25:45,CLEARED_FALSE_POSITIVE,ID_VERIFIED
RVW-202608-000339,ALT-202608-000365,RV-06,2026-09-02T17:36:29,CLEARED_FALSE_POSITIVE,CUSTOMER_CONTACTED
RVW-202608-000340,ALT-202608-000366,RV-03,2026-08-23T08:03:01,CLEARED_FALSE_POSITIVE,ID_VERIFIED
RVW-202608-000341,ALT-202608-000367,RV-05,2026-08-09T08:22:01,CLEARED_FALSE_POSITIVE,ID_VERIFIED
RVW-202608-000342,ALT-202608-000368,RV-02,2026-08-13T11:26:27,CONFIRMED_FRAUD,DOC_FORGED
RVW-202608-000343,ALT-202608-000369,RV-02,2026-09-05T11:23:51,CLEARED_FALSE_POSITIVE,DOC_VALID
RVW-202608-000344,ALT-202608-000370,RV-05,2026-08-15T16:51:50,CLEARED_FALSE_POSITIVE,KNOWN_DEVICE
RVW-202608-000345,ALT-202608-000371,RV-04,2026-08-13T17:31:31,CONFIRMED_FRAUD,ATO_CONFIRMED
RVW-202608-000346,ALT-202608-000372,RV-02,2026-08-16T14:43:53,INSUFFICIENT_EVIDENCE,NO_CONTACT
RVW-202608-000347,ALT-202608-000373,RV-02,2026-08-17T21:13:36,INSUFFICIENT_EVIDENCE,DATA_UNAVAILABLE
RVW-202608-000348,ALT-202608-000375,RV-04,2026-08-31T06:34:40,CLEARED_FALSE_POSITIVE,DOC_VALID
RVW-202608-000349,ALT-202608-000376,RV-04,2026-08-18T06:11:04,CONFIRMED_FRAUD,SYNTH_ID_CONFIRMED
RVW-202608-000350,ALT-202608-000377,RV-05,2026-08-27T14:05:08,CLEARED_FALSE_POSITIVE,CUSTOMER_CONTACTED
RVW-202608-000351,ALT-202608-000378,RV-06,2026-08-20T18:47:22,CONFIRMED_FRAUD,MULE_CONFIRMED
RVW-202608-000352,ALT-202608-000379,RV-06,2026-08-06T08:38:00,CLEARED_FALSE_POSITIVE,CUSTOMER_CONTACTED
RVW-202608-000353,ALT-202608-000380,RV-01,2026-08-31T12:24:33,CLEARED_FALSE_POSITIVE,ID_VERIFIED
RVW-202608-000354,ALT-202608-000381,RV-04,2026-08-14T19:39:52,CLEARED_FALSE_POSITIVE,ID_VERIFIED
RVW-202608-000355,ALT-202608-000382,RV-05,2026-08-24T20:40:02,INSUFFICIENT_EVIDENCE,AGED_OUT
RVW-202608-000356,ALT-202608-000383,RV-06,2026-08-10T14:18:11,CLEARED_FALSE_POSITIVE,CUSTOMER_CONTACTED
RVW-202608-000357,ALT-202608-000384,RV-02,2026-08-27T10:54:27,INSUFFICIENT_EVIDENCE,DATA_UNAVAILABLE
RVW-202608-000358,ALT-202608-000385,RV-04,2026-08-11T11:30:28,CLEARED_FALSE_POSITIVE,KNOWN_DEVICE
RVW-202608-000359,ALT-202608-000386,RV-04,2026-08-17T10:09:22,CLEARED_FALSE_POSITIVE,KNOWN_DEVICE
RVW-202608-000360,ALT-202608-000387,RV-04,2026-08-05T16:05:49,INSUFFICIENT_EVIDENCE,NO_CONTACT
RVW-202608-000361,ALT-202608-000388,RV-01,2026-08-25T14:51:23,CONFIRMED_FRAUD,ATO_CONFIRMED
RVW-202608-000362,ALT-202608-000389,RV-02,2026-08-31T18:52:34,CLEARED_FALSE_POSITIVE,ID_VERIFIED
RVW-202608-000363,ALT-202608-000391,RV-04,2026-08-05T18:52:03,CONFIRMED_FRAUD,MULE_CONFIRMED
RVW-202608-000364,ALT-202608-000392,RV-06,2026-08-04T20:39:08,CLEARED_FALSE_POSITIVE,KNOWN_DEVICE
RVW-202608-000365,ALT-202608-000393,RV-03,2026-08-16T09:17:00,CLEARED_FALSE_POSITIVE,DOC_VALID
RVW-202608-000366,ALT-202608-000394,RV-04,2026-08-20T19:34:54,CONFIRMED_FRAUD,MULE_CONFIRMED
RVW-202608-000367,ALT-202608-000395,RV-03,2026-08-28T22:28:35,CLEARED_FALSE_POSITIVE,CUSTOMER_CONTACTED
RVW-202608-000368,ALT-202608-000396,RV-03,2026-08-07T10:04:25,CLEARED_FALSE_POSITIVE,DOC_VALID
RVW-202608-000369,ALT-202608-000397,RV-05,2026-08-30T14:08:15,CLEARED_FALSE_POSITIVE,DOC_VALID
RVW-202608-000370,ALT-202608-000398,RV-04,2026-08-28T21:51:39,INSUFFICIENT_EVIDENCE,NO_CONTACT
RVW-202608-000371,ALT-202608-000399,RV-02,2026-08-24T08:38:32,CONFIRMED_FRAUD,SYNTH_ID_CONFIRMED
RVW-202608-000372,ALT-202608-000400,RV-06,2026-08-29T17:58:27,CLEARED_FALSE_POSITIVE,DOC_VALID
RVW-202608-000373,ALT-202608-000402,RV-03,2026-08-30T15:39:03,CLEARED_FALSE_POSITIVE,DOC_VALID
RVW-202608-000374,ALT-202608-000403,RV-05,2026-08-11T20:00:18,CLEARED_FALSE_POSITIVE,ID_VERIFIED
RVW-202608-000375,ALT-202608-000404,RV-01,2026-08-28T12:40:09,CONFIRMED_FRAUD,DOC_FORGED
RVW-202608-000376,ALT-202608-000405,RV-05,2026-08-09T20:53:02,CLEARED_FALSE_POSITIVE,KNOWN_DEVICE
RVW-202608-000377,ALT-202608-000406,RV-01,2026-08-12T11:52:54,CONFIRMED_FRAUD,SYNTH_ID_CONFIRMED
RVW-202608-000378,ALT-202608-000407,RV-05,2026-09-09T13:29:54,CLEARED_FALSE_POSITIVE,DOC_VALID
RVW-202608-000379,ALT-202608-000408,RV-02,2026-08-16T15:49:00,CLEARED_FALSE_POSITIVE,DOC_VALID
RVW-202608-000380,ALT-202608-000409,RV-04,2026-08-10T18:51:59,CONFIRMED_FRAUD,MULE_CONFIRMED
RVW-202608-000381,ALT-202608-000410,RV-06,2026-08-16T08:09:35,CLEARED_FALSE_POSITIVE,DOC_VALID
RVW-202608-000382,ALT-202608-000411,RV-04,2026-08-09T20:31:35,CLEARED_FALSE_POSITIVE,DOC_VALID
RVW-202608-000383,ALT-202608-000412,RV-04,2026-09-08T15:50:13,CLEARED_FALSE_POSITIVE,DOC_VALID
RVW-202608-000384,ALT-202608-000414,RV-04,2026-08-16T18:27:05,INSUFFICIENT_EVIDENCE,AGED_OUT
RVW-202608-000385,ALT-202608-000415,RV-05,2026-09-03T14:39:28,CLEARED_FALSE_POSITIVE,KNOWN_DEVICE
RVW-202608-000386,ALT-202608-000416,RV-04,2026-08-06T09:20:27,CLEARED_FALSE_POSITIVE,DOC_VALID
RVW-202608-000387,ALT-202608-000417,RV-05,2026-08-10T13:33:04,CLEARED_FALSE_POSITIVE,DOC_VALID
RVW-202608-000388,ALT-202608-000418,RV-03,2026-08-29T21:38:21,CONFIRMED_FRAUD,SYNTH_ID_CONFIRMED
RVW-202608-000389,ALT-202608-000419,RV-02,2026-09-05T13:04:07,INSUFFICIENT_EVIDENCE,DATA_UNAVAILABLE
RVW-202608-000390,ALT-202608-000420,RV-05,2026-08-18T14:30:04,CLEARED_FALSE_POSITIVE,DOC_VALID
RVW-202608-000391,ALT-202608-000421,RV-02,2026-08-16T20:19:43,CONFIRMED_FRAUD,ATO_CONFIRMED
RVW-202608-000392,ALT-202608-000422,RV-03,2026-08-23T06:08:09,CLEARED_FALSE_POSITIVE,CUSTOMER_CONTACTED
RVW-202608-000393,ALT-202608-000423,RV-06,2026-08-26T09:54:42,INSUFFICIENT_EVIDENCE,NO_CONTACT
RVW-202608-000394,ALT-202608-000424,RV-04,2026-08-01T08:13:08,CONFIRMED_FRAUD,MULE_CONFIRMED
RVW-202608-000395,ALT-202608-000425,RV-01,2026-08-15T11:17:14,INSUFFICIENT_EVIDENCE,DATA_UNAVAILABLE
RVW-202608-000396,ALT-202608-000427,RV-05,2026-08-27T10:43:04,CLEARED_FALSE_POSITIVE,ID_VERIFIED
RVW-202608-000397,ALT-202608-000428,RV-05,2026-08-20T08:44:13,CLEARED_FALSE_POSITIVE,CUSTOMER_CONTACTED
RVW-202608-000398,ALT-202608-000429,RV-04,2026-08-31T16:53:14,CONFIRMED_FRAUD,MULE_CONFIRMED
RVW-202608-000399,ALT-202608-000430,RV-03,2026-08-10T15:21:01,CLEARED_FALSE_POSITIVE,CUSTOMER_CONTACTED
RVW-202608-000400,ALT-202608-000431,RV-03,2026-08-19T17:39:55,CLEARED_FALSE_POSITIVE,CUSTOMER_CONTACTED
RVW-202608-000401,ALT-202608-000432,RV-04,2026-08-20T20:38:37,INSUFFICIENT_EVIDENCE,AGED_OUT
RVW-202608-000402,ALT-202608-000433,RV-04,2026-09-03T16:49:10,CONFIRMED_FRAUD,DOC_FORGED
RVW-202608-000403,ALT-202608-000434,RV-05,2026-08-16T08:40:34,CLEARED_FALSE_POSITIVE,ID_VERIFIED
RVW-202608-000404,ALT-202608-000435,RV-04,2026-08-08T17:27:47,CONFIRMED_FRAUD,DOC_FORGED
RVW-202608-000405,ALT-202608-000436,RV-06,2026-08-14T11:26:26,CLEARED_FALSE_POSITIVE,CUSTOMER_CONTACTED
RVW-202608-000406,ALT-202608-000437,RV-04,2026-08-01T19:55:30,CONFIRMED_FRAUD,ATO_CONFIRMED
RVW-202608-000407,ALT-202608-000438,RV-03,2026-08-15T11:34:32,INSUFFICIENT_EVIDENCE,NO_CONTACT
RVW-202608-000408,ALT-202608-000439,RV-05,2026-08-13T11:13:30,CLEARED_FALSE_POSITIVE,DOC_VALID
RVW-202608-000409,ALT-202608-000440,RV-06,2026-09-09T08:01:54,CLEARED_FALSE_POSITIVE,DOC_VALID
RVW-202608-000410,ALT-202608-000441,RV-03,2026-08-26T18:27:10,CLEARED_FALSE_POSITIVE,ID_VERIFIED
RVW-202608-000411,ALT-202608-000442,RV-05,2026-08-26T18:09:25,CLEARED_FALSE_POSITIVE,KNOWN_DEVICE
RVW-202608-000412,ALT-202608-000443,RV-05,2026-08-04T14:20:17,CONFIRMED_FRAUD,MULE_CONFIRMED
RVW-202608-000413,ALT-202608-000444,RV-05,2026-08-19T19:22:17,CLEARED_FALSE_POSITIVE,CUSTOMER_CONTACTED
RVW-202608-000414,ALT-202608-000445,RV-04,2026-09-06T21:50:27,CLEARED_FALSE_POSITIVE,CUSTOMER_CONTACTED
RVW-202608-000415,ALT-202608-000446,RV-05,2026-08-15T19:23:30,CONFIRMED_FRAUD,DOC_FORGED
RVW-202608-000416,ALT-202608-000447,RV-03,2026-08-15T06:51:36,CLEARED_FALSE_POSITIVE,DOC_VALID
RVW-202608-000417,ALT-202608-000448,RV-04,2026-08-25T15:47:01,CLEARED_FALSE_POSITIVE,DOC_VALID
RVW-202608-000418,ALT-202608-000449,RV-02,2026-08-22T22:45:02,CLEARED_FALSE_POSITIVE,ID_VERIFIED
RVW-202608-000419,ALT-202608-000450,RV-06,2026-08-30T06:48:34,CONFIRMED_FRAUD,ATO_CONFIRMED
RVW-202608-000420,ALT-202608-000452,RV-02,2026-08-15T07:10:13,CLEARED_FALSE_POSITIVE,CUSTOMER_CONTACTED
RVW-202608-000421,ALT-202608-000453,RV-01,2026-08-17T15:32:56,CONFIRMED_FRAUD,ATO_CONFIRMED
RVW-202608-000422,ALT-202608-000454,RV-06,2026-08-25T13:06:28,CONFIRMED_FRAUD,DOC_FORGED
RVW-202608-000423,ALT-202608-000456,RV-05,2026-08-17T13:35:55,CLEARED_FALSE_POSITIVE,ID_VERIFIED
RVW-202608-000424,ALT-202608-000457,RV-05,2026-08-12T13:13:41,CLEARED_FALSE_POSITIVE,CUSTOMER_CONTACTED
RVW-202608-000425,ALT-202608-000458,RV-03,2026-08-03T10:51:28,CLEARED_FALSE_POSITIVE,KNOWN_DEVICE
RVW-202608-000426,ALT-202608-000459,RV-04,2026-08-17T19:35:05,CLEARED_FALSE_POSITIVE,CUSTOMER_CONTACTED
RVW-202608-000427,ALT-202608-000461,RV-04,2026-08-31T20:01:51,CLEARED_FALSE_POSITIVE,CUSTOMER_CONTACTED
RVW-202608-000428,ALT-202608-000462,RV-04,2026-08-27T22:03:49,CLEARED_FALSE_POSITIVE,DOC_VALID
RVW-202608-000429,ALT-202608-000463,RV-02,2026-08-15T16:23:29,CLEARED_FALSE_POSITIVE,CUSTOMER_CONTACTED
RVW-202608-000430,ALT-202608-000464,RV-04,2026-08-29T07:32:08,CONFIRMED_FRAUD,MULE_CONFIRMED
RVW-202608-000431,ALT-202608-000465,RV-06,2026-08-27T12:25:02,INSUFFICIENT_EVIDENCE,DATA_UNAVAILABLE
RVW-202608-000432,ALT-202608-000466,RV-06,2026-09-06T19:15:18,CLEARED_FALSE_POSITIVE,DOC_VALID
RVW-202608-000433,ALT-202608-000467,RV-06,2026-08-25T13:12:36,CLEARED_FALSE_POSITIVE,DOC_VALID
RVW-202608-000434,ALT-202608-000468,RV-06,2026-08-27T19:39:45,CLEARED_FALSE_POSITIVE,CUSTOMER_CONTACTED
RVW-202608-000435,ALT-202608-000469,RV-01,2026-08-23T11:09:12,CLEARED_FALSE_POSITIVE,CUSTOMER_CONTACTED
RVW-202608-000436,ALT-202608-000470,RV-04,2026-08-12T10:48:21,CLEARED_FALSE_POSITIVE,CUSTOMER_CONTACTED
RVW-202608-000437,ALT-202608-000471,RV-02,2026-08-27T15:24:39,CLEARED_FALSE_POSITIVE,CUSTOMER_CONTACTED
RVW-202608-000438,ALT-202608-000472,RV-02,2026-09-01T12:59:28,CONFIRMED_FRAUD,MULE_CONFIRMED
RVW-202608-000439,ALT-202608-000474,RV-05,2026-08-13T18:05:23,CLEARED_FALSE_POSITIVE,CUSTOMER_CONTACTED
RVW-202608-000440,ALT-202608-000475,RV-03,2026-08-31T16:23:20,CLEARED_FALSE_POSITIVE,KNOWN_DEVICE
RVW-202608-000441,ALT-202608-000476,RV-02,2026-08-21T14:45:54,CLEARED_FALSE_POSITIVE,KNOWN_DEVICE
RVW-202608-000442,ALT-202608-000477,RV-04,2026-09-02T11:34:34,CLEARED_FALSE_POSITIVE,ID_VERIFIED
RVW-202608-000443,ALT-202608-000478,RV-06,2026-08-03T16:19:12,CLEARED_FALSE_POSITIVE,CUSTOMER_CONTACTED
RVW-202608-000444,ALT-202608-000479,RV-06,2026-08-29T15:43:31,CLEARED_FALSE_POSITIVE,DOC_VALID
RVW-202608-000445,ALT-202608-000480,RV-04,2026-08-06T18:23:58,INSUFFICIENT_EVIDENCE,NO_CONTACT
RVW-202608-000446,ALT-202608-000481,RV-01,2026-08-22T15:51:12,CLEARED_FALSE_POSITIVE,CUSTOMER_CONTACTED
RVW-202608-000447,ALT-202608-000482,RV-02,2026-08-09T09:04:15,CLEARED_FALSE_POSITIVE,ID_VERIFIED
RVW-202608-000448,ALT-202608-000483,RV-03,2026-09-04T20:23:42,CLEARED_FALSE_POSITIVE,CUSTOMER_CONTACTED
RVW-202608-000449,ALT-202608-000484,RV-01,2026-08-31T17:59:36,CLEARED_FALSE_POSITIVE,ID_VERIFIED
RVW-202608-000450,ALT-202608-000485,RV-03,2026-09-05T13:33:55,CONFIRMED_FRAUD,MULE_CONFIRMED
RVW-202608-000451,ALT-202608-000486,RV-06,2026-08-01T13:31:16,CLEARED_FALSE_POSITIVE,CUSTOMER_CONTACTED
RVW-202608-000452,ALT-202608-000487,RV-01,2026-08-06T17:02:50,CLEARED_FALSE_POSITIVE,DOC_VALID
RVW-202608-000453,ALT-202608-000488,RV-02,2026-09-04T18:10:59,CLEARED_FALSE_POSITIVE,KNOWN_DEVICE
RVW-202608-000454,ALT-202608-000490,RV-04,2026-08-11T19:34:33,CLEARED_FALSE_POSITIVE,ID_VERIFIED
RVW-202608-000455,ALT-202608-000492,RV-03,2026-08-30T07:20:23,CLEARED_FALSE_POSITIVE,ID_VERIFIED
RVW-202608-000456,ALT-202608-000493,RV-02,2026-08-31T17:12:38,CLEARED_FALSE_POSITIVE,DOC_VALID
RVW-202608-000457,ALT-202608-000494,RV-02,2026-08-22T11:50:35,CONFIRMED_FRAUD,MULE_CONFIRMED
RVW-202608-000458,ALT-202608-000495,RV-04,2026-08-26T08:43:26,CLEARED_FALSE_POSITIVE,DOC_VALID
RVW-202608-000459,ALT-202608-000496,RV-02,2026-08-04T15:52:54,CONFIRMED_FRAUD,ATO_CONFIRMED
RVW-202608-000460,ALT-202608-000497,RV-05,2026-08-16T11:24:03,CLEARED_FALSE_POSITIVE,ID_VERIFIED
RVW-202608-000461,ALT-202608-000498,RV-01,2026-08-12T22:24:22,CLEARED_FALSE_POSITIVE,ID_VERIFIED
RVW-202608-000462,ALT-202608-000499,RV-02,2026-08-29T09:41:58,CLEARED_FALSE_POSITIVE,KNOWN_DEVICE
RVW-202608-000463,ALT-202608-000500,RV-06,2026-08-08T06:04:03,CLEARED_FALSE_POSITIVE,DOC_VALID
RVW-202608-000464,ALT-202608-000501,RV-02,2026-08-14T11:42:43,CONFIRMED_FRAUD,SYNTH_ID_CONFIRMED
RVW-202608-000465,ALT-202608-000503,RV-01,2026-08-09T22:03:26,CLEARED_FALSE_POSITIVE,DOC_VALID
RVW-202608-000466,ALT-202608-000504,RV-03,2026-08-08T06:47:20,CLEARED_FALSE_POSITIVE,DOC_VALID
RVW-202608-000467,ALT-202608-000506,RV-06,2026-08-12T22:50:14,CLEARED_FALSE_POSITIVE,ID_VERIFIED
RVW-202608-000468,ALT-202608-000507,RV-03,2026-08-15T19:45:14,INSUFFICIENT_EVIDENCE,AGED_OUT
RVW-202608-000469,ALT-202608-000508,RV-03,2026-08-20T15:14:07,CONFIRMED_FRAUD,ATO_CONFIRMED
RVW-202608-000470,ALT-202608-000509,RV-04,2026-08-18T15:46:56,CONFIRMED_FRAUD,SYNTH_ID_CONFIRMED
RVW-202608-000471,ALT-202608-000510,RV-05,2026-08-27T06:21:44,CLEARED_FALSE_POSITIVE,ID_VERIFIED
RVW-202608-000472,ALT-202608-000511,RV-05,2026-08-06T16:08:43,CONFIRMED_FRAUD,MULE_CONFIRMED
RVW-202608-000473,ALT-202608-000512,RV-05,2026-08-16T16:49:20,CLEARED_FALSE_POSITIVE,CUSTOMER_CONTACTED
RVW-202608-000474,ALT-202608-000513,RV-03,2026-08-07T17:44:25,CLEARED_FALSE_POSITIVE,ID_VERIFIED
RVW-202608-000475,ALT-202608-000514,RV-03,2026-08-31T19:19:43,CLEARED_FALSE_POSITIVE,ID_VERIFIED
RVW-202608-000476,ALT-202608-000515,RV-01,2026-08-12T08:38:44,CONFIRMED_FRAUD,SYNTH_ID_CONFIRMED
RVW-202608-000477,ALT-202608-000516,RV-03,2026-08-19T19:09:43,CLEARED_FALSE_POSITIVE,DOC_VALID
RVW-202608-000478,ALT-202608-000519,RV-02,2026-09-06T17:28:34,CLEARED_FALSE_POSITIVE,CUSTOMER_CONTACTED
RVW-202608-000479,ALT-202608-000520,RV-02,2026-08-15T19:56:40,CONFIRMED_FRAUD,SYNTH_ID_CONFIRMED
RVW-202608-000480,ALT-202608-000521,RV-06,2026-08-21T14:23:16,CLEARED_FALSE_POSITIVE,ID_VERIFIED
RVW-202608-000481,ALT-202608-000522,RV-04,2026-08-22T13:05:07,CLEARED_FALSE_POSITIVE,KNOWN_DEVICE
RVW-202608-000482,ALT-202608-000523,RV-04,2026-08-13T10:57:45,CLEARED_FALSE_POSITIVE,KNOWN_DEVICE
RVW-202608-000483,ALT-202608-000524,RV-02,2026-08-23T12:25:09,CONFIRMED_FRAUD,SYNTH_ID_CONFIRMED
RVW-202608-000484,ALT-202608-000525,RV-06,2026-09-01T11:43:55,CLEARED_FALSE_POSITIVE,ID_VERIFIED
RVW-202608-000485,ALT-202608-000526,RV-06,2026-08-22T21:19:40,CONFIRMED_FRAUD,MULE_CONFIRMED
RVW-202608-000486,ALT-202608-000527,RV-02,2026-08-09T19:07:22,CONFIRMED_FRAUD,SYNTH_ID_CONFIRMED
RVW-202608-000487,ALT-202608-000528,RV-06,2026-08-25T06:50:53,CLEARED_FALSE_POSITIVE,KNOWN_DEVICE
RVW-202608-000488,ALT-202608-000529,RV-03,2026-08-30T07:14:28,CLEARED_FALSE_POSITIVE,KNOWN_DEVICE
RVW-202608-000489,ALT-202608-000530,RV-05,2026-08-11T11:06:42,CLEARED_FALSE_POSITIVE,ID_VERIFIED
RVW-202608-000490,ALT-202608-000531,RV-02,2026-09-03T09:40:35,CLEARED_FALSE_POSITIVE,ID_VERIFIED
RVW-202608-000491,ALT-202608-000532,RV-05,2026-08-20T10:45:14,CONFIRMED_FRAUD,MULE_CONFIRMED
RVW-202608-000492,ALT-202608-000533,RV-01,2026-08-11T13:11:36,CLEARED_FALSE_POSITIVE,CUSTOMER_CONTACTED
RVW-202608-000493,ALT-202608-000534,RV-05,2026-08-29T18:18:19,CLEARED_FALSE_POSITIVE,ID_VERIFIED
RVW-202608-000494,ALT-202608-000535,RV-01,2026-08-19T15:30:44,CLEARED_FALSE_POSITIVE,ID_VERIFIED
RVW-202608-000495,ALT-202608-000536,RV-05,2026-08-14T17:14:21,INSUFFICIENT_EVIDENCE,AGED_OUT
RVW-202608-000496,ALT-202608-000537,RV-05,2026-08-15T11:18:53,CLEARED_FALSE_POSITIVE,DOC_VALID
RVW-202608-000497,ALT-202608-000538,RV-02,2026-08-10T07:04:45,CLEARED_FALSE_POSITIVE,CUSTOMER_CONTACTED
RVW-202608-000498,ALT-202608-000539,RV-05,2026-08-15T17:38:24,CLEARED_FALSE_POSITIVE,KNOWN_DEVICE
RVW-202608-000499,ALT-202608-000540,RV-05,2026-08-28T20:08:27,CLEARED_FALSE_POSITIVE,CUSTOMER_CONTACTED
RVW-202608-000500,ALT-202608-000541,RV-05,2026-08-21T09:31:28,INSUFFICIENT_EVIDENCE,AGED_OUT
RVW-202608-000501,ALT-202608-000542,RV-06,2026-09-07T08:23:15,CONFIRMED_FRAUD,MULE_CONFIRMED
RVW-202608-000502,ALT-202608-000543,RV-05,2026-08-11T07:43:15,CONFIRMED_FRAUD,SYNTH_ID_CONFIRMED
RVW-202608-000503,ALT-202608-000544,RV-01,2026-09-07T07:53:34,CONFIRMED_FRAUD,DOC_FORGED
RVW-202608-000504,ALT-202608-000545,RV-06,2026-08-18T06:36:19,CLEARED_FALSE_POSITIVE,DOC_VALID
RVW-202608-000505,ALT-202608-000546,RV-01,2026-08-13T18:00:09,CLEARED_FALSE_POSITIVE,ID_VERIFIED
RVW-202608-000506,ALT-202608-000548,RV-04,2026-08-10T14:13:58,CLEARED_FALSE_POSITIVE,CUSTOMER_CONTACTED
RVW-202608-000507,ALT-202608-000549,RV-06,2026-08-13T06:14:09,CLEARED_FALSE_POSITIVE,ID_VERIFIED
RVW-202608-000508,ALT-202608-000550,RV-06,2026-08-15T16:05:58,CLEARED_FALSE_POSITIVE,CUSTOMER_CONTACTED
RVW-202608-000509,ALT-202608-000551,RV-05,2026-08-22T10:20:47,CLEARED_FALSE_POSITIVE,CUSTOMER_CONTACTED
RVW-202608-000510,ALT-202608-000552,RV-04,2026-08-17T06:29:12,CLEARED_FALSE_POSITIVE,CUSTOMER_CONTACTED
RVW-202608-000511,ALT-202608-000553,RV-01,2026-08-16T20:49:31,CLEARED_FALSE_POSITIVE,KNOWN_DEVICE
RVW-202608-000512,ALT-202608-000554,RV-01,2026-08-10T21:38:53,CLEARED_FALSE_POSITIVE,CUSTOMER_CONTACTED
RVW-202608-000513,ALT-202608-000555,RV-01,2026-08-30T07:06:49,CONFIRMED_FRAUD,ATO_CONFIRMED
RVW-202608-000514,ALT-202608-000557,RV-06,2026-08-18T21:21:22,CLEARED_FALSE_POSITIVE,DOC_VALID
RVW-202608-000515,ALT-202608-000558,RV-06,2026-08-28T10:47:26,CLEARED_FALSE_POSITIVE,DOC_VALID
RVW-202608-000516,ALT-202608-000560,RV-05,2026-08-12T08:16:04,CLEARED_FALSE_POSITIVE,KNOWN_DEVICE
RVW-202608-000517,ALT-202608-000563,RV-05,2026-09-02T18:19:11,CLEARED_FALSE_POSITIVE,KNOWN_DEVICE
RVW-202608-000518,ALT-202608-000564,RV-04,2026-08-26T11:01:32,CLEARED_FALSE_POSITIVE,KNOWN_DEVICE
RVW-202608-000519,ALT-202608-000565,RV-05,2026-08-21T17:39:41,CLEARED_FALSE_POSITIVE,DOC_VALID
RVW-202608-000520,ALT-202608-000566,RV-01,2026-08-27T12:31:49,CLEARED_FALSE_POSITIVE,ID_VERIFIED
RVW-202608-000521,ALT-202608-000567,RV-03,2026-08-10T10:55:22,CLEARED_FALSE_POSITIVE,ID_VERIFIED
RVW-202608-000522,ALT-202608-000568,RV-01,2026-09-05T20:38:45,CONFIRMED_FRAUD,DOC_FORGED
RVW-202608-000523,ALT-202608-000569,RV-02,2026-08-24T06:56:43,CLEARED_FALSE_POSITIVE,CUSTOMER_CONTACTED
RVW-202608-000524,ALT-202608-000570,RV-06,2026-08-27T07:01:33,CLEARED_FALSE_POSITIVE,ID_VERIFIED
RVW-202608-000525,ALT-202608-000571,RV-02,2026-08-31T19:48:55,CLEARED_FALSE_POSITIVE,CUSTOMER_CONTACTED
RVW-202608-000526,ALT-202608-000572,RV-03,2026-08-22T12:47:49,CLEARED_FALSE_POSITIVE,DOC_VALID
RVW-202608-000527,ALT-202608-000574,RV-05,2026-09-01T16:33:58,CLEARED_FALSE_POSITIVE,CUSTOMER_CONTACTED
RVW-202608-000528,ALT-202608-000576,RV-03,2026-09-05T16:53:24,CLEARED_FALSE_POSITIVE,CUSTOMER_CONTACTED
RVW-202608-000529,ALT-202608-000577,RV-06,2026-08-29T12:28:38,CONFIRMED_FRAUD,DOC_FORGED
RVW-202608-000530,ALT-202608-000578,RV-02,2026-08-25T22:59:24,CLEARED_FALSE_POSITIVE,ID_VERIFIED
RVW-202608-000531,ALT-202608-000579,RV-01,2026-08-17T17:28:44,CONFIRMED_FRAUD,MULE_CONFIRMED
RVW-202608-000532,ALT-202608-000580,RV-03,2026-08-03T17:15:24,CLEARED_FALSE_POSITIVE,ID_VERIFIED
RVW-202608-000533,ALT-202608-000581,RV-03,2026-08-15T21:34:10,CONFIRMED_FRAUD,ATO_CONFIRMED
RVW-202608-000534,ALT-202608-000583,RV-03,2026-08-14T11:04:10,CLEARED_FALSE_POSITIVE,DOC_VALID
RVW-202608-000535,ALT-202608-000584,RV-04,2026-08-20T21:03:26,CONFIRMED_FRAUD,MULE_CONFIRMED
RVW-202608-000536,ALT-202608-000585,RV-04,2026-08-31T19:49:44,CLEARED_FALSE_POSITIVE,CUSTOMER_CONTACTED
RVW-202608-000537,ALT-202608-000587,RV-04,2026-08-29T14:06:31,CLEARED_FALSE_POSITIVE,DOC_VALID
RVW-202608-000538,ALT-202608-000588,RV-03,2026-08-25T08:55:36,CLEARED_FALSE_POSITIVE,KNOWN_DEVICE
RVW-202608-000539,ALT-202608-000589,RV-02,2026-08-28T11:58:32,CLEARED_FALSE_POSITIVE,ID_VERIFIED
RVW-202608-000540,ALT-202608-000590,RV-01,2026-08-12T21:31:17,CONFIRMED_FRAUD,DOC_FORGED
RVW-202608-000541,ALT-202608-000591,RV-01,2026-08-07T18:19:44,CLEARED_FALSE_POSITIVE,DOC_VALID
RVW-202608-000542,ALT-202608-000592,RV-05,2026-08-18T08:41:36,CLEARED_FALSE_POSITIVE,KNOWN_DEVICE
RVW-202608-000543,ALT-202608-000593,RV-01,2026-09-02T14:57:15,CLEARED_FALSE_POSITIVE,KNOWN_DEVICE
RVW-202608-000544,ALT-202608-000594,RV-06,2026-08-07T22:37:10,CLEARED_FALSE_POSITIVE,ID_VERIFIED
RVW-202608-000545,ALT-202608-000595,RV-05,2026-08-27T16:32:55,CLEARED_FALSE_POSITIVE,ID_VERIFIED
RVW-202608-000546,ALT-202608-000596,RV-01,2026-08-26T12:13:02,CLEARED_FALSE_POSITIVE,CUSTOMER_CONTACTED
RVW-202608-000547,ALT-202608-000597,RV-05,2026-08-09T15:49:00,CLEARED_FALSE_POSITIVE,ID_VERIFIED
RVW-202608-000548,ALT-202608-000598,RV-02,2026-08-08T22:26:20,CLEARED_FALSE_POSITIVE,ID_VERIFIED
RVW-202608-000549,ALT-202608-000599,RV-03,2026-08-09T10:07:29,INSUFFICIENT_EVIDENCE,AGED_OUT
RVW-202608-000550,ALT-202608-000601,RV-04,2026-08-17T16:52:15,CLEARED_FALSE_POSITIVE,DOC_VALID
RVW-202608-000551,ALT-202608-000602,RV-03,2026-09-01T07:02:54,INSUFFICIENT_EVIDENCE,NO_CONTACT
RVW-202608-000552,ALT-202608-000603,RV-04,2026-08-19T07:34:38,CLEARED_FALSE_POSITIVE,ID_VERIFIED
RVW-202608-000553,ALT-202608-000604,RV-01,2026-08-21T15:20:36,CLEARED_FALSE_POSITIVE,KNOWN_DEVICE
RVW-202608-000554,ALT-202608-000605,RV-02,2026-08-08T15:00:44,INSUFFICIENT_EVIDENCE,AGED_OUT
RVW-202608-000555,ALT-202608-000606,RV-06,2026-08-22T14:28:56,CLEARED_FALSE_POSITIVE,CUSTOMER_CONTACTED
RVW-202608-000556,ALT-202608-000607,RV-02,2026-08-27T16:50:44,INSUFFICIENT_EVIDENCE,NO_CONTACT
RVW-202608-000557,ALT-202608-000608,RV-05,2026-08-19T18:52:38,CLEARED_FALSE_POSITIVE,CUSTOMER_CONTACTED
RVW-202608-000558,ALT-202608-000609,RV-04,2026-09-04T11:09:01,CONFIRMED_FRAUD,DOC_FORGED
RVW-202608-000559,ALT-202608-000610,RV-05,2026-08-08T22:34:27,CLEARED_FALSE_POSITIVE,KNOWN_DEVICE
RVW-202608-000560,ALT-202608-000611,RV-06,2026-08-12T18:28:34,CLEARED_FALSE_POSITIVE,ID_VERIFIED
RVW-202608-000561,ALT-202608-000612,RV-02,2026-08-28T13:04:42,CONFIRMED_FRAUD,DOC_FORGED
RVW-202608-000562,ALT-202608-000613,RV-05,2026-08-12T15:50:42,CLEARED_FALSE_POSITIVE,CUSTOMER_CONTACTED
RVW-202608-000563,ALT-202608-000614,RV-06,2026-08-22T17:34:47,CLEARED_FALSE_POSITIVE,ID_VERIFIED
RVW-202608-000564,ALT-202608-000615,RV-05,2026-08-27T10:53:16,CLEARED_FALSE_POSITIVE,ID_VERIFIED
RVW-202608-000565,ALT-202608-000616,RV-02,2026-08-23T21:44:59,CLEARED_FALSE_POSITIVE,KNOWN_DEVICE
RVW-202608-000566,ALT-202608-000618,RV-01,2026-08-06T10:42:14,CONFIRMED_FRAUD,MULE_CONFIRMED
RVW-202608-000567,ALT-202608-000619,RV-06,2026-08-11T16:39:40,CLEARED_FALSE_POSITIVE,DOC_VALID
RVW-202608-000568,ALT-202608-000620,RV-06,2026-08-31T09:20:12,CLEARED_FALSE_POSITIVE,DOC_VALID
RVW-202608-000569,ALT-202608-000621,RV-03,2026-08-15T21:05:42,CLEARED_FALSE_POSITIVE,ID_VERIFIED
RVW-202608-000570,ALT-202608-000622,RV-01,2026-08-24T15:42:04,CLEARED_FALSE_POSITIVE,ID_VERIFIED
RVW-202608-000571,ALT-202608-000623,RV-02,2026-08-13T14:18:21,CONFIRMED_FRAUD,ATO_CONFIRMED
RVW-202608-000572,ALT-202608-000624,RV-05,2026-09-01T13:20:52,CLEARED_FALSE_POSITIVE,CUSTOMER_CONTACTED
RVW-202608-000573,ALT-202608-000625,RV-03,2026-08-17T06:38:44,CLEARED_FALSE_POSITIVE,DOC_VALID
RVW-202608-000574,ALT-202608-000626,RV-06,2026-08-11T21:00:27,CONFIRMED_FRAUD,MULE_CONFIRMED
RVW-202608-000575,ALT-202608-000627,RV-03,2026-08-24T11:03:38,CLEARED_FALSE_POSITIVE,DOC_VALID
RVW-202608-000576,ALT-202608-000628,RV-01,2026-08-19T20:36:34,CLEARED_FALSE_POSITIVE,KNOWN_DEVICE
RVW-202608-000577,ALT-202608-000630,RV-06,2026-08-24T14:52:56,CLEARED_FALSE_POSITIVE,KNOWN_DEVICE
RVW-202608-000578,ALT-202608-000631,RV-06,2026-08-14T17:49:22,CLEARED_FALSE_POSITIVE,CUSTOMER_CONTACTED
RVW-202608-000579,ALT-202608-000632,RV-04,2026-09-03T20:23:16,CLEARED_FALSE_POSITIVE,ID_VERIFIED
RVW-202608-000580,ALT-202608-000633,RV-04,2026-09-02T14:29:05,CLEARED_FALSE_POSITIVE,DOC_VALID
RVW-202608-000581,ALT-202608-000634,RV-06,2026-08-22T12:20:42,CLEARED_FALSE_POSITIVE,KNOWN_DEVICE
RVW-202608-000582,ALT-202608-000635,RV-02,2026-08-01T13:26:03,CONFIRMED_FRAUD,DOC_FORGED
RVW-202608-000583,ALT-202608-000636,RV-05,2026-08-19T20:12:18,CONFIRMED_FRAUD,ATO_CONFIRMED
RVW-202608-000584,ALT-202608-000637,RV-06,2026-08-31T16:33:05,CLEARED_FALSE_POSITIVE,CUSTOMER_CONTACTED
RVW-202608-000585,ALT-202608-000638,RV-01,2026-08-21T20:12:16,CLEARED_FALSE_POSITIVE,CUSTOMER_CONTACTED
RVW-202608-000586,ALT-202608-000639,RV-04,2026-08-08T09:17:24,CLEARED_FALSE_POSITIVE,ID_VERIFIED
RVW-202608-000587,ALT-202608-000640,RV-05,2026-09-07T17:56:32,CLEARED_FALSE_POSITIVE,CUSTOMER_CONTACTED
RVW-202608-000588,ALT-202608-000641,RV-03,2026-08-19T21:43:34,CONFIRMED_FRAUD,ATO_CONFIRMED
RVW-202608-000589,ALT-202608-000642,RV-06,2026-08-08T10:09:05,CLEARED_FALSE_POSITIVE,DOC_VALID
RVW-202608-000590,ALT-202608-000643,RV-05,2026-08-13T13:03:01,CLEARED_FALSE_POSITIVE,KNOWN_DEVICE
RVW-202608-000591,ALT-202608-000644,RV-01,2026-08-12T19:31:04,CLEARED_FALSE_POSITIVE,KNOWN_DEVICE
RVW-202608-000592,ALT-202608-000645,RV-05,2026-09-02T13:24:45,CLEARED_FALSE_POSITIVE,ID_VERIFIED
RVW-202608-000593,ALT-202608-000646,RV-02,2026-08-29T09:19:12,CLEARED_FALSE_POSITIVE,CUSTOMER_CONTACTED
RVW-202608-000594,ALT-202608-000647,RV-04,2026-08-16T21:09:31,CONFIRMED_FRAUD,SYNTH_ID_CONFIRMED
RVW-202608-000595,ALT-202608-000648,RV-04,2026-08-29T06:41:55,CLEARED_FALSE_POSITIVE,DOC_VALID
RVW-202608-000596,ALT-202608-000649,RV-04,2026-08-17T09:27:19,CONFIRMED_FRAUD,ATO_CONFIRMED
RVW-202608-000597,ALT-202608-000651,RV-03,2026-08-25T08:02:17,CLEARED_FALSE_POSITIVE,KNOWN_DEVICE
RVW-202608-000598,ALT-202608-000652,RV-05,2026-08-27T08:50:55,CLEARED_FALSE_POSITIVE,KNOWN_DEVICE
RVW-202608-000599,ALT-202608-000653,RV-04,2026-08-26T15:22:17,CLEARED_FALSE_POSITIVE,CUSTOMER_CONTACTED
RVW-202608-000600,ALT-202608-000654,RV-06,2026-08-31T11:32:25,CONFIRMED_FRAUD,ATO_CONFIRMED
RVW-202608-000601,ALT-202608-000655,RV-04,2026-08-17T09:59:41,INSUFFICIENT_EVIDENCE,DATA_UNAVAILABLE
RVW-202608-000602,ALT-202608-000658,RV-04,2026-09-01T11:41:59,CLEARED_FALSE_POSITIVE,DOC_VALID
RVW-202608-000603,ALT-202608-000659,RV-06,2026-08-29T10:30:53,CONFIRMED_FRAUD,SYNTH_ID_CONFIRMED
RVW-202608-000604,ALT-202608-000660,RV-02,2026-08-22T19:06:54,CLEARED_FALSE_POSITIVE,CUSTOMER_CONTACTED
RVW-202608-000605,ALT-202608-000661,RV-01,2026-08-15T21:22:23,CLEARED_FALSE_POSITIVE,DOC_VALID
RVW-202608-000606,ALT-202608-000662,RV-05,2026-08-22T07:28:48,CLEARED_FALSE_POSITIVE,DOC_VALID
RVW-202608-000607,ALT-202608-000663,RV-06,2026-08-12T22:31:00,CLEARED_FALSE_POSITIVE,KNOWN_DEVICE
RVW-202608-000608,ALT-202608-000664,RV-02,2026-08-21T22:36:53,CLEARED_FALSE_POSITIVE,KNOWN_DEVICE
RVW-202608-000609,ALT-202608-000665,RV-03,2026-08-04T18:58:36,CLEARED_FALSE_POSITIVE,ID_VERIFIED
RVW-202608-000610,ALT-202608-000666,RV-05,2026-08-18T11:41:48,CLEARED_FALSE_POSITIVE,KNOWN_DEVICE
RVW-202608-000611,ALT-202608-000667,RV-06,2026-08-27T12:06:28,CLEARED_FALSE_POSITIVE,ID_VERIFIED
RVW-202608-000612,ALT-202608-000668,RV-05,2026-08-07T09:55:07,INSUFFICIENT_EVIDENCE,NO_CONTACT
RVW-202608-000613,ALT-202608-000670,RV-06,2026-09-06T18:06:59,CLEARED_FALSE_POSITIVE,DOC_VALID
RVW-202608-000614,ALT-202608-000671,RV-05,2026-08-17T17:19:56,CLEARED_FALSE_POSITIVE,KNOWN_DEVICE
RVW-202608-000615,ALT-202608-000672,RV-06,2026-08-16T06:22:03,CLEARED_FALSE_POSITIVE,DOC_VALID
RVW-202608-000616,ALT-202608-000673,RV-06,2026-08-12T21:20:56,CLEARED_FALSE_POSITIVE,KNOWN_DEVICE
RVW-202608-000617,ALT-202608-000674,RV-04,2026-09-02T13:19:44,CLEARED_FALSE_POSITIVE,KNOWN_DEVICE
RVW-202608-000618,ALT-202608-000675,RV-05,2026-08-30T06:02:10,CLEARED_FALSE_POSITIVE,DOC_VALID
RVW-202608-000619,ALT-202608-000676,RV-03,2026-09-02T22:41:53,INSUFFICIENT_EVIDENCE,DATA_UNAVAILABLE
RVW-202608-000620,ALT-202608-000677,RV-02,2026-08-24T17:05:42,CONFIRMED_FRAUD,SYNTH_ID_CONFIRMED
RVW-202608-000621,ALT-202608-000678,RV-03,2026-08-25T06:03:28,CLEARED_FALSE_POSITIVE,DOC_VALID
RVW-202608-000622,ALT-202608-000679,RV-04,2026-09-05T22:52:31,CLEARED_FALSE_POSITIVE,ID_VERIFIED
RVW-202608-000623,ALT-202608-000680,RV-03,2026-08-10T11:13:06,CLEARED_FALSE_POSITIVE,ID_VERIFIED
RVW-202608-000624,ALT-202608-000681,RV-01,2026-08-28T17:22:58,CLEARED_FALSE_POSITIVE,ID_VERIFIED
RVW-202608-000625,ALT-202608-000682,RV-06,2026-08-23T22:05:52,CLEARED_FALSE_POSITIVE,KNOWN_DEVICE
RVW-202608-000626,ALT-202608-000683,RV-01,2026-08-27T22:43:55,CLEARED_FALSE_POSITIVE,CUSTOMER_CONTACTED
RVW-202608-000627,ALT-202608-000684,RV-03,2026-08-11T20:58:30,CLEARED_FALSE_POSITIVE,ID_VERIFIED
RVW-202608-000628,ALT-202608-000685,RV-04,2026-08-22T07:56:28,CLEARED_FALSE_POSITIVE,ID_VERIFIED
RVW-202608-000629,ALT-202608-000686,RV-02,2026-08-26T20:03:43,CONFIRMED_FRAUD,MULE_CONFIRMED
RVW-202608-000630,ALT-202608-000687,RV-03,2026-08-07T13:47:42,INSUFFICIENT_EVIDENCE,DATA_UNAVAILABLE
RVW-202608-000631,ALT-202608-000688,RV-06,2026-08-11T19:43:12,CLEARED_FALSE_POSITIVE,DOC_VALID
RVW-202608-000632,ALT-202608-000689,RV-04,2026-08-08T12:47:44,CLEARED_FALSE_POSITIVE,ID_VERIFIED
RVW-202608-000633,ALT-202608-000690,RV-06,2026-08-27T16:41:14,CONFIRMED_FRAUD,SYNTH_ID_CONFIRMED
RVW-202608-000634,ALT-202608-000691,RV-04,2026-08-10T11:10:40,CLEARED_FALSE_POSITIVE,DOC_VALID
RVW-202608-000635,ALT-202608-000692,RV-03,2026-08-10T14:36:22,CLEARED_FALSE_POSITIVE,KNOWN_DEVICE
RVW-202608-000636,ALT-202608-000693,RV-03,2026-09-06T19:10:28,CLEARED_FALSE_POSITIVE,ID_VERIFIED
RVW-202608-000637,ALT-202608-000694,RV-03,2026-08-28T16:25:28,CLEARED_FALSE_POSITIVE,CUSTOMER_CONTACTED
RVW-202608-000638,ALT-202608-000695,RV-03,2026-08-13T07:36:13,CLEARED_FALSE_POSITIVE,ID_VERIFIED
RVW-202608-000639,ALT-202608-000696,RV-06,2026-08-12T13:00:26,CLEARED_FALSE_POSITIVE,CUSTOMER_CONTACTED
RVW-202608-000640,ALT-202608-000697,RV-02,2026-08-26T14:58:50,CLEARED_FALSE_POSITIVE,DOC_VALID
RVW-202608-000641,ALT-202608-000698,RV-01,2026-08-14T07:06:33,CLEARED_FALSE_POSITIVE,KNOWN_DEVICE
RVW-202608-000642,ALT-202608-000699,RV-02,2026-09-01T13:51:28,CLEARED_FALSE_POSITIVE,KNOWN_DEVICE
RVW-202608-000643,ALT-202608-000700,RV-04,2026-08-30T12:47:17,CLEARED_FALSE_POSITIVE,ID_VERIFIED
RVW-202608-000644,ALT-202608-000701,RV-02,2026-08-29T15:02:41,CLEARED_FALSE_POSITIVE,ID_VERIFIED
RVW-202608-000645,ALT-202608-000702,RV-04,2026-08-31T15:05:44,CLEARED_FALSE_POSITIVE,ID_VERIFIED
RVW-202608-000646,ALT-202608-000703,RV-06,2026-08-23T21:31:49,CLEARED_FALSE_POSITIVE,CUSTOMER_CONTACTED
RVW-202608-000647,ALT-202608-000704,RV-02,2026-08-16T18:05:43,CLEARED_FALSE_POSITIVE,KNOWN_DEVICE
RVW-202608-000648,ALT-202608-000705,RV-01,2026-09-01T17:43:28,CONFIRMED_FRAUD,SYNTH_ID_CONFIRMED
RVW-202608-000649,ALT-202608-000706,RV-01,2026-08-25T07:10:48,CONFIRMED_FRAUD,DOC_FORGED
RVW-202608-000650,ALT-202608-000707,RV-03,2026-08-24T09:56:33,CONFIRMED_FRAUD,MULE_CONFIRMED
RVW-202608-000651,ALT-202608-000708,RV-03,2026-09-06T22:10:42,CLEARED_FALSE_POSITIVE,CUSTOMER_CONTACTED
RVW-202608-000652,ALT-202608-000709,RV-06,2026-09-01T07:36:50,CLEARED_FALSE_POSITIVE,ID_VERIFIED
RVW-202608-000653,ALT-202608-000710,RV-03,2026-08-26T17:37:58,INSUFFICIENT_EVIDENCE,DATA_UNAVAILABLE
RVW-202608-000654,ALT-202608-000711,RV-05,2026-09-08T19:59:01,CLEARED_FALSE_POSITIVE,CUSTOMER_CONTACTED
RVW-202608-000655,ALT-202608-000712,RV-03,2026-08-19T16:45:35,CLEARED_FALSE_POSITIVE,DOC_VALID
RVW-202608-000656,ALT-202608-000713,RV-05,2026-08-27T10:59:13,CLEARED_FALSE_POSITIVE,KNOWN_DEVICE
RVW-202608-000657,ALT-202608-000716,RV-05,2026-08-11T15:25:21,CLEARED_FALSE_POSITIVE,KNOWN_DEVICE
RVW-202608-000658,ALT-202608-000717,RV-03,2026-08-30T12:50:20,CLEARED_FALSE_POSITIVE,DOC_VALID
RVW-202608-000659,ALT-202608-000718,RV-06,2026-08-03T13:45:05,CLEARED_FALSE_POSITIVE,CUSTOMER_CONTACTED
RVW-202608-000660,ALT-202608-000719,RV-05,2026-08-18T19:16:38,CLEARED_FALSE_POSITIVE,DOC_VALID
RVW-202608-000661,ALT-202608-000720,RV-02,2026-08-04T13:57:46,CLEARED_FALSE_POSITIVE,DOC_VALID
RVW-202608-000662,ALT-202608-000721,RV-01,2026-09-06T14:44:16,CLEARED_FALSE_POSITIVE,KNOWN_DEVICE
RVW-202608-000663,ALT-202608-000722,RV-04,2026-09-08T17:31:03,CLEARED_FALSE_POSITIVE,ID_VERIFIED
RVW-202608-000664,ALT-202608-000723,RV-05,2026-08-06T20:53:28,CLEARED_FALSE_POSITIVE,DOC_VALID
RVW-202608-000665,ALT-202608-000724,RV-05,2026-08-15T08:37:09,CLEARED_FALSE_POSITIVE,ID_VERIFIED
RVW-202608-000666,ALT-202608-000725,RV-02,2026-08-30T17:39:20,INSUFFICIENT_EVIDENCE,NO_CONTACT
RVW-202608-000667,ALT-202608-000726,RV-06,2026-08-23T22:44:17,CONFIRMED_FRAUD,ATO_CONFIRMED
RVW-202608-000668,ALT-202608-000727,RV-02,2026-08-09T22:21:49,CLEARED_FALSE_POSITIVE,KNOWN_DEVICE
RVW-202608-000669,ALT-202608-000728,RV-04,2026-08-20T07:52:00,CLEARED_FALSE_POSITIVE,KNOWN_DEVICE
RVW-202608-000670,ALT-202608-000729,RV-05,2026-08-28T20:27:00,INSUFFICIENT_EVIDENCE,NO_CONTACT
RVW-202608-000671,ALT-202608-000730,RV-04,2026-08-21T14:31:03,CLEARED_FALSE_POSITIVE,ID_VERIFIED
RVW-202608-000672,ALT-202608-000731,RV-01,2026-08-21T11:49:03,CONFIRMED_FRAUD,MULE_CONFIRMED
RVW-202608-000673,ALT-202608-000732,RV-02,2026-08-23T08:10:29,CLEARED_FALSE_POSITIVE,CUSTOMER_CONTACTED
RVW-202608-000674,ALT-202608-000733,RV-01,2026-08-13T08:52:56,CLEARED_FALSE_POSITIVE,KNOWN_DEVICE
RVW-202608-000675,ALT-202608-000735,RV-06,2026-08-21T20:24:06,CLEARED_FALSE_POSITIVE,ID_VERIFIED
RVW-202608-000676,ALT-202608-000736,RV-05,2026-08-18T10:34:05,CLEARED_FALSE_POSITIVE,CUSTOMER_CONTACTED
RVW-202608-000677,ALT-202608-000737,RV-04,2026-08-16T06:04:04,CLEARED_FALSE_POSITIVE,KNOWN_DEVICE
RVW-202608-000678,ALT-202608-000738,RV-05,2026-08-13T22:07:22,CLEARED_FALSE_POSITIVE,ID_VERIFIED
RVW-202608-000679,ALT-202608-000739,RV-06,2026-09-02T19:21:06,INSUFFICIENT_EVIDENCE,NO_CONTACT
RVW-202608-000680,ALT-202608-000740,RV-01,2026-08-18T06:18:26,CONFIRMED_FRAUD,ATO_CONFIRMED
RVW-202608-000681,ALT-202608-000741,RV-06,2026-09-02T07:15:32,CLEARED_FALSE_POSITIVE,CUSTOMER_CONTACTED
RVW-202608-000682,ALT-202608-000742,RV-06,2026-08-14T13:08:30,CLEARED_FALSE_POSITIVE,DOC_VALID
RVW-202608-000683,ALT-202608-000743,RV-04,2026-08-16T12:51:20,CONFIRMED_FRAUD,DOC_FORGED
RVW-202608-000684,ALT-202608-000744,RV-02,2026-08-28T11:35:09,CLEARED_FALSE_POSITIVE,CUSTOMER_CONTACTED
RVW-202608-000685,ALT-202608-000745,RV-05,2026-08-13T15:55:54,CONFIRMED_FRAUD,DOC_FORGED
RVW-202608-000686,ALT-202608-000746,RV-03,2026-09-02T22:21:44,CLEARED_FALSE_POSITIVE,DOC_VALID
RVW-202608-000687,ALT-202608-000747,RV-03,2026-08-10T11:07:00,CLEARED_FALSE_POSITIVE,KNOWN_DEVICE
RVW-202608-000688,ALT-202608-000748,RV-05,2026-08-07T12:08:04,CONFIRMED_FRAUD,ATO_CONFIRMED
RVW-202608-000689,ALT-202608-000749,RV-06,2026-08-27T14:28:36,CLEARED_FALSE_POSITIVE,KNOWN_DEVICE
RVW-202608-000690,ALT-202608-000750,RV-03,2026-09-01T13:49:49,CLEARED_FALSE_POSITIVE,KNOWN_DEVICE
RVW-202608-000691,ALT-202608-000751,RV-01,2026-08-11T13:52:34,CLEARED_FALSE_POSITIVE,CUSTOMER_CONTACTED
RVW-202608-000692,ALT-202608-000752,RV-02,2026-08-15T20:05:07,CLEARED_FALSE_POSITIVE,KNOWN_DEVICE
RVW-202608-000693,ALT-202608-000753,RV-02,2026-08-20T19:16:42,CLEARED_FALSE_POSITIVE,KNOWN_DEVICE
RVW-202608-000694,ALT-202608-000754,RV-05,2026-08-04T11:35:35,CLEARED_FALSE_POSITIVE,CUSTOMER_CONTACTED
RVW-202608-000695,ALT-202608-000755,RV-01,2026-08-11T16:42:24,CLEARED_FALSE_POSITIVE,KNOWN_DEVICE
RVW-202608-000696,ALT-202608-000756,RV-05,2026-08-16T17:18:00,CONFIRMED_FRAUD,MULE_CONFIRMED
RVW-202608-000697,ALT-202608-000757,RV-06,2026-08-28T11:18:13,CLEARED_FALSE_POSITIVE,KNOWN_DEVICE
RVW-202608-000698,ALT-202608-000758,RV-03,2026-08-18T12:03:02,CLEARED_FALSE_POSITIVE,DOC_VALID
RVW-202608-000699,ALT-202608-000759,RV-05,2026-08-27T11:15:04,CONFIRMED_FRAUD,SYNTH_ID_CONFIRMED
RVW-202608-000700,ALT-202608-000760,RV-02,2026-08-23T08:55:50,CONFIRMED_FRAUD,SYNTH_ID_CONFIRMED
RVW-202608-000701,ALT-202608-000763,RV-03,2026-09-06T15:38:35,INSUFFICIENT_EVIDENCE,NO_CONTACT
RVW-202608-000702,ALT-202608-000764,RV-05,2026-08-10T16:38:49,CLEARED_FALSE_POSITIVE,CUSTOMER_CONTACTED
RVW-202608-000703,ALT-202608-000765,RV-05,2026-08-23T16:07:22,CLEARED_FALSE_POSITIVE,KNOWN_DEVICE
RVW-202608-000704,ALT-202608-000766,RV-04,2026-08-30T11:36:54,CONFIRMED_FRAUD,MULE_CONFIRMED
RVW-202608-000705,ALT-202608-000767,RV-01,2026-08-28T17:35:36,CLEARED_FALSE_POSITIVE,DOC_VALID
RVW-202608-000706,ALT-202608-000768,RV-03,2026-08-14T06:56:19,INSUFFICIENT_EVIDENCE,NO_CONTACT
RVW-202608-000707,ALT-202608-000769,RV-06,2026-09-01T22:20:44,CLEARED_FALSE_POSITIVE,ID_VERIFIED
RVW-202608-000708,ALT-202608-000770,RV-01,2026-08-18T18:17:41,CLEARED_FALSE_POSITIVE,DOC_VALID
RVW-202608-000709,ALT-202608-000771,RV-02,2026-08-09T11:33:51,CLEARED_FALSE_POSITIVE,CUSTOMER_CONTACTED
RVW-202608-000710,ALT-202608-000772,RV-04,2026-08-05T10:44:13,CLEARED_FALSE_POSITIVE,DOC_VALID
RVW-202608-000711,ALT-202608-000773,RV-04,2026-08-13T17:20:30,CLEARED_FALSE_POSITIVE,DOC_VALID
RVW-202608-000712,ALT-202608-000774,RV-01,2026-08-24T13:05:10,INSUFFICIENT_EVIDENCE,AGED_OUT
RVW-202608-000713,ALT-202608-000775,RV-05,2026-08-29T14:45:15,CLEARED_FALSE_POSITIVE,KNOWN_DEVICE
RVW-202608-000714,ALT-202608-000776,RV-02,2026-08-29T09:03:34,CONFIRMED_FRAUD,MULE_CONFIRMED
RVW-202608-000715,ALT-202608-000777,RV-03,2026-08-31T10:31:58,CLEARED_FALSE_POSITIVE,ID_VERIFIED
RVW-202608-000716,ALT-202608-000778,RV-03,2026-08-28T18:51:16,INSUFFICIENT_EVIDENCE,AGED_OUT
RVW-202608-000717,ALT-202608-000780,RV-03,2026-08-12T18:10:51,CLEARED_FALSE_POSITIVE,ID_VERIFIED
RVW-202608-000718,ALT-202608-000782,RV-03,2026-08-16T20:52:52,INSUFFICIENT_EVIDENCE,NO_CONTACT
RVW-202608-000719,ALT-202608-000783,RV-05,2026-08-23T18:36:04,CLEARED_FALSE_POSITIVE,KNOWN_DEVICE
RVW-202608-000720,ALT-202608-000784,RV-01,2026-08-14T22:39:31,CLEARED_FALSE_POSITIVE,ID_VERIFIED
RVW-202608-000721,ALT-202608-000785,RV-04,2026-09-01T12:35:21,CONFIRMED_FRAUD,DOC_FORGED
RVW-202608-000722,ALT-202608-000786,RV-02,2026-08-13T18:49:15,CLEARED_FALSE_POSITIVE,DOC_VALID
RVW-202608-000723,ALT-202608-000788,RV-04,2026-08-26T14:51:12,INSUFFICIENT_EVIDENCE,AGED_OUT
RVW-202608-000724,ALT-202608-000789,RV-03,2026-08-16T17:44:01,CLEARED_FALSE_POSITIVE,CUSTOMER_CONTACTED
RVW-202608-000725,ALT-202608-000790,RV-05,2026-08-16T13:51:29,CLEARED_FALSE_POSITIVE,CUSTOMER_CONTACTED
RVW-202608-000726,ALT-202608-000791,RV-06,2026-08-28T12:28:11,CLEARED_FALSE_POSITIVE,DOC_VALID
RVW-202608-000727,ALT-202608-000792,RV-04,2026-09-02T19:48:19,CONFIRMED_FRAUD,MULE_CONFIRMED
RVW-202608-000728,ALT-202608-000793,RV-01,2026-08-25T16:05:44,CLEARED_FALSE_POSITIVE,DOC_VALID
RVW-202608-000729,ALT-202608-000794,RV-03,2026-08-16T15:51:50,CLEARED_FALSE_POSITIVE,DOC_VALID
RVW-202608-000730,ALT-202608-000795,RV-05,2026-08-24T11:49:57,CLEARED_FALSE_POSITIVE,ID_VERIFIED
RVW-202608-000731,ALT-202608-000796,RV-02,2026-09-07T09:22:41,CLEARED_FALSE_POSITIVE,ID_VERIFIED
RVW-202608-000732,ALT-202608-000797,RV-04,2026-08-24T19:50:17,CLEARED_FALSE_POSITIVE,ID_VERIFIED
RVW-202608-000733,ALT-202608-000798,RV-05,2026-09-05T07:06:59,CONFIRMED_FRAUD,MULE_CONFIRMED
RVW-202608-000734,ALT-202608-000799,RV-06,2026-08-15T14:29:34,CLEARED_FALSE_POSITIVE,DOC_VALID
RVW-202608-000735,ALT-202608-000800,RV-04,2026-08-19T06:41:32,CLEARED_FALSE_POSITIVE,ID_VERIFIED
RVW-202608-000736,ALT-202608-000801,RV-04,2026-09-09T20:20:58,CLEARED_FALSE_POSITIVE,ID_VERIFIED
RVW-202608-000737,ALT-202608-000802,RV-05,2026-09-07T22:54:51,CLEARED_FALSE_POSITIVE,ID_VERIFIED
RVW-202608-000738,ALT-202608-000803,RV-01,2026-09-04T07:46:55,CONFIRMED_FRAUD,MULE_CONFIRMED
RVW-202608-000739,ALT-202608-000804,RV-06,2026-08-17T13:34:57,CLEARED_FALSE_POSITIVE,KNOWN_DEVICE
RVW-202608-000740,ALT-202608-000805,RV-02,2026-09-03T11:47:51,CLEARED_FALSE_POSITIVE,ID_VERIFIED
RVW-202608-000741,ALT-202608-000806,RV-02,2026-08-16T10:02:11,CLEARED_FALSE_POSITIVE,ID_VERIFIED
RVW-202608-000742,ALT-202608-000807,RV-03,2026-08-07T19:59:18,INSUFFICIENT_EVIDENCE,NO_CONTACT
RVW-202608-000743,ALT-202608-000808,RV-06,2026-08-23T21:32:35,CLEARED_FALSE_POSITIVE,CUSTOMER_CONTACTED
RVW-202608-000744,ALT-202608-000809,RV-05,2026-09-08T17:01:31,CLEARED_FALSE_POSITIVE,KNOWN_DEVICE
RVW-202608-000745,ALT-202608-000810,RV-01,2026-08-20T15:42:51,CLEARED_FALSE_POSITIVE,KNOWN_DEVICE
RVW-202608-000746,ALT-202608-000811,RV-05,2026-09-06T15:12:55,CONFIRMED_FRAUD,MULE_CONFIRMED
RVW-202608-000747,ALT-202608-000812,RV-01,2026-08-16T18:36:03,CLEARED_FALSE_POSITIVE,CUSTOMER_CONTACTED
RVW-202608-000748,ALT-202608-000813,RV-02,2026-08-29T15:06:08,CLEARED_FALSE_POSITIVE,ID_VERIFIED
RVW-202608-000749,ALT-202608-000814,RV-06,2026-08-15T10:45:10,CLEARED_FALSE_POSITIVE,KNOWN_DEVICE
RVW-202608-000750,ALT-202608-000815,RV-02,2026-08-27T19:47:13,CLEARED_FALSE_POSITIVE,DOC_VALID
RVW-202608-000751,ALT-202608-000817,RV-01,2026-08-10T18:06:53,CLEARED_FALSE_POSITIVE,KNOWN_DEVICE
RVW-202608-000752,ALT-202608-000818,RV-05,2026-08-25T18:17:24,CLEARED_FALSE_POSITIVE,DOC_VALID
RVW-202608-000753,ALT-202608-000819,RV-05,2026-09-02T07:51:20,CLEARED_FALSE_POSITIVE,CUSTOMER_CONTACTED
RVW-202608-000754,ALT-202608-000820,RV-02,2026-09-01T06:59:04,CLEARED_FALSE_POSITIVE,KNOWN_DEVICE
RVW-202608-000755,ALT-202608-000821,RV-01,2026-08-18T15:07:48,CONFIRMED_FRAUD,DOC_FORGED
RVW-202608-000756,ALT-202608-000822,RV-02,2026-08-16T21:53:04,CONFIRMED_FRAUD,SYNTH_ID_CONFIRMED
RVW-202608-000757,ALT-202608-000823,RV-03,2026-08-26T06:00:22,CLEARED_FALSE_POSITIVE,ID_VERIFIED
RVW-202608-000758,ALT-202608-000824,RV-06,2026-08-27T11:00:52,CLEARED_FALSE_POSITIVE,KNOWN_DEVICE
RVW-202608-000759,ALT-202608-000825,RV-01,2026-08-20T19:04:11,CLEARED_FALSE_POSITIVE,CUSTOMER_CONTACTED
RVW-202608-000760,ALT-202608-000826,RV-03,2026-09-05T09:20:31,CONFIRMED_FRAUD,ATO_CONFIRMED
RVW-202608-000761,ALT-202608-000827,RV-06,2026-08-20T15:54:27,CONFIRMED_FRAUD,ATO_CONFIRMED
RVW-202608-000762,ALT-202608-000828,RV-02,2026-08-26T11:51:49,CLEARED_FALSE_POSITIVE,KNOWN_DEVICE
RVW-202608-000763,ALT-202608-000829,RV-03,2026-08-16T08:50:19,CONFIRMED_FRAUD,DOC_FORGED
RVW-202608-000764,ALT-202608-000830,RV-06,2026-08-19T19:51:16,CLEARED_FALSE_POSITIVE,ID_VERIFIED
RVW-202608-000765,ALT-202608-000831,RV-03,2026-08-18T07:48:03,INSUFFICIENT_EVIDENCE,NO_CONTACT
RVW-202608-000766,ALT-202608-000832,RV-03,2026-08-25T17:19:26,CLEARED_FALSE_POSITIVE,CUSTOMER_CONTACTED
RVW-202608-000767,ALT-202608-000833,RV-05,2026-08-24T12:02:18,CONFIRMED_FRAUD,SYNTH_ID_CONFIRMED
RVW-202608-000768,ALT-202608-000834,RV-05,2026-08-31T12:54:37,CLEARED_FALSE_POSITIVE,CUSTOMER_CONTACTED
RVW-202608-000769,ALT-202608-000835,RV-02,2026-08-19T10:17:06,CLEARED_FALSE_POSITIVE,KNOWN_DEVICE
RVW-202608-000770,ALT-202608-000836,RV-06,2026-08-25T20:34:41,CLEARED_FALSE_POSITIVE,CUSTOMER_CONTACTED
RVW-202608-000771,ALT-202608-000837,RV-04,2026-09-03T21:06:48,CONFIRMED_FRAUD,MULE_CONFIRMED
RVW-202608-000772,ALT-202608-000838,RV-01,2026-08-31T07:59:44,CONFIRMED_FRAUD,SYNTH_ID_CONFIRMED
RVW-202608-000773,ALT-202608-000839,RV-01,2026-08-19T08:14:09,CLEARED_FALSE_POSITIVE,CUSTOMER_CONTACTED
RVW-202608-000774,ALT-202608-000840,RV-01,2026-08-12T17:40:11,CLEARED_FALSE_POSITIVE,CUSTOMER_CONTACTED
RVW-202608-000775,ALT-202608-000841,RV-03,2026-09-07T14:04:16,CLEARED_FALSE_POSITIVE,ID_VERIFIED
RVW-202608-000776,ALT-202608-000842,RV-01,2026-08-25T19:51:41,CLEARED_FALSE_POSITIVE,CUSTOMER_CONTACTED
RVW-202608-000777,ALT-202608-000843,RV-04,2026-09-01T12:27:38,CLEARED_FALSE_POSITIVE,KNOWN_DEVICE
RVW-202608-000778,ALT-202608-000844,RV-05,2026-08-24T14:30:41,CLEARED_FALSE_POSITIVE,DOC_VALID
RVW-202608-000779,ALT-202608-000845,RV-04,2026-08-29T21:40:49,CLEARED_FALSE_POSITIVE,KNOWN_DEVICE
RVW-202608-000780,ALT-202608-000846,RV-01,2026-08-09T10:15:14,CLEARED_FALSE_POSITIVE,CUSTOMER_CONTACTED
RVW-202608-000781,ALT-202608-000847,RV-06,2026-08-31T16:26:43,CONFIRMED_FRAUD,DOC_FORGED
RVW-202608-000782,ALT-202608-000849,RV-02,2026-08-20T19:12:58,CLEARED_FALSE_POSITIVE,ID_VERIFIED
RVW-202608-000783,ALT-202608-000850,RV-04,2026-08-18T12:18:38,CLEARED_FALSE_POSITIVE,DOC_VALID
RVW-202608-000784,ALT-202608-000851,RV-06,2026-08-18T16:43:51,CLEARED_FALSE_POSITIVE,KNOWN_DEVICE
RVW-202608-000785,ALT-202608-000852,RV-06,2026-08-20T08:20:45,CONFIRMED_FRAUD,SYNTH_ID_CONFIRMED
RVW-202608-000786,ALT-202608-000853,RV-03,2026-09-10T21:16:16,CLEARED_FALSE_POSITIVE,DOC_VALID
RVW-202608-000787,ALT-202608-000854,RV-02,2026-08-22T06:50:26,CLEARED_FALSE_POSITIVE,DOC_VALID
RVW-202608-000788,ALT-202608-000855,RV-06,2026-08-12T22:07:45,CLEARED_FALSE_POSITIVE,DOC_VALID
RVW-202608-000789,ALT-202608-000856,RV-02,2026-08-10T16:21:47,CONFIRMED_FRAUD,MULE_CONFIRMED
RVW-202608-000790,ALT-202608-000857,RV-01,2026-08-23T16:07:49,CONFIRMED_FRAUD,SYNTH_ID_CONFIRMED
RVW-202608-000791,ALT-202608-000858,RV-04,2026-08-26T20:27:47,INSUFFICIENT_EVIDENCE,DATA_UNAVAILABLE
RVW-202608-000792,ALT-202608-000859,RV-05,2026-08-14T07:45:37,CLEARED_FALSE_POSITIVE,CUSTOMER_CONTACTED
RVW-202608-000793,ALT-202608-000860,RV-02,2026-09-10T16:51:29,CLEARED_FALSE_POSITIVE,ID_VERIFIED
RVW-202608-000794,ALT-202608-000862,RV-03,2026-08-19T15:58:44,CLEARED_FALSE_POSITIVE,ID_VERIFIED
RVW-202608-000795,ALT-202608-000865,RV-02,2026-08-28T14:05:53,CLEARED_FALSE_POSITIVE,KNOWN_DEVICE
RVW-202608-000796,ALT-202608-000866,RV-06,2026-08-22T21:51:23,INSUFFICIENT_EVIDENCE,DATA_UNAVAILABLE
RVW-202608-000797,ALT-202608-000867,RV-06,2026-08-11T10:11:57,CLEARED_FALSE_POSITIVE,DOC_VALID
RVW-202608-000798,ALT-202608-000868,RV-04,2026-08-16T12:50:07,CLEARED_FALSE_POSITIVE,CUSTOMER_CONTACTED
RVW-202608-000799,ALT-202608-000869,RV-06,2026-08-18T16:06:15,CLEARED_FALSE_POSITIVE,ID_VERIFIED
RVW-202608-000800,ALT-202608-000870,RV-01,2026-09-10T13:46:02,CLEARED_FALSE_POSITIVE,KNOWN_DEVICE
RVW-202608-000801,ALT-202608-000871,RV-06,2026-08-28T20:40:35,CONFIRMED_FRAUD,SYNTH_ID_CONFIRMED
RVW-202608-000802,ALT-202608-000872,RV-04,2026-08-20T14:55:57,CLEARED_FALSE_POSITIVE,KNOWN_DEVICE
RVW-202608-000803,ALT-202608-000873,RV-03,2026-08-21T12:59:00,CLEARED_FALSE_POSITIVE,CUSTOMER_CONTACTED
RVW-202608-000804,ALT-202608-000874,RV-02,2026-08-22T06:41:00,CLEARED_FALSE_POSITIVE,DOC_VALID
RVW-202608-000805,ALT-202608-000875,RV-03,2026-08-20T12:03:36,CONFIRMED_FRAUD,ATO_CONFIRMED
RVW-202608-000806,ALT-202608-000876,RV-03,2026-09-02T14:13:15,CLEARED_FALSE_POSITIVE,KNOWN_DEVICE
RVW-202608-000807,ALT-202608-000877,RV-01,2026-08-31T21:47:04,CONFIRMED_FRAUD,DOC_FORGED
RVW-202608-000808,ALT-202608-000878,RV-06,2026-08-09T22:22:49,CLEARED_FALSE_POSITIVE,ID_VERIFIED
RVW-202608-000809,ALT-202608-000879,RV-03,2026-08-23T19:24:15,CLEARED_FALSE_POSITIVE,DOC_VALID
RVW-202608-000810,ALT-202608-000880,RV-02,2026-08-07T16:39:28,CLEARED_FALSE_POSITIVE,KNOWN_DEVICE
RVW-202608-000811,ALT-202608-000881,RV-05,2026-08-31T21:30:03,CLEARED_FALSE_POSITIVE,KNOWN_DEVICE
RVW-202608-000812,ALT-202608-000882,RV-03,2026-08-24T19:07:08,CLEARED_FALSE_POSITIVE,DOC_VALID
RVW-202608-000813,ALT-202608-000884,RV-05,2026-08-16T22:06:19,CLEARED_FALSE_POSITIVE,KNOWN_DEVICE
RVW-202608-000814,ALT-202608-000885,RV-03,2026-08-30T20:03:41,CLEARED_FALSE_POSITIVE,KNOWN_DEVICE
RVW-202608-000815,ALT-202608-000886,RV-01,2026-08-09T15:01:38,CLEARED_FALSE_POSITIVE,KNOWN_DEVICE
RVW-202608-000816,ALT-202608-000887,RV-06,2026-09-01T07:57:13,CLEARED_FALSE_POSITIVE,KNOWN_DEVICE
RVW-202608-000817,ALT-202608-000888,RV-02,2026-08-21T07:04:43,CONFIRMED_FRAUD,SYNTH_ID_CONFIRMED
RVW-202608-000818,ALT-202608-000889,RV-03,2026-08-19T15:55:54,CLEARED_FALSE_POSITIVE,ID_VERIFIED
RVW-202608-000819,ALT-202608-000890,RV-05,2026-08-23T22:10:15,CONFIRMED_FRAUD,ATO_CONFIRMED
RVW-202608-000820,ALT-202608-000891,RV-06,2026-08-22T09:06:27,CLEARED_FALSE_POSITIVE,KNOWN_DEVICE
RVW-202608-000821,ALT-202608-000892,RV-01,2026-09-01T08:02:45,CLEARED_FALSE_POSITIVE,KNOWN_DEVICE
RVW-202608-000822,ALT-202608-000893,RV-04,2026-09-02T22:09:30,CLEARED_FALSE_POSITIVE,ID_VERIFIED
RVW-202608-000823,ALT-202608-000894,RV-05,2026-08-07T12:39:57,CLEARED_FALSE_POSITIVE,ID_VERIFIED
RVW-202608-000824,ALT-202608-000895,RV-03,2026-08-01T21:42:53,CLEARED_FALSE_POSITIVE,DOC_VALID
RVW-202608-000825,ALT-202608-000896,RV-05,2026-08-25T13:31:23,CLEARED_FALSE_POSITIVE,KNOWN_DEVICE
RVW-202608-000826,ALT-202608-000897,RV-02,2026-08-20T21:54:16,CLEARED_FALSE_POSITIVE,CUSTOMER_CONTACTED
RVW-202608-000827,ALT-202608-000898,RV-02,2026-08-26T15:31:03,CONFIRMED_FRAUD,ATO_CONFIRMED
RVW-202608-000828,ALT-202608-000899,RV-05,2026-08-31T16:39:12,CLEARED_FALSE_POSITIVE,CUSTOMER_CONTACTED
RVW-202608-000829,ALT-202608-000900,RV-01,2026-09-05T15:17:27,INSUFFICIENT_EVIDENCE,DATA_UNAVAILABLE
RVW-202608-000830,ALT-202608-000901,RV-04,2026-08-25T22:07:47,CLEARED_FALSE_POSITIVE,CUSTOMER_CONTACTED
RVW-202608-000831,ALT-202608-000902,RV-02,2026-08-16T21:23:40,CLEARED_FALSE_POSITIVE,CUSTOMER_CONTACTED
RVW-202608-000832,ALT-202608-000903,RV-04,2026-08-06T11:43:32,CONFIRMED_FRAUD,MULE_CONFIRMED
RVW-202608-000833,ALT-202608-000904,RV-01,2026-08-23T11:37:42,INSUFFICIENT_EVIDENCE,AGED_OUT
RVW-202608-000834,ALT-202608-000905,RV-06,2026-08-30T20:53:25,CLEARED_FALSE_POSITIVE,KNOWN_DEVICE
RVW-202608-000835,ALT-202608-000906,RV-02,2026-08-26T08:59:02,CLEARED_FALSE_POSITIVE,KNOWN_DEVICE
RVW-202608-000836,ALT-202608-000907,RV-03,2026-09-04T18:39:28,CLEARED_FALSE_POSITIVE,ID_VERIFIED
RVW-202608-000837,ALT-202608-000908,RV-01,2026-08-31T10:50:34,CLEARED_FALSE_POSITIVE,DOC_VALID
RVW-202608-000838,ALT-202608-000910,RV-06,2026-08-12T20:52:38,INSUFFICIENT_EVIDENCE,NO_CONTACT
RVW-202608-000839,ALT-202608-000911,RV-05,2026-09-06T13:21:57,CLEARED_FALSE_POSITIVE,ID_VERIFIED
RVW-202608-000840,ALT-202608-000912,RV-06,2026-08-21T13:17:50,CLEARED_FALSE_POSITIVE,CUSTOMER_CONTACTED
RVW-202608-000841,ALT-202608-000913,RV-04,2026-08-10T16:15:49,CLEARED_FALSE_POSITIVE,ID_VERIFIED
RVW-202608-000842,ALT-202608-000914,RV-05,2026-08-31T09:55:20,CLEARED_FALSE_POSITIVE,CUSTOMER_CONTACTED
RVW-202608-000843,ALT-202608-000915,RV-03,2026-09-05T19:17:09,CLEARED_FALSE_POSITIVE,KNOWN_DEVICE
RVW-202608-000844,ALT-202608-000916,RV-03,2026-08-13T12:06:44,CONFIRMED_FRAUD,ATO_CONFIRMED
RVW-202608-000845,ALT-202608-000917,RV-06,2026-08-07T08:37:28,CONFIRMED_FRAUD,MULE_CONFIRMED
RVW-202608-000846,ALT-202608-000919,RV-03,2026-08-27T10:26:10,CONFIRMED_FRAUD,DOC_FORGED
RVW-202608-000847,ALT-202608-000920,RV-05,2026-09-04T08:27:03,INSUFFICIENT_EVIDENCE,NO_CONTACT
RVW-202608-000848,ALT-202608-000921,RV-04,2026-09-05T12:46:45,CLEARED_FALSE_POSITIVE,CUSTOMER_CONTACTED
RVW-202608-000849,ALT-202608-000922,RV-06,2026-08-13T09:39:13,CLEARED_FALSE_POSITIVE,CUSTOMER_CONTACTED
RVW-202608-000850,ALT-202608-000924,RV-05,2026-08-09T06:39:26,CLEARED_FALSE_POSITIVE,CUSTOMER_CONTACTED
RVW-202608-000851,ALT-202608-000925,RV-06,2026-08-21T09:46:38,CLEARED_FALSE_POSITIVE,KNOWN_DEVICE
RVW-202608-000852,ALT-202608-000926,RV-06,2026-08-30T09:30:46,CLEARED_FALSE_POSITIVE,DOC_VALID
RVW-202608-000853,ALT-202608-000927,RV-02,2026-08-25T06:35:08,CLEARED_FALSE_POSITIVE,ID_VERIFIED
RVW-202608-000854,ALT-202608-000928,RV-01,2026-08-03T11:26:28,INSUFFICIENT_EVIDENCE,NO_CONTACT
RVW-202608-000855,ALT-202608-000929,RV-03,2026-08-21T19:41:50,CLEARED_FALSE_POSITIVE,ID_VERIFIED
RVW-202608-000856,ALT-202608-000930,RV-04,2026-08-22T11:01:51,CLEARED_FALSE_POSITIVE,CUSTOMER_CONTACTED
RVW-202608-000857,ALT-202608-000931,RV-06,2026-08-12T13:55:24,CLEARED_FALSE_POSITIVE,CUSTOMER_CONTACTED
RVW-202608-000858,ALT-202608-000932,RV-03,2026-08-26T13:53:19,CLEARED_FALSE_POSITIVE,ID_VERIFIED
RVW-202608-000859,ALT-202608-000933,RV-02,2026-08-07T20:38:14,CLEARED_FALSE_POSITIVE,CUSTOMER_CONTACTED
RVW-202608-000860,ALT-202608-000934,RV-05,2026-08-10T22:11:24,CONFIRMED_FRAUD,ATO_CONFIRMED
RVW-202608-000861,ALT-202608-000935,RV-06,2026-08-08T18:23:42,CLEARED_FALSE_POSITIVE,CUSTOMER_CONTACTED
RVW-202608-000862,ALT-202608-000936,RV-03,2026-08-24T11:39:21,CLEARED_FALSE_POSITIVE,ID_VERIFIED
RVW-202608-000863,ALT-202608-000937,RV-03,2026-09-10T16:18:54,INSUFFICIENT_EVIDENCE,AGED_OUT
RVW-202608-000864,ALT-202608-000938,RV-04,2026-09-03T22:32:26,CONFIRMED_FRAUD,SYNTH_ID_CONFIRMED
RVW-202608-000865,ALT-202608-000939,RV-05,2026-09-03T22:48:35,CLEARED_FALSE_POSITIVE,DOC_VALID
RVW-202608-000866,ALT-202608-000940,RV-01,2026-09-02T18:44:11,CLEARED_FALSE_POSITIVE,DOC_VALID
RVW-202608-000867,ALT-202608-000941,RV-05,2026-08-27T11:30:53,CLEARED_FALSE_POSITIVE,ID_VERIFIED
RVW-202608-000868,ALT-202608-000942,RV-02,2026-08-27T07:26:20,CLEARED_FALSE_POSITIVE,KNOWN_DEVICE
RVW-202608-000869,ALT-202608-000943,RV-05,2026-08-18T12:37:44,CLEARED_FALSE_POSITIVE,KNOWN_DEVICE
RVW-202608-000870,ALT-202608-000944,RV-04,2026-08-16T18:58:08,CONFIRMED_FRAUD,MULE_CONFIRMED
RVW-202608-000871,ALT-202608-000945,RV-04,2026-08-29T08:20:17,CLEARED_FALSE_POSITIVE,KNOWN_DEVICE
RVW-202608-000872,ALT-202608-000947,RV-03,2026-08-20T19:02:55,CLEARED_FALSE_POSITIVE,CUSTOMER_CONTACTED
RVW-202608-000873,ALT-202608-000948,RV-04,2026-08-23T09:04:05,CLEARED_FALSE_POSITIVE,CUSTOMER_CONTACTED
RVW-202608-000874,ALT-202608-000949,RV-01,2026-09-02T08:25:07,CONFIRMED_FRAUD,MULE_CONFIRMED
RVW-202608-000875,ALT-202608-000950,RV-03,2026-08-27T19:48:02,CONFIRMED_FRAUD,DOC_FORGED
RVW-202608-000876,ALT-202608-000951,RV-05,2026-08-07T14:10:37,CLEARED_FALSE_POSITIVE,ID_VERIFIED
RVW-202608-000877,ALT-202608-000952,RV-06,2026-08-10T08:54:43,CLEARED_FALSE_POSITIVE,DOC_VALID
RVW-202608-000878,ALT-202608-000953,RV-06,2026-08-30T15:33:40,CLEARED_FALSE_POSITIVE,ID_VERIFIED
RVW-202608-000879,ALT-202608-000954,RV-02,2026-08-17T18:02:34,CLEARED_FALSE_POSITIVE,DOC_VALID
RVW-202608-000880,ALT-202608-000955,RV-03,2026-09-03T18:24:38,CLEARED_FALSE_POSITIVE,ID_VERIFIED
RVW-202608-000881,ALT-202608-000956,RV-05,2026-08-30T07:54:17,CLEARED_FALSE_POSITIVE,CUSTOMER_CONTACTED
RVW-202608-000882,ALT-202608-000957,RV-05,2026-08-09T17:23:08,CLEARED_FALSE_POSITIVE,CUSTOMER_CONTACTED
RVW-202608-000883,ALT-202608-000958,RV-04,2026-08-08T21:04:04,CONFIRMED_FRAUD,DOC_FORGED
RVW-202608-000884,ALT-202608-000959,RV-02,2026-09-02T20:38:40,INSUFFICIENT_EVIDENCE,NO_CONTACT
RVW-202608-000885,ALT-202608-000960,RV-06,2026-08-16T10:30:20,CLEARED_FALSE_POSITIVE,ID_VERIFIED
RVW-202608-000886,ALT-202608-000961,RV-04,2026-08-20T16:18:11,CLEARED_FALSE_POSITIVE,KNOWN_DEVICE
RVW-202608-000887,ALT-202608-000962,RV-04,2026-08-13T20:56:27,CLEARED_FALSE_POSITIVE,ID_VERIFIED
RVW-202608-000888,ALT-202608-000963,RV-02,2026-09-03T19:21:50,CLEARED_FALSE_POSITIVE,KNOWN_DEVICE
RVW-202608-000889,ALT-202608-000964,RV-01,2026-08-31T18:20:47,INSUFFICIENT_EVIDENCE,NO_CONTACT
RVW-202608-000890,ALT-202608-000965,RV-03,2026-08-23T16:07:16,CLEARED_FALSE_POSITIVE,ID_VERIFIED
RVW-202608-000891,ALT-202608-000966,RV-04,2026-09-09T12:57:55,CLEARED_FALSE_POSITIVE,ID_VERIFIED
RVW-202608-000892,ALT-202608-000967,RV-01,2026-08-19T22:40:46,CLEARED_FALSE_POSITIVE,KNOWN_DEVICE
RVW-202608-000893,ALT-202608-000968,RV-04,2026-08-25T08:08:26,CLEARED_FALSE_POSITIVE,KNOWN_DEVICE
RVW-202608-000894,ALT-202608-000969,RV-03,2026-08-07T14:49:56,CLEARED_FALSE_POSITIVE,CUSTOMER_CONTACTED
RVW-202608-000895,ALT-202608-000970,RV-06,2026-08-31T19:41:42,CLEARED_FALSE_POSITIVE,ID_VERIFIED
RVW-202608-000896,ALT-202608-000971,RV-02,2026-08-28T06:53:39,CLEARED_FALSE_POSITIVE,CUSTOMER_CONTACTED
RVW-202608-000897,ALT-202608-000972,RV-05,2026-09-03T19:18:34,CLEARED_FALSE_POSITIVE,ID_VERIFIED
RVW-202608-000898,ALT-202608-000973,RV-04,2026-08-18T18:50:19,CLEARED_FALSE_POSITIVE,ID_VERIFIED
RVW-202608-000899,ALT-202608-000974,RV-02,2026-09-04T13:52:57,INSUFFICIENT_EVIDENCE,AGED_OUT
RVW-202608-000900,ALT-202608-000975,RV-04,2026-08-06T07:02:59,CLEARED_FALSE_POSITIVE,ID_VERIFIED
RVW-202608-000901,ALT-202608-000976,RV-01,2026-09-09T08:49:54,CLEARED_FALSE_POSITIVE,CUSTOMER_CONTACTED
RVW-202608-000902,ALT-202608-000978,RV-01,2026-08-28T11:17:08,CLEARED_FALSE_POSITIVE,DOC_VALID
RVW-202608-000903,ALT-202608-000979,RV-02,2026-08-28T15:06:10,CLEARED_FALSE_POSITIVE,DOC_VALID
RVW-202608-000904,ALT-202608-000980,RV-02,2026-08-29T18:23:59,CONFIRMED_FRAUD,MULE_CONFIRMED
RVW-202608-000905,ALT-202608-000981,RV-05,2026-09-09T19:01:56,CONFIRMED_FRAUD,SYNTH_ID_CONFIRMED
RVW-202608-000906,ALT-202608-000982,RV-03,2026-08-19T12:46:01,CLEARED_FALSE_POSITIVE,CUSTOMER_CONTACTED
RVW-202608-000907,ALT-202608-000983,RV-05,2026-08-08T08:47:45,CLEARED_FALSE_POSITIVE,KNOWN_DEVICE
RVW-202608-000908,ALT-202608-000984,RV-03,2026-09-02T08:07:13,INSUFFICIENT_EVIDENCE,NO_CONTACT
RVW-202608-000909,ALT-202608-000985,RV-02,2026-09-01T08:56:07,CLEARED_FALSE_POSITIVE,KNOWN_DEVICE
RVW-202608-000910,ALT-202608-000986,RV-05,2026-08-26T19:15:23,CLEARED_FALSE_POSITIVE,CUSTOMER_CONTACTED
RVW-202608-000911,ALT-202608-000987,RV-06,2026-08-18T19:05:24,CLEARED_FALSE_POSITIVE,CUSTOMER_CONTACTED
RVW-202608-000912,ALT-202608-000988,RV-06,2026-08-06T19:02:06,CLEARED_FALSE_POSITIVE,CUSTOMER_CONTACTED
RVW-202608-000913,ALT-202608-000989,RV-03,2026-09-07T22:10:47,INSUFFICIENT_EVIDENCE,NO_CONTACT
RVW-202608-000914,ALT-202608-000990,RV-01,2026-08-22T22:00:30,CLEARED_FALSE_POSITIVE,ID_VERIFIED
RVW-202608-000915,ALT-202608-000991,RV-03,2026-08-19T15:04:09,CLEARED_FALSE_POSITIVE,ID_VERIFIED
RVW-202608-000916,ALT-202608-000992,RV-05,2026-08-21T09:31:28,CLEARED_FALSE_POSITIVE,ID_VERIFIED
RVW-202608-000917,ALT-202608-000993,RV-02,2026-09-05T11:58:54,INSUFFICIENT_EVIDENCE,NO_CONTACT
RVW-202608-000918,ALT-202608-000994,RV-03,2026-08-08T19:39:05,CLEARED_FALSE_POSITIVE,KNOWN_DEVICE
RVW-202608-000919,ALT-202608-000995,RV-04,2026-08-23T20:36:36,CONFIRMED_FRAUD,SYNTH_ID_CONFIRMED
RVW-202608-000920,ALT-202608-000996,RV-04,2026-08-27T21:20:29,CONFIRMED_FRAUD,MULE_CONFIRMED
RVW-202608-000921,ALT-202608-000997,RV-03,2026-08-31T06:13:08,CLEARED_FALSE_POSITIVE,KNOWN_DEVICE
RVW-202608-000922,ALT-202608-000998,RV-05,2026-08-22T07:04:30,CLEARED_FALSE_POSITIVE,KNOWN_DEVICE
RVW-202608-000923,ALT-202608-000999,RV-02,2026-08-31T13:06:35,CONFIRMED_FRAUD,DOC_FORGED
RVW-202608-000924,ALT-202608-001000,RV-06,2026-08-22T16:17:58,CLEARED_FALSE_POSITIVE,DOC_VALID
RVW-202608-000925,ALT-202608-001001,RV-05,2026-08-25T06:53:24,CLEARED_FALSE_POSITIVE,KNOWN_DEVICE
RVW-202608-000926,ALT-202608-001002,RV-02,2026-08-17T18:37:31,CLEARED_FALSE_POSITIVE,CUSTOMER_CONTACTED
RVW-202608-000927,ALT-202608-001003,RV-04,2026-08-22T09:36:07,CLEARED_FALSE_POSITIVE,DOC_VALID
RVW-202608-000928,ALT-202608-001004,RV-04,2026-08-21T09:45:54,INSUFFICIENT_EVIDENCE,DATA_UNAVAILABLE
RVW-202608-000929,ALT-202608-001005,RV-04,2026-08-14T18:03:41,CLEARED_FALSE_POSITIVE,KNOWN_DEVICE
RVW-202608-000930,ALT-202608-001006,RV-02,2026-09-02T13:45:19,CLEARED_FALSE_POSITIVE,ID_VERIFIED
RVW-202608-000931,ALT-202608-001007,RV-01,2026-08-26T10:46:24,CLEARED_FALSE_POSITIVE,KNOWN_DEVICE
RVW-202608-000932,ALT-202608-001008,RV-03,2026-08-15T16:58:14,CLEARED_FALSE_POSITIVE,ID_VERIFIED
RVW-202608-000933,ALT-202608-001009,RV-03,2026-08-15T17:26:24,CONFIRMED_FRAUD,SYNTH_ID_CONFIRMED
RVW-202608-000934,ALT-202608-001010,RV-06,2026-08-18T13:39:31,CLEARED_FALSE_POSITIVE,ID_VERIFIED
RVW-202608-000935,ALT-202608-001011,RV-06,2026-08-21T20:27:35,CLEARED_FALSE_POSITIVE,KNOWN_DEVICE
RVW-202608-000936,ALT-202608-001012,RV-04,2026-08-18T14:46:00,INSUFFICIENT_EVIDENCE,DATA_UNAVAILABLE
RVW-202608-000937,ALT-202608-001013,RV-02,2026-09-04T11:37:56,CONFIRMED_FRAUD,MULE_CONFIRMED
RVW-202608-000938,ALT-202608-001014,RV-01,2026-08-29T18:47:57,CLEARED_FALSE_POSITIVE,DOC_VALID
RVW-202608-000939,ALT-202608-001015,RV-03,2026-08-29T20:37:49,CLEARED_FALSE_POSITIVE,ID_VERIFIED
RVW-202608-000940,ALT-202608-001016,RV-06,2026-08-21T06:34:56,CLEARED_FALSE_POSITIVE,ID_VERIFIED
RVW-202608-000941,ALT-202608-001017,RV-06,2026-08-26T09:49:43,CLEARED_FALSE_POSITIVE,KNOWN_DEVICE
RVW-202608-000942,ALT-202608-001018,RV-04,2026-08-20T07:48:48,CLEARED_FALSE_POSITIVE,DOC_VALID
RVW-202608-000943,ALT-202608-001019,RV-04,2026-08-17T15:21:21,CLEARED_FALSE_POSITIVE,DOC_VALID
RVW-202608-000944,ALT-202608-001020,RV-01,2026-08-16T17:29:18,CLEARED_FALSE_POSITIVE,DOC_VALID
RVW-202608-000945,ALT-202608-001021,RV-06,2026-08-08T19:29:30,CLEARED_FALSE_POSITIVE,DOC_VALID
RVW-202608-000946,ALT-202608-001022,RV-04,2026-08-29T16:12:31,CLEARED_FALSE_POSITIVE,ID_VERIFIED
RVW-202608-000947,ALT-202608-001023,RV-01,2026-08-11T09:59:23,CLEARED_FALSE_POSITIVE,KNOWN_DEVICE
RVW-202608-000948,ALT-202608-001024,RV-03,2026-09-01T17:28:55,CLEARED_FALSE_POSITIVE,DOC_VALID
RVW-202608-000949,ALT-202608-001025,RV-01,2026-08-03T22:53:17,CONFIRMED_FRAUD,DOC_FORGED
RVW-202608-000950,ALT-202608-001026,RV-03,2026-08-20T21:44:03,CLEARED_FALSE_POSITIVE,DOC_VALID
RVW-202608-000951,ALT-202608-001027,RV-02,2026-08-12T17:35:06,CLEARED_FALSE_POSITIVE,CUSTOMER_CONTACTED
RVW-202608-000952,ALT-202608-001028,RV-05,2026-08-26T14:08:39,CONFIRMED_FRAUD,MULE_CONFIRMED
RVW-202608-000953,ALT-202608-001029,RV-03,2026-08-12T09:36:03,CLEARED_FALSE_POSITIVE,KNOWN_DEVICE
RVW-202608-000954,ALT-202608-001030,RV-01,2026-08-18T13:42:00,CLEARED_FALSE_POSITIVE,DOC_VALID
RVW-202608-000955,ALT-202608-001031,RV-02,2026-08-31T20:41:25,CONFIRMED_FRAUD,ATO_CONFIRMED
RVW-202608-000956,ALT-202608-001033,RV-05,2026-08-23T20:40:38,CLEARED_FALSE_POSITIVE,ID_VERIFIED
RVW-202608-000957,ALT-202608-001034,RV-02,2026-09-09T17:09:48,CLEARED_FALSE_POSITIVE,KNOWN_DEVICE
RVW-202608-000958,ALT-202608-001035,RV-06,2026-08-04T06:11:11,CLEARED_FALSE_POSITIVE,CUSTOMER_CONTACTED
RVW-202608-000959,ALT-202608-001036,RV-02,2026-09-04T09:19:59,CLEARED_FALSE_POSITIVE,ID_VERIFIED
RVW-202608-000960,ALT-202608-001037,RV-05,2026-09-07T20:58:03,CLEARED_FALSE_POSITIVE,ID_VERIFIED
RVW-202608-000961,ALT-202608-001038,RV-01,2026-08-25T12:59:39,CONFIRMED_FRAUD,SYNTH_ID_CONFIRMED
RVW-202608-000962,ALT-202608-001039,RV-02,2026-09-02T09:40:19,CLEARED_FALSE_POSITIVE,CUSTOMER_CONTACTED
RVW-202608-000963,ALT-202608-001040,RV-01,2026-08-29T20:08:12,CLEARED_FALSE_POSITIVE,KNOWN_DEVICE
RVW-202608-000964,ALT-202608-001041,RV-03,2026-08-18T17:07:26,CLEARED_FALSE_POSITIVE,ID_VERIFIED
RVW-202608-000965,ALT-202608-001042,RV-02,2026-08-14T18:19:00,CLEARED_FALSE_POSITIVE,KNOWN_DEVICE
RVW-202608-000966,ALT-202608-001043,RV-06,2026-08-26T19:40:55,CONFIRMED_FRAUD,DOC_FORGED
RVW-202608-000967,ALT-202608-001044,RV-04,2026-09-01T20:53:19,CLEARED_FALSE_POSITIVE,ID_VERIFIED
RVW-202608-000968,ALT-202608-001046,RV-04,2026-09-03T10:41:38,INSUFFICIENT_EVIDENCE,NO_CONTACT
RVW-202608-000969,ALT-202608-001047,RV-06,2026-08-19T18:49:55,CLEARED_FALSE_POSITIVE,DOC_VALID
RVW-202608-000970,ALT-202608-001048,RV-01,2026-08-08T16:25:05,CLEARED_FALSE_POSITIVE,ID_VERIFIED
RVW-202608-000971,ALT-202608-001050,RV-05,2026-08-14T07:04:23,INSUFFICIENT_EVIDENCE,DATA_UNAVAILABLE
RVW-202608-000972,ALT-202608-001051,RV-05,2026-08-19T06:59:13,INSUFFICIENT_EVIDENCE,AGED_OUT
RVW-202608-000973,ALT-202608-001052,RV-02,2026-09-03T06:04:32,CONFIRMED_FRAUD,ATO_CONFIRMED
RVW-202608-000974,ALT-202608-001053,RV-02,2026-08-24T06:21:28,CLEARED_FALSE_POSITIVE,ID_VERIFIED
RVW-202608-000975,ALT-202608-001054,RV-06,2026-08-17T12:57:51,INSUFFICIENT_EVIDENCE,AGED_OUT
RVW-202608-000976,ALT-202608-001055,RV-06,2026-08-30T19:07:46,CLEARED_FALSE_POSITIVE,ID_VERIFIED
RVW-202608-000977,ALT-202608-001056,RV-02,2026-08-26T14:40:11,CLEARED_FALSE_POSITIVE,CUSTOMER_CONTACTED
RVW-202608-000978,ALT-202608-001057,RV-03,2026-08-20T20:11:08,CLEARED_FALSE_POSITIVE,CUSTOMER_CONTACTED
RVW-202608-000979,ALT-202608-001058,RV-04,2026-08-24T08:13:12,CONFIRMED_FRAUD,DOC_FORGED
RVW-202608-000980,ALT-202608-001059,RV-02,2026-08-31T06:09:13,CLEARED_FALSE_POSITIVE,ID_VERIFIED
RVW-202608-000981,ALT-202608-001060,RV-06,2026-08-25T17:02:57,CONFIRMED_FRAUD,MULE_CONFIRMED
RVW-202608-000982,ALT-202608-001061,RV-06,2026-08-21T20:22:12,CLEARED_FALSE_POSITIVE,CUSTOMER_CONTACTED
RVW-202608-000983,ALT-202608-001062,RV-06,2026-08-27T21:12:09,CLEARED_FALSE_POSITIVE,CUSTOMER_CONTACTED
RVW-202608-000984,ALT-202608-001063,RV-04,2026-08-25T12:41:27,CLEARED_FALSE_POSITIVE,CUSTOMER_CONTACTED
RVW-202608-000985,ALT-202608-001064,RV-04,2026-08-31T14:44:57,INSUFFICIENT_EVIDENCE,AGED_OUT
RVW-202608-000986,ALT-202608-001065,RV-02,2026-08-07T12:31:31,CLEARED_FALSE_POSITIVE,ID_VERIFIED
RVW-202608-000987,ALT-202608-001066,RV-02,2026-09-08T13:08:45,CLEARED_FALSE_POSITIVE,KNOWN_DEVICE
RVW-202608-000988,ALT-202608-001067,RV-06,2026-08-29T18:42:09,CLEARED_FALSE_POSITIVE,ID_VERIFIED
RVW-202608-000989,ALT-202608-001068,RV-06,2026-09-01T18:30:41,CONFIRMED_FRAUD,SYNTH_ID_CONFIRMED
RVW-202608-000990,ALT-202608-001069,RV-06,2026-09-04T07:06:20,CLEARED_FALSE_POSITIVE,ID_VERIFIED
RVW-202608-000991,ALT-202608-001070,RV-01,2026-08-20T13:57:40,CONFIRMED_FRAUD,SYNTH_ID_CONFIRMED
RVW-202608-000992,ALT-202608-001072,RV-06,2026-08-09T11:40:13,CLEARED_FALSE_POSITIVE,ID_VERIFIED
RVW-202608-000993,ALT-202608-001073,RV-02,2026-09-03T15:35:12,CLEARED_FALSE_POSITIVE,CUSTOMER_CONTACTED
RVW-202608-000994,ALT-202608-001074,RV-05,2026-08-11T06:18:39,CLEARED_FALSE_POSITIVE,KNOWN_DEVICE
RVW-202608-000995,ALT-202608-001075,RV-05,2026-08-17T18:20:17,CLEARED_FALSE_POSITIVE,ID_VERIFIED
RVW-202608-000996,ALT-202608-001076,RV-06,2026-09-02T20:06:45,CLEARED_FALSE_POSITIVE,DOC_VALID
RVW-202608-000997,ALT-202608-001077,RV-03,2026-09-08T06:02:27,CONFIRMED_FRAUD,SYNTH_ID_CONFIRMED
RVW-202608-000998,ALT-202608-001079,RV-02,2026-09-06T22:01:34,CONFIRMED_FRAUD,ATO_CONFIRMED
RVW-202608-000999,ALT-202608-001080,RV-02,2026-08-29T20:55:13,CLEARED_FALSE_POSITIVE,CUSTOMER_CONTACTED
RVW-202608-001000,ALT-202608-001081,RV-01,2026-08-19T11:51:34,INSUFFICIENT_EVIDENCE,DATA_UNAVAILABLE
RVW-202608-001001,ALT-202608-001082,RV-02,2026-09-08T11:51:51,CLEARED_FALSE_POSITIVE,KNOWN_DEVICE
RVW-202608-001002,ALT-202608-001083,RV-01,2026-08-25T19:41:10,CLEARED_FALSE_POSITIVE,KNOWN_DEVICE
RVW-202608-001003,ALT-202608-001084,RV-04,2026-08-27T15:48:09,CONFIRMED_FRAUD,SYNTH_ID_CONFIRMED
RVW-202608-001004,ALT-202608-001085,RV-05,2026-09-04T07:41:31,INSUFFICIENT_EVIDENCE,AGED_OUT
RVW-202608-001005,ALT-202608-001086,RV-05,2026-09-01T22:04:27,INSUFFICIENT_EVIDENCE,NO_CONTACT
RVW-202608-001006,ALT-202608-001087,RV-05,2026-08-25T19:02:35,CLEARED_FALSE_POSITIVE,DOC_VALID
RVW-202608-001007,ALT-202608-001088,RV-04,2026-08-23T17:54:57,CLEARED_FALSE_POSITIVE,KNOWN_DEVICE
RVW-202608-001008,ALT-202608-001089,RV-03,2026-08-13T11:40:01,CLEARED_FALSE_POSITIVE,CUSTOMER_CONTACTED
RVW-202608-001009,ALT-202608-001090,RV-04,2026-08-24T09:02:56,CLEARED_FALSE_POSITIVE,KNOWN_DEVICE
RVW-202608-001010,ALT-202608-001091,RV-03,2026-08-24T16:54:24,CLEARED_FALSE_POSITIVE,DOC_VALID
RVW-202608-001011,ALT-202608-001092,RV-04,2026-08-22T13:09:21,CLEARED_FALSE_POSITIVE,ID_VERIFIED
RVW-202608-001012,ALT-202608-001093,RV-02,2026-08-31T18:00:04,CLEARED_FALSE_POSITIVE,CUSTOMER_CONTACTED
RVW-202608-001013,ALT-202608-001094,RV-04,2026-08-14T22:00:30,CLEARED_FALSE_POSITIVE,DOC_VALID
RVW-202608-001014,ALT-202608-001095,RV-05,2026-08-15T08:43:41,CLEARED_FALSE_POSITIVE,KNOWN_DEVICE
RVW-202608-001015,ALT-202608-001096,RV-02,2026-08-28T17:53:31,CLEARED_FALSE_POSITIVE,CUSTOMER_CONTACTED
RVW-202608-001016,ALT-202608-001098,RV-03,2026-09-08T08:25:26,CLEARED_FALSE_POSITIVE,ID_VERIFIED
RVW-202608-001017,ALT-202608-001099,RV-01,2026-08-19T20:48:18,CLEARED_FALSE_POSITIVE,CUSTOMER_CONTACTED
RVW-202608-001018,ALT-202608-001100,RV-06,2026-09-10T12:08:09,INSUFFICIENT_EVIDENCE,DATA_UNAVAILABLE
RVW-202608-001019,ALT-202608-001102,RV-05,2026-08-04T16:09:21,INSUFFICIENT_EVIDENCE,NO_CONTACT
RVW-202608-001020,ALT-202608-001103,RV-05,2026-08-10T11:53:46,CLEARED_FALSE_POSITIVE,ID_VERIFIED
RVW-202608-001021,ALT-202608-001104,RV-06,2026-08-29T21:18:24,INSUFFICIENT_EVIDENCE,DATA_UNAVAILABLE
RVW-202608-001022,ALT-202608-001105,RV-03,2026-08-29T19:22:20,CLEARED_FALSE_POSITIVE,CUSTOMER_CONTACTED
RVW-202608-001023,ALT-202608-001106,RV-05,2026-08-24T20:02:03,CONFIRMED_FRAUD,DOC_FORGED
RVW-202608-001024,ALT-202608-001107,RV-02,2026-09-04T10:17:05,CLEARED_FALSE_POSITIVE,KNOWN_DEVICE
RVW-202608-001025,ALT-202608-001108,RV-02,2026-08-16T12:37:40,CLEARED_FALSE_POSITIVE,ID_VERIFIED
RVW-202608-001026,ALT-202608-001109,RV-06,2026-08-16T13:30:49,CONFIRMED_FRAUD,DOC_FORGED
RVW-202608-001027,ALT-202608-001110,RV-04,2026-08-27T07:44:40,CONFIRMED_FRAUD,ATO_CONFIRMED
RVW-202608-001028,ALT-202608-001111,RV-02,2026-08-25T19:58:27,INSUFFICIENT_EVIDENCE,AGED_OUT
RVW-202608-001029,ALT-202608-001112,RV-06,2026-08-26T21:08:58,CLEARED_FALSE_POSITIVE,KNOWN_DEVICE
RVW-202608-001030,ALT-202608-001113,RV-03,2026-09-05T15:48:56,CLEARED_FALSE_POSITIVE,ID_VERIFIED
RVW-202608-001031,ALT-202608-001114,RV-02,2026-08-13T06:11:56,CONFIRMED_FRAUD,ATO_CONFIRMED
RVW-202608-001032,ALT-202608-001115,RV-05,2026-08-08T17:40:40,INSUFFICIENT_EVIDENCE,DATA_UNAVAILABLE
RVW-202608-001033,ALT-202608-001116,RV-06,2026-08-13T08:01:36,CONFIRMED_FRAUD,SYNTH_ID_CONFIRMED
RVW-202608-001034,ALT-202608-001117,RV-01,2026-08-16T21:27:16,CLEARED_FALSE_POSITIVE,CUSTOMER_CONTACTED
RVW-202608-001035,ALT-202608-001118,RV-04,2026-08-09T12:17:46,CLEARED_FALSE_POSITIVE,KNOWN_DEVICE
RVW-202608-001036,ALT-202608-001119,RV-05,2026-08-16T19:24:00,CLEARED_FALSE_POSITIVE,DOC_VALID
RVW-202608-001037,ALT-202608-001120,RV-01,2026-08-29T07:08:30,CLEARED_FALSE_POSITIVE,CUSTOMER_CONTACTED
RVW-202608-001038,ALT-202608-001121,RV-05,2026-08-29T18:45:57,CONFIRMED_FRAUD,DOC_FORGED
RVW-202608-001039,ALT-202608-001122,RV-02,2026-08-10T06:11:39,CLEARED_FALSE_POSITIVE,KNOWN_DEVICE
RVW-202608-001040,ALT-202608-001123,RV-02,2026-08-20T09:25:16,CLEARED_FALSE_POSITIVE,KNOWN_DEVICE
RVW-202608-001041,ALT-202608-001124,RV-04,2026-09-06T21:45:52,CLEARED_FALSE_POSITIVE,DOC_VALID
RVW-202608-001042,ALT-202608-001125,RV-06,2026-08-29T10:44:20,CLEARED_FALSE_POSITIVE,DOC_VALID
RVW-202608-001043,ALT-202608-001126,RV-03,2026-08-10T09:52:10,CONFIRMED_FRAUD,ATO_CONFIRMED
RVW-202608-001044,ALT-202608-001127,RV-03,2026-08-13T12:58:34,CLEARED_FALSE_POSITIVE,CUSTOMER_CONTACTED
RVW-202608-001045,ALT-202608-001128,RV-01,2026-09-03T14:08:10,INSUFFICIENT_EVIDENCE,AGED_OUT
RVW-202608-001046,ALT-202608-001129,RV-04,2026-08-26T12:27:31,CLEARED_FALSE_POSITIVE,CUSTOMER_CONTACTED
RVW-202608-001047,ALT-202608-001130,RV-05,2026-08-15T08:49:17,INSUFFICIENT_EVIDENCE,DATA_UNAVAILABLE
RVW-202608-001048,ALT-202608-001131,RV-06,2026-08-23T22:29:11,CONFIRMED_FRAUD,MULE_CONFIRMED
RVW-202608-001049,ALT-202608-001132,RV-06,2026-08-24T21:52:21,INSUFFICIENT_EVIDENCE,NO_CONTACT
RVW-202608-001050,ALT-202608-001133,RV-01,2026-08-23T16:12:00,CLEARED_FALSE_POSITIVE,KNOWN_DEVICE
RVW-202608-001051,ALT-202608-001134,RV-03,2026-08-29T15:25:04,CLEARED_FALSE_POSITIVE,KNOWN_DEVICE
RVW-202608-001052,ALT-202608-001135,RV-03,2026-08-08T16:07:56,CLEARED_FALSE_POSITIVE,DOC_VALID
RVW-202608-001053,ALT-202608-001136,RV-04,2026-08-24T22:20:25,INSUFFICIENT_EVIDENCE,AGED_OUT
RVW-202608-001054,ALT-202608-001137,RV-01,2026-08-26T19:16:55,CLEARED_FALSE_POSITIVE,ID_VERIFIED
RVW-202608-001055,ALT-202608-001138,RV-03,2026-08-27T22:20:07,INSUFFICIENT_EVIDENCE,AGED_OUT
RVW-202608-001056,ALT-202608-001139,RV-06,2026-08-24T18:25:07,CLEARED_FALSE_POSITIVE,DOC_VALID
RVW-202608-001057,ALT-202608-001140,RV-04,2026-09-01T20:26:18,CLEARED_FALSE_POSITIVE,DOC_VALID
RVW-202608-001058,ALT-202608-001141,RV-06,2026-08-19T07:36:38,CLEARED_FALSE_POSITIVE,KNOWN_DEVICE
RVW-202608-001059,ALT-202608-001142,RV-06,2026-08-23T11:57:22,CLEARED_FALSE_POSITIVE,ID_VERIFIED
RVW-202608-001060,ALT-202608-001143,RV-01,2026-08-26T11:29:09,INSUFFICIENT_EVIDENCE,DATA_UNAVAILABLE
RVW-202608-001061,ALT-202608-001144,RV-02,2026-08-25T11:51:11,INSUFFICIENT_EVIDENCE,NO_CONTACT
RVW-202608-001062,ALT-202608-001146,RV-01,2026-08-28T21:55:02,CONFIRMED_FRAUD,DOC_FORGED
RVW-202608-001063,ALT-202608-001147,RV-01,2026-09-08T11:03:54,CLEARED_FALSE_POSITIVE,KNOWN_DEVICE
RVW-202608-001064,ALT-202608-001148,RV-06,2026-08-14T11:29:23,INSUFFICIENT_EVIDENCE,AGED_OUT
RVW-202608-001065,ALT-202608-001149,RV-02,2026-08-08T22:37:03,CLEARED_FALSE_POSITIVE,CUSTOMER_CONTACTED
RVW-202608-001066,ALT-202608-001150,RV-04,2026-08-09T12:58:19,CONFIRMED_FRAUD,DOC_FORGED
RVW-202608-001067,ALT-202608-001151,RV-03,2026-08-09T17:57:56,CLEARED_FALSE_POSITIVE,DOC_VALID
RVW-202608-001068,ALT-202608-001152,RV-05,2026-08-30T06:34:25,CONFIRMED_FRAUD,DOC_FORGED
RVW-202608-001069,ALT-202608-001153,RV-02,2026-08-27T17:50:33,CLEARED_FALSE_POSITIVE,ID_VERIFIED
RVW-202608-001070,ALT-202608-001154,RV-02,2026-08-31T22:38:10,CLEARED_FALSE_POSITIVE,ID_VERIFIED
RVW-202608-001071,ALT-202608-001155,RV-04,2026-08-25T13:19:15,CONFIRMED_FRAUD,SYNTH_ID_CONFIRMED
RVW-202608-001072,ALT-202608-001156,RV-01,2026-08-05T16:38:12,CLEARED_FALSE_POSITIVE,DOC_VALID
RVW-202608-001073,ALT-202608-001157,RV-05,2026-08-17T14:40:58,CONFIRMED_FRAUD,ATO_CONFIRMED
RVW-202608-001074,ALT-202608-001158,RV-01,2026-09-03T07:52:13,CLEARED_FALSE_POSITIVE,ID_VERIFIED
RVW-202608-001075,ALT-202608-001159,RV-01,2026-08-30T07:15:15,CLEARED_FALSE_POSITIVE,DOC_VALID
RVW-202608-001076,ALT-202608-001160,RV-06,2026-08-13T09:53:00,CONFIRMED_FRAUD,SYNTH_ID_CONFIRMED
RVW-202608-001077,ALT-202608-001161,RV-01,2026-09-01T22:23:25,CONFIRMED_FRAUD,ATO_CONFIRMED
RVW-202608-001078,ALT-202608-001162,RV-02,2026-08-11T11:49:05,CONFIRMED_FRAUD,SYNTH_ID_CONFIRMED
RVW-202608-001079,ALT-202608-001163,RV-02,2026-09-01T14:13:27,INSUFFICIENT_EVIDENCE,NO_CONTACT
RVW-202608-001080,ALT-202608-001165,RV-05,2026-08-30T21:14:15,CONFIRMED_FRAUD,MULE_CONFIRMED
RVW-202608-001081,ALT-202608-001166,RV-05,2026-08-13T21:16:57,CLEARED_FALSE_POSITIVE,KNOWN_DEVICE
RVW-202608-001082,ALT-202608-001167,RV-02,2026-08-16T16:01:34,INSUFFICIENT_EVIDENCE,AGED_OUT
RVW-202608-001083,ALT-202608-001168,RV-06,2026-08-21T06:24:49,CONFIRMED_FRAUD,DOC_FORGED
RVW-202608-001084,ALT-202608-001169,RV-06,2026-08-08T22:24:50,CONFIRMED_FRAUD,MULE_CONFIRMED
RVW-202608-001085,ALT-202608-001170,RV-04,2026-08-04T16:58:51,CLEARED_FALSE_POSITIVE,DOC_VALID
RVW-202608-001086,ALT-202608-001171,RV-03,2026-08-30T22:04:13,CLEARED_FALSE_POSITIVE,ID_VERIFIED
RVW-202608-001087,ALT-202608-001172,RV-06,2026-09-05T12:23:58,CLEARED_FALSE_POSITIVE,KNOWN_DEVICE
RVW-202608-001088,ALT-202608-001173,RV-04,2026-08-29T20:27:20,CLEARED_FALSE_POSITIVE,KNOWN_DEVICE
RVW-202608-001089,ALT-202608-001174,RV-05,2026-08-26T11:27:54,CLEARED_FALSE_POSITIVE,CUSTOMER_CONTACTED
RVW-202608-001090,ALT-202608-001175,RV-05,2026-08-17T13:47:36,CLEARED_FALSE_POSITIVE,CUSTOMER_CONTACTED
RVW-202608-001091,ALT-202608-001177,RV-06,2026-08-17T14:20:24,CLEARED_FALSE_POSITIVE,ID_VERIFIED
RVW-202608-001092,ALT-202608-001178,RV-04,2026-08-25T19:42:21,INSUFFICIENT_EVIDENCE,AGED_OUT
RVW-202608-001093,ALT-202608-001179,RV-05,2026-08-29T17:44:29,CLEARED_FALSE_POSITIVE,KNOWN_DEVICE
RVW-202608-001094,ALT-202608-001180,RV-04,2026-08-28T12:07:49,CLEARED_FALSE_POSITIVE,ID_VERIFIED
RVW-202608-001095,ALT-202608-001181,RV-06,2026-08-13T11:26:24,CLEARED_FALSE_POSITIVE,DOC_VALID
RVW-202608-001096,ALT-202608-001182,RV-06,2026-08-17T16:20:57,CLEARED_FALSE_POSITIVE,KNOWN_DEVICE
RVW-202608-001097,ALT-202608-001183,RV-03,2026-08-16T19:51:28,CLEARED_FALSE_POSITIVE,CUSTOMER_CONTACTED
RVW-202608-001098,ALT-202608-001184,RV-02,2026-08-30T15:29:10,CLEARED_FALSE_POSITIVE,CUSTOMER_CONTACTED
RVW-202608-001099,ALT-202608-001185,RV-02,2026-08-11T19:58:57,CLEARED_FALSE_POSITIVE,KNOWN_DEVICE
RVW-202608-001100,ALT-202608-001186,RV-05,2026-08-09T06:01:40,CLEARED_FALSE_POSITIVE,ID_VERIFIED
RVW-202608-001101,ALT-202608-001187,RV-05,2026-09-07T14:51:12,CLEARED_FALSE_POSITIVE,KNOWN_DEVICE
RVW-202608-001102,ALT-202608-001188,RV-06,2026-08-11T13:26:26,CLEARED_FALSE_POSITIVE,CUSTOMER_CONTACTED
RVW-202608-001103,ALT-202608-001189,RV-01,2026-08-15T07:01:26,INSUFFICIENT_EVIDENCE,NO_CONTACT
RVW-202608-001104,ALT-202608-001190,RV-01,2026-09-05T09:52:38,CLEARED_FALSE_POSITIVE,KNOWN_DEVICE
RVW-202608-001105,ALT-202608-001191,RV-01,2026-08-25T19:30:17,CLEARED_FALSE_POSITIVE,CUSTOMER_CONTACTED
RVW-202608-001106,ALT-202608-001192,RV-05,2026-08-20T08:15:12,CONFIRMED_FRAUD,ATO_CONFIRMED
RVW-202608-001107,ALT-202608-001193,RV-05,2026-08-13T08:24:24,CLEARED_FALSE_POSITIVE,KNOWN_DEVICE
RVW-202608-001108,ALT-202608-001194,RV-04,2026-08-12T08:42:17,CLEARED_FALSE_POSITIVE,KNOWN_DEVICE
RVW-202608-001109,ALT-202608-001195,RV-01,2026-08-15T19:50:57,CLEARED_FALSE_POSITIVE,DOC_VALID
RVW-202608-001110,ALT-202608-001196,RV-01,2026-08-29T10:23:00,CLEARED_FALSE_POSITIVE,DOC_VALID
RVW-202608-001111,ALT-202608-001197,RV-05,2026-09-03T15:24:24,CLEARED_FALSE_POSITIVE,DOC_VALID
RVW-202608-001112,ALT-202608-001198,RV-02,2026-08-08T21:30:39,CLEARED_FALSE_POSITIVE,DOC_VALID
RVW-202608-001113,ALT-202608-001199,RV-01,2026-09-01T06:42:49,CONFIRMED_FRAUD,ATO_CONFIRMED
RVW-202608-001114,ALT-202608-001200,RV-01,2026-09-03T06:37:24,CLEARED_FALSE_POSITIVE,CUSTOMER_CONTACTED
RVW-202608-001115,ALT-202608-001201,RV-05,2026-08-13T10:59:00,INSUFFICIENT_EVIDENCE,AGED_OUT
RVW-202608-001116,ALT-202608-001202,RV-02,2026-09-07T15:05:11,CLEARED_FALSE_POSITIVE,ID_VERIFIED
RVW-202608-001117,ALT-202608-001203,RV-06,2026-09-03T11:52:39,INSUFFICIENT_EVIDENCE,NO_CONTACT
RVW-202608-001118,ALT-202608-001204,RV-04,2026-09-02T20:22:33,CONFIRMED_FRAUD,MULE_CONFIRMED
RVW-202608-001119,ALT-202608-001205,RV-02,2026-09-03T16:46:27,CLEARED_FALSE_POSITIVE,CUSTOMER_CONTACTED
RVW-202608-001120,ALT-202608-001206,RV-03,2026-09-01T09:10:52,CLEARED_FALSE_POSITIVE,CUSTOMER_CONTACTED
RVW-202608-001121,ALT-202608-001207,RV-03,2026-08-10T16:56:21,CLEARED_FALSE_POSITIVE,KNOWN_DEVICE
RVW-202608-001122,ALT-202608-001208,RV-06,2026-08-27T19:44:15,CONFIRMED_FRAUD,SYNTH_ID_CONFIRMED
RVW-202608-001123,ALT-202608-001209,RV-04,2026-08-30T18:08:21,CLEARED_FALSE_POSITIVE,KNOWN_DEVICE
RVW-202608-001124,ALT-202608-001210,RV-04,2026-08-09T14:22:44,CLEARED_FALSE_POSITIVE,DOC_VALID
RVW-202608-001125,ALT-202608-001211,RV-01,2026-08-26T15:33:53,CLEARED_FALSE_POSITIVE,KNOWN_DEVICE
RVW-202608-001126,ALT-202608-001212,RV-04,2026-08-16T13:33:35,CLEARED_FALSE_POSITIVE,DOC_VALID
RVW-202608-001127,ALT-202608-001213,RV-05,2026-08-08T17:21:34,CLEARED_FALSE_POSITIVE,ID_VERIFIED
RVW-202608-001128,ALT-202608-001214,RV-05,2026-08-17T16:30:20,CLEARED_FALSE_POSITIVE,ID_VERIFIED
RVW-202608-001129,ALT-202608-001215,RV-05,2026-08-11T13:49:59,CLEARED_FALSE_POSITIVE,DOC_VALID
RVW-202608-001130,ALT-202608-001216,RV-02,2026-08-10T07:00:29,CONFIRMED_FRAUD,DOC_FORGED
RVW-202608-001131,ALT-202608-001217,RV-04,2026-09-08T09:40:15,CLEARED_FALSE_POSITIVE,KNOWN_DEVICE
RVW-202608-001132,ALT-202608-001218,RV-04,2026-08-10T13:36:46,CLEARED_FALSE_POSITIVE,KNOWN_DEVICE
RVW-202608-001133,ALT-202608-001219,RV-02,2026-08-26T13:01:15,CLEARED_FALSE_POSITIVE,ID_VERIFIED
RVW-202608-001134,ALT-202608-001220,RV-03,2026-08-10T22:10:36,CONFIRMED_FRAUD,ATO_CONFIRMED
RVW-202608-001135,ALT-202608-001221,RV-05,2026-08-30T20:47:48,CLEARED_FALSE_POSITIVE,CUSTOMER_CONTACTED
RVW-202608-001136,ALT-202608-001222,RV-02,2026-08-15T22:25:08,CLEARED_FALSE_POSITIVE,ID_VERIFIED
RVW-202608-001137,ALT-202608-001223,RV-03,2026-08-09T17:52:12,CLEARED_FALSE_POSITIVE,DOC_VALID
RVW-202608-001138,ALT-202608-001224,RV-03,2026-09-08T21:48:36,CLEARED_FALSE_POSITIVE,CUSTOMER_CONTACTED
RVW-202608-001139,ALT-202608-001226,RV-03,2026-08-30T15:44:19,CLEARED_FALSE_POSITIVE,DOC_VALID
RVW-202608-001140,ALT-202608-001227,RV-04,2026-08-07T17:11:11,CLEARED_FALSE_POSITIVE,KNOWN_DEVICE
RVW-202608-001141,ALT-202608-001228,RV-05,2026-09-01T13:43:09,CLEARED_FALSE_POSITIVE,CUSTOMER_CONTACTED
RVW-202608-001142,ALT-202608-001229,RV-04,2026-08-18T16:35:37,CLEARED_FALSE_POSITIVE,CUSTOMER_CONTACTED
RVW-202608-001143,ALT-202608-001230,RV-01,2026-08-09T19:58:53,CLEARED_FALSE_POSITIVE,KNOWN_DEVICE
RVW-202608-001144,ALT-202608-001231,RV-03,2026-08-13T17:08:20,CLEARED_FALSE_POSITIVE,DOC_VALID
RVW-202608-001145,ALT-202608-001232,RV-04,2026-08-14T17:09:45,CONFIRMED_FRAUD,SYNTH_ID_CONFIRMED
RVW-202608-001146,ALT-202608-001233,RV-05,2026-08-04T08:15:37,CONFIRMED_FRAUD,SYNTH_ID_CONFIRMED
RVW-202608-001147,ALT-202608-001234,RV-01,2026-08-12T15:29:08,INSUFFICIENT_EVIDENCE,AGED_OUT
RVW-202608-001148,ALT-202608-001235,RV-01,2026-08-08T09:37:06,CLEARED_FALSE_POSITIVE,KNOWN_DEVICE
RVW-202608-001149,ALT-202608-001236,RV-06,2026-09-01T07:08:52,INSUFFICIENT_EVIDENCE,DATA_UNAVAILABLE
RVW-202608-001150,ALT-202608-001237,RV-01,2026-09-04T19:54:30,INSUFFICIENT_EVIDENCE,NO_CONTACT
RVW-202608-001151,ALT-202608-001238,RV-03,2026-08-26T10:11:18,CLEARED_FALSE_POSITIVE,CUSTOMER_CONTACTED
RVW-202608-001152,ALT-202608-001239,RV-03,2026-08-16T17:44:42,CLEARED_FALSE_POSITIVE,DOC_VALID
RVW-202608-001153,ALT-202608-001240,RV-02,2026-08-30T07:07:30,CLEARED_FALSE_POSITIVE,KNOWN_DEVICE
RVW-202608-001154,ALT-202608-001241,RV-01,2026-08-22T09:01:45,CLEARED_FALSE_POSITIVE,ID_VERIFIED
RVW-202608-001155,ALT-202608-001243,RV-05,2026-08-09T17:17:27,CLEARED_FALSE_POSITIVE,DOC_VALID
RVW-202608-001156,ALT-202608-001244,RV-05,2026-08-17T19:11:01,CONFIRMED_FRAUD,MULE_CONFIRMED
RVW-202608-001157,ALT-202608-001245,RV-03,2026-08-29T10:25:13,CONFIRMED_FRAUD,DOC_FORGED
RVW-202608-001158,ALT-202608-001246,RV-05,2026-09-06T11:40:39,CLEARED_FALSE_POSITIVE,ID_VERIFIED
RVW-202608-001159,ALT-202608-001247,RV-01,2026-08-31T14:58:15,CLEARED_FALSE_POSITIVE,CUSTOMER_CONTACTED
RVW-202608-001160,ALT-202608-001248,RV-06,2026-08-21T19:36:25,CONFIRMED_FRAUD,ATO_CONFIRMED
RVW-202608-001161,ALT-202608-001249,RV-05,2026-09-03T14:45:55,CONFIRMED_FRAUD,DOC_FORGED
RVW-202608-001162,ALT-202608-001250,RV-01,2026-09-03T07:31:16,CLEARED_FALSE_POSITIVE,KNOWN_DEVICE
RVW-202608-001163,ALT-202608-001251,RV-01,2026-09-01T19:32:37,CONFIRMED_FRAUD,MULE_CONFIRMED
RVW-202608-001164,ALT-202608-001252,RV-01,2026-09-05T16:29:27,CLEARED_FALSE_POSITIVE,ID_VERIFIED
RVW-202608-001165,ALT-202608-001253,RV-03,2026-08-26T21:56:31,CLEARED_FALSE_POSITIVE,CUSTOMER_CONTACTED
RVW-202608-001166,ALT-202608-001254,RV-03,2026-08-14T18:19:40,CLEARED_FALSE_POSITIVE,KNOWN_DEVICE
RVW-202608-001167,ALT-202608-001255,RV-05,2026-08-27T06:19:18,CLEARED_FALSE_POSITIVE,CUSTOMER_CONTACTED
RVW-202608-001168,ALT-202608-001256,RV-04,2026-08-14T14:52:14,CONFIRMED_FRAUD,DOC_FORGED
RVW-202608-001169,ALT-202608-001257,RV-03,2026-08-11T13:19:09,CONFIRMED_FRAUD,ATO_CONFIRMED
RVW-202608-001170,ALT-202608-001258,RV-04,2026-08-21T10:59:53,INSUFFICIENT_EVIDENCE,AGED_OUT
RVW-202608-001171,ALT-202608-001259,RV-02,2026-08-24T13:08:54,CLEARED_FALSE_POSITIVE,ID_VERIFIED
RVW-202608-001172,ALT-202608-001260,RV-05,2026-08-31T08:49:13,CLEARED_FALSE_POSITIVE,CUSTOMER_CONTACTED
RVW-202608-001173,ALT-202608-001261,RV-04,2026-08-13T10:03:26,CLEARED_FALSE_POSITIVE,DOC_VALID
RVW-202608-001174,ALT-202608-001262,RV-01,2026-08-23T12:53:06,INSUFFICIENT_EVIDENCE,DATA_UNAVAILABLE
RVW-202608-001175,ALT-202608-001263,RV-05,2026-08-16T06:35:04,CLEARED_FALSE_POSITIVE,DOC_VALID
RVW-202608-001176,ALT-202608-001265,RV-02,2026-08-23T10:38:06,CONFIRMED_FRAUD,MULE_CONFIRMED
RVW-202608-001177,ALT-202608-001266,RV-06,2026-08-23T19:57:48,CLEARED_FALSE_POSITIVE,DOC_VALID
RVW-202608-001178,ALT-202608-001267,RV-01,2026-08-30T06:31:56,CLEARED_FALSE_POSITIVE,KNOWN_DEVICE
RVW-202608-001179,ALT-202608-001268,RV-04,2026-08-14T08:26:25,CLEARED_FALSE_POSITIVE,DOC_VALID
RVW-202608-001180,ALT-202608-001269,RV-06,2026-08-28T09:53:31,CLEARED_FALSE_POSITIVE,DOC_VALID
RVW-202608-001181,ALT-202608-001270,RV-02,2026-08-28T17:44:57,INSUFFICIENT_EVIDENCE,NO_CONTACT
RVW-202608-001182,ALT-202608-001271,RV-06,2026-08-08T17:22:47,CONFIRMED_FRAUD,DOC_FORGED
RVW-202608-001183,ALT-202608-001272,RV-04,2026-08-30T06:02:54,CLEARED_FALSE_POSITIVE,DOC_VALID
RVW-202608-001184,ALT-202608-001273,RV-02,2026-08-19T15:53:14,CONFIRMED_FRAUD,DOC_FORGED
RVW-202608-001185,ALT-202608-001275,RV-05,2026-08-20T18:06:39,CLEARED_FALSE_POSITIVE,ID_VERIFIED
RVW-202608-001186,ALT-202608-001277,RV-05,2026-08-27T11:10:31,CLEARED_FALSE_POSITIVE,KNOWN_DEVICE
RVW-202608-001187,ALT-202608-001278,RV-06,2026-08-19T21:29:01,CLEARED_FALSE_POSITIVE,KNOWN_DEVICE
RVW-202608-001188,ALT-202608-001279,RV-06,2026-08-17T16:57:17,CLEARED_FALSE_POSITIVE,DOC_VALID
RVW-202608-001189,ALT-202608-001280,RV-05,2026-08-28T16:28:48,CONFIRMED_FRAUD,ATO_CONFIRMED
RVW-202608-001190,ALT-202608-001281,RV-02,2026-08-30T16:54:29,CONFIRMED_FRAUD,ATO_CONFIRMED
RVW-202608-001191,ALT-202608-001282,RV-02,2026-08-31T16:27:28,CLEARED_FALSE_POSITIVE,ID_VERIFIED
RVW-202608-001192,ALT-202608-001283,RV-05,2026-08-28T13:14:59,CLEARED_FALSE_POSITIVE,KNOWN_DEVICE
RVW-202608-001193,ALT-202608-001284,RV-02,2026-09-05T20:59:32,INSUFFICIENT_EVIDENCE,DATA_UNAVAILABLE
RVW-202608-001194,ALT-202608-001285,RV-02,2026-08-24T14:52:15,CLEARED_FALSE_POSITIVE,KNOWN_DEVICE
RVW-202608-001195,ALT-202608-001286,RV-06,2026-08-30T11:50:57,CLEARED_FALSE_POSITIVE,DOC_VALID
RVW-202608-001196,ALT-202608-001287,RV-02,2026-09-01T09:21:03,CLEARED_FALSE_POSITIVE,KNOWN_DEVICE
RVW-202608-001197,ALT-202608-001288,RV-04,2026-08-30T11:30:09,CLEARED_FALSE_POSITIVE,DOC_VALID
RVW-202608-001198,ALT-202608-001289,RV-04,2026-08-29T15:48:19,CONFIRMED_FRAUD,DOC_FORGED
RVW-202608-001199,ALT-202608-001290,RV-06,2026-09-02T08:54:27,CLEARED_FALSE_POSITIVE,ID_VERIFIED
RVW-202608-001200,ALT-202608-001291,RV-02,2026-08-28T10:01:14,CLEARED_FALSE_POSITIVE,DOC_VALID
RVW-202608-001201,ALT-202608-001292,RV-06,2026-08-11T21:54:02,CONFIRMED_FRAUD,ATO_CONFIRMED
RVW-202608-001202,ALT-202608-001293,RV-02,2026-08-17T18:04:52,CLEARED_FALSE_POSITIVE,ID_VERIFIED
RVW-202608-001203,ALT-202608-001294,RV-01,2026-08-10T22:53:28,CONFIRMED_FRAUD,SYNTH_ID_CONFIRMED
RVW-202608-001204,ALT-202608-001295,RV-03,2026-09-06T15:54:17,CONFIRMED_FRAUD,SYNTH_ID_CONFIRMED
RVW-202608-001205,ALT-202608-001296,RV-04,2026-09-07T12:04:26,CONFIRMED_FRAUD,DOC_FORGED
RVW-202608-001206,ALT-202608-001297,RV-06,2026-08-12T22:28:14,CLEARED_FALSE_POSITIVE,CUSTOMER_CONTACTED
RVW-202608-001207,ALT-202608-001298,RV-04,2026-08-29T11:14:22,CLEARED_FALSE_POSITIVE,KNOWN_DEVICE
RVW-202608-001208,ALT-202608-001300,RV-06,2026-08-18T17:40:16,CLEARED_FALSE_POSITIVE,DOC_VALID
RVW-202608-001209,ALT-202608-001302,RV-05,2026-09-05T15:50:17,CLEARED_FALSE_POSITIVE,DOC_VALID
RVW-202608-001210,ALT-202608-001303,RV-04,2026-08-02T15:04:19,CLEARED_FALSE_POSITIVE,ID_VERIFIED
RVW-202608-001211,ALT-202608-001304,RV-06,2026-09-05T21:06:27,CLEARED_FALSE_POSITIVE,KNOWN_DEVICE
RVW-202608-001212,ALT-202608-001305,RV-04,2026-08-31T06:36:36,CLEARED_FALSE_POSITIVE,DOC_VALID
RVW-202608-001213,ALT-202608-001306,RV-01,2026-08-31T15:09:40,INSUFFICIENT_EVIDENCE,DATA_UNAVAILABLE
RVW-202608-001214,ALT-202608-001307,RV-01,2026-08-17T17:25:04,CLEARED_FALSE_POSITIVE,ID_VERIFIED
RVW-202608-001215,ALT-202608-001308,RV-03,2026-09-02T14:54:02,CLEARED_FALSE_POSITIVE,KNOWN_DEVICE
RVW-202608-001216,ALT-202608-001309,RV-01,2026-08-08T11:15:11,CLEARED_FALSE_POSITIVE,CUSTOMER_CONTACTED
RVW-202608-001217,ALT-202608-001310,RV-01,2026-08-02T18:53:55,CLEARED_FALSE_POSITIVE,DOC_VALID
RVW-202608-001218,ALT-202608-001312,RV-01,2026-08-25T11:26:15,CLEARED_FALSE_POSITIVE,ID_VERIFIED
RVW-202608-001219,ALT-202608-001313,RV-05,2026-08-03T11:14:46,INSUFFICIENT_EVIDENCE,NO_CONTACT
RVW-202608-001220,ALT-202608-001314,RV-04,2026-09-01T22:59:13,CONFIRMED_FRAUD,DOC_FORGED
RVW-202608-001221,ALT-202608-001315,RV-05,2026-08-28T14:31:08,INSUFFICIENT_EVIDENCE,DATA_UNAVAILABLE
RVW-202608-001222,ALT-202608-001316,RV-01,2026-08-29T08:08:16,CLEARED_FALSE_POSITIVE,ID_VERIFIED
RVW-202608-001223,ALT-202608-001318,RV-05,2026-09-02T21:08:09,CONFIRMED_FRAUD,MULE_CONFIRMED
RVW-202608-001224,ALT-202608-001319,RV-05,2026-08-07T13:19:00,CLEARED_FALSE_POSITIVE,CUSTOMER_CONTACTED
RVW-202608-001225,ALT-202608-001320,RV-03,2026-08-28T06:45:48,CLEARED_FALSE_POSITIVE,DOC_VALID
RVW-202608-001226,ALT-202608-001321,RV-01,2026-09-05T15:54:10,CLEARED_FALSE_POSITIVE,KNOWN_DEVICE
RVW-202608-001227,ALT-202608-001322,RV-04,2026-08-17T10:32:44,CLEARED_FALSE_POSITIVE,DOC_VALID
RVW-202608-001228,ALT-202608-001323,RV-03,2026-08-30T09:19:50,CLEARED_FALSE_POSITIVE,KNOWN_DEVICE
RVW-202608-001229,ALT-202608-001324,RV-02,2026-08-09T13:39:30,CLEARED_FALSE_POSITIVE,ID_VERIFIED
RVW-202608-001230,ALT-202608-001325,RV-03,2026-08-12T19:57:15,CLEARED_FALSE_POSITIVE,KNOWN_DEVICE
RVW-202608-001231,ALT-202608-001326,RV-06,2026-08-24T22:09:15,INSUFFICIENT_EVIDENCE,DATA_UNAVAILABLE
RVW-202608-001232,ALT-202608-001327,RV-02,2026-08-27T10:02:50,CLEARED_FALSE_POSITIVE,CUSTOMER_CONTACTED
RVW-202608-001233,ALT-202608-001328,RV-04,2026-08-30T18:17:30,CLEARED_FALSE_POSITIVE,CUSTOMER_CONTACTED
RVW-202608-001234,ALT-202608-001329,RV-02,2026-08-17T12:45:18,CONFIRMED_FRAUD,MULE_CONFIRMED
RVW-202608-001235,ALT-202608-001330,RV-02,2026-08-11T19:22:11,CLEARED_FALSE_POSITIVE,DOC_VALID
RVW-202608-001236,ALT-202608-001331,RV-01,2026-08-08T15:17:45,CLEARED_FALSE_POSITIVE,CUSTOMER_CONTACTED
RVW-202608-001237,ALT-202608-001332,RV-02,2026-08-14T18:59:37,CLEARED_FALSE_POSITIVE,KNOWN_DEVICE
RVW-202608-001238,ALT-202608-001333,RV-06,2026-08-25T20:29:13,INSUFFICIENT_EVIDENCE,DATA_UNAVAILABLE
RVW-202608-001239,ALT-202608-001334,RV-06,2026-09-02T15:03:09,CLEARED_FALSE_POSITIVE,ID_VERIFIED
RVW-202608-001240,ALT-202608-001335,RV-03,2026-08-12T19:55:11,CLEARED_FALSE_POSITIVE,ID_VERIFIED
RVW-202608-001241,ALT-202608-001336,RV-04,2026-08-10T21:40:39,CLEARED_FALSE_POSITIVE,DOC_VALID
RVW-202608-001242,ALT-202608-001337,RV-02,2026-09-03T11:13:28,CLEARED_FALSE_POSITIVE,KNOWN_DEVICE
RVW-202608-001243,ALT-202608-001338,RV-04,2026-08-20T10:27:43,CLEARED_FALSE_POSITIVE,CUSTOMER_CONTACTED
RVW-202608-001244,ALT-202608-001339,RV-03,2026-09-09T21:50:27,CLEARED_FALSE_POSITIVE,ID_VERIFIED
RVW-202608-001245,ALT-202608-001340,RV-02,2026-08-13T06:28:08,CONFIRMED_FRAUD,SYNTH_ID_CONFIRMED
RVW-202608-001246,ALT-202608-001341,RV-04,2026-08-27T22:31:14,CLEARED_FALSE_POSITIVE,KNOWN_DEVICE
RVW-202608-001247,ALT-202608-001342,RV-01,2026-08-10T11:23:38,INSUFFICIENT_EVIDENCE,AGED_OUT
RVW-202608-001248,ALT-202608-001343,RV-04,2026-08-29T10:10:39,CLEARED_FALSE_POSITIVE,KNOWN_DEVICE
RVW-202608-001249,ALT-202608-001344,RV-02,2026-08-08T09:49:00,CLEARED_FALSE_POSITIVE,ID_VERIFIED
RVW-202608-001250,ALT-202608-001345,RV-05,2026-08-24T06:56:54,CLEARED_FALSE_POSITIVE,KNOWN_DEVICE
RVW-202608-001251,ALT-202608-001346,RV-05,2026-08-27T17:09:14,CLEARED_FALSE_POSITIVE,CUSTOMER_CONTACTED
RVW-202608-001252,ALT-202608-001347,RV-03,2026-08-01T10:15:33,CONFIRMED_FRAUD,ATO_CONFIRMED
RVW-202608-001253,ALT-202608-001348,RV-01,2026-09-03T07:50:27,CLEARED_FALSE_POSITIVE,DOC_VALID
RVW-202608-001254,ALT-202608-001349,RV-06,2026-09-02T15:08:49,CLEARED_FALSE_POSITIVE,DOC_VALID
RVW-202608-001255,ALT-202608-001350,RV-05,2026-08-10T15:32:58,CLEARED_FALSE_POSITIVE,DOC_VALID
RVW-202608-001256,ALT-202608-001351,RV-06,2026-08-30T16:16:58,CLEARED_FALSE_POSITIVE,DOC_VALID
RVW-202608-001257,ALT-202608-001352,RV-05,2026-08-04T15:34:24,CLEARED_FALSE_POSITIVE,CUSTOMER_CONTACTED
RVW-202608-001258,ALT-202608-001353,RV-06,2026-08-15T15:43:48,CLEARED_FALSE_POSITIVE,CUSTOMER_CONTACTED
RVW-202608-001259,ALT-202608-001354,RV-04,2026-09-03T19:11:35,CONFIRMED_FRAUD,MULE_CONFIRMED
RVW-202608-001260,ALT-202608-001355,RV-02,2026-09-04T09:33:24,CLEARED_FALSE_POSITIVE,KNOWN_DEVICE
RVW-202608-001261,ALT-202608-001356,RV-01,2026-09-02T19:00:01,CLEARED_FALSE_POSITIVE,KNOWN_DEVICE
RVW-202608-001262,ALT-202608-001357,RV-02,2026-09-01T08:50:57,CONFIRMED_FRAUD,ATO_CONFIRMED
RVW-202608-001263,ALT-202608-001358,RV-03,2026-08-16T12:20:37,CLEARED_FALSE_POSITIVE,KNOWN_DEVICE
RVW-202608-001264,ALT-202608-001359,RV-02,2026-08-11T10:30:59,CLEARED_FALSE_POSITIVE,CUSTOMER_CONTACTED
RVW-202608-001265,ALT-202608-001360,RV-06,2026-09-07T06:59:52,CLEARED_FALSE_POSITIVE,KNOWN_DEVICE
RVW-202608-001266,ALT-202608-001361,RV-02,2026-09-01T20:24:51,CLEARED_FALSE_POSITIVE,ID_VERIFIED
RVW-202608-001267,ALT-202608-001362,RV-06,2026-09-05T17:50:10,CLEARED_FALSE_POSITIVE,CUSTOMER_CONTACTED
RVW-202608-001268,ALT-202608-001363,RV-04,2026-09-02T11:02:29,CLEARED_FALSE_POSITIVE,DOC_VALID
RVW-202608-001269,ALT-202608-001364,RV-04,2026-08-12T20:58:39,CLEARED_FALSE_POSITIVE,ID_VERIFIED
RVW-202608-001270,ALT-202608-001365,RV-03,2026-09-06T06:57:17,CONFIRMED_FRAUD,ATO_CONFIRMED
RVW-202608-001271,ALT-202608-001367,RV-01,2026-08-22T13:36:20,CONFIRMED_FRAUD,ATO_CONFIRMED
RVW-202608-001272,ALT-202608-001368,RV-06,2026-08-29T18:44:46,CLEARED_FALSE_POSITIVE,KNOWN_DEVICE
RVW-202608-001273,ALT-202608-001369,RV-04,2026-08-24T11:46:57,CONFIRMED_FRAUD,MULE_CONFIRMED
RVW-202608-001274,ALT-202608-001370,RV-06,2026-08-25T13:53:57,INSUFFICIENT_EVIDENCE,NO_CONTACT
RVW-202608-001275,ALT-202608-001371,RV-04,2026-08-13T11:28:22,CONFIRMED_FRAUD,MULE_CONFIRMED
RVW-202608-001276,ALT-202608-001373,RV-03,2026-08-28T20:25:35,CLEARED_FALSE_POSITIVE,DOC_VALID
RVW-202608-001277,ALT-202608-001374,RV-01,2026-08-04T12:17:59,CONFIRMED_FRAUD,DOC_FORGED
RVW-202608-001278,ALT-202608-001375,RV-04,2026-09-06T06:20:40,CLEARED_FALSE_POSITIVE,ID_VERIFIED
RVW-202608-001279,ALT-202608-001376,RV-05,2026-08-19T09:31:43,CONFIRMED_FRAUD,SYNTH_ID_CONFIRMED
RVW-202608-001280,ALT-202608-001377,RV-02,2026-08-26T22:00:50,INSUFFICIENT_EVIDENCE,AGED_OUT
RVW-202608-001281,ALT-202608-001378,RV-01,2026-08-26T08:56:48,CLEARED_FALSE_POSITIVE,ID_VERIFIED
RVW-202608-001282,ALT-202608-001379,RV-05,2026-08-15T14:33:40,CONFIRMED_FRAUD,ATO_CONFIRMED
RVW-202608-001283,ALT-202608-001380,RV-03,2026-08-15T12:31:14,CLEARED_FALSE_POSITIVE,CUSTOMER_CONTACTED
RVW-202608-001284,ALT-202608-001381,RV-01,2026-08-21T20:24:04,CLEARED_FALSE_POSITIVE,DOC_VALID
RVW-202608-001285,ALT-202608-001382,RV-03,2026-08-03T11:20:15,CLEARED_FALSE_POSITIVE,KNOWN_DEVICE
RVW-202608-001286,ALT-202608-001383,RV-04,2026-08-11T14:29:58,CLEARED_FALSE_POSITIVE,CUSTOMER_CONTACTED
RVW-202608-001287,ALT-202608-001384,RV-04,2026-08-08T09:16:06,CONFIRMED_FRAUD,MULE_CONFIRMED
RVW-202608-001288,ALT-202608-001385,RV-04,2026-09-05T17:07:45,CLEARED_FALSE_POSITIVE,KNOWN_DEVICE
RVW-202608-001289,ALT-202608-001386,RV-01,2026-08-20T15:04:39,CONFIRMED_FRAUD,MULE_CONFIRMED
RVW-202608-001290,ALT-202608-001387,RV-02,2026-09-01T15:44:14,CLEARED_FALSE_POSITIVE,CUSTOMER_CONTACTED
RVW-202608-001291,ALT-202608-001388,RV-01,2026-08-11T20:10:56,CLEARED_FALSE_POSITIVE,DOC_VALID
RVW-202608-001292,ALT-202608-001389,RV-04,2026-08-16T09:16:21,CLEARED_FALSE_POSITIVE,DOC_VALID
RVW-202608-001293,ALT-202608-001390,RV-02,2026-08-22T22:45:09,CLEARED_FALSE_POSITIVE,CUSTOMER_CONTACTED
RVW-202608-001294,ALT-202608-001391,RV-04,2026-08-06T07:06:56,CLEARED_FALSE_POSITIVE,ID_VERIFIED
RVW-202608-001295,ALT-202608-001392,RV-06,2026-08-25T12:31:56,CLEARED_FALSE_POSITIVE,DOC_VALID
RVW-202608-001296,ALT-202608-001393,RV-01,2026-08-14T14:37:32,CONFIRMED_FRAUD,MULE_CONFIRMED
RVW-202608-001297,ALT-202608-001394,RV-05,2026-09-03T12:20:25,CONFIRMED_FRAUD,SYNTH_ID_CONFIRMED
RVW-202608-001298,ALT-202608-001395,RV-03,2026-08-19T11:54:29,CLEARED_FALSE_POSITIVE,ID_VERIFIED
RVW-202608-001299,ALT-202608-001396,RV-05,2026-08-22T21:21:53,CLEARED_FALSE_POSITIVE,KNOWN_DEVICE
RVW-202608-001300,ALT-202608-001397,RV-04,2026-08-31T06:12:08,CLEARED_FALSE_POSITIVE,DOC_VALID
RVW-202608-001301,ALT-202608-001398,RV-06,2026-09-07T12:10:37,CONFIRMED_FRAUD,DOC_FORGED
RVW-202608-001302,ALT-202608-001399,RV-04,2026-08-26T16:12:21,INSUFFICIENT_EVIDENCE,DATA_UNAVAILABLE
RVW-202608-001303,ALT-202608-001400,RV-03,2026-08-15T22:31:48,CLEARED_FALSE_POSITIVE,ID_VERIFIED
RVW-202608-001304,ALT-202608-001401,RV-04,2026-08-24T14:54:30,CLEARED_FALSE_POSITIVE,ID_VERIFIED
RVW-202608-001305,ALT-202608-001402,RV-02,2026-08-25T20:50:14,INSUFFICIENT_EVIDENCE,AGED_OUT
RVW-202608-001306,ALT-202608-001403,RV-03,2026-08-12T10:21:22,CLEARED_FALSE_POSITIVE,KNOWN_DEVICE
RVW-202608-001307,ALT-202608-001404,RV-03,2026-09-05T20:23:35,CLEARED_FALSE_POSITIVE,ID_VERIFIED
RVW-202608-001308,ALT-202608-001405,RV-05,2026-09-01T14:12:55,CLEARED_FALSE_POSITIVE,DOC_VALID
RVW-202608-001309,ALT-202608-001406,RV-02,2026-08-27T08:58:33,CLEARED_FALSE_POSITIVE,CUSTOMER_CONTACTED
RVW-202608-001310,ALT-202608-001407,RV-05,2026-08-18T06:33:07,CLEARED_FALSE_POSITIVE,DOC_VALID
RVW-202608-001311,ALT-202608-001408,RV-05,2026-08-03T07:41:12,CLEARED_FALSE_POSITIVE,CUSTOMER_CONTACTED
RVW-202608-001312,ALT-202608-001409,RV-02,2026-08-05T12:47:03,CLEARED_FALSE_POSITIVE,DOC_VALID
RVW-202608-001313,ALT-202608-001410,RV-05,2026-08-21T22:58:09,CLEARED_FALSE_POSITIVE,KNOWN_DEVICE
RVW-202608-001314,ALT-202608-001411,RV-04,2026-09-08T22:49:05,CONFIRMED_FRAUD,DOC_FORGED
RVW-202608-001315,ALT-202608-001412,RV-03,2026-08-15T09:01:26,CLEARED_FALSE_POSITIVE,DOC_VALID
RVW-202608-001316,ALT-202608-001413,RV-02,2026-09-08T18:28:39,CLEARED_FALSE_POSITIVE,DOC_VALID
RVW-202608-001317,ALT-202608-001414,RV-02,2026-08-14T07:35:14,CLEARED_FALSE_POSITIVE,KNOWN_DEVICE
RVW-202608-001318,ALT-202608-001415,RV-04,2026-08-18T06:41:13,CLEARED_FALSE_POSITIVE,DOC_VALID
RVW-202608-001319,ALT-202608-001416,RV-01,2026-08-17T22:36:47,CLEARED_FALSE_POSITIVE,DOC_VALID
RVW-202608-001320,ALT-202608-001417,RV-05,2026-08-18T16:17:51,CLEARED_FALSE_POSITIVE,DOC_VALID
RVW-202608-001321,ALT-202608-001418,RV-03,2026-08-30T10:39:06,INSUFFICIENT_EVIDENCE,NO_CONTACT
RVW-202608-001322,ALT-202608-001419,RV-05,2026-08-12T07:39:28,CLEARED_FALSE_POSITIVE,DOC_VALID
RVW-202608-001323,ALT-202608-001420,RV-05,2026-08-20T22:39:13,CLEARED_FALSE_POSITIVE,CUSTOMER_CONTACTED
RVW-202608-001324,ALT-202608-001421,RV-05,2026-09-01T15:09:47,CLEARED_FALSE_POSITIVE,ID_VERIFIED
RVW-202608-001325,ALT-202608-001422,RV-01,2026-08-14T21:20:12,CONFIRMED_FRAUD,SYNTH_ID_CONFIRMED
RVW-202608-001326,ALT-202608-001423,RV-01,2026-08-24T09:44:48,CLEARED_FALSE_POSITIVE,CUSTOMER_CONTACTED
RVW-202608-001327,ALT-202608-001424,RV-03,2026-08-18T18:26:31,CLEARED_FALSE_POSITIVE,ID_VERIFIED
RVW-202608-001328,ALT-202608-001425,RV-04,2026-08-08T14:55:12,CONFIRMED_FRAUD,MULE_CONFIRMED
RVW-202608-001329,ALT-202608-001426,RV-01,2026-08-17T14:39:58,CLEARED_FALSE_POSITIVE,CUSTOMER_CONTACTED
RVW-202608-001330,ALT-202608-001427,RV-02,2026-08-22T07:44:04,CLEARED_FALSE_POSITIVE,KNOWN_DEVICE
RVW-202608-001331,ALT-202608-001428,RV-06,2026-08-31T20:44:30,CLEARED_FALSE_POSITIVE,DOC_VALID
RVW-202608-001332,ALT-202608-001429,RV-05,2026-08-13T11:16:27,CLEARED_FALSE_POSITIVE,DOC_VALID
RVW-202608-001333,ALT-202608-001430,RV-06,2026-08-26T06:34:05,CLEARED_FALSE_POSITIVE,DOC_VALID
RVW-202608-001334,ALT-202608-001431,RV-05,2026-08-05T19:40:47,CLEARED_FALSE_POSITIVE,DOC_VALID
RVW-202608-001335,ALT-202608-001433,RV-03,2026-08-11T17:50:40,CLEARED_FALSE_POSITIVE,KNOWN_DEVICE
RVW-202608-001336,ALT-202608-001434,RV-04,2026-09-02T15:27:30,CLEARED_FALSE_POSITIVE,CUSTOMER_CONTACTED
RVW-202608-001337,ALT-202608-001435,RV-04,2026-09-05T16:03:30,CLEARED_FALSE_POSITIVE,ID_VERIFIED
RVW-202608-001338,ALT-202608-001436,RV-06,2026-09-03T11:42:15,CLEARED_FALSE_POSITIVE,DOC_VALID
RVW-202608-001339,ALT-202608-001437,RV-06,2026-08-24T19:42:18,CLEARED_FALSE_POSITIVE,DOC_VALID
RVW-202608-001340,ALT-202608-001438,RV-02,2026-09-02T08:47:00,CLEARED_FALSE_POSITIVE,KNOWN_DEVICE
RVW-202608-001341,ALT-202608-001439,RV-06,2026-09-04T18:28:13,CONFIRMED_FRAUD,DOC_FORGED
RVW-202608-001342,ALT-202608-001440,RV-03,2026-08-16T09:39:00,CONFIRMED_FRAUD,ATO_CONFIRMED
RVW-202608-001343,ALT-202608-001441,RV-06,2026-08-08T19:25:21,CLEARED_FALSE_POSITIVE,KNOWN_DEVICE
RVW-202608-001344,ALT-202608-001442,RV-02,2026-08-12T08:35:25,CONFIRMED_FRAUD,DOC_FORGED
RVW-202608-001345,ALT-202608-001443,RV-01,2026-09-02T17:32:06,CONFIRMED_FRAUD,MULE_CONFIRMED
RVW-202608-001346,ALT-202608-001445,RV-02,2026-08-31T15:37:36,CONFIRMED_FRAUD,DOC_FORGED
RVW-202608-001347,ALT-202608-001446,RV-02,2026-08-10T11:59:55,CLEARED_FALSE_POSITIVE,DOC_VALID
RVW-202608-001348,ALT-202608-001447,RV-02,2026-08-16T18:47:18,INSUFFICIENT_EVIDENCE,AGED_OUT
RVW-202608-001349,ALT-202608-001448,RV-03,2026-08-31T09:12:26,CONFIRMED_FRAUD,SYNTH_ID_CONFIRMED
RVW-202608-001350,ALT-202608-001449,RV-03,2026-08-21T12:00:47,CLEARED_FALSE_POSITIVE,DOC_VALID
RVW-202608-001351,ALT-202608-001450,RV-05,2026-08-26T17:33:07,CLEARED_FALSE_POSITIVE,KNOWN_DEVICE
RVW-202608-001352,ALT-202608-001451,RV-01,2026-08-15T06:52:58,CLEARED_FALSE_POSITIVE,CUSTOMER_CONTACTED
RVW-202608-001353,ALT-202608-001452,RV-01,2026-09-01T17:26:39,CONFIRMED_FRAUD,SYNTH_ID_CONFIRMED
RVW-202608-001354,ALT-202608-001453,RV-03,2026-08-15T16:07:03,CLEARED_FALSE_POSITIVE,DOC_VALID
RVW-202608-001355,ALT-202608-001454,RV-01,2026-08-23T17:38:24,CLEARED_FALSE_POSITIVE,DOC_VALID
RVW-202608-001356,ALT-202608-001455,RV-05,2026-08-13T10:19:22,CLEARED_FALSE_POSITIVE,KNOWN_DEVICE
RVW-202608-001357,ALT-202608-001456,RV-01,2026-08-21T14:02:04,CLEARED_FALSE_POSITIVE,DOC_VALID
RVW-202608-001358,ALT-202608-001457,RV-03,2026-08-15T09:57:54,CLEARED_FALSE_POSITIVE,CUSTOMER_CONTACTED
RVW-202608-001359,ALT-202608-001458,RV-06,2026-08-31T13:32:17,CLEARED_FALSE_POSITIVE,DOC_VALID
RVW-202608-001360,ALT-202608-001459,RV-01,2026-08-25T08:12:50,CLEARED_FALSE_POSITIVE,KNOWN_DEVICE
RVW-202608-001361,ALT-202608-001460,RV-04,2026-08-21T10:32:09,CLEARED_FALSE_POSITIVE,CUSTOMER_CONTACTED
RVW-202608-001362,ALT-202608-001461,RV-04,2026-08-25T16:35:33,CLEARED_FALSE_POSITIVE,KNOWN_DEVICE
RVW-202608-001363,ALT-202608-001462,RV-01,2026-08-11T19:57:47,INSUFFICIENT_EVIDENCE,DATA_UNAVAILABLE
RVW-202608-001364,ALT-202608-001464,RV-05,2026-09-06T21:27:04,CLEARED_FALSE_POSITIVE,CUSTOMER_CONTACTED
RVW-202608-001365,ALT-202608-001466,RV-02,2026-08-15T20:04:02,CLEARED_FALSE_POSITIVE,KNOWN_DEVICE
RVW-202608-001366,ALT-202608-001467,RV-06,2026-08-31T16:39:34,CLEARED_FALSE_POSITIVE,ID_VERIFIED
RVW-202608-001367,ALT-202608-001468,RV-06,2026-08-12T16:17:24,INSUFFICIENT_EVIDENCE,AGED_OUT
RVW-202608-001368,ALT-202608-001469,RV-06,2026-08-31T16:02:20,INSUFFICIENT_EVIDENCE,DATA_UNAVAILABLE
RVW-202608-001369,ALT-202608-001470,RV-04,2026-08-17T21:51:59,INSUFFICIENT_EVIDENCE,AGED_OUT
RVW-202608-001370,ALT-202608-001471,RV-05,2026-09-01T08:23:33,CLEARED_FALSE_POSITIVE,DOC_VALID
RVW-202608-001371,ALT-202608-001472,RV-02,2026-08-14T12:51:07,CLEARED_FALSE_POSITIVE,CUSTOMER_CONTACTED
RVW-202608-001372,ALT-202608-001473,RV-06,2026-08-12T11:43:55,CLEARED_FALSE_POSITIVE,CUSTOMER_CONTACTED
RVW-202608-001373,ALT-202608-001474,RV-06,2026-08-26T16:42:09,CLEARED_FALSE_POSITIVE,CUSTOMER_CONTACTED
RVW-202608-001374,ALT-202608-001475,RV-04,2026-08-18T06:42:09,CLEARED_FALSE_POSITIVE,DOC_VALID
RVW-202608-001375,ALT-202608-001476,RV-05,2026-08-31T16:46:47,CONFIRMED_FRAUD,SYNTH_ID_CONFIRMED
RVW-202608-001376,ALT-202608-001477,RV-06,2026-09-03T14:04:08,INSUFFICIENT_EVIDENCE,AGED_OUT
RVW-202608-001377,ALT-202608-001478,RV-05,2026-08-25T21:55:24,INSUFFICIENT_EVIDENCE,DATA_UNAVAILABLE
RVW-202608-001378,ALT-202608-001479,RV-01,2026-08-29T07:43:28,CLEARED_FALSE_POSITIVE,DOC_VALID
RVW-202608-001379,ALT-202608-001480,RV-05,2026-09-05T17:20:29,CLEARED_FALSE_POSITIVE,CUSTOMER_CONTACTED
RVW-202608-001380,ALT-202608-001481,RV-03,2026-08-18T13:18:38,CONFIRMED_FRAUD,SYNTH_ID_CONFIRMED
RVW-202608-001381,ALT-202608-001482,RV-04,2026-08-01T12:15:45,CLEARED_FALSE_POSITIVE,CUSTOMER_CONTACTED
RVW-202608-001382,ALT-202608-001484,RV-06,2026-08-12T17:58:10,CLEARED_FALSE_POSITIVE,DOC_VALID
RVW-202608-001383,ALT-202608-001485,RV-04,2026-08-28T10:58:28,CLEARED_FALSE_POSITIVE,ID_VERIFIED
RVW-202608-001384,ALT-202608-001486,RV-03,2026-08-10T19:02:23,CONFIRMED_FRAUD,SYNTH_ID_CONFIRMED
RVW-202608-001385,ALT-202608-001487,RV-05,2026-08-11T21:27:59,INSUFFICIENT_EVIDENCE,AGED_OUT
RVW-202608-001386,ALT-202608-001488,RV-04,2026-08-31T21:22:18,INSUFFICIENT_EVIDENCE,NO_CONTACT
RVW-202608-001387,ALT-202608-001489,RV-03,2026-09-02T10:10:17,CLEARED_FALSE_POSITIVE,CUSTOMER_CONTACTED
RVW-202608-001388,ALT-202608-001490,RV-02,2026-08-14T08:09:42,CLEARED_FALSE_POSITIVE,DOC_VALID
RVW-202608-001389,ALT-202608-001491,RV-05,2026-09-01T07:22:47,CLEARED_FALSE_POSITIVE,KNOWN_DEVICE
RVW-202608-001390,ALT-202608-001492,RV-02,2026-08-26T10:30:43,CLEARED_FALSE_POSITIVE,KNOWN_DEVICE
RVW-202608-001391,ALT-202608-001493,RV-04,2026-08-06T17:40:18,CLEARED_FALSE_POSITIVE,DOC_VALID
RVW-202608-001392,ALT-202608-001494,RV-02,2026-09-06T21:12:35,INSUFFICIENT_EVIDENCE,AGED_OUT
RVW-202608-001393,ALT-202608-001495,RV-04,2026-09-10T10:59:08,CLEARED_FALSE_POSITIVE,ID_VERIFIED
RVW-202608-001394,ALT-202608-001496,RV-01,2026-08-25T14:51:02,CLEARED_FALSE_POSITIVE,CUSTOMER_CONTACTED
RVW-202608-001395,ALT-202608-001497,RV-04,2026-08-04T06:07:41,CLEARED_FALSE_POSITIVE,ID_VERIFIED
RVW-202608-001396,ALT-202608-001498,RV-04,2026-08-11T08:29:16,CLEARED_FALSE_POSITIVE,CUSTOMER_CONTACTED
RVW-202608-001397,ALT-202608-001499,RV-01,2026-08-22T10:02:49,CLEARED_FALSE_POSITIVE,KNOWN_DEVICE
RVW-202608-001398,ALT-202608-001500,RV-03,2026-08-17T14:16:40,CLEARED_FALSE_POSITIVE,DOC_VALID
RVW-202608-001399,ALT-202608-001501,RV-01,2026-08-17T22:14:42,CLEARED_FALSE_POSITIVE,KNOWN_DEVICE
RVW-202608-001400,ALT-202608-001502,RV-05,2026-09-08T10:21:54,CLEARED_FALSE_POSITIVE,KNOWN_DEVICE
RVW-202608-001401,ALT-202608-001503,RV-06,2026-08-27T20:49:45,CLEARED_FALSE_POSITIVE,ID_VERIFIED
RVW-202608-001402,ALT-202608-001504,RV-02,2026-08-16T10:05:40,CONFIRMED_FRAUD,ATO_CONFIRMED
RVW-202608-001403,ALT-202608-001505,RV-06,2026-08-10T11:06:27,CLEARED_FALSE_POSITIVE,ID_VERIFIED
RVW-202608-001404,ALT-202608-001506,RV-03,2026-08-02T11:51:18,INSUFFICIENT_EVIDENCE,NO_CONTACT
RVW-202608-001405,ALT-202608-001507,RV-04,2026-08-16T10:13:45,CONFIRMED_FRAUD,MULE_CONFIRMED
RVW-202608-001406,ALT-202608-001508,RV-06,2026-08-22T19:41:43,CLEARED_FALSE_POSITIVE,DOC_VALID
RVW-202608-001407,ALT-202608-001509,RV-03,2026-08-21T14:30:08,CLEARED_FALSE_POSITIVE,DOC_VALID
RVW-202608-001408,ALT-202608-001510,RV-03,2026-08-09T11:12:25,CLEARED_FALSE_POSITIVE,ID_VERIFIED
RVW-202608-001409,ALT-202608-001511,RV-04,2026-08-23T07:05:27,CLEARED_FALSE_POSITIVE,KNOWN_DEVICE
RVW-202608-001410,ALT-202608-001512,RV-02,2026-08-25T19:33:27,CLEARED_FALSE_POSITIVE,KNOWN_DEVICE
RVW-202608-001411,ALT-202608-001513,RV-05,2026-09-07T10:13:47,INSUFFICIENT_EVIDENCE,NO_CONTACT
RVW-202608-001412,ALT-202608-001514,RV-04,2026-08-23T16:47:09,CONFIRMED_FRAUD,DOC_FORGED
RVW-202608-001413,ALT-202608-001515,RV-04,2026-08-23T18:50:09,CLEARED_FALSE_POSITIVE,CUSTOMER_CONTACTED
RVW-202608-001414,ALT-202608-001516,RV-05,2026-08-15T10:39:38,CLEARED_FALSE_POSITIVE,KNOWN_DEVICE
RVW-202608-001415,ALT-202608-001517,RV-01,2026-09-07T17:06:49,CLEARED_FALSE_POSITIVE,DOC_VALID
RVW-202608-001416,ALT-202608-001518,RV-05,2026-08-11T22:21:01,CLEARED_FALSE_POSITIVE,DOC_VALID
RVW-202608-001417,ALT-202608-001519,RV-03,2026-08-20T20:48:55,CLEARED_FALSE_POSITIVE,DOC_VALID
RVW-202608-001418,ALT-202608-001520,RV-06,2026-08-22T08:27:06,INSUFFICIENT_EVIDENCE,AGED_OUT
RVW-202608-001419,ALT-202608-001521,RV-03,2026-08-14T12:49:43,INSUFFICIENT_EVIDENCE,NO_CONTACT
RVW-202608-001420,ALT-202608-001522,RV-01,2026-08-15T11:17:13,CLEARED_FALSE_POSITIVE,ID_VERIFIED
RVW-202608-001421,ALT-202608-001523,RV-05,2026-08-14T10:05:05,INSUFFICIENT_EVIDENCE,DATA_UNAVAILABLE
RVW-202608-001422,ALT-202608-001524,RV-05,2026-09-05T16:25:57,CLEARED_FALSE_POSITIVE,ID_VERIFIED
RVW-202608-001423,ALT-202608-001526,RV-05,2026-08-30T21:04:28,CLEARED_FALSE_POSITIVE,CUSTOMER_CONTACTED
RVW-202608-001424,ALT-202608-001527,RV-04,2026-09-02T18:43:28,CLEARED_FALSE_POSITIVE,ID_VERIFIED
RVW-202608-001425,ALT-202608-001528,RV-02,2026-08-17T11:22:14,CLEARED_FALSE_POSITIVE,ID_VERIFIED
RVW-202608-001426,ALT-202608-001529,RV-03,2026-09-02T22:35:30,CLEARED_FALSE_POSITIVE,CUSTOMER_CONTACTED
RVW-202608-001427,ALT-202608-001530,RV-05,2026-08-31T12:29:35,CONFIRMED_FRAUD,DOC_FORGED
RVW-202608-001428,ALT-202608-001531,RV-06,2026-08-12T13:42:54,CLEARED_FALSE_POSITIVE,ID_VERIFIED
RVW-202608-001429,ALT-202608-001532,RV-02,2026-08-24T17:01:17,CLEARED_FALSE_POSITIVE,KNOWN_DEVICE
RVW-202608-001430,ALT-202608-001533,RV-06,2026-08-14T10:39:18,CONFIRMED_FRAUD,MULE_CONFIRMED
RVW-202608-001431,ALT-202608-001535,RV-02,2026-08-31T18:56:49,CLEARED_FALSE_POSITIVE,ID_VERIFIED
RVW-202608-001432,ALT-202608-001536,RV-01,2026-08-22T19:47:43,CONFIRMED_FRAUD,ATO_CONFIRMED
RVW-202608-001433,ALT-202608-001537,RV-06,2026-08-08T14:01:08,CLEARED_FALSE_POSITIVE,CUSTOMER_CONTACTED
RVW-202608-001434,ALT-202608-001540,RV-05,2026-08-24T13:14:06,CLEARED_FALSE_POSITIVE,DOC_VALID
RVW-202608-001435,ALT-202608-001541,RV-05,2026-08-12T18:05:39,CLEARED_FALSE_POSITIVE,KNOWN_DEVICE
RVW-202608-001436,ALT-202608-001542,RV-04,2026-08-06T22:38:00,CLEARED_FALSE_POSITIVE,DOC_VALID
RVW-202608-001437,ALT-202608-001543,RV-06,2026-08-24T18:42:04,CLEARED_FALSE_POSITIVE,DOC_VALID
RVW-202608-001438,ALT-202608-001544,RV-02,2026-08-10T08:09:32,CLEARED_FALSE_POSITIVE,ID_VERIFIED
RVW-202608-001439,ALT-202608-001545,RV-05,2026-09-01T19:52:38,INSUFFICIENT_EVIDENCE,NO_CONTACT
RVW-202608-001440,ALT-202608-001546,RV-06,2026-09-05T20:07:25,CLEARED_FALSE_POSITIVE,DOC_VALID
RVW-202608-001441,ALT-202608-001547,RV-06,2026-08-26T19:29:42,CLEARED_FALSE_POSITIVE,ID_VERIFIED
RVW-202608-001442,ALT-202608-001548,RV-01,2026-08-28T14:44:03,CLEARED_FALSE_POSITIVE,KNOWN_DEVICE
RVW-202608-001443,ALT-202608-001549,RV-05,2026-08-30T09:26:13,CLEARED_FALSE_POSITIVE,KNOWN_DEVICE
RVW-202608-001444,ALT-202608-001550,RV-04,2026-08-20T16:13:36,CLEARED_FALSE_POSITIVE,ID_VERIFIED
RVW-202608-001445,ALT-202608-001551,RV-01,2026-08-22T20:48:37,CLEARED_FALSE_POSITIVE,KNOWN_DEVICE
RVW-202608-001446,ALT-202608-001552,RV-06,2026-08-30T21:09:02,CONFIRMED_FRAUD,MULE_CONFIRMED
RVW-202608-001447,ALT-202608-001554,RV-05,2026-08-15T11:07:39,CLEARED_FALSE_POSITIVE,CUSTOMER_CONTACTED
RVW-202608-001448,ALT-202608-001556,RV-05,2026-08-21T22:56:28,CLEARED_FALSE_POSITIVE,CUSTOMER_CONTACTED
RVW-202608-001449,ALT-202608-001557,RV-06,2026-08-27T07:24:55,CLEARED_FALSE_POSITIVE,ID_VERIFIED
RVW-202608-001450,ALT-202608-001558,RV-02,2026-08-05T12:30:31,CLEARED_FALSE_POSITIVE,CUSTOMER_CONTACTED
RVW-202608-001451,ALT-202608-001559,RV-01,2026-08-17T13:43:52,CLEARED_FALSE_POSITIVE,KNOWN_DEVICE
RVW-202608-001452,ALT-202608-001560,RV-05,2026-09-03T21:18:29,CONFIRMED_FRAUD,SYNTH_ID_CONFIRMED
RVW-202608-001453,ALT-202608-001561,RV-06,2026-08-18T08:26:13,CLEARED_FALSE_POSITIVE,ID_VERIFIED
RVW-202608-001454,ALT-202608-001562,RV-05,2026-08-10T22:17:52,CONFIRMED_FRAUD,MULE_CONFIRMED
RVW-202608-001455,ALT-202608-001563,RV-05,2026-09-09T11:51:07,CLEARED_FALSE_POSITIVE,ID_VERIFIED
RVW-202608-001456,ALT-202608-001564,RV-03,2026-08-29T17:03:26,CLEARED_FALSE_POSITIVE,CUSTOMER_CONTACTED
RVW-202608-001457,ALT-202608-001565,RV-01,2026-08-28T22:08:59,CONFIRMED_FRAUD,SYNTH_ID_CONFIRMED
RVW-202608-001458,ALT-202608-001567,RV-03,2026-08-27T11:23:48,CONFIRMED_FRAUD,MULE_CONFIRMED
RVW-202608-001459,ALT-202608-001568,RV-04,2026-08-22T08:25:26,CLEARED_FALSE_POSITIVE,ID_VERIFIED
RVW-202608-001460,ALT-202608-001569,RV-03,2026-08-19T16:37:42,INSUFFICIENT_EVIDENCE,DATA_UNAVAILABLE
RVW-202608-001461,ALT-202608-001570,RV-05,2026-08-10T10:42:51,CLEARED_FALSE_POSITIVE,CUSTOMER_CONTACTED
RVW-202608-001462,ALT-202608-001571,RV-04,2026-09-01T09:41:24,CLEARED_FALSE_POSITIVE,CUSTOMER_CONTACTED
RVW-202608-001463,ALT-202608-001572,RV-04,2026-09-06T11:10:33,CLEARED_FALSE_POSITIVE,ID_VERIFIED
RVW-202608-001464,ALT-202608-001573,RV-06,2026-08-27T21:08:24,CONFIRMED_FRAUD,ATO_CONFIRMED
RVW-202608-001465,ALT-202608-001574,RV-05,2026-08-13T17:17:19,CONFIRMED_FRAUD,MULE_CONFIRMED
RVW-202608-001466,ALT-202608-001576,RV-02,2026-08-26T10:09:30,CLEARED_FALSE_POSITIVE,CUSTOMER_CONTACTED
RVW-202608-001467,ALT-202608-001577,RV-04,2026-09-04T14:37:20,CLEARED_FALSE_POSITIVE,ID_VERIFIED
RVW-202608-001468,ALT-202608-001578,RV-04,2026-08-25T10:13:45,CLEARED_FALSE_POSITIVE,CUSTOMER_CONTACTED
RVW-202608-001469,ALT-202608-001579,RV-04,2026-08-23T20:43:26,CLEARED_FALSE_POSITIVE,KNOWN_DEVICE
RVW-202608-001470,ALT-202608-001580,RV-06,2026-08-07T16:11:15,CLEARED_FALSE_POSITIVE,KNOWN_DEVICE
RVW-202608-001471,ALT-202608-001581,RV-05,2026-08-06T11:36:00,CLEARED_FALSE_POSITIVE,KNOWN_DEVICE
RVW-202608-001472,ALT-202608-001583,RV-04,2026-08-14T08:21:34,CLEARED_FALSE_POSITIVE,CUSTOMER_CONTACTED
RVW-202608-001473,ALT-202608-001584,RV-05,2026-08-24T10:02:55,CLEARED_FALSE_POSITIVE,ID_VERIFIED
RVW-202608-001474,ALT-202608-001585,RV-06,2026-08-31T15:56:37,CLEARED_FALSE_POSITIVE,ID_VERIFIED
RVW-202608-001475,ALT-202608-001586,RV-04,2026-09-08T15:09:58,INSUFFICIENT_EVIDENCE,AGED_OUT
RVW-202608-001476,ALT-202608-001587,RV-06,2026-08-26T22:21:22,CLEARED_FALSE_POSITIVE,KNOWN_DEVICE
RVW-202608-001477,ALT-202608-001588,RV-03,2026-08-13T20:05:47,INSUFFICIENT_EVIDENCE,NO_CONTACT
RVW-202608-001478,ALT-202608-001589,RV-05,2026-08-27T14:11:36,CLEARED_FALSE_POSITIVE,DOC_VALID
RVW-202608-001479,ALT-202608-001590,RV-03,2026-08-19T12:48:41,CLEARED_FALSE_POSITIVE,CUSTOMER_CONTACTED
RVW-202608-001480,ALT-202608-001591,RV-03,2026-08-17T22:05:16,CLEARED_FALSE_POSITIVE,KNOWN_DEVICE
RVW-202608-001481,ALT-202608-001592,RV-05,2026-08-10T13:02:49,CLEARED_FALSE_POSITIVE,ID_VERIFIED
RVW-202608-001482,ALT-202608-001593,RV-02,2026-08-24T22:50:03,CLEARED_FALSE_POSITIVE,KNOWN_DEVICE
RVW-202608-001483,ALT-202608-001594,RV-05,2026-09-02T19:05:16,INSUFFICIENT_EVIDENCE,DATA_UNAVAILABLE
RVW-202608-001484,ALT-202608-001595,RV-03,2026-08-16T10:54:25,CLEARED_FALSE_POSITIVE,CUSTOMER_CONTACTED
RVW-202608-001485,ALT-202608-001596,RV-03,2026-08-08T07:10:48,CLEARED_FALSE_POSITIVE,DOC_VALID
RVW-202608-001486,ALT-202608-001597,RV-01,2026-08-30T15:28:24,CONFIRMED_FRAUD,DOC_FORGED
RVW-202608-001487,ALT-202608-001598,RV-03,2026-08-08T07:33:17,CLEARED_FALSE_POSITIVE,DOC_VALID
RVW-202608-001488,ALT-202608-001599,RV-05,2026-08-31T20:13:10,CLEARED_FALSE_POSITIVE,DOC_VALID
RVW-202608-001489,ALT-202608-001600,RV-06,2026-08-11T12:08:03,CLEARED_FALSE_POSITIVE,DOC_VALID
RVW-202608-001490,ALT-202608-001601,RV-04,2026-08-14T18:33:10,CLEARED_FALSE_POSITIVE,CUSTOMER_CONTACTED
RVW-202608-001491,ALT-202608-001602,RV-02,2026-08-12T13:21:44,INSUFFICIENT_EVIDENCE,NO_CONTACT
RVW-202608-001492,ALT-202608-001603,RV-02,2026-08-28T20:57:48,CLEARED_FALSE_POSITIVE,DOC_VALID
RVW-202608-001493,ALT-202608-001604,RV-06,2026-08-14T19:07:14,INSUFFICIENT_EVIDENCE,NO_CONTACT
RVW-202608-001494,ALT-202608-001605,RV-06,2026-09-04T07:22:41,CLEARED_FALSE_POSITIVE,DOC_VALID
RVW-202608-001495,ALT-202608-001606,RV-03,2026-09-05T13:02:15,CLEARED_FALSE_POSITIVE,KNOWN_DEVICE
RVW-202608-001496,ALT-202608-001607,RV-06,2026-08-13T12:57:54,CLEARED_FALSE_POSITIVE,CUSTOMER_CONTACTED
RVW-202608-001497,ALT-202608-001608,RV-01,2026-08-15T07:14:36,CLEARED_FALSE_POSITIVE,DOC_VALID
RVW-202608-001498,ALT-202608-001609,RV-02,2026-08-19T13:37:31,CLEARED_FALSE_POSITIVE,CUSTOMER_CONTACTED
RVW-202608-001499,ALT-202608-001610,RV-03,2026-08-09T13:18:39,CLEARED_FALSE_POSITIVE,CUSTOMER_CONTACTED
RVW-202608-001500,ALT-202608-001611,RV-02,2026-08-13T19:56:36,CLEARED_FALSE_POSITIVE,CUSTOMER_CONTACTED
RVW-202608-001501,ALT-202608-001612,RV-02,2026-09-04T15:34:45,INSUFFICIENT_EVIDENCE,AGED_OUT
RVW-202608-001502,ALT-202608-001613,RV-05,2026-09-05T11:50:15,CLEARED_FALSE_POSITIVE,ID_VERIFIED
RVW-202608-001503,ALT-202608-001614,RV-03,2026-08-27T16:29:51,CLEARED_FALSE_POSITIVE,ID_VERIFIED
RVW-202608-001504,ALT-202608-001615,RV-02,2026-08-04T07:52:19,INSUFFICIENT_EVIDENCE,NO_CONTACT
RVW-202608-001505,ALT-202608-001616,RV-02,2026-08-06T11:04:11,CLEARED_FALSE_POSITIVE,KNOWN_DEVICE
RVW-202608-001506,ALT-202608-001618,RV-05,2026-08-27T22:01:06,CLEARED_FALSE_POSITIVE,ID_VERIFIED
RVW-202608-001507,ALT-202608-001619,RV-03,2026-08-10T11:13:34,INSUFFICIENT_EVIDENCE,DATA_UNAVAILABLE
RVW-202608-001508,ALT-202608-001621,RV-06,2026-08-25T09:11:39,CLEARED_FALSE_POSITIVE,KNOWN_DEVICE
RVW-202608-001509,ALT-202608-001622,RV-06,2026-08-20T14:45:09,CONFIRMED_FRAUD,MULE_CONFIRMED
RVW-202608-001510,ALT-202608-001623,RV-03,2026-08-16T11:14:48,INSUFFICIENT_EVIDENCE,NO_CONTACT
RVW-202608-001511,ALT-202608-001624,RV-06,2026-08-09T14:35:21,CLEARED_FALSE_POSITIVE,ID_VERIFIED
RVW-202608-001512,ALT-202608-001625,RV-05,2026-08-24T09:51:14,CLEARED_FALSE_POSITIVE,DOC_VALID
RVW-202608-001513,ALT-202608-001626,RV-06,2026-08-28T08:53:59,INSUFFICIENT_EVIDENCE,DATA_UNAVAILABLE
RVW-202608-001514,ALT-202608-001627,RV-01,2026-08-31T19:31:02,CONFIRMED_FRAUD,MULE_CONFIRMED
RVW-202608-001515,ALT-202608-001628,RV-06,2026-09-04T17:12:11,CONFIRMED_FRAUD,ATO_CONFIRMED
RVW-202608-001516,ALT-202608-001630,RV-01,2026-08-18T07:39:54,INSUFFICIENT_EVIDENCE,NO_CONTACT
RVW-202608-001517,ALT-202608-001631,RV-06,2026-08-16T10:08:35,CLEARED_FALSE_POSITIVE,KNOWN_DEVICE
RVW-202608-001518,ALT-202608-001633,RV-05,2026-09-05T20:31:47,INSUFFICIENT_EVIDENCE,DATA_UNAVAILABLE
RVW-202608-001519,ALT-202608-001634,RV-02,2026-08-08T21:47:28,CLEARED_FALSE_POSITIVE,KNOWN_DEVICE
RVW-202608-001520,ALT-202608-001635,RV-03,2026-09-02T19:22:36,CLEARED_FALSE_POSITIVE,KNOWN_DEVICE
RVW-202608-001521,ALT-202608-001638,RV-06,2026-09-01T16:35:07,CLEARED_FALSE_POSITIVE,CUSTOMER_CONTACTED
RVW-202608-001522,ALT-202608-001639,RV-03,2026-09-09T15:11:15,CLEARED_FALSE_POSITIVE,ID_VERIFIED
RVW-202608-001523,ALT-202608-001640,RV-02,2026-08-21T22:32:00,CLEARED_FALSE_POSITIVE,CUSTOMER_CONTACTED
RVW-202608-001524,ALT-202608-001641,RV-01,2026-09-02T11:50:09,CLEARED_FALSE_POSITIVE,CUSTOMER_CONTACTED
RVW-202608-001525,ALT-202608-001642,RV-02,2026-08-15T15:47:55,CLEARED_FALSE_POSITIVE,DOC_VALID
RVW-202608-001526,ALT-202608-001643,RV-06,2026-08-08T20:34:00,INSUFFICIENT_EVIDENCE,AGED_OUT
RVW-202608-001527,ALT-202608-001644,RV-03,2026-09-07T21:42:40,CLEARED_FALSE_POSITIVE,ID_VERIFIED
RVW-202608-001528,ALT-202608-001645,RV-05,2026-08-26T19:44:37,CLEARED_FALSE_POSITIVE,ID_VERIFIED
RVW-202608-001529,ALT-202608-001646,RV-01,2026-08-12T08:10:31,CLEARED_FALSE_POSITIVE,KNOWN_DEVICE
RVW-202608-001530,ALT-202608-001647,RV-04,2026-08-22T15:53:07,CONFIRMED_FRAUD,ATO_CONFIRMED
RVW-202608-001531,ALT-202608-001648,RV-04,2026-08-27T21:52:44,CLEARED_FALSE_POSITIVE,DOC_VALID
RVW-202608-001532,ALT-202608-001649,RV-03,2026-08-31T07:09:06,CLEARED_FALSE_POSITIVE,KNOWN_DEVICE
RVW-202608-001533,ALT-202608-001650,RV-01,2026-08-30T16:37:23,CLEARED_FALSE_POSITIVE,DOC_VALID
RVW-202608-001534,ALT-202608-001651,RV-04,2026-08-09T22:07:48,CLEARED_FALSE_POSITIVE,ID_VERIFIED
RVW-202608-001535,ALT-202608-001652,RV-05,2026-08-02T20:06:38,CLEARED_FALSE_POSITIVE,ID_VERIFIED
RVW-202608-001536,ALT-202608-001653,RV-05,2026-08-08T21:54:33,CLEARED_FALSE_POSITIVE,CUSTOMER_CONTACTED
RVW-202608-001537,ALT-202608-001654,RV-05,2026-08-11T10:29:14,CLEARED_FALSE_POSITIVE,ID_VERIFIED
RVW-202608-001538,ALT-202608-001655,RV-03,2026-09-10T06:53:24,CLEARED_FALSE_POSITIVE,CUSTOMER_CONTACTED
RVW-202608-001539,ALT-202608-001656,RV-03,2026-09-01T08:14:09,CLEARED_FALSE_POSITIVE,CUSTOMER_CONTACTED
RVW-202608-001540,ALT-202608-001657,RV-05,2026-08-30T21:07:49,CLEARED_FALSE_POSITIVE,ID_VERIFIED
RVW-202608-001541,ALT-202608-001658,RV-03,2026-08-16T22:15:52,CLEARED_FALSE_POSITIVE,CUSTOMER_CONTACTED
RVW-202608-001542,ALT-202608-001659,RV-02,2026-08-22T13:48:45,CLEARED_FALSE_POSITIVE,KNOWN_DEVICE
RVW-202608-001543,ALT-202608-001660,RV-02,2026-09-07T11:26:15,CLEARED_FALSE_POSITIVE,CUSTOMER_CONTACTED
RVW-202608-001544,ALT-202608-001661,RV-02,2026-08-22T21:42:56,CLEARED_FALSE_POSITIVE,DOC_VALID
RVW-202608-001545,ALT-202608-001662,RV-04,2026-08-11T18:49:02,CONFIRMED_FRAUD,ATO_CONFIRMED
RVW-202608-001546,ALT-202608-001663,RV-04,2026-08-22T20:56:58,INSUFFICIENT_EVIDENCE,NO_CONTACT
RVW-202608-001547,ALT-202608-001664,RV-05,2026-08-13T14:57:00,CLEARED_FALSE_POSITIVE,CUSTOMER_CONTACTED
RVW-202608-001548,ALT-202608-001665,RV-05,2026-09-10T10:16:40,CONFIRMED_FRAUD,ATO_CONFIRMED
RVW-202608-001549,ALT-202608-001666,RV-04,2026-09-09T07:27:43,CLEARED_FALSE_POSITIVE,ID_VERIFIED
RVW-202608-001550,ALT-202608-001667,RV-02,2026-08-12T21:43:03,INSUFFICIENT_EVIDENCE,NO_CONTACT
RVW-202608-001551,ALT-202608-001668,RV-03,2026-08-24T07:45:47,CLEARED_FALSE_POSITIVE,KNOWN_DEVICE
RVW-202608-001552,ALT-202608-001669,RV-03,2026-08-22T09:01:18,INSUFFICIENT_EVIDENCE,NO_CONTACT
RVW-202608-001553,ALT-202608-001670,RV-05,2026-08-17T11:19:29,CLEARED_FALSE_POSITIVE,KNOWN_DEVICE
RVW-202608-001554,ALT-202608-001671,RV-01,2026-09-05T16:14:05,CONFIRMED_FRAUD,ATO_CONFIRMED
RVW-202608-001555,ALT-202608-001672,RV-06,2026-08-14T22:58:42,CLEARED_FALSE_POSITIVE,CUSTOMER_CONTACTED
RVW-202608-001556,ALT-202608-001673,RV-06,2026-08-19T12:41:52,CLEARED_FALSE_POSITIVE,CUSTOMER_CONTACTED
RVW-202608-001557,ALT-202608-001674,RV-04,2026-08-05T17:29:24,CLEARED_FALSE_POSITIVE,ID_VERIFIED
RVW-202608-001558,ALT-202608-001675,RV-01,2026-09-03T06:08:14,CLEARED_FALSE_POSITIVE,DOC_VALID
RVW-202608-001559,ALT-202608-001676,RV-05,2026-08-17T21:16:59,INSUFFICIENT_EVIDENCE,DATA_UNAVAILABLE
RVW-202608-001560,ALT-202608-001677,RV-02,2026-08-11T19:30:08,CLEARED_FALSE_POSITIVE,DOC_VALID
RVW-202608-001561,ALT-202608-001678,RV-05,2026-08-15T09:25:27,CLEARED_FALSE_POSITIVE,KNOWN_DEVICE
RVW-202608-001562,ALT-202608-001679,RV-01,2026-08-29T17:54:25,CONFIRMED_FRAUD,DOC_FORGED
RVW-202608-001563,ALT-202608-001680,RV-06,2026-08-16T17:10:25,CLEARED_FALSE_POSITIVE,CUSTOMER_CONTACTED
RVW-202608-001564,ALT-202608-001681,RV-06,2026-08-26T13:02:55,CLEARED_FALSE_POSITIVE,KNOWN_DEVICE
RVW-202608-001565,ALT-202608-001682,RV-01,2026-08-26T07:14:12,CLEARED_FALSE_POSITIVE,KNOWN_DEVICE
RVW-202608-001566,ALT-202608-001683,RV-04,2026-08-20T13:36:18,CONFIRMED_FRAUD,ATO_CONFIRMED
RVW-202608-001567,ALT-202608-001684,RV-05,2026-08-28T17:16:21,CLEARED_FALSE_POSITIVE,CUSTOMER_CONTACTED
RVW-202608-001568,ALT-202608-001685,RV-05,2026-08-23T10:54:10,CLEARED_FALSE_POSITIVE,KNOWN_DEVICE
RVW-202608-001569,ALT-202608-001686,RV-06,2026-08-24T07:11:03,CLEARED_FALSE_POSITIVE,DOC_VALID
RVW-202608-001570,ALT-202608-001687,RV-03,2026-08-10T08:57:24,CONFIRMED_FRAUD,DOC_FORGED
RVW-202608-001571,ALT-202608-001689,RV-03,2026-08-30T21:11:06,INSUFFICIENT_EVIDENCE,DATA_UNAVAILABLE
RVW-202608-001572,ALT-202608-001691,RV-04,2026-08-25T19:39:07,CLEARED_FALSE_POSITIVE,DOC_VALID
RVW-202608-001573,ALT-202608-001692,RV-04,2026-08-16T16:13:44,CLEARED_FALSE_POSITIVE,ID_VERIFIED
RVW-202608-001574,ALT-202608-001693,RV-06,2026-08-20T16:39:32,CONFIRMED_FRAUD,SYNTH_ID_CONFIRMED
RVW-202608-001575,ALT-202608-001694,RV-03,2026-08-09T15:31:50,CLEARED_FALSE_POSITIVE,DOC_VALID
RVW-202608-001576,ALT-202608-001695,RV-04,2026-08-23T17:07:02,CONFIRMED_FRAUD,DOC_FORGED
RVW-202608-001577,ALT-202608-001697,RV-02,2026-08-07T12:39:38,CLEARED_FALSE_POSITIVE,CUSTOMER_CONTACTED
RVW-202608-001578,ALT-202608-001698,RV-06,2026-09-03T21:46:58,CLEARED_FALSE_POSITIVE,CUSTOMER_CONTACTED
RVW-202608-001579,ALT-202608-001699,RV-02,2026-08-22T11:27:13,CLEARED_FALSE_POSITIVE,DOC_VALID
RVW-202608-001580,ALT-202608-001700,RV-03,2026-08-24T16:19:45,CONFIRMED_FRAUD,DOC_FORGED
RVW-202608-001581,ALT-202608-001701,RV-04,2026-08-13T07:00:43,CLEARED_FALSE_POSITIVE,CUSTOMER_CONTACTED
RVW-202608-001582,ALT-202608-001702,RV-04,2026-08-12T19:40:28,CLEARED_FALSE_POSITIVE,ID_VERIFIED
RVW-202608-001583,ALT-202608-001703,RV-03,2026-09-07T13:04:51,CONFIRMED_FRAUD,DOC_FORGED
RVW-202608-001584,ALT-202608-001704,RV-01,2026-08-10T20:22:31,CLEARED_FALSE_POSITIVE,CUSTOMER_CONTACTED
RVW-202608-001585,ALT-202608-001705,RV-03,2026-08-12T15:46:02,CLEARED_FALSE_POSITIVE,KNOWN_DEVICE
RVW-202608-001586,ALT-202608-001706,RV-06,2026-08-31T20:59:17,CLEARED_FALSE_POSITIVE,CUSTOMER_CONTACTED
RVW-202608-001587,ALT-202608-001707,RV-06,2026-08-20T16:48:43,CLEARED_FALSE_POSITIVE,DOC_VALID
RVW-202608-001588,ALT-202608-001708,RV-04,2026-08-31T22:55:22,CLEARED_FALSE_POSITIVE,ID_VERIFIED
RVW-202608-001589,ALT-202608-001709,RV-03,2026-08-12T11:14:03,CLEARED_FALSE_POSITIVE,CUSTOMER_CONTACTED
RVW-202608-001590,ALT-202608-001710,RV-01,2026-08-29T19:03:59,CLEARED_FALSE_POSITIVE,KNOWN_DEVICE
RVW-202608-001591,ALT-202608-001711,RV-02,2026-08-24T14:24:37,CLEARED_FALSE_POSITIVE,DOC_VALID
RVW-202608-001592,ALT-202608-001712,RV-01,2026-08-17T18:44:52,INSUFFICIENT_EVIDENCE,DATA_UNAVAILABLE
RVW-202608-001593,ALT-202608-001713,RV-03,2026-08-16T18:17:54,CONFIRMED_FRAUD,SYNTH_ID_CONFIRMED
RVW-202608-001594,ALT-202608-001714,RV-02,2026-08-31T07:29:29,CLEARED_FALSE_POSITIVE,DOC_VALID
RVW-202608-001595,ALT-202608-001715,RV-04,2026-08-28T16:00:24,CLEARED_FALSE_POSITIVE,DOC_VALID
RVW-202608-001596,ALT-202608-001716,RV-05,2026-08-19T20:27:19,CLEARED_FALSE_POSITIVE,KNOWN_DEVICE
RVW-202608-001597,ALT-202608-001717,RV-01,2026-08-24T08:12:21,CLEARED_FALSE_POSITIVE,KNOWN_DEVICE
RVW-202608-001598,ALT-202608-001718,RV-03,2026-08-17T13:16:02,CLEARED_FALSE_POSITIVE,KNOWN_DEVICE
RVW-202608-001599,ALT-202608-001719,RV-05,2026-09-02T15:05:18,CLEARED_FALSE_POSITIVE,KNOWN_DEVICE
RVW-202608-001600,ALT-202608-001720,RV-01,2026-08-14T06:35:18,CLEARED_FALSE_POSITIVE,DOC_VALID
RVW-202608-001601,ALT-202608-001721,RV-02,2026-08-26T10:15:00,INSUFFICIENT_EVIDENCE,AGED_OUT
RVW-202608-001602,ALT-202608-001722,RV-02,2026-08-28T08:33:48,CLEARED_FALSE_POSITIVE,KNOWN_DEVICE
RVW-202608-001603,ALT-202608-001723,RV-01,2026-08-28T06:00:15,CLEARED_FALSE_POSITIVE,CUSTOMER_CONTACTED
RVW-202608-001604,ALT-202608-001724,RV-05,2026-08-10T08:24:54,CLEARED_FALSE_POSITIVE,CUSTOMER_CONTACTED
RVW-202608-001605,ALT-202608-001725,RV-02,2026-08-30T17:01:02,CLEARED_FALSE_POSITIVE,ID_VERIFIED
RVW-202608-001606,ALT-202608-001726,RV-01,2026-09-07T19:06:14,INSUFFICIENT_EVIDENCE,AGED_OUT
RVW-202608-001607,ALT-202608-001727,RV-06,2026-08-22T12:46:04,CLEARED_FALSE_POSITIVE,DOC_VALID
RVW-202608-001608,ALT-202608-001728,RV-01,2026-08-14T15:24:59,CLEARED_FALSE_POSITIVE,KNOWN_DEVICE
RVW-202608-001609,ALT-202608-001729,RV-02,2026-08-15T08:28:21,CLEARED_FALSE_POSITIVE,CUSTOMER_CONTACTED
RVW-202608-001610,ALT-202608-001730,RV-05,2026-08-31T16:45:15,CLEARED_FALSE_POSITIVE,ID_VERIFIED
RVW-202608-001611,ALT-202608-001731,RV-06,2026-09-03T17:22:24,CLEARED_FALSE_POSITIVE,KNOWN_DEVICE
RVW-202608-001612,ALT-202608-001733,RV-06,2026-08-13T17:12:20,CLEARED_FALSE_POSITIVE,ID_VERIFIED
RVW-202608-001613,ALT-202608-001734,RV-04,2026-08-21T08:52:46,CONFIRMED_FRAUD,MULE_CONFIRMED
RVW-202608-001614,ALT-202608-001735,RV-04,2026-09-05T11:50:38,INSUFFICIENT_EVIDENCE,NO_CONTACT
RVW-202608-001615,ALT-202608-001736,RV-06,2026-08-16T14:21:52,CLEARED_FALSE_POSITIVE,CUSTOMER_CONTACTED
RVW-202608-001616,ALT-202608-001737,RV-06,2026-08-13T22:16:10,INSUFFICIENT_EVIDENCE,NO_CONTACT
RVW-202608-001617,ALT-202608-001738,RV-04,2026-08-22T16:47:15,CLEARED_FALSE_POSITIVE,CUSTOMER_CONTACTED
RVW-202608-001618,ALT-202608-001740,RV-04,2026-08-13T13:09:45,INSUFFICIENT_EVIDENCE,DATA_UNAVAILABLE
RVW-202608-001619,ALT-202608-001741,RV-02,2026-08-31T06:18:05,CLEARED_FALSE_POSITIVE,KNOWN_DEVICE
RVW-202608-001620,ALT-202608-001742,RV-02,2026-08-11T07:03:59,CLEARED_FALSE_POSITIVE,ID_VERIFIED
RVW-202608-001621,ALT-202608-001743,RV-04,2026-08-15T19:21:56,CLEARED_FALSE_POSITIVE,ID_VERIFIED
RVW-202608-001622,ALT-202608-001745,RV-06,2026-08-24T18:08:35,CLEARED_FALSE_POSITIVE,ID_VERIFIED
RVW-202608-001623,ALT-202608-001746,RV-04,2026-08-31T07:51:51,CLEARED_FALSE_POSITIVE,DOC_VALID
RVW-202608-001624,ALT-202608-001747,RV-05,2026-08-26T16:54:54,CLEARED_FALSE_POSITIVE,ID_VERIFIED
RVW-202608-001625,ALT-202608-001748,RV-02,2026-09-01T17:25:49,INSUFFICIENT_EVIDENCE,NO_CONTACT
RVW-202608-001626,ALT-202608-001749,RV-06,2026-08-23T13:01:48,CLEARED_FALSE_POSITIVE,KNOWN_DEVICE
RVW-202608-001627,ALT-202608-001750,RV-01,2026-08-14T12:04:32,CLEARED_FALSE_POSITIVE,DOC_VALID
RVW-202608-001628,ALT-202608-001751,RV-02,2026-09-01T06:51:15,CLEARED_FALSE_POSITIVE,CUSTOMER_CONTACTED
RVW-202608-001629,ALT-202608-001752,RV-04,2026-08-08T20:31:03,CLEARED_FALSE_POSITIVE,CUSTOMER_CONTACTED
RVW-202608-001630,ALT-202608-001753,RV-04,2026-08-24T19:13:14,CLEARED_FALSE_POSITIVE,ID_VERIFIED
RVW-202608-001631,ALT-202608-001754,RV-06,2026-08-24T10:10:20,CLEARED_FALSE_POSITIVE,ID_VERIFIED
RVW-202608-001632,ALT-202608-001755,RV-01,2026-08-30T17:16:14,CLEARED_FALSE_POSITIVE,KNOWN_DEVICE
RVW-202608-001633,ALT-202608-001756,RV-03,2026-08-08T09:16:37,CLEARED_FALSE_POSITIVE,DOC_VALID
RVW-202608-001634,ALT-202608-001757,RV-01,2026-09-02T10:15:32,CLEARED_FALSE_POSITIVE,KNOWN_DEVICE
RVW-202608-001635,ALT-202608-001758,RV-06,2026-09-01T10:29:14,CLEARED_FALSE_POSITIVE,DOC_VALID
RVW-202608-001636,ALT-202608-001759,RV-05,2026-08-21T17:20:05,CLEARED_FALSE_POSITIVE,DOC_VALID
RVW-202608-001637,ALT-202608-001761,RV-04,2026-08-20T06:01:06,CLEARED_FALSE_POSITIVE,DOC_VALID
RVW-202608-001638,ALT-202608-001762,RV-04,2026-08-18T10:24:57,CLEARED_FALSE_POSITIVE,ID_VERIFIED
RVW-202608-001639,ALT-202608-001763,RV-06,2026-08-13T07:14:45,CLEARED_FALSE_POSITIVE,DOC_VALID
RVW-202608-001640,ALT-202608-001764,RV-01,2026-08-26T16:50:50,CLEARED_FALSE_POSITIVE,DOC_VALID
RVW-202608-001641,ALT-202608-001765,RV-01,2026-08-31T12:55:29,CLEARED_FALSE_POSITIVE,CUSTOMER_CONTACTED
RVW-202608-001642,ALT-202608-001766,RV-05,2026-08-17T21:36:12,CLEARED_FALSE_POSITIVE,KNOWN_DEVICE
RVW-202608-001643,ALT-202608-001767,RV-05,2026-09-01T08:05:03,CLEARED_FALSE_POSITIVE,KNOWN_DEVICE
RVW-202608-001644,ALT-202608-001768,RV-02,2026-09-02T15:07:34,CLEARED_FALSE_POSITIVE,CUSTOMER_CONTACTED
RVW-202608-001645,ALT-202608-001769,RV-03,2026-08-04T11:44:08,CLEARED_FALSE_POSITIVE,CUSTOMER_CONTACTED
RVW-202608-001646,ALT-202608-001770,RV-05,2026-08-13T13:11:16,CLEARED_FALSE_POSITIVE,CUSTOMER_CONTACTED
RVW-202608-001647,ALT-202608-001771,RV-06,2026-08-11T20:36:12,CLEARED_FALSE_POSITIVE,KNOWN_DEVICE
RVW-202608-001648,ALT-202608-001772,RV-03,2026-08-28T12:18:15,CLEARED_FALSE_POSITIVE,ID_VERIFIED
RVW-202608-001649,ALT-202608-001773,RV-01,2026-09-04T06:39:13,CLEARED_FALSE_POSITIVE,CUSTOMER_CONTACTED
RVW-202608-001650,ALT-202608-001774,RV-01,2026-08-12T15:24:13,INSUFFICIENT_EVIDENCE,AGED_OUT
RVW-202608-001651,ALT-202608-001775,RV-02,2026-08-11T07:32:25,INSUFFICIENT_EVIDENCE,NO_CONTACT
RVW-202608-001652,ALT-202608-001776,RV-06,2026-08-20T18:40:14,CLEARED_FALSE_POSITIVE,CUSTOMER_CONTACTED
RVW-202608-001653,ALT-202608-001777,RV-03,2026-09-01T17:24:25,INSUFFICIENT_EVIDENCE,AGED_OUT
RVW-202608-001654,ALT-202608-001778,RV-02,2026-09-02T09:12:50,CLEARED_FALSE_POSITIVE,CUSTOMER_CONTACTED
RVW-202608-001655,ALT-202608-001779,RV-02,2026-08-25T21:14:42,CLEARED_FALSE_POSITIVE,KNOWN_DEVICE
RVW-202608-001656,ALT-202608-001780,RV-05,2026-08-14T17:30:33,CLEARED_FALSE_POSITIVE,KNOWN_DEVICE
RVW-202608-001657,ALT-202608-001781,RV-05,2026-08-19T13:27:43,CLEARED_FALSE_POSITIVE,DOC_VALID
RVW-202608-001658,ALT-202608-001782,RV-02,2026-08-19T12:10:49,CONFIRMED_FRAUD,ATO_CONFIRMED
RVW-202608-001659,ALT-202608-001783,RV-05,2026-08-10T08:52:28,CLEARED_FALSE_POSITIVE,CUSTOMER_CONTACTED
RVW-202608-001660,ALT-202608-001784,RV-06,2026-09-06T21:54:25,CLEARED_FALSE_POSITIVE,DOC_VALID
RVW-202608-001661,ALT-202608-001785,RV-03,2026-08-24T10:17:02,CONFIRMED_FRAUD,SYNTH_ID_CONFIRMED
RVW-202608-001662,ALT-202608-001786,RV-06,2026-08-22T08:46:05,CLEARED_FALSE_POSITIVE,DOC_VALID
RVW-202608-001663,ALT-202608-001787,RV-06,2026-08-10T20:36:19,CONFIRMED_FRAUD,DOC_FORGED
RVW-202608-001664,ALT-202608-001788,RV-02,2026-08-30T18:03:39,CONFIRMED_FRAUD,ATO_CONFIRMED
RVW-202608-001665,ALT-202608-001789,RV-04,2026-08-13T18:15:39,CONFIRMED_FRAUD,DOC_FORGED
RVW-202608-001666,ALT-202608-001790,RV-01,2026-08-14T18:54:35,CLEARED_FALSE_POSITIVE,DOC_VALID
RVW-202608-001667,ALT-202608-001791,RV-01,2026-08-19T11:05:24,CLEARED_FALSE_POSITIVE,DOC_VALID
RVW-202608-001668,ALT-202608-001792,RV-03,2026-08-26T22:16:07,CLEARED_FALSE_POSITIVE,DOC_VALID
RVW-202608-001669,ALT-202608-001793,RV-04,2026-08-04T12:00:10,CONFIRMED_FRAUD,MULE_CONFIRMED
RVW-202608-001670,ALT-202608-001794,RV-06,2026-08-31T10:56:57,CLEARED_FALSE_POSITIVE,DOC_VALID
RVW-202608-001671,ALT-202608-001795,RV-04,2026-08-30T18:15:01,CLEARED_FALSE_POSITIVE,KNOWN_DEVICE
RVW-202608-001672,ALT-202608-001796,RV-03,2026-08-14T09:19:09,CLEARED_FALSE_POSITIVE,KNOWN_DEVICE
RVW-202608-001673,ALT-202608-001797,RV-06,2026-08-30T13:47:29,CLEARED_FALSE_POSITIVE,KNOWN_DEVICE
RVW-202608-001674,ALT-202608-001798,RV-04,2026-08-07T09:12:19,CLEARED_FALSE_POSITIVE,ID_VERIFIED
RVW-202608-001675,ALT-202608-001799,RV-03,2026-08-17T08:08:44,CONFIRMED_FRAUD,DOC_FORGED
RVW-202608-001676,ALT-202608-001800,RV-06,2026-08-24T10:41:41,CLEARED_FALSE_POSITIVE,DOC_VALID
RVW-202608-001677,ALT-202608-001801,RV-04,2026-08-17T13:24:12,CLEARED_FALSE_POSITIVE,ID_VERIFIED
RVW-202608-001678,ALT-202608-001802,RV-05,2026-08-19T09:58:51,CONFIRMED_FRAUD,SYNTH_ID_CONFIRMED
RVW-202608-001679,ALT-202608-001803,RV-04,2026-08-29T14:49:16,CLEARED_FALSE_POSITIVE,KNOWN_DEVICE
RVW-202608-001680,ALT-202608-001804,RV-03,2026-08-17T14:02:51,CLEARED_FALSE_POSITIVE,DOC_VALID
RVW-202608-001681,ALT-202608-001805,RV-02,2026-09-03T08:30:23,CONFIRMED_FRAUD,ATO_CONFIRMED
RVW-202608-001682,ALT-202608-001806,RV-02,2026-08-27T15:55:37,CLEARED_FALSE_POSITIVE,KNOWN_DEVICE
RVW-202608-001683,ALT-202608-001807,RV-05,2026-08-31T19:50:53,CLEARED_FALSE_POSITIVE,CUSTOMER_CONTACTED
RVW-202608-001684,ALT-202608-001808,RV-04,2026-08-19T06:51:38,CLEARED_FALSE_POSITIVE,KNOWN_DEVICE
RVW-202608-001685,ALT-202608-001809,RV-05,2026-08-16T17:25:56,CLEARED_FALSE_POSITIVE,CUSTOMER_CONTACTED
RVW-202608-001686,ALT-202608-001810,RV-03,2026-08-27T15:50:12,CLEARED_FALSE_POSITIVE,CUSTOMER_CONTACTED
RVW-202608-001687,ALT-202608-001811,RV-04,2026-08-21T09:38:16,CLEARED_FALSE_POSITIVE,ID_VERIFIED
RVW-202608-001688,ALT-202608-001812,RV-05,2026-08-16T14:31:38,CLEARED_FALSE_POSITIVE,KNOWN_DEVICE
RVW-202608-001689,ALT-202608-001813,RV-05,2026-08-30T14:45:05,CLEARED_FALSE_POSITIVE,ID_VERIFIED
RVW-202608-001690,ALT-202608-001814,RV-06,2026-08-28T18:59:11,CLEARED_FALSE_POSITIVE,ID_VERIFIED
RVW-202608-001691,ALT-202608-001815,RV-02,2026-08-10T21:17:58,CLEARED_FALSE_POSITIVE,ID_VERIFIED
RVW-202608-001692,ALT-202608-001816,RV-01,2026-08-10T17:45:47,CLEARED_FALSE_POSITIVE,KNOWN_DEVICE
RVW-202608-001693,ALT-202608-001817,RV-05,2026-09-07T16:14:34,CLEARED_FALSE_POSITIVE,CUSTOMER_CONTACTED
RVW-202608-001694,ALT-202608-001818,RV-02,2026-08-16T12:52:23,CLEARED_FALSE_POSITIVE,CUSTOMER_CONTACTED
RVW-202608-001695,ALT-202608-001819,RV-02,2026-08-20T07:39:49,CLEARED_FALSE_POSITIVE,KNOWN_DEVICE
RVW-202608-001696,ALT-202608-001820,RV-04,2026-08-13T17:00:00,CLEARED_FALSE_POSITIVE,KNOWN_DEVICE
RVW-202608-001697,ALT-202608-001821,RV-03,2026-08-10T11:11:54,CLEARED_FALSE_POSITIVE,DOC_VALID
RVW-202608-001698,ALT-202608-001822,RV-01,2026-08-11T10:39:52,INSUFFICIENT_EVIDENCE,DATA_UNAVAILABLE
RVW-202608-001699,ALT-202608-001823,RV-06,2026-08-31T20:45:45,CLEARED_FALSE_POSITIVE,ID_VERIFIED
RVW-202608-001700,ALT-202608-001824,RV-06,2026-08-21T10:54:51,CLEARED_FALSE_POSITIVE,DOC_VALID
RVW-202608-001701,ALT-202608-001825,RV-01,2026-08-29T06:28:39,CONFIRMED_FRAUD,MULE_CONFIRMED
RVW-202608-001702,ALT-202608-001826,RV-02,2026-08-20T17:40:08,CLEARED_FALSE_POSITIVE,CUSTOMER_CONTACTED
RVW-202608-001703,ALT-202608-001827,RV-01,2026-08-21T07:40:21,CONFIRMED_FRAUD,SYNTH_ID_CONFIRMED
RVW-202608-001704,ALT-202608-001828,RV-04,2026-09-01T14:37:39,CLEARED_FALSE_POSITIVE,DOC_VALID
RVW-202608-001705,ALT-202608-001829,RV-04,2026-08-10T10:06:20,CLEARED_FALSE_POSITIVE,ID_VERIFIED
RVW-202608-001706,ALT-202608-001830,RV-02,2026-08-09T18:57:35,CLEARED_FALSE_POSITIVE,ID_VERIFIED
RVW-202608-001707,ALT-202608-001831,RV-02,2026-08-20T09:25:35,CLEARED_FALSE_POSITIVE,CUSTOMER_CONTACTED
RVW-202608-001708,ALT-202608-001832,RV-01,2026-08-24T20:22:54,CLEARED_FALSE_POSITIVE,DOC_VALID
RVW-202608-001709,ALT-202608-001833,RV-01,2026-08-08T13:00:37,CONFIRMED_FRAUD,ATO_CONFIRMED
RVW-202608-001710,ALT-202608-001834,RV-03,2026-08-12T21:33:51,CLEARED_FALSE_POSITIVE,CUSTOMER_CONTACTED
RVW-202608-001711,ALT-202608-001835,RV-05,2026-08-16T19:19:43,CLEARED_FALSE_POSITIVE,CUSTOMER_CONTACTED
RVW-202608-001712,ALT-202608-001836,RV-05,2026-08-05T13:07:25,CLEARED_FALSE_POSITIVE,KNOWN_DEVICE
RVW-202608-001713,ALT-202608-001837,RV-06,2026-09-02T11:36:55,INSUFFICIENT_EVIDENCE,NO_CONTACT
RVW-202608-001714,ALT-202608-001838,RV-01,2026-08-06T21:18:03,CLEARED_FALSE_POSITIVE,ID_VERIFIED
RVW-202608-001715,ALT-202608-001839,RV-04,2026-08-20T19:57:23,CLEARED_FALSE_POSITIVE,ID_VERIFIED
RVW-202608-001716,ALT-202608-001840,RV-04,2026-08-25T16:36:27,CLEARED_FALSE_POSITIVE,KNOWN_DEVICE
RVW-202608-001717,ALT-202608-001841,RV-04,2026-08-13T06:10:34,CLEARED_FALSE_POSITIVE,KNOWN_DEVICE
RVW-202608-001718,ALT-202608-001842,RV-05,2026-08-16T08:06:25,INSUFFICIENT_EVIDENCE,DATA_UNAVAILABLE
RVW-202608-001719,ALT-202608-001843,RV-04,2026-08-31T22:32:21,CLEARED_FALSE_POSITIVE,KNOWN_DEVICE
RVW-202608-001720,ALT-202608-001844,RV-06,2026-08-28T19:08:18,CLEARED_FALSE_POSITIVE,KNOWN_DEVICE
RVW-202608-001721,ALT-202608-001845,RV-05,2026-08-07T19:06:17,CLEARED_FALSE_POSITIVE,KNOWN_DEVICE
RVW-202608-001722,ALT-202608-001847,RV-05,2026-08-19T07:32:50,INSUFFICIENT_EVIDENCE,AGED_OUT
RVW-202608-001723,ALT-202608-001848,RV-01,2026-08-28T07:40:01,INSUFFICIENT_EVIDENCE,NO_CONTACT
RVW-202608-001724,ALT-202608-001849,RV-02,2026-08-13T11:13:52,CONFIRMED_FRAUD,SYNTH_ID_CONFIRMED
RVW-202608-001725,ALT-202608-001850,RV-03,2026-08-29T15:32:55,CONFIRMED_FRAUD,SYNTH_ID_CONFIRMED
RVW-202608-001726,ALT-202608-001851,RV-01,2026-08-27T10:52:04,CLEARED_FALSE_POSITIVE,KNOWN_DEVICE
RVW-202608-001727,ALT-202608-001852,RV-06,2026-08-30T16:44:33,CONFIRMED_FRAUD,DOC_FORGED
RVW-202608-001728,ALT-202608-001853,RV-04,2026-08-20T14:29:26,INSUFFICIENT_EVIDENCE,DATA_UNAVAILABLE
RVW-202608-001729,ALT-202608-001854,RV-04,2026-09-02T19:34:52,CLEARED_FALSE_POSITIVE,ID_VERIFIED
RVW-202608-001730,ALT-202608-001855,RV-01,2026-08-11T09:32:28,CLEARED_FALSE_POSITIVE,ID_VERIFIED
RVW-202608-001731,ALT-202608-001856,RV-03,2026-08-29T20:04:33,CLEARED_FALSE_POSITIVE,ID_VERIFIED
RVW-202608-001732,ALT-202608-001857,RV-03,2026-08-22T14:40:40,CLEARED_FALSE_POSITIVE,ID_VERIFIED
RVW-202608-001733,ALT-202608-001858,RV-06,2026-08-30T21:32:17,CLEARED_FALSE_POSITIVE,ID_VERIFIED
RVW-202608-001734,ALT-202608-001860,RV-01,2026-08-31T21:38:03,INSUFFICIENT_EVIDENCE,DATA_UNAVAILABLE
RVW-202608-001735,ALT-202608-001861,RV-01,2026-08-12T06:16:15,INSUFFICIENT_EVIDENCE,AGED_OUT
RVW-202608-001736,ALT-202608-001863,RV-05,2026-08-30T11:46:10,CLEARED_FALSE_POSITIVE,KNOWN_DEVICE
RVW-202608-001737,ALT-202608-001864,RV-04,2026-08-13T13:54:53,INSUFFICIENT_EVIDENCE,AGED_OUT
RVW-202608-001738,ALT-202608-001865,RV-04,2026-08-06T06:59:35,CONFIRMED_FRAUD,DOC_FORGED
RVW-202608-001739,ALT-202608-001866,RV-02,2026-08-31T14:57:03,CLEARED_FALSE_POSITIVE,CUSTOMER_CONTACTED
RVW-202608-001740,ALT-202608-001867,RV-05,2026-08-11T20:38:35,CONFIRMED_FRAUD,ATO_CONFIRMED
RVW-202608-001741,ALT-202608-001868,RV-06,2026-08-23T18:04:49,CLEARED_FALSE_POSITIVE,CUSTOMER_CONTACTED
RVW-202608-001742,ALT-202608-001869,RV-02,2026-08-13T07:02:27,CONFIRMED_FRAUD,SYNTH_ID_CONFIRMED
RVW-202608-001743,ALT-202608-001871,RV-02,2026-09-02T17:24:30,INSUFFICIENT_EVIDENCE,NO_CONTACT
RVW-202608-001744,ALT-202608-001872,RV-05,2026-08-11T16:50:36,CLEARED_FALSE_POSITIVE,ID_VERIFIED
RVW-202608-001745,ALT-202608-001873,RV-05,2026-08-29T10:56:03,CLEARED_FALSE_POSITIVE,CUSTOMER_CONTACTED
RVW-202608-001746,ALT-202608-001875,RV-03,2026-08-05T08:34:26,CLEARED_FALSE_POSITIVE,DOC_VALID
RVW-202608-001747,ALT-202608-001876,RV-04,2026-08-19T13:08:01,INSUFFICIENT_EVIDENCE,NO_CONTACT
RVW-202608-001748,ALT-202608-001877,RV-06,2026-08-12T20:49:18,CONFIRMED_FRAUD,MULE_CONFIRMED
RVW-202608-001749,ALT-202608-001878,RV-03,2026-08-22T09:39:33,CLEARED_FALSE_POSITIVE,KNOWN_DEVICE
RVW-202608-001750,ALT-202608-001879,RV-01,2026-08-26T22:02:06,CLEARED_FALSE_POSITIVE,DOC_VALID
RVW-202608-001751,ALT-202608-001880,RV-03,2026-08-26T18:09:36,CLEARED_FALSE_POSITIVE,CUSTOMER_CONTACTED
RVW-202608-001752,ALT-202608-001881,RV-01,2026-08-06T07:28:46,CLEARED_FALSE_POSITIVE,DOC_VALID
RVW-202608-001753,ALT-202608-001882,RV-02,2026-08-14T16:53:39,CONFIRMED_FRAUD,DOC_FORGED
RVW-202608-001754,ALT-202608-001883,RV-02,2026-08-21T14:13:59,CONFIRMED_FRAUD,ATO_CONFIRMED
RVW-202608-001755,ALT-202608-001884,RV-04,2026-09-02T09:03:43,CONFIRMED_FRAUD,SYNTH_ID_CONFIRMED
RVW-202608-001756,ALT-202608-001885,RV-02,2026-08-18T12:33:41,INSUFFICIENT_EVIDENCE,DATA_UNAVAILABLE
RVW-202608-001757,ALT-202608-001886,RV-03,2026-08-24T08:47:34,CLEARED_FALSE_POSITIVE,CUSTOMER_CONTACTED
RVW-202608-001758,ALT-202608-001887,RV-04,2026-08-24T20:19:45,CLEARED_FALSE_POSITIVE,DOC_VALID
RVW-202608-001759,ALT-202608-001888,RV-04,2026-08-05T15:10:58,CONFIRMED_FRAUD,ATO_CONFIRMED
RVW-202608-001760,ALT-202608-001890,RV-06,2026-08-17T17:11:24,CLEARED_FALSE_POSITIVE,CUSTOMER_CONTACTED
RVW-202608-001761,ALT-202608-001891,RV-01,2026-08-12T06:45:56,CLEARED_FALSE_POSITIVE,CUSTOMER_CONTACTED
RVW-202608-001762,ALT-202608-001892,RV-05,2026-08-17T17:21:18,CLEARED_FALSE_POSITIVE,CUSTOMER_CONTACTED
RVW-202608-001763,ALT-202608-001893,RV-01,2026-09-01T15:00:54,CONFIRMED_FRAUD,ATO_CONFIRMED
RVW-202608-001764,ALT-202608-001894,RV-02,2026-08-08T19:40:48,CLEARED_FALSE_POSITIVE,CUSTOMER_CONTACTED
RVW-202608-001765,ALT-202608-001895,RV-02,2026-08-30T18:01:30,CLEARED_FALSE_POSITIVE,KNOWN_DEVICE
RVW-202608-001766,ALT-202608-001896,RV-04,2026-08-08T15:13:17,CLEARED_FALSE_POSITIVE,KNOWN_DEVICE
RVW-202608-001767,ALT-202608-001897,RV-01,2026-08-05T21:26:45,CLEARED_FALSE_POSITIVE,CUSTOMER_CONTACTED
RVW-202608-001768,ALT-202608-001898,RV-05,2026-08-11T08:49:10,CONFIRMED_FRAUD,DOC_FORGED
RVW-202608-001769,ALT-202608-001899,RV-05,2026-08-30T19:15:33,CLEARED_FALSE_POSITIVE,DOC_VALID
RVW-202608-001770,ALT-202608-001901,RV-02,2026-08-25T11:14:07,CLEARED_FALSE_POSITIVE,DOC_VALID
RVW-202608-001771,ALT-202608-001902,RV-03,2026-08-30T15:50:27,CONFIRMED_FRAUD,ATO_CONFIRMED
RVW-202608-001772,ALT-202608-001903,RV-04,2026-08-16T06:04:45,CLEARED_FALSE_POSITIVE,DOC_VALID
RVW-202608-001773,ALT-202608-001904,RV-05,2026-08-18T15:52:14,CONFIRMED_FRAUD,SYNTH_ID_CONFIRMED
RVW-202608-001774,ALT-202608-001905,RV-02,2026-08-24T11:08:07,CLEARED_FALSE_POSITIVE,KNOWN_DEVICE
RVW-202608-001775,ALT-202608-001906,RV-03,2026-08-12T18:02:39,INSUFFICIENT_EVIDENCE,DATA_UNAVAILABLE
RVW-202608-001776,ALT-202608-001907,RV-04,2026-08-28T17:21:22,CLEARED_FALSE_POSITIVE,KNOWN_DEVICE
RVW-202608-001777,ALT-202608-001908,RV-06,2026-08-13T15:40:42,CLEARED_FALSE_POSITIVE,KNOWN_DEVICE
RVW-202608-001778,ALT-202608-001909,RV-03,2026-08-30T18:32:44,CONFIRMED_FRAUD,SYNTH_ID_CONFIRMED
RVW-202608-001779,ALT-202608-001910,RV-03,2026-09-04T16:49:45,CLEARED_FALSE_POSITIVE,KNOWN_DEVICE
RVW-202608-001780,ALT-202608-001911,RV-05,2026-08-18T22:02:59,CLEARED_FALSE_POSITIVE,DOC_VALID
RVW-202608-001781,ALT-202608-001913,RV-01,2026-08-21T18:48:31,CLEARED_FALSE_POSITIVE,DOC_VALID
RVW-202608-001782,ALT-202608-001914,RV-03,2026-08-15T13:50:31,CLEARED_FALSE_POSITIVE,KNOWN_DEVICE
RVW-202608-001783,ALT-202608-001916,RV-05,2026-09-08T08:11:55,CLEARED_FALSE_POSITIVE,KNOWN_DEVICE
RVW-202608-001784,ALT-202608-001917,RV-01,2026-08-26T09:47:33,CLEARED_FALSE_POSITIVE,CUSTOMER_CONTACTED
RVW-202608-001785,ALT-202608-001918,RV-02,2026-08-13T18:49:49,CLEARED_FALSE_POSITIVE,CUSTOMER_CONTACTED
RVW-202608-001786,ALT-202608-001919,RV-02,2026-08-15T15:27:35,INSUFFICIENT_EVIDENCE,AGED_OUT
RVW-202608-001787,ALT-202608-001920,RV-01,2026-09-02T22:35:11,CLEARED_FALSE_POSITIVE,DOC_VALID
RVW-202608-001788,ALT-202608-001921,RV-06,2026-08-03T15:32:08,CLEARED_FALSE_POSITIVE,KNOWN_DEVICE
RVW-202608-001789,ALT-202608-001922,RV-06,2026-08-08T22:27:48,CLEARED_FALSE_POSITIVE,CUSTOMER_CONTACTED
RVW-202608-001790,ALT-202608-001923,RV-05,2026-08-13T17:14:58,CLEARED_FALSE_POSITIVE,CUSTOMER_CONTACTED
RVW-202608-001791,ALT-202608-001925,RV-03,2026-08-05T10:52:19,CLEARED_FALSE_POSITIVE,DOC_VALID
RVW-202608-001792,ALT-202608-001926,RV-06,2026-09-05T08:53:48,CLEARED_FALSE_POSITIVE,DOC_VALID
RVW-202608-001793,ALT-202608-001927,RV-05,2026-09-04T12:12:11,CONFIRMED_FRAUD,DOC_FORGED
RVW-202608-001794,ALT-202608-001928,RV-01,2026-08-08T22:46:37,CLEARED_FALSE_POSITIVE,KNOWN_DEVICE
RVW-202608-001795,ALT-202608-001929,RV-06,2026-08-29T11:42:41,CLEARED_FALSE_POSITIVE,KNOWN_DEVICE
RVW-202608-001796,ALT-202608-001930,RV-01,2026-08-12T20:54:20,CLEARED_FALSE_POSITIVE,CUSTOMER_CONTACTED
RVW-202608-001797,ALT-202608-001931,RV-03,2026-08-09T18:23:01,INSUFFICIENT_EVIDENCE,AGED_OUT
RVW-202608-001798,ALT-202608-001932,RV-01,2026-08-25T07:25:35,CLEARED_FALSE_POSITIVE,KNOWN_DEVICE
RVW-202608-001799,ALT-202608-001933,RV-06,2026-08-27T12:00:43,CLEARED_FALSE_POSITIVE,DOC_VALID
RVW-202608-001800,ALT-202608-001934,RV-06,2026-08-14T12:55:20,CLEARED_FALSE_POSITIVE,KNOWN_DEVICE
RVW-202608-001801,ALT-202608-001935,RV-01,2026-08-04T12:50:31,CLEARED_FALSE_POSITIVE,KNOWN_DEVICE
RVW-202608-001802,ALT-202608-001936,RV-05,2026-08-17T22:09:21,CONFIRMED_FRAUD,MULE_CONFIRMED
RVW-202608-001803,ALT-202608-001937,RV-06,2026-09-07T07:14:19,CLEARED_FALSE_POSITIVE,DOC_VALID
RVW-202608-001804,ALT-202608-001938,RV-04,2026-08-19T16:49:23,CLEARED_FALSE_POSITIVE,DOC_VALID
RVW-202608-001805,ALT-202608-001939,RV-04,2026-08-06T08:12:05,CLEARED_FALSE_POSITIVE,KNOWN_DEVICE
RVW-202608-001806,ALT-202608-001940,RV-01,2026-08-27T10:26:12,CLEARED_FALSE_POSITIVE,KNOWN_DEVICE
RVW-202608-001807,ALT-202608-001941,RV-06,2026-08-27T15:49:29,CLEARED_FALSE_POSITIVE,ID_VERIFIED
RVW-202608-001808,ALT-202608-001943,RV-05,2026-08-08T18:25:17,CLEARED_FALSE_POSITIVE,KNOWN_DEVICE
RVW-202608-001809,ALT-202608-001944,RV-06,2026-08-19T17:48:09,CLEARED_FALSE_POSITIVE,CUSTOMER_CONTACTED
RVW-202608-001810,ALT-202608-001945,RV-01,2026-08-13T17:29:05,CLEARED_FALSE_POSITIVE,ID_VERIFIED
RVW-202608-001811,ALT-202608-001946,RV-03,2026-08-07T19:05:19,INSUFFICIENT_EVIDENCE,AGED_OUT
RVW-202608-001812,ALT-202608-001947,RV-03,2026-08-13T17:19:54,CLEARED_FALSE_POSITIVE,CUSTOMER_CONTACTED
RVW-202608-001813,ALT-202608-001948,RV-04,2026-08-28T15:19:34,CLEARED_FALSE_POSITIVE,KNOWN_DEVICE
RVW-202608-001814,ALT-202608-001949,RV-05,2026-08-31T19:19:36,CLEARED_FALSE_POSITIVE,KNOWN_DEVICE
RVW-202608-001815,ALT-202608-001950,RV-02,2026-08-15T22:04:19,CLEARED_FALSE_POSITIVE,CUSTOMER_CONTACTED
RVW-202608-001816,ALT-202608-001951,RV-05,2026-08-31T17:01:41,CONFIRMED_FRAUD,DOC_FORGED
RVW-202608-001817,ALT-202608-001952,RV-04,2026-08-10T09:31:49,CLEARED_FALSE_POSITIVE,DOC_VALID
RVW-202608-001818,ALT-202608-001953,RV-06,2026-08-12T15:20:28,CLEARED_FALSE_POSITIVE,DOC_VALID
RVW-202608-001819,ALT-202608-001954,RV-01,2026-09-02T08:43:34,CLEARED_FALSE_POSITIVE,ID_VERIFIED
RVW-202608-001820,ALT-202608-001956,RV-01,2026-09-09T18:56:00,INSUFFICIENT_EVIDENCE,AGED_OUT
RVW-202608-001821,ALT-202608-001957,RV-04,2026-08-14T21:35:52,INSUFFICIENT_EVIDENCE,DATA_UNAVAILABLE
RVW-202608-001822,ALT-202608-001958,RV-05,2026-08-26T13:33:36,CLEARED_FALSE_POSITIVE,KNOWN_DEVICE
RVW-202608-001823,ALT-202608-001959,RV-04,2026-08-07T22:45:18,CLEARED_FALSE_POSITIVE,ID_VERIFIED
RVW-202608-001824,ALT-202608-001961,RV-04,2026-08-14T14:07:56,CLEARED_FALSE_POSITIVE,ID_VERIFIED
RVW-202608-001825,ALT-202608-001962,RV-04,2026-08-24T13:44:00,CLEARED_FALSE_POSITIVE,ID_VERIFIED
RVW-202608-001826,ALT-202608-001963,RV-03,2026-08-31T18:58:03,CLEARED_FALSE_POSITIVE,DOC_VALID
RVW-202608-001827,ALT-202608-001964,RV-04,2026-09-10T19:10:50,CLEARED_FALSE_POSITIVE,CUSTOMER_CONTACTED
RVW-202608-001828,ALT-202608-001965,RV-01,2026-08-03T20:53:33,CLEARED_FALSE_POSITIVE,ID_VERIFIED
RVW-202608-001829,ALT-202608-001966,RV-04,2026-08-11T16:26:19,CONFIRMED_FRAUD,MULE_CONFIRMED
RVW-202608-001830,ALT-202608-001967,RV-04,2026-08-22T15:42:13,CONFIRMED_FRAUD,DOC_FORGED
RVW-202608-001831,ALT-202608-001968,RV-04,2026-09-01T10:50:26,CONFIRMED_FRAUD,MULE_CONFIRMED
RVW-202608-001832,ALT-202608-001969,RV-04,2026-08-05T18:05:45,CLEARED_FALSE_POSITIVE,CUSTOMER_CONTACTED
RVW-202608-001833,ALT-202608-001970,RV-03,2026-09-05T09:14:03,CLEARED_FALSE_POSITIVE,CUSTOMER_CONTACTED
RVW-202608-001834,ALT-202608-001971,RV-02,2026-09-03T15:39:37,CLEARED_FALSE_POSITIVE,KNOWN_DEVICE
RVW-202608-001835,ALT-202608-001973,RV-03,2026-08-21T15:18:11,CONFIRMED_FRAUD,MULE_CONFIRMED
RVW-202608-001836,ALT-202608-001974,RV-04,2026-09-08T11:34:03,CLEARED_FALSE_POSITIVE,DOC_VALID
RVW-202608-001837,ALT-202608-001975,RV-04,2026-08-13T20:11:59,CLEARED_FALSE_POSITIVE,DOC_VALID
RVW-202608-001838,ALT-202608-001976,RV-02,2026-09-01T17:45:58,CLEARED_FALSE_POSITIVE,ID_VERIFIED
RVW-202608-001839,ALT-202608-001977,RV-02,2026-08-25T19:08:21,CONFIRMED_FRAUD,DOC_FORGED
RVW-202608-001840,ALT-202608-001978,RV-06,2026-08-14T06:21:14,CONFIRMED_FRAUD,MULE_CONFIRMED
RVW-202608-001841,ALT-202608-001979,RV-05,2026-08-08T20:37:22,CLEARED_FALSE_POSITIVE,DOC_VALID
RVW-202608-001842,ALT-202608-001980,RV-04,2026-08-23T12:52:51,CLEARED_FALSE_POSITIVE,CUSTOMER_CONTACTED
RVW-202608-001843,ALT-202608-001981,RV-03,2026-09-03T06:57:37,CLEARED_FALSE_POSITIVE,CUSTOMER_CONTACTED
RVW-202608-001844,ALT-202608-001982,RV-05,2026-08-27T21:27:16,CLEARED_FALSE_POSITIVE,ID_VERIFIED
RVW-202608-001845,ALT-202608-001983,RV-05,2026-09-02T10:50:23,CLEARED_FALSE_POSITIVE,DOC_VALID
RVW-202608-001846,ALT-202608-001985,RV-02,2026-08-29T19:17:31,INSUFFICIENT_EVIDENCE,AGED_OUT
RVW-202608-001847,ALT-202608-001986,RV-01,2026-08-09T06:17:44,CLEARED_FALSE_POSITIVE,ID_VERIFIED
RVW-202608-001848,ALT-202608-001987,RV-05,2026-08-25T22:33:56,CLEARED_FALSE_POSITIVE,KNOWN_DEVICE
RVW-202608-001849,ALT-202608-001988,RV-01,2026-08-19T11:01:26,CLEARED_FALSE_POSITIVE,DOC_VALID
RVW-202608-001850,ALT-202608-001989,RV-05,2026-08-20T12:20:47,CLEARED_FALSE_POSITIVE,DOC_VALID
RVW-202608-001851,ALT-202608-001990,RV-02,2026-08-10T12:48:35,INSUFFICIENT_EVIDENCE,NO_CONTACT
RVW-202608-001852,ALT-202608-001991,RV-04,2026-08-03T11:30:29,CONFIRMED_FRAUD,DOC_FORGED
RVW-202608-001853,ALT-202608-001992,RV-03,2026-08-11T17:48:31,INSUFFICIENT_EVIDENCE,AGED_OUT
RVW-202608-001854,ALT-202608-001993,RV-05,2026-09-09T17:19:04,CLEARED_FALSE_POSITIVE,CUSTOMER_CONTACTED
RVW-202608-001855,ALT-202608-001994,RV-05,2026-08-26T18:58:42,CLEARED_FALSE_POSITIVE,DOC_VALID
RVW-202608-001856,ALT-202608-001995,RV-02,2026-08-15T08:06:53,CLEARED_FALSE_POSITIVE,DOC_VALID
RVW-202608-001857,ALT-202608-001996,RV-06,2026-08-31T13:23:19,CLEARED_FALSE_POSITIVE,DOC_VALID
RVW-202608-001858,ALT-202608-001997,RV-06,2026-08-22T14:42:35,CLEARED_FALSE_POSITIVE,ID_VERIFIED
RVW-202608-001859,ALT-202608-001998,RV-01,2026-08-16T13:29:43,CLEARED_FALSE_POSITIVE,DOC_VALID
RVW-202608-001860,ALT-202608-001999,RV-05,2026-09-07T21:44:08,CLEARED_FALSE_POSITIVE,CUSTOMER_CONTACTED
RVW-202608-001861,ALT-202608-002000,RV-04,2026-09-06T07:32:19,CLEARED_FALSE_POSITIVE,KNOWN_DEVICE
RVW-202608-001862,ALT-202608-002001,RV-01,2026-08-15T18:32:48,CONFIRMED_FRAUD,MULE_CONFIRMED
RVW-202608-001863,ALT-202608-002002,RV-02,2026-08-27T07:41:43,CONFIRMED_FRAUD,SYNTH_ID_CONFIRMED
RVW-202608-001864,ALT-202608-002003,RV-04,2026-08-23T20:59:35,CLEARED_FALSE_POSITIVE,DOC_VALID
RVW-202608-001865,ALT-202608-002004,RV-02,2026-08-01T06:01:27,CLEARED_FALSE_POSITIVE,KNOWN_DEVICE
RVW-202608-001866,ALT-202608-002005,RV-01,2026-08-12T08:47:22,CLEARED_FALSE_POSITIVE,ID_VERIFIED
RVW-202608-001867,ALT-202608-002006,RV-04,2026-09-09T10:45:04,CLEARED_FALSE_POSITIVE,KNOWN_DEVICE
RVW-202608-001868,ALT-202608-002007,RV-06,2026-08-09T11:53:29,CLEARED_FALSE_POSITIVE,ID_VERIFIED
RVW-202608-001869,ALT-202608-002008,RV-05,2026-09-05T15:41:37,CLEARED_FALSE_POSITIVE,KNOWN_DEVICE
RVW-202608-001870,ALT-202608-002009,RV-06,2026-08-16T08:52:06,CONFIRMED_FRAUD,SYNTH_ID_CONFIRMED
RVW-202608-001871,ALT-202608-002010,RV-02,2026-08-24T22:55:26,CLEARED_FALSE_POSITIVE,CUSTOMER_CONTACTED
RVW-202608-001872,ALT-202608-002011,RV-04,2026-08-08T07:35:10,CLEARED_FALSE_POSITIVE,ID_VERIFIED
RVW-202608-001873,ALT-202608-002012,RV-03,2026-08-30T12:29:21,CLEARED_FALSE_POSITIVE,CUSTOMER_CONTACTED
RVW-202608-001874,ALT-202608-002013,RV-04,2026-08-15T20:10:42,CONFIRMED_FRAUD,ATO_CONFIRMED
RVW-202608-001875,ALT-202608-002014,RV-02,2026-08-28T14:46:44,CLEARED_FALSE_POSITIVE,KNOWN_DEVICE
RVW-202608-001876,ALT-202608-002015,RV-03,2026-08-24T12:14:53,CLEARED_FALSE_POSITIVE,KNOWN_DEVICE
RVW-202608-001877,ALT-202608-002016,RV-04,2026-08-16T19:10:37,CONFIRMED_FRAUD,ATO_CONFIRMED
RVW-202608-001878,ALT-202608-002017,RV-03,2026-09-02T09:47:29,CLEARED_FALSE_POSITIVE,KNOWN_DEVICE
RVW-202608-001879,ALT-202608-002018,RV-03,2026-08-25T07:10:48,CLEARED_FALSE_POSITIVE,CUSTOMER_CONTACTED
RVW-202608-001880,ALT-202608-002019,RV-04,2026-08-17T13:01:46,CLEARED_FALSE_POSITIVE,DOC_VALID
RVW-202608-001881,ALT-202608-002020,RV-05,2026-08-13T15:28:21,CLEARED_FALSE_POSITIVE,CUSTOMER_CONTACTED
RVW-202608-001882,ALT-202608-002021,RV-06,2026-08-21T12:58:06,CLEARED_FALSE_POSITIVE,ID_VERIFIED
RVW-202608-001883,ALT-202608-002022,RV-01,2026-08-19T15:59:06,INSUFFICIENT_EVIDENCE,DATA_UNAVAILABLE
RVW-202608-001884,ALT-202608-002023,RV-04,2026-08-05T22:08:57,CLEARED_FALSE_POSITIVE,CUSTOMER_CONTACTED
RVW-202608-001885,ALT-202608-002024,RV-01,2026-08-13T09:43:03,CONFIRMED_FRAUD,DOC_FORGED
RVW-202608-001886,ALT-202608-002025,RV-01,2026-08-26T22:05:24,CONFIRMED_FRAUD,DOC_FORGED
RVW-202608-001887,ALT-202608-002026,RV-05,2026-08-09T12:42:16,CLEARED_FALSE_POSITIVE,KNOWN_DEVICE
RVW-202608-001888,ALT-202608-002027,RV-05,2026-08-29T06:16:42,INSUFFICIENT_EVIDENCE,NO_CONTACT
RVW-202608-001889,ALT-202608-002028,RV-03,2026-08-14T21:31:41,CLEARED_FALSE_POSITIVE,DOC_VALID
RVW-202608-001890,ALT-202608-002029,RV-05,2026-08-06T12:11:02,CLEARED_FALSE_POSITIVE,KNOWN_DEVICE
RVW-202608-001891,ALT-202608-002030,RV-06,2026-08-05T11:36:17,CLEARED_FALSE_POSITIVE,ID_VERIFIED
RVW-202608-001892,ALT-202608-002031,RV-02,2026-08-17T06:19:06,INSUFFICIENT_EVIDENCE,NO_CONTACT
RVW-202608-001893,ALT-202608-002032,RV-04,2026-08-17T19:47:04,CLEARED_FALSE_POSITIVE,DOC_VALID
RVW-202608-001894,ALT-202608-002033,RV-04,2026-09-05T06:56:16,INSUFFICIENT_EVIDENCE,AGED_OUT
RVW-202608-001895,ALT-202608-002034,RV-06,2026-08-14T21:03:13,CLEARED_FALSE_POSITIVE,ID_VERIFIED
RVW-202608-001896,ALT-202608-002035,RV-01,2026-08-25T15:37:31,CONFIRMED_FRAUD,SYNTH_ID_CONFIRMED
RVW-202608-001897,ALT-202608-002036,RV-02,2026-09-01T22:05:00,CLEARED_FALSE_POSITIVE,CUSTOMER_CONTACTED
RVW-202608-001898,ALT-202608-002038,RV-02,2026-08-07T16:38:45,CLEARED_FALSE_POSITIVE,ID_VERIFIED
RVW-202608-001899,ALT-202608-002039,RV-03,2026-08-18T11:26:57,CLEARED_FALSE_POSITIVE,KNOWN_DEVICE
RVW-202608-001900,ALT-202608-002040,RV-03,2026-08-12T07:46:57,CLEARED_FALSE_POSITIVE,DOC_VALID
RVW-202608-001901,ALT-202608-002041,RV-03,2026-08-20T08:11:34,CLEARED_FALSE_POSITIVE,ID_VERIFIED
RVW-202608-001902,ALT-202608-002042,RV-03,2026-08-14T07:51:55,CLEARED_FALSE_POSITIVE,CUSTOMER_CONTACTED
RVW-202608-001903,ALT-202608-002043,RV-03,2026-08-02T07:48:46,CLEARED_FALSE_POSITIVE,DOC_VALID
RVW-202608-001904,ALT-202608-002044,RV-02,2026-08-22T09:49:11,CLEARED_FALSE_POSITIVE,CUSTOMER_CONTACTED
RVW-202608-001905,ALT-202608-002045,RV-01,2026-08-23T21:28:07,CLEARED_FALSE_POSITIVE,ID_VERIFIED
RVW-202608-001906,ALT-202608-002046,RV-02,2026-08-12T13:29:33,CONFIRMED_FRAUD,SYNTH_ID_CONFIRMED
RVW-202608-001907,ALT-202608-002047,RV-04,2026-08-12T12:02:06,INSUFFICIENT_EVIDENCE,DATA_UNAVAILABLE
RVW-202608-001908,ALT-202608-002049,RV-06,2026-08-23T17:18:35,CLEARED_FALSE_POSITIVE,DOC_VALID
RVW-202608-001909,ALT-202608-002050,RV-03,2026-08-13T18:20:21,CLEARED_FALSE_POSITIVE,KNOWN_DEVICE
RVW-202608-001910,ALT-202608-002051,RV-06,2026-09-01T07:45:59,CLEARED_FALSE_POSITIVE,KNOWN_DEVICE
RVW-202608-001911,ALT-202608-002052,RV-01,2026-09-03T15:08:24,CLEARED_FALSE_POSITIVE,KNOWN_DEVICE
RVW-202608-001912,ALT-202608-002053,RV-04,2026-08-22T19:13:20,CLEARED_FALSE_POSITIVE,CUSTOMER_CONTACTED
RVW-202608-001913,ALT-202608-002054,RV-01,2026-08-18T21:49:20,INSUFFICIENT_EVIDENCE,NO_CONTACT
RVW-202608-001914,ALT-202608-002055,RV-06,2026-08-23T19:32:11,CLEARED_FALSE_POSITIVE,DOC_VALID
RVW-202608-001915,ALT-202608-002058,RV-04,2026-08-14T08:33:39,CLEARED_FALSE_POSITIVE,KNOWN_DEVICE
RVW-202608-001916,ALT-202608-002059,RV-03,2026-08-14T14:43:54,CLEARED_FALSE_POSITIVE,ID_VERIFIED
RVW-202608-001917,ALT-202608-002060,RV-05,2026-08-11T18:49:32,CONFIRMED_FRAUD,ATO_CONFIRMED
RVW-202608-001918,ALT-202608-002061,RV-03,2026-08-31T07:15:19,CLEARED_FALSE_POSITIVE,ID_VERIFIED
RVW-202608-001919,ALT-202608-002062,RV-05,2026-08-10T21:08:22,CONFIRMED_FRAUD,SYNTH_ID_CONFIRMED
RVW-202608-001920,ALT-202608-002064,RV-01,2026-08-26T08:34:20,CONFIRMED_FRAUD,DOC_FORGED
RVW-202608-001921,ALT-202608-002065,RV-06,2026-08-21T11:22:43,CLEARED_FALSE_POSITIVE,KNOWN_DEVICE
RVW-202608-001922,ALT-202608-002066,RV-04,2026-09-11T10:10:37,CONFIRMED_FRAUD,MULE_CONFIRMED
RVW-202608-001923,ALT-202608-002067,RV-06,2026-08-09T20:19:40,CLEARED_FALSE_POSITIVE,DOC_VALID
RVW-202608-001924,ALT-202608-002068,RV-02,2026-08-16T18:40:02,INSUFFICIENT_EVIDENCE,NO_CONTACT
RVW-202608-001925,ALT-202608-002069,RV-05,2026-08-27T21:11:33,CLEARED_FALSE_POSITIVE,CUSTOMER_CONTACTED
RVW-202608-001926,ALT-202608-002071,RV-03,2026-08-24T10:42:37,CLEARED_FALSE_POSITIVE,CUSTOMER_CONTACTED
RVW-202608-001927,ALT-202608-002072,RV-06,2026-08-30T08:48:29,CLEARED_FALSE_POSITIVE,DOC_VALID
RVW-202608-001928,ALT-202608-002073,RV-05,2026-09-04T19:16:38,CONFIRMED_FRAUD,SYNTH_ID_CONFIRMED
RVW-202608-001929,ALT-202608-002074,RV-05,2026-08-12T14:52:10,CLEARED_FALSE_POSITIVE,CUSTOMER_CONTACTED
RVW-202608-001930,ALT-202608-002076,RV-01,2026-09-05T22:26:51,CLEARED_FALSE_POSITIVE,KNOWN_DEVICE
RVW-202608-001931,ALT-202608-002077,RV-03,2026-08-29T14:37:50,CLEARED_FALSE_POSITIVE,KNOWN_DEVICE
RVW-202608-001932,ALT-202608-002078,RV-05,2026-08-18T10:53:10,CLEARED_FALSE_POSITIVE,CUSTOMER_CONTACTED
RVW-202608-001933,ALT-202608-002080,RV-04,2026-08-24T14:03:13,CLEARED_FALSE_POSITIVE,DOC_VALID
RVW-202608-001934,ALT-202608-002081,RV-04,2026-08-29T19:13:11,CLEARED_FALSE_POSITIVE,ID_VERIFIED
RVW-202608-001935,ALT-202608-002082,RV-06,2026-08-04T20:46:44,CLEARED_FALSE_POSITIVE,KNOWN_DEVICE
RVW-202608-001936,ALT-202608-002083,RV-06,2026-08-22T13:00:31,CONFIRMED_FRAUD,ATO_CONFIRMED
RVW-202608-001937,ALT-202608-002084,RV-04,2026-08-25T15:34:38,CONFIRMED_FRAUD,DOC_FORGED
RVW-202608-001938,ALT-202608-002085,RV-01,2026-08-21T10:13:40,INSUFFICIENT_EVIDENCE,AGED_OUT
RVW-202608-001939,ALT-202608-002086,RV-05,2026-08-25T10:32:32,CLEARED_FALSE_POSITIVE,CUSTOMER_CONTACTED
RVW-202608-001940,ALT-202608-002087,RV-03,2026-08-23T16:20:35,CLEARED_FALSE_POSITIVE,KNOWN_DEVICE
RVW-202608-001941,ALT-202608-002088,RV-02,2026-08-21T16:38:48,CLEARED_FALSE_POSITIVE,DOC_VALID
RVW-202608-001942,ALT-202608-002089,RV-04,2026-09-02T21:36:08,CLEARED_FALSE_POSITIVE,KNOWN_DEVICE
RVW-202608-001943,ALT-202608-002090,RV-03,2026-08-17T09:49:26,CLEARED_FALSE_POSITIVE,KNOWN_DEVICE
RVW-202608-001944,ALT-202608-002091,RV-04,2026-08-15T08:09:35,CLEARED_FALSE_POSITIVE,KNOWN_DEVICE
RVW-202608-001945,ALT-202608-002092,RV-06,2026-08-22T18:50:52,INSUFFICIENT_EVIDENCE,NO_CONTACT
RVW-202608-001946,ALT-202608-002093,RV-03,2026-08-28T08:25:41,CONFIRMED_FRAUD,DOC_FORGED
RVW-202608-001947,ALT-202608-002094,RV-04,2026-08-16T20:47:19,CLEARED_FALSE_POSITIVE,DOC_VALID
RVW-202608-001948,ALT-202608-002095,RV-05,2026-09-08T16:37:03,CLEARED_FALSE_POSITIVE,DOC_VALID
RVW-202608-001949,ALT-202608-002096,RV-03,2026-09-06T12:17:52,CONFIRMED_FRAUD,ATO_CONFIRMED
RVW-202608-001950,ALT-202608-002097,RV-02,2026-08-27T17:40:48,CLEARED_FALSE_POSITIVE,KNOWN_DEVICE
RVW-202608-001951,ALT-202608-002098,RV-01,2026-08-13T12:53:30,CLEARED_FALSE_POSITIVE,DOC_VALID
RVW-202608-001952,ALT-202608-002099,RV-04,2026-08-14T12:20:53,CLEARED_FALSE_POSITIVE,DOC_VALID
RVW-202608-001953,ALT-202608-002100,RV-06,2026-08-29T20:39:23,CLEARED_FALSE_POSITIVE,DOC_VALID
RVW-202608-001954,ALT-202608-002101,RV-02,2026-08-19T22:34:48,INSUFFICIENT_EVIDENCE,NO_CONTACT
RVW-202608-001955,ALT-202608-002102,RV-03,2026-08-23T15:32:40,CLEARED_FALSE_POSITIVE,CUSTOMER_CONTACTED
RVW-202608-001956,ALT-202608-002103,RV-04,2026-09-07T18:03:34,CLEARED_FALSE_POSITIVE,CUSTOMER_CONTACTED
RVW-202608-001957,ALT-202608-002104,RV-05,2026-08-19T22:36:32,INSUFFICIENT_EVIDENCE,AGED_OUT
RVW-202608-001958,ALT-202608-002105,RV-01,2026-08-03T19:11:40,CLEARED_FALSE_POSITIVE,KNOWN_DEVICE
RVW-202608-001959,ALT-202608-002106,RV-06,2026-08-16T12:02:26,CLEARED_FALSE_POSITIVE,ID_VERIFIED
RVW-202608-001960,ALT-202608-002107,RV-05,2026-09-07T22:04:55,CONFIRMED_FRAUD,SYNTH_ID_CONFIRMED
RVW-202608-001961,ALT-202608-002108,RV-05,2026-08-08T06:41:46,CLEARED_FALSE_POSITIVE,CUSTOMER_CONTACTED
RVW-202608-001962,ALT-202608-002109,RV-05,2026-08-12T20:52:29,CLEARED_FALSE_POSITIVE,ID_VERIFIED
RVW-202608-001963,ALT-202608-002110,RV-01,2026-08-26T16:10:29,CLEARED_FALSE_POSITIVE,CUSTOMER_CONTACTED
RVW-202608-001964,ALT-202608-002111,RV-02,2026-08-19T08:36:55,CLEARED_FALSE_POSITIVE,KNOWN_DEVICE
RVW-202608-001965,ALT-202608-002112,RV-01,2026-08-22T18:17:58,CLEARED_FALSE_POSITIVE,KNOWN_DEVICE
RVW-202608-001966,ALT-202608-002113,RV-04,2026-08-15T08:49:36,CLEARED_FALSE_POSITIVE,ID_VERIFIED
RVW-202608-001967,ALT-202608-002114,RV-05,2026-08-11T18:23:55,CLEARED_FALSE_POSITIVE,DOC_VALID
RVW-202608-001968,ALT-202608-002115,RV-04,2026-08-08T12:44:43,CONFIRMED_FRAUD,MULE_CONFIRMED
RVW-202608-001969,ALT-202608-002116,RV-03,2026-09-02T20:54:31,CLEARED_FALSE_POSITIVE,ID_VERIFIED
RVW-202608-001970,ALT-202608-002118,RV-02,2026-08-20T12:16:46,CLEARED_FALSE_POSITIVE,DOC_VALID
RVW-202608-001971,ALT-202608-002119,RV-01,2026-08-22T18:35:03,CLEARED_FALSE_POSITIVE,ID_VERIFIED
RVW-202608-001972,ALT-202608-002120,RV-01,2026-08-19T06:07:53,CLEARED_FALSE_POSITIVE,ID_VERIFIED
RVW-202608-001973,ALT-202608-002121,RV-01,2026-08-01T17:36:51,CLEARED_FALSE_POSITIVE,ID_VERIFIED
RVW-202608-001974,ALT-202608-002122,RV-03,2026-09-02T19:53:51,CLEARED_FALSE_POSITIVE,KNOWN_DEVICE
RVW-202608-001975,ALT-202608-002124,RV-04,2026-09-01T18:14:05,CLEARED_FALSE_POSITIVE,CUSTOMER_CONTACTED
RVW-202608-001976,ALT-202608-002125,RV-06,2026-08-25T15:01:41,CLEARED_FALSE_POSITIVE,CUSTOMER_CONTACTED
RVW-202608-001977,ALT-202608-002126,RV-01,2026-08-15T10:31:38,CLEARED_FALSE_POSITIVE,CUSTOMER_CONTACTED
RVW-202608-001978,ALT-202608-002127,RV-06,2026-08-04T19:18:23,CLEARED_FALSE_POSITIVE,DOC_VALID
RVW-202608-001979,ALT-202608-002128,RV-03,2026-08-08T09:56:59,CLEARED_FALSE_POSITIVE,CUSTOMER_CONTACTED
RVW-202608-001980,ALT-202608-002129,RV-06,2026-08-15T12:34:53,CLEARED_FALSE_POSITIVE,KNOWN_DEVICE
RVW-202608-001981,ALT-202608-002130,RV-01,2026-09-09T08:23:27,CLEARED_FALSE_POSITIVE,CUSTOMER_CONTACTED
RVW-202608-001982,ALT-202608-002131,RV-04,2026-08-29T16:14:06,CLEARED_FALSE_POSITIVE,DOC_VALID
RVW-202608-001983,ALT-202608-002132,RV-01,2026-08-12T18:52:31,CLEARED_FALSE_POSITIVE,CUSTOMER_CONTACTED
RVW-202608-001984,ALT-202608-002133,RV-01,2026-08-14T06:16:02,CLEARED_FALSE_POSITIVE,KNOWN_DEVICE
RVW-202608-001985,ALT-202608-002134,RV-01,2026-09-01T06:50:28,CONFIRMED_FRAUD,ATO_CONFIRMED
RVW-202608-001986,ALT-202608-002135,RV-03,2026-08-06T16:38:55,CLEARED_FALSE_POSITIVE,DOC_VALID
RVW-202608-001987,ALT-202608-002136,RV-04,2026-08-07T13:43:02,CLEARED_FALSE_POSITIVE,CUSTOMER_CONTACTED
RVW-202608-001988,ALT-202608-002137,RV-05,2026-08-13T15:34:11,CLEARED_FALSE_POSITIVE,DOC_VALID
RVW-202608-001989,ALT-202608-002138,RV-05,2026-08-21T09:50:54,CLEARED_FALSE_POSITIVE,KNOWN_DEVICE
RVW-202608-001990,ALT-202608-002139,RV-04,2026-08-03T10:19:45,CONFIRMED_FRAUD,ATO_CONFIRMED
RVW-202608-001991,ALT-202608-002140,RV-04,2026-08-21T07:25:00,CLEARED_FALSE_POSITIVE,DOC_VALID
RVW-202608-001992,ALT-202608-002141,RV-03,2026-09-01T12:21:35,CLEARED_FALSE_POSITIVE,KNOWN_DEVICE
RVW-202608-001993,ALT-202608-002142,RV-04,2026-08-31T20:36:45,INSUFFICIENT_EVIDENCE,NO_CONTACT
RVW-202608-001994,ALT-202608-002143,RV-01,2026-08-29T07:40:15,CLEARED_FALSE_POSITIVE,ID_VERIFIED
RVW-202608-001995,ALT-202608-002144,RV-03,2026-08-11T14:58:37,CLEARED_FALSE_POSITIVE,CUSTOMER_CONTACTED
RVW-202608-001996,ALT-202608-002145,RV-06,2026-08-03T14:22:37,CONFIRMED_FRAUD,MULE_CONFIRMED
RVW-202608-001997,ALT-202608-002146,RV-03,2026-08-07T14:21:16,CLEARED_FALSE_POSITIVE,ID_VERIFIED
RVW-202608-001998,ALT-202608-002148,RV-06,2026-09-02T06:50:44,CLEARED_FALSE_POSITIVE,CUSTOMER_CONTACTED
RVW-202608-001999,ALT-202608-002149,RV-01,2026-08-17T12:24:43,CONFIRMED_FRAUD,ATO_CONFIRMED
RVW-202608-002000,ALT-202608-002150,RV-06,2026-09-02T13:41:00,CLEARED_FALSE_POSITIVE,CUSTOMER_CONTACTED
RVW-202608-002001,ALT-202608-002151,RV-01,2026-08-19T22:37:23,CLEARED_FALSE_POSITIVE,ID_VERIFIED
RVW-202608-002002,ALT-202608-002152,RV-02,2026-08-19T18:05:57,CLEARED_FALSE_POSITIVE,KNOWN_DEVICE
RVW-202608-002003,ALT-202608-002153,RV-06,2026-09-01T08:01:37,CLEARED_FALSE_POSITIVE,DOC_VALID
RVW-202608-002004,ALT-202608-002154,RV-03,2026-08-13T07:00:32,CLEARED_FALSE_POSITIVE,CUSTOMER_CONTACTED
RVW-202608-002005,ALT-202608-002155,RV-03,2026-09-10T13:54:02,CLEARED_FALSE_POSITIVE,CUSTOMER_CONTACTED
RVW-202608-002006,ALT-202608-002156,RV-01,2026-08-13T12:04:49,CLEARED_FALSE_POSITIVE,ID_VERIFIED
RVW-202608-002007,ALT-202608-002157,RV-01,2026-08-16T13:36:24,CLEARED_FALSE_POSITIVE,KNOWN_DEVICE
RVW-202608-002008,ALT-202608-002158,RV-06,2026-08-27T21:05:16,CLEARED_FALSE_POSITIVE,CUSTOMER_CONTACTED
RVW-202608-002009,ALT-202608-002159,RV-01,2026-08-13T14:09:20,CLEARED_FALSE_POSITIVE,CUSTOMER_CONTACTED
RVW-202608-002010,ALT-202608-002160,RV-03,2026-08-15T18:14:37,CLEARED_FALSE_POSITIVE,KNOWN_DEVICE
RVW-202608-002011,ALT-202608-002161,RV-04,2026-08-28T22:08:58,CLEARED_FALSE_POSITIVE,CUSTOMER_CONTACTED
RVW-202608-002012,ALT-202608-002162,RV-01,2026-08-25T11:52:34,CLEARED_FALSE_POSITIVE,KNOWN_DEVICE
RVW-202608-002013,ALT-202608-002163,RV-01,2026-09-02T14:29:15,CLEARED_FALSE_POSITIVE,CUSTOMER_CONTACTED
RVW-202608-002014,ALT-202608-002164,RV-06,2026-09-02T12:31:40,CLEARED_FALSE_POSITIVE,DOC_VALID
RVW-202608-002015,ALT-202608-002165,RV-03,2026-08-21T12:03:01,CLEARED_FALSE_POSITIVE,DOC_VALID
RVW-202608-002016,ALT-202608-002166,RV-06,2026-09-08T07:43:31,CLEARED_FALSE_POSITIVE,DOC_VALID
RVW-202608-002017,ALT-202608-002167,RV-01,2026-08-22T19:46:21,CLEARED_FALSE_POSITIVE,ID_VERIFIED
RVW-202608-002018,ALT-202608-002168,RV-04,2026-08-04T08:21:06,CLEARED_FALSE_POSITIVE,CUSTOMER_CONTACTED
RVW-202608-002019,ALT-202608-002169,RV-06,2026-08-15T10:28:50,CLEARED_FALSE_POSITIVE,ID_VERIFIED
RVW-202608-002020,ALT-202608-002170,RV-06,2026-08-18T07:57:50,CLEARED_FALSE_POSITIVE,ID_VERIFIED
RVW-202608-002021,ALT-202608-002171,RV-06,2026-08-29T13:30:43,CLEARED_FALSE_POSITIVE,ID_VERIFIED
RVW-202608-002022,ALT-202608-002172,RV-05,2026-08-06T13:51:36,CLEARED_FALSE_POSITIVE,KNOWN_DEVICE
RVW-202608-002023,ALT-202608-002173,RV-01,2026-08-15T21:14:08,CLEARED_FALSE_POSITIVE,CUSTOMER_CONTACTED
RVW-202608-002024,ALT-202608-002174,RV-05,2026-09-04T16:06:54,CLEARED_FALSE_POSITIVE,DOC_VALID
RVW-202608-002025,ALT-202608-002175,RV-03,2026-08-17T18:56:47,CLEARED_FALSE_POSITIVE,KNOWN_DEVICE
RVW-202608-002026,ALT-202608-002176,RV-01,2026-08-28T17:54:57,CONFIRMED_FRAUD,MULE_CONFIRMED
RVW-202608-002027,ALT-202608-002178,RV-06,2026-08-18T22:43:32,CONFIRMED_FRAUD,DOC_FORGED
RVW-202608-002028,ALT-202608-002179,RV-06,2026-08-22T11:54:27,CLEARED_FALSE_POSITIVE,ID_VERIFIED
RVW-202608-002029,ALT-202608-002180,RV-05,2026-08-12T10:05:13,CLEARED_FALSE_POSITIVE,DOC_VALID
RVW-202608-002030,ALT-202608-002181,RV-04,2026-09-05T09:52:22,CLEARED_FALSE_POSITIVE,KNOWN_DEVICE
RVW-202608-002031,ALT-202608-002182,RV-02,2026-08-06T15:32:05,CLEARED_FALSE_POSITIVE,KNOWN_DEVICE
RVW-202608-002032,ALT-202608-002183,RV-04,2026-08-27T10:59:27,CLEARED_FALSE_POSITIVE,ID_VERIFIED
RVW-202608-002033,ALT-202608-002184,RV-06,2026-08-17T15:48:00,CLEARED_FALSE_POSITIVE,DOC_VALID
RVW-202608-002034,ALT-202608-002185,RV-02,2026-08-24T13:31:06,CLEARED_FALSE_POSITIVE,DOC_VALID
RVW-202608-002035,ALT-202608-002186,RV-02,2026-08-20T21:53:20,CLEARED_FALSE_POSITIVE,DOC_VALID
RVW-202608-002036,ALT-202608-002187,RV-05,2026-08-04T19:21:25,CLEARED_FALSE_POSITIVE,DOC_VALID
RVW-202608-002037,ALT-202608-002188,RV-06,2026-09-04T15:05:51,CLEARED_FALSE_POSITIVE,KNOWN_DEVICE
RVW-202608-002038,ALT-202608-002189,RV-05,2026-08-21T17:35:12,CLEARED_FALSE_POSITIVE,ID_VERIFIED
RVW-202608-002039,ALT-202608-002190,RV-02,2026-08-26T12:13:59,CLEARED_FALSE_POSITIVE,ID_VERIFIED
RVW-202608-002040,ALT-202608-002191,RV-05,2026-08-05T18:58:22,CLEARED_FALSE_POSITIVE,CUSTOMER_CONTACTED
RVW-202608-002041,ALT-202608-002192,RV-06,2026-08-14T12:11:38,CONFIRMED_FRAUD,SYNTH_ID_CONFIRMED
RVW-202608-002042,ALT-202608-002193,RV-03,2026-08-14T15:24:36,CLEARED_FALSE_POSITIVE,KNOWN_DEVICE
RVW-202608-002043,ALT-202608-002194,RV-02,2026-08-12T20:41:21,CONFIRMED_FRAUD,ATO_CONFIRMED
RVW-202608-002044,ALT-202608-002195,RV-01,2026-08-09T16:29:50,CLEARED_FALSE_POSITIVE,KNOWN_DEVICE
RVW-202608-002045,ALT-202608-002196,RV-01,2026-08-31T18:49:47,CONFIRMED_FRAUD,SYNTH_ID_CONFIRMED
RVW-202608-002046,ALT-202608-002197,RV-04,2026-08-18T17:31:58,CONFIRMED_FRAUD,DOC_FORGED
RVW-202608-002047,ALT-202608-002198,RV-02,2026-08-16T07:53:22,INSUFFICIENT_EVIDENCE,NO_CONTACT
RVW-202608-002048,ALT-202608-002199,RV-03,2026-08-19T14:57:00,CONFIRMED_FRAUD,ATO_CONFIRMED
RVW-202608-002049,ALT-202608-002200,RV-05,2026-09-05T14:57:23,CLEARED_FALSE_POSITIVE,KNOWN_DEVICE
RVW-202608-002050,ALT-202608-002201,RV-05,2026-08-09T11:37:10,CONFIRMED_FRAUD,MULE_CONFIRMED
RVW-202608-002051,ALT-202608-002202,RV-03,2026-08-09T22:50:29,CLEARED_FALSE_POSITIVE,ID_VERIFIED
RVW-202608-002052,ALT-202608-002203,RV-02,2026-08-26T16:22:28,INSUFFICIENT_EVIDENCE,DATA_UNAVAILABLE
RVW-202608-002053,ALT-202608-002204,RV-06,2026-08-23T09:32:41,CONFIRMED_FRAUD,MULE_CONFIRMED
RVW-202608-002054,ALT-202608-002205,RV-03,2026-08-09T12:18:23,CLEARED_FALSE_POSITIVE,ID_VERIFIED
RVW-202608-002055,ALT-202608-002206,RV-02,2026-08-14T17:59:45,CLEARED_FALSE_POSITIVE,KNOWN_DEVICE
RVW-202608-002056,ALT-202608-002207,RV-02,2026-09-07T20:27:22,CLEARED_FALSE_POSITIVE,CUSTOMER_CONTACTED
RVW-202608-002057,ALT-202608-002208,RV-04,2026-08-10T16:36:53,CLEARED_FALSE_POSITIVE,ID_VERIFIED
RVW-202608-002058,ALT-202608-002209,RV-03,2026-08-29T06:48:09,CLEARED_FALSE_POSITIVE,ID_VERIFIED
RVW-202608-002059,ALT-202608-002210,RV-04,2026-08-09T18:50:25,CLEARED_FALSE_POSITIVE,KNOWN_DEVICE
RVW-202608-002060,ALT-202608-002211,RV-02,2026-08-20T20:39:58,CLEARED_FALSE_POSITIVE,KNOWN_DEVICE
RVW-202608-002061,ALT-202608-002212,RV-03,2026-08-31T20:51:11,CLEARED_FALSE_POSITIVE,CUSTOMER_CONTACTED
RVW-202608-002062,ALT-202608-002213,RV-05,2026-08-18T17:51:28,CLEARED_FALSE_POSITIVE,KNOWN_DEVICE
RVW-202608-002063,ALT-202608-002214,RV-06,2026-08-24T18:40:42,CLEARED_FALSE_POSITIVE,KNOWN_DEVICE
RVW-202608-002064,ALT-202608-002215,RV-05,2026-09-07T17:59:29,CLEARED_FALSE_POSITIVE,KNOWN_DEVICE
RVW-202608-002065,ALT-202608-002216,RV-04,2026-08-26T06:42:21,CLEARED_FALSE_POSITIVE,KNOWN_DEVICE
RVW-202608-002066,ALT-202608-002217,RV-01,2026-08-23T10:34:22,CLEARED_FALSE_POSITIVE,CUSTOMER_CONTACTED
RVW-202608-002067,ALT-202608-002218,RV-06,2026-08-18T09:30:06,CONFIRMED_FRAUD,ATO_CONFIRMED
RVW-202608-002068,ALT-202608-002219,RV-01,2026-09-01T17:35:50,CLEARED_FALSE_POSITIVE,DOC_VALID
RVW-202608-002069,ALT-202608-002220,RV-03,2026-08-07T07:51:30,CONFIRMED_FRAUD,ATO_CONFIRMED
RVW-202608-002070,ALT-202608-002221,RV-06,2026-08-28T10:22:03,CLEARED_FALSE_POSITIVE,DOC_VALID
RVW-202608-002071,ALT-202608-002222,RV-01,2026-08-28T15:15:12,CLEARED_FALSE_POSITIVE,CUSTOMER_CONTACTED
RVW-202608-002072,ALT-202608-002223,RV-03,2026-09-03T18:09:36,INSUFFICIENT_EVIDENCE,AGED_OUT
RVW-202608-002073,ALT-202608-002224,RV-04,2026-08-31T16:27:45,CLEARED_FALSE_POSITIVE,DOC_VALID
RVW-202608-002074,ALT-202608-002225,RV-04,2026-08-15T08:52:00,CLEARED_FALSE_POSITIVE,KNOWN_DEVICE
RVW-202608-002075,ALT-202608-002226,RV-06,2026-08-31T09:28:29,CLEARED_FALSE_POSITIVE,ID_VERIFIED
RVW-202608-002076,ALT-202608-002227,RV-01,2026-08-09T11:21:07,CLEARED_FALSE_POSITIVE,DOC_VALID
RVW-202608-002077,ALT-202608-002228,RV-05,2026-08-24T14:38:00,CONFIRMED_FRAUD,ATO_CONFIRMED
RVW-202608-002078,ALT-202608-002229,RV-06,2026-08-22T15:12:50,INSUFFICIENT_EVIDENCE,AGED_OUT
RVW-202608-002079,ALT-202608-002230,RV-05,2026-08-08T21:01:23,CLEARED_FALSE_POSITIVE,CUSTOMER_CONTACTED
RVW-202608-002080,ALT-202608-002231,RV-05,2026-08-28T11:16:49,CONFIRMED_FRAUD,SYNTH_ID_CONFIRMED
RVW-202608-002081,ALT-202608-002232,RV-02,2026-08-19T11:27:03,CLEARED_FALSE_POSITIVE,DOC_VALID
RVW-202608-002082,ALT-202608-002233,RV-01,2026-08-16T19:07:17,CLEARED_FALSE_POSITIVE,DOC_VALID
RVW-202608-002083,ALT-202608-002234,RV-01,2026-08-22T15:28:58,CONFIRMED_FRAUD,MULE_CONFIRMED
RVW-202608-002084,ALT-202608-002235,RV-06,2026-08-25T19:46:53,CLEARED_FALSE_POSITIVE,CUSTOMER_CONTACTED
RVW-202608-002085,ALT-202608-002236,RV-06,2026-08-28T15:43:03,CLEARED_FALSE_POSITIVE,KNOWN_DEVICE
RVW-202608-002086,ALT-202608-002237,RV-04,2026-09-02T14:46:41,CLEARED_FALSE_POSITIVE,CUSTOMER_CONTACTED
RVW-202608-002087,ALT-202608-002239,RV-01,2026-08-29T18:08:29,CLEARED_FALSE_POSITIVE,KNOWN_DEVICE
RVW-202608-002088,ALT-202608-002240,RV-01,2026-08-25T09:07:39,INSUFFICIENT_EVIDENCE,DATA_UNAVAILABLE
RVW-202608-002089,ALT-202608-002241,RV-04,2026-09-06T12:49:32,CLEARED_FALSE_POSITIVE,KNOWN_DEVICE
RVW-202608-002090,ALT-202608-002242,RV-06,2026-08-12T11:40:26,CLEARED_FALSE_POSITIVE,KNOWN_DEVICE
RVW-202608-002091,ALT-202608-002243,RV-06,2026-08-28T17:29:44,CLEARED_FALSE_POSITIVE,ID_VERIFIED
RVW-202608-002092,ALT-202608-002244,RV-03,2026-08-14T16:01:55,CLEARED_FALSE_POSITIVE,CUSTOMER_CONTACTED
RVW-202608-002093,ALT-202608-002246,RV-03,2026-08-12T07:27:03,CONFIRMED_FRAUD,MULE_CONFIRMED
RVW-202608-002094,ALT-202608-002247,RV-04,2026-08-18T13:46:44,CLEARED_FALSE_POSITIVE,ID_VERIFIED
RVW-202608-002095,ALT-202608-002248,RV-05,2026-08-16T22:47:57,CLEARED_FALSE_POSITIVE,CUSTOMER_CONTACTED
RVW-202608-002096,ALT-202608-002249,RV-06,2026-08-06T20:17:37,CLEARED_FALSE_POSITIVE,DOC_VALID
RVW-202608-002097,ALT-202608-002251,RV-04,2026-08-09T16:01:49,CONFIRMED_FRAUD,MULE_CONFIRMED
RVW-202608-002098,ALT-202608-002252,RV-04,2026-09-02T11:06:30,CLEARED_FALSE_POSITIVE,DOC_VALID
RVW-202608-002099,ALT-202608-002253,RV-04,2026-08-26T06:22:29,INSUFFICIENT_EVIDENCE,NO_CONTACT
RVW-202608-002100,ALT-202608-002254,RV-03,2026-08-15T08:43:48,CLEARED_FALSE_POSITIVE,CUSTOMER_CONTACTED
RVW-202608-002101,ALT-202608-002255,RV-01,2026-09-05T12:49:26,CLEARED_FALSE_POSITIVE,ID_VERIFIED
RVW-202608-002102,ALT-202608-002256,RV-02,2026-08-26T20:02:24,CLEARED_FALSE_POSITIVE,CUSTOMER_CONTACTED
RVW-202608-002103,ALT-202608-002257,RV-05,2026-08-27T15:02:43,CLEARED_FALSE_POSITIVE,CUSTOMER_CONTACTED
RVW-202608-002104,ALT-202608-002258,RV-01,2026-09-02T18:39:31,CLEARED_FALSE_POSITIVE,DOC_VALID
RVW-202608-002105,ALT-202608-002259,RV-05,2026-08-11T06:54:58,CLEARED_FALSE_POSITIVE,KNOWN_DEVICE
RVW-202608-002106,ALT-202608-002260,RV-04,2026-08-22T09:56:26,CLEARED_FALSE_POSITIVE,CUSTOMER_CONTACTED
RVW-202608-002107,ALT-202608-002261,RV-02,2026-09-07T11:22:33,CLEARED_FALSE_POSITIVE,KNOWN_DEVICE
RVW-202608-002108,ALT-202608-002262,RV-01,2026-08-22T17:05:46,CLEARED_FALSE_POSITIVE,DOC_VALID
RVW-202608-002109,ALT-202608-002263,RV-04,2026-08-09T07:56:07,CLEARED_FALSE_POSITIVE,ID_VERIFIED
RVW-202608-002110,ALT-202608-002264,RV-06,2026-08-24T10:19:23,CLEARED_FALSE_POSITIVE,DOC_VALID
RVW-202608-002111,ALT-202608-002265,RV-04,2026-09-02T17:46:46,CLEARED_FALSE_POSITIVE,DOC_VALID
RVW-202608-002112,ALT-202608-002266,RV-04,2026-08-25T16:22:47,CLEARED_FALSE_POSITIVE,CUSTOMER_CONTACTED
RVW-202608-002113,ALT-202608-002267,RV-06,2026-08-29T08:00:36,CLEARED_FALSE_POSITIVE,ID_VERIFIED
RVW-202608-002114,ALT-202608-002268,RV-05,2026-08-26T09:12:07,CLEARED_FALSE_POSITIVE,ID_VERIFIED
RVW-202608-002115,ALT-202608-002269,RV-04,2026-08-05T19:21:24,INSUFFICIENT_EVIDENCE,NO_CONTACT
RVW-202608-002116,ALT-202608-002270,RV-03,2026-08-15T16:03:08,CLEARED_FALSE_POSITIVE,DOC_VALID
RVW-202608-002117,ALT-202608-002271,RV-05,2026-08-10T16:08:51,CLEARED_FALSE_POSITIVE,ID_VERIFIED
RVW-202608-002118,ALT-202608-002272,RV-04,2026-08-01T15:53:26,CLEARED_FALSE_POSITIVE,KNOWN_DEVICE
RVW-202608-002119,ALT-202608-002273,RV-05,2026-08-20T08:21:00,CLEARED_FALSE_POSITIVE,KNOWN_DEVICE
RVW-202608-002120,ALT-202608-002274,RV-04,2026-08-12T10:25:41,CLEARED_FALSE_POSITIVE,KNOWN_DEVICE
RVW-202608-002121,ALT-202608-002275,RV-02,2026-09-06T22:51:43,CLEARED_FALSE_POSITIVE,ID_VERIFIED
RVW-202608-002122,ALT-202608-002276,RV-05,2026-08-08T20:07:17,CLEARED_FALSE_POSITIVE,CUSTOMER_CONTACTED
RVW-202608-002123,ALT-202608-002277,RV-05,2026-08-20T07:46:11,CLEARED_FALSE_POSITIVE,KNOWN_DEVICE
RVW-202608-002124,ALT-202608-002278,RV-06,2026-08-13T19:30:48,CLEARED_FALSE_POSITIVE,ID_VERIFIED
RVW-202608-002125,ALT-202608-002279,RV-06,2026-08-21T12:12:54,CLEARED_FALSE_POSITIVE,KNOWN_DEVICE
RVW-202608-002126,ALT-202608-002280,RV-06,2026-08-17T20:36:06,CONFIRMED_FRAUD,SYNTH_ID_CONFIRMED
RVW-202608-002127,ALT-202608-002281,RV-01,2026-08-20T17:54:57,CLEARED_FALSE_POSITIVE,ID_VERIFIED
RVW-202608-002128,ALT-202608-002282,RV-05,2026-08-25T11:39:30,CLEARED_FALSE_POSITIVE,ID_VERIFIED
RVW-202608-002129,ALT-202608-002283,RV-04,2026-08-31T20:39:10,CLEARED_FALSE_POSITIVE,CUSTOMER_CONTACTED
RVW-202608-002130,ALT-202608-002284,RV-05,2026-08-31T22:57:17,CLEARED_FALSE_POSITIVE,KNOWN_DEVICE
RVW-202608-002131,ALT-202608-002285,RV-04,2026-08-17T22:01:26,CLEARED_FALSE_POSITIVE,CUSTOMER_CONTACTED
RVW-202608-002132,ALT-202608-002286,RV-01,2026-08-08T19:08:35,CLEARED_FALSE_POSITIVE,ID_VERIFIED
RVW-202608-002133,ALT-202608-002287,RV-03,2026-08-24T16:01:47,CLEARED_FALSE_POSITIVE,ID_VERIFIED
RVW-202608-002134,ALT-202608-002288,RV-02,2026-08-15T07:02:36,CLEARED_FALSE_POSITIVE,CUSTOMER_CONTACTED
RVW-202608-002135,ALT-202608-002289,RV-01,2026-09-11T19:52:31,INSUFFICIENT_EVIDENCE,DATA_UNAVAILABLE
RVW-202608-002136,ALT-202608-002290,RV-05,2026-08-20T18:18:16,CLEARED_FALSE_POSITIVE,ID_VERIFIED
RVW-202608-002137,ALT-202608-002291,RV-05,2026-08-18T11:41:42,INSUFFICIENT_EVIDENCE,NO_CONTACT
RVW-202608-002138,ALT-202608-002292,RV-01,2026-08-11T18:23:25,CLEARED_FALSE_POSITIVE,DOC_VALID
RVW-202608-002139,ALT-202608-002293,RV-03,2026-08-27T20:28:20,CLEARED_FALSE_POSITIVE,KNOWN_DEVICE
RVW-202608-002140,ALT-202608-002294,RV-01,2026-08-24T16:35:03,CLEARED_FALSE_POSITIVE,ID_VERIFIED
RVW-202608-002141,ALT-202608-002295,RV-06,2026-08-25T09:57:20,CLEARED_FALSE_POSITIVE,DOC_VALID
RVW-202608-002142,ALT-202608-002296,RV-04,2026-08-13T20:01:21,CLEARED_FALSE_POSITIVE,CUSTOMER_CONTACTED
RVW-202608-002143,ALT-202608-002297,RV-02,2026-09-03T14:25:57,CLEARED_FALSE_POSITIVE,ID_VERIFIED
RVW-202608-002144,ALT-202608-002298,RV-03,2026-08-23T08:28:21,CLEARED_FALSE_POSITIVE,DOC_VALID
RVW-202608-002145,ALT-202608-002300,RV-05,2026-08-21T18:00:42,CLEARED_FALSE_POSITIVE,DOC_VALID
RVW-202608-002146,ALT-202608-002301,RV-05,2026-08-13T12:02:46,CONFIRMED_FRAUD,ATO_CONFIRMED
RVW-202608-002147,ALT-202608-002302,RV-03,2026-08-12T08:18:37,CLEARED_FALSE_POSITIVE,CUSTOMER_CONTACTED
RVW-202608-002148,ALT-202608-002303,RV-04,2026-08-12T16:38:47,CLEARED_FALSE_POSITIVE,CUSTOMER_CONTACTED
RVW-202608-002149,ALT-202608-002304,RV-02,2026-08-23T14:23:19,CLEARED_FALSE_POSITIVE,CUSTOMER_CONTACTED
RVW-202608-002150,ALT-202608-002305,RV-05,2026-08-18T08:39:47,CLEARED_FALSE_POSITIVE,ID_VERIFIED
RVW-202608-002151,ALT-202608-002307,RV-06,2026-08-20T17:56:55,CLEARED_FALSE_POSITIVE,CUSTOMER_CONTACTED
RVW-202608-002152,ALT-202608-002308,RV-03,2026-08-15T20:42:53,CLEARED_FALSE_POSITIVE,CUSTOMER_CONTACTED
RVW-202608-002153,ALT-202608-002309,RV-06,2026-08-29T20:50:14,CLEARED_FALSE_POSITIVE,DOC_VALID
RVW-202608-002154,ALT-202608-002310,RV-02,2026-08-28T13:20:44,CLEARED_FALSE_POSITIVE,CUSTOMER_CONTACTED
RVW-202608-002155,ALT-202608-002311,RV-05,2026-08-20T17:11:27,CLEARED_FALSE_POSITIVE,DOC_VALID
RVW-202608-002156,ALT-202608-002313,RV-04,2026-09-06T18:53:45,CONFIRMED_FRAUD,ATO_CONFIRMED
RVW-202608-002157,ALT-202608-002314,RV-05,2026-08-12T21:50:18,CONFIRMED_FRAUD,SYNTH_ID_CONFIRMED
RVW-202608-002158,ALT-202608-002315,RV-06,2026-08-24T20:58:38,CLEARED_FALSE_POSITIVE,CUSTOMER_CONTACTED
RVW-202608-002159,ALT-202608-002316,RV-02,2026-08-13T06:51:39,CLEARED_FALSE_POSITIVE,ID_VERIFIED
RVW-202608-002160,ALT-202608-002317,RV-04,2026-08-26T15:14:36,CLEARED_FALSE_POSITIVE,KNOWN_DEVICE
RVW-202608-002161,ALT-202608-002318,RV-02,2026-08-14T11:47:17,INSUFFICIENT_EVIDENCE,DATA_UNAVAILABLE
RVW-202608-002162,ALT-202608-002319,RV-04,2026-08-23T10:56:23,CLEARED_FALSE_POSITIVE,ID_VERIFIED
RVW-202608-002163,ALT-202608-002320,RV-03,2026-08-25T11:12:52,CLEARED_FALSE_POSITIVE,KNOWN_DEVICE
RVW-202608-002164,ALT-202608-002321,RV-02,2026-08-12T17:48:55,CLEARED_FALSE_POSITIVE,CUSTOMER_CONTACTED
RVW-202608-002165,ALT-202608-002322,RV-05,2026-08-27T08:16:28,CLEARED_FALSE_POSITIVE,ID_VERIFIED
RVW-202608-002166,ALT-202608-002323,RV-04,2026-08-17T10:03:21,INSUFFICIENT_EVIDENCE,DATA_UNAVAILABLE
RVW-202608-002167,ALT-202608-002324,RV-01,2026-09-05T20:17:02,CONFIRMED_FRAUD,DOC_FORGED
RVW-202608-002168,ALT-202608-002325,RV-06,2026-09-08T08:58:39,CLEARED_FALSE_POSITIVE,ID_VERIFIED
RVW-202608-002169,ALT-202608-002326,RV-05,2026-08-17T16:49:08,CONFIRMED_FRAUD,DOC_FORGED
RVW-202608-002170,ALT-202608-002327,RV-04,2026-08-11T12:03:36,CLEARED_FALSE_POSITIVE,KNOWN_DEVICE
RVW-202608-002171,ALT-202608-002328,RV-04,2026-08-20T09:59:42,CLEARED_FALSE_POSITIVE,KNOWN_DEVICE
RVW-202608-002172,ALT-202608-002329,RV-01,2026-08-14T18:44:53,CLEARED_FALSE_POSITIVE,KNOWN_DEVICE
RVW-202608-002173,ALT-202608-002330,RV-06,2026-08-17T11:13:27,CLEARED_FALSE_POSITIVE,KNOWN_DEVICE
RVW-202608-002174,ALT-202608-002331,RV-04,2026-08-24T17:19:58,CLEARED_FALSE_POSITIVE,ID_VERIFIED
RVW-202608-002175,ALT-202608-002332,RV-06,2026-08-24T21:04:07,CONFIRMED_FRAUD,ATO_CONFIRMED
RVW-202608-002176,ALT-202608-002333,RV-05,2026-08-04T08:27:24,CLEARED_FALSE_POSITIVE,ID_VERIFIED
RVW-202608-002177,ALT-202608-002334,RV-02,2026-08-24T13:19:02,CLEARED_FALSE_POSITIVE,DOC_VALID
RVW-202608-002178,ALT-202608-002335,RV-02,2026-08-30T18:55:44,CLEARED_FALSE_POSITIVE,ID_VERIFIED
RVW-202608-002179,ALT-202608-002336,RV-06,2026-08-08T12:17:28,INSUFFICIENT_EVIDENCE,DATA_UNAVAILABLE
RVW-202608-002180,ALT-202608-002337,RV-02,2026-08-27T19:30:02,CLEARED_FALSE_POSITIVE,DOC_VALID
RVW-202608-002181,ALT-202608-002338,RV-05,2026-09-03T08:34:26,CLEARED_FALSE_POSITIVE,KNOWN_DEVICE
RVW-202608-002182,ALT-202608-002339,RV-04,2026-09-01T10:09:37,CLEARED_FALSE_POSITIVE,ID_VERIFIED
RVW-202608-002183,ALT-202608-002340,RV-04,2026-08-13T20:41:52,CLEARED_FALSE_POSITIVE,CUSTOMER_CONTACTED
RVW-202608-002184,ALT-202608-002341,RV-06,2026-08-18T12:37:02,CLEARED_FALSE_POSITIVE,ID_VERIFIED
RVW-202608-002185,ALT-202608-002342,RV-05,2026-08-05T19:57:59,CLEARED_FALSE_POSITIVE,KNOWN_DEVICE
RVW-202608-002186,ALT-202608-002343,RV-01,2026-08-14T22:29:31,CLEARED_FALSE_POSITIVE,CUSTOMER_CONTACTED
RVW-202608-002187,ALT-202608-002344,RV-06,2026-08-18T14:13:02,CLEARED_FALSE_POSITIVE,CUSTOMER_CONTACTED
RVW-202608-002188,ALT-202608-002345,RV-02,2026-08-26T16:01:41,CLEARED_FALSE_POSITIVE,KNOWN_DEVICE
RVW-202608-002189,ALT-202608-002347,RV-01,2026-09-07T06:05:36,CLEARED_FALSE_POSITIVE,CUSTOMER_CONTACTED
RVW-202608-002190,ALT-202608-002348,RV-03,2026-09-05T14:43:10,CLEARED_FALSE_POSITIVE,DOC_VALID
RVW-202608-002191,ALT-202608-002349,RV-05,2026-08-13T11:54:17,CLEARED_FALSE_POSITIVE,CUSTOMER_CONTACTED
RVW-202608-002192,ALT-202608-002350,RV-03,2026-08-18T17:58:11,CLEARED_FALSE_POSITIVE,ID_VERIFIED
RVW-202608-002193,ALT-202608-002351,RV-05,2026-08-12T06:30:26,CLEARED_FALSE_POSITIVE,DOC_VALID
RVW-202608-002194,ALT-202608-002352,RV-01,2026-08-26T18:21:58,CLEARED_FALSE_POSITIVE,KNOWN_DEVICE
RVW-202608-002195,ALT-202608-002353,RV-04,2026-08-26T17:15:58,CLEARED_FALSE_POSITIVE,CUSTOMER_CONTACTED
RVW-202608-002196,ALT-202608-002354,RV-04,2026-09-06T20:00:12,CLEARED_FALSE_POSITIVE,KNOWN_DEVICE
RVW-202608-002197,ALT-202608-002355,RV-02,2026-08-18T09:07:16,CLEARED_FALSE_POSITIVE,KNOWN_DEVICE
RVW-202608-002198,ALT-202608-002356,RV-02,2026-08-31T09:26:22,CLEARED_FALSE_POSITIVE,KNOWN_DEVICE
RVW-202608-002199,ALT-202608-002357,RV-05,2026-08-11T07:46:14,CLEARED_FALSE_POSITIVE,KNOWN_DEVICE
RVW-202608-002200,ALT-202608-002358,RV-06,2026-08-06T12:57:28,CLEARED_FALSE_POSITIVE,KNOWN_DEVICE
RVW-202608-002201,ALT-202608-002359,RV-05,2026-08-26T08:29:10,CLEARED_FALSE_POSITIVE,CUSTOMER_CONTACTED
RVW-202608-002202,ALT-202608-002360,RV-02,2026-08-16T17:14:20,CLEARED_FALSE_POSITIVE,KNOWN_DEVICE
RVW-202608-002203,ALT-202608-002361,RV-05,2026-08-24T07:37:56,CONFIRMED_FRAUD,SYNTH_ID_CONFIRMED
RVW-202608-002204,ALT-202608-002363,RV-03,2026-08-24T22:00:16,CLEARED_FALSE_POSITIVE,KNOWN_DEVICE
RVW-202608-002205,ALT-202608-002364,RV-04,2026-08-26T12:34:01,CLEARED_FALSE_POSITIVE,KNOWN_DEVICE
RVW-202608-002206,ALT-202608-002365,RV-04,2026-08-19T13:26:07,CLEARED_FALSE_POSITIVE,CUSTOMER_CONTACTED
RVW-202608-002207,ALT-202608-002366,RV-01,2026-08-15T08:01:03,CLEARED_FALSE_POSITIVE,KNOWN_DEVICE
RVW-202608-002208,ALT-202608-002368,RV-03,2026-08-23T11:43:59,CLEARED_FALSE_POSITIVE,DOC_VALID
RVW-202608-002209,ALT-202608-002369,RV-01,2026-09-02T20:27:23,INSUFFICIENT_EVIDENCE,AGED_OUT
RVW-202608-002210,ALT-202608-002370,RV-03,2026-08-21T11:17:44,CLEARED_FALSE_POSITIVE,ID_VERIFIED
RVW-202608-002211,ALT-202608-002371,RV-03,2026-08-14T08:00:30,CLEARED_FALSE_POSITIVE,DOC_VALID
RVW-202608-002212,ALT-202608-002372,RV-06,2026-08-13T15:03:40,CONFIRMED_FRAUD,ATO_CONFIRMED
RVW-202608-002213,ALT-202608-002373,RV-02,2026-08-15T07:16:18,CLEARED_FALSE_POSITIVE,CUSTOMER_CONTACTED
RVW-202608-002214,ALT-202608-002374,RV-06,2026-08-04T07:13:31,CLEARED_FALSE_POSITIVE,KNOWN_DEVICE
RVW-202608-002215,ALT-202608-002375,RV-03,2026-08-19T20:57:10,INSUFFICIENT_EVIDENCE,DATA_UNAVAILABLE
RVW-202608-002216,ALT-202608-002376,RV-06,2026-08-19T08:06:59,CLEARED_FALSE_POSITIVE,CUSTOMER_CONTACTED
RVW-202608-002217,ALT-202608-002377,RV-05,2026-08-21T17:49:24,CLEARED_FALSE_POSITIVE,CUSTOMER_CONTACTED
RVW-202608-002218,ALT-202608-002378,RV-01,2026-08-12T08:19:09,CLEARED_FALSE_POSITIVE,ID_VERIFIED
RVW-202608-002219,ALT-202608-002379,RV-02,2026-08-26T13:28:31,CLEARED_FALSE_POSITIVE,CUSTOMER_CONTACTED
RVW-202608-002220,ALT-202608-002380,RV-01,2026-08-10T20:37:31,CLEARED_FALSE_POSITIVE,DOC_VALID
RVW-202608-002221,ALT-202608-002381,RV-03,2026-08-11T17:20:08,CLEARED_FALSE_POSITIVE,KNOWN_DEVICE
RVW-202608-002222,ALT-202608-002382,RV-02,2026-08-13T19:03:04,CLEARED_FALSE_POSITIVE,CUSTOMER_CONTACTED
RVW-202608-002223,ALT-202608-002383,RV-06,2026-09-02T22:48:37,CLEARED_FALSE_POSITIVE,DOC_VALID
RVW-202608-002224,ALT-202608-002384,RV-04,2026-08-23T16:51:27,CLEARED_FALSE_POSITIVE,KNOWN_DEVICE
RVW-202608-002225,ALT-202608-002385,RV-01,2026-08-25T12:35:39,CLEARED_FALSE_POSITIVE,ID_VERIFIED
RVW-202608-002226,ALT-202608-002386,RV-03,2026-08-17T22:53:12,CLEARED_FALSE_POSITIVE,CUSTOMER_CONTACTED
RVW-202608-002227,ALT-202608-002387,RV-05,2026-08-24T08:11:46,INSUFFICIENT_EVIDENCE,NO_CONTACT
RVW-202608-002228,ALT-202608-002388,RV-04,2026-08-27T12:18:43,CONFIRMED_FRAUD,MULE_CONFIRMED
RVW-202608-002229,ALT-202608-002389,RV-05,2026-08-12T22:02:38,CLEARED_FALSE_POSITIVE,DOC_VALID
RVW-202608-002230,ALT-202608-002390,RV-01,2026-08-24T16:37:47,CLEARED_FALSE_POSITIVE,DOC_VALID
RVW-202608-002231,ALT-202608-002391,RV-06,2026-09-02T19:36:50,CLEARED_FALSE_POSITIVE,ID_VERIFIED
RVW-202608-002232,ALT-202608-002392,RV-01,2026-08-05T14:16:17,CLEARED_FALSE_POSITIVE,ID_VERIFIED
RVW-202608-002233,ALT-202608-002393,RV-03,2026-09-01T14:08:44,CLEARED_FALSE_POSITIVE,KNOWN_DEVICE
RVW-202608-002234,ALT-202608-002394,RV-01,2026-08-13T06:05:22,CLEARED_FALSE_POSITIVE,ID_VERIFIED
RVW-202608-002235,ALT-202608-002395,RV-02,2026-09-04T18:22:36,CLEARED_FALSE_POSITIVE,DOC_VALID
RVW-202608-002236,ALT-202608-002396,RV-02,2026-08-30T08:28:53,CLEARED_FALSE_POSITIVE,KNOWN_DEVICE
RVW-202608-002237,ALT-202608-002397,RV-06,2026-08-19T15:22:21,CLEARED_FALSE_POSITIVE,CUSTOMER_CONTACTED
RVW-202608-002238,ALT-202608-002398,RV-06,2026-08-21T13:45:37,CONFIRMED_FRAUD,MULE_CONFIRMED
RVW-202608-002239,ALT-202608-002399,RV-04,2026-08-04T22:40:27,CLEARED_FALSE_POSITIVE,CUSTOMER_CONTACTED
RVW-202608-002240,ALT-202608-002400,RV-02,2026-08-09T22:58:25,CLEARED_FALSE_POSITIVE,CUSTOMER_CONTACTED
RVW-202608-002241,ALT-202608-002401,RV-06,2026-08-30T10:08:30,CLEARED_FALSE_POSITIVE,CUSTOMER_CONTACTED
RVW-202608-002242,ALT-202608-002402,RV-01,2026-08-19T21:29:11,CLEARED_FALSE_POSITIVE,CUSTOMER_CONTACTED
RVW-202608-002243,ALT-202608-002403,RV-05,2026-08-05T13:29:15,INSUFFICIENT_EVIDENCE,NO_CONTACT
RVW-202608-002244,ALT-202608-002404,RV-06,2026-08-13T10:17:49,CLEARED_FALSE_POSITIVE,DOC_VALID
RVW-202608-002245,ALT-202608-002405,RV-03,2026-08-21T10:12:39,CLEARED_FALSE_POSITIVE,KNOWN_DEVICE
RVW-202608-002246,ALT-202608-002406,RV-02,2026-08-31T10:11:08,CLEARED_FALSE_POSITIVE,KNOWN_DEVICE
RVW-202608-002247,ALT-202608-002408,RV-04,2026-08-24T11:33:14,CONFIRMED_FRAUD,SYNTH_ID_CONFIRMED
RVW-202608-002248,ALT-202608-002409,RV-01,2026-08-11T17:37:47,INSUFFICIENT_EVIDENCE,AGED_OUT
RVW-202608-002249,ALT-202608-002410,RV-03,2026-08-18T08:40:17,CLEARED_FALSE_POSITIVE,CUSTOMER_CONTACTED
RVW-202608-002250,ALT-202608-002411,RV-02,2026-08-27T21:42:54,CLEARED_FALSE_POSITIVE,DOC_VALID
RVW-202608-002251,ALT-202608-002412,RV-05,2026-08-06T18:25:59,CONFIRMED_FRAUD,MULE_CONFIRMED
RVW-202608-002252,ALT-202608-002413,RV-04,2026-08-10T09:58:22,CLEARED_FALSE_POSITIVE,DOC_VALID
RVW-202608-002253,ALT-202608-002414,RV-06,2026-09-04T14:09:40,INSUFFICIENT_EVIDENCE,DATA_UNAVAILABLE
RVW-202608-002254,ALT-202608-002415,RV-02,2026-08-26T15:10:25,CONFIRMED_FRAUD,SYNTH_ID_CONFIRMED
RVW-202608-002255,ALT-202608-002416,RV-03,2026-08-01T15:02:54,CLEARED_FALSE_POSITIVE,ID_VERIFIED
RVW-202608-002256,ALT-202608-002417,RV-02,2026-08-31T07:03:02,CLEARED_FALSE_POSITIVE,KNOWN_DEVICE
RVW-202608-002257,ALT-202608-002418,RV-02,2026-08-12T10:49:16,CONFIRMED_FRAUD,ATO_CONFIRMED
RVW-202608-002258,ALT-202608-002419,RV-05,2026-08-14T20:53:31,CLEARED_FALSE_POSITIVE,KNOWN_DEVICE
RVW-202608-002259,ALT-202608-002420,RV-05,2026-08-07T15:48:56,CLEARED_FALSE_POSITIVE,ID_VERIFIED
RVW-202608-002260,ALT-202608-002421,RV-02,2026-08-13T21:45:44,CONFIRMED_FRAUD,SYNTH_ID_CONFIRMED
RVW-202608-002261,ALT-202608-002423,RV-06,2026-08-08T18:05:22,CONFIRMED_FRAUD,MULE_CONFIRMED
RVW-202608-002262,ALT-202608-002424,RV-01,2026-08-08T13:24:43,CLEARED_FALSE_POSITIVE,KNOWN_DEVICE
RVW-202608-002263,ALT-202608-002425,RV-04,2026-08-11T19:42:38,CLEARED_FALSE_POSITIVE,CUSTOMER_CONTACTED
RVW-202608-002264,ALT-202608-002426,RV-04,2026-08-29T18:37:03,CLEARED_FALSE_POSITIVE,DOC_VALID
RVW-202608-002265,ALT-202608-002427,RV-06,2026-08-19T07:39:02,INSUFFICIENT_EVIDENCE,AGED_OUT
RVW-202608-002266,ALT-202608-002428,RV-05,2026-08-11T22:16:33,CONFIRMED_FRAUD,DOC_FORGED
RVW-202608-002267,ALT-202608-002429,RV-06,2026-08-11T09:51:21,CLEARED_FALSE_POSITIVE,ID_VERIFIED
RVW-202608-002268,ALT-202608-002431,RV-06,2026-09-02T09:14:57,CLEARED_FALSE_POSITIVE,ID_VERIFIED
RVW-202608-002269,ALT-202608-002433,RV-04,2026-08-23T11:47:32,CLEARED_FALSE_POSITIVE,ID_VERIFIED
RVW-202608-002270,ALT-202608-002434,RV-05,2026-08-29T07:41:05,CLEARED_FALSE_POSITIVE,ID_VERIFIED
RVW-202608-002271,ALT-202608-002435,RV-02,2026-08-10T15:54:19,CLEARED_FALSE_POSITIVE,KNOWN_DEVICE
RVW-202608-002272,ALT-202608-002436,RV-05,2026-08-23T07:23:09,CLEARED_FALSE_POSITIVE,KNOWN_DEVICE
RVW-202608-002273,ALT-202608-002437,RV-01,2026-08-24T12:36:20,CLEARED_FALSE_POSITIVE,KNOWN_DEVICE
RVW-202608-002274,ALT-202608-002438,RV-04,2026-08-30T21:06:48,CLEARED_FALSE_POSITIVE,CUSTOMER_CONTACTED
RVW-202608-002275,ALT-202608-002439,RV-03,2026-08-28T13:46:48,CLEARED_FALSE_POSITIVE,ID_VERIFIED
RVW-202608-002276,ALT-202608-002440,RV-01,2026-08-27T11:34:50,CLEARED_FALSE_POSITIVE,CUSTOMER_CONTACTED
RVW-202608-002277,ALT-202608-002441,RV-03,2026-08-24T22:51:37,CLEARED_FALSE_POSITIVE,ID_VERIFIED
RVW-202608-002278,ALT-202608-002442,RV-03,2026-08-20T09:54:35,CLEARED_FALSE_POSITIVE,CUSTOMER_CONTACTED
RVW-202608-002279,ALT-202608-002443,RV-01,2026-08-20T22:33:04,INSUFFICIENT_EVIDENCE,DATA_UNAVAILABLE
RVW-202608-002280,ALT-202608-002444,RV-01,2026-08-11T19:13:39,CLEARED_FALSE_POSITIVE,DOC_VALID
RVW-202608-002281,ALT-202608-002445,RV-06,2026-08-15T15:10:35,CLEARED_FALSE_POSITIVE,KNOWN_DEVICE
RVW-202608-002282,ALT-202608-002446,RV-03,2026-08-07T08:04:44,CLEARED_FALSE_POSITIVE,DOC_VALID
RVW-202608-002283,ALT-202608-002447,RV-02,2026-08-27T20:09:58,CLEARED_FALSE_POSITIVE,DOC_VALID
RVW-202608-002284,ALT-202608-002449,RV-01,2026-08-18T15:56:49,CLEARED_FALSE_POSITIVE,KNOWN_DEVICE
RVW-202608-002285,ALT-202608-002450,RV-06,2026-08-12T08:43:26,INSUFFICIENT_EVIDENCE,DATA_UNAVAILABLE
RVW-202608-002286,ALT-202608-002451,RV-04,2026-08-23T21:58:45,CLEARED_FALSE_POSITIVE,KNOWN_DEVICE
RVW-202608-002287,ALT-202608-002452,RV-01,2026-09-01T21:27:19,CLEARED_FALSE_POSITIVE,CUSTOMER_CONTACTED
RVW-202608-002288,ALT-202608-002453,RV-04,2026-08-12T19:36:35,CONFIRMED_FRAUD,SYNTH_ID_CONFIRMED
RVW-202608-002289,ALT-202608-002454,RV-02,2026-09-02T11:40:09,CONFIRMED_FRAUD,SYNTH_ID_CONFIRMED
RVW-202608-002290,ALT-202608-002455,RV-03,2026-08-27T15:59:48,INSUFFICIENT_EVIDENCE,DATA_UNAVAILABLE
RVW-202608-002291,ALT-202608-002456,RV-04,2026-08-11T07:01:57,CLEARED_FALSE_POSITIVE,CUSTOMER_CONTACTED
RVW-202608-002292,ALT-202608-002457,RV-05,2026-09-02T06:52:18,CLEARED_FALSE_POSITIVE,CUSTOMER_CONTACTED
RVW-202608-002293,ALT-202608-002458,RV-05,2026-08-31T21:25:37,CONFIRMED_FRAUD,ATO_CONFIRMED
RVW-202608-002294,ALT-202608-002459,RV-05,2026-08-17T09:13:41,CLEARED_FALSE_POSITIVE,DOC_VALID
RVW-202608-002295,ALT-202608-002460,RV-02,2026-08-19T21:37:34,CONFIRMED_FRAUD,ATO_CONFIRMED
RVW-202608-002296,ALT-202608-002461,RV-02,2026-08-13T14:08:44,CLEARED_FALSE_POSITIVE,KNOWN_DEVICE
RVW-202608-002297,ALT-202608-002462,RV-02,2026-09-04T06:27:47,CLEARED_FALSE_POSITIVE,ID_VERIFIED
RVW-202608-002298,ALT-202608-002463,RV-02,2026-08-22T22:30:05,CLEARED_FALSE_POSITIVE,KNOWN_DEVICE
RVW-202608-002299,ALT-202608-002464,RV-05,2026-08-07T19:19:37,CLEARED_FALSE_POSITIVE,ID_VERIFIED
RVW-202608-002300,ALT-202608-002465,RV-01,2026-08-23T15:55:03,CLEARED_FALSE_POSITIVE,CUSTOMER_CONTACTED
RVW-202608-002301,ALT-202608-002466,RV-02,2026-08-09T17:26:53,CLEARED_FALSE_POSITIVE,DOC_VALID
RVW-202608-002302,ALT-202608-002467,RV-01,2026-08-30T16:48:14,CLEARED_FALSE_POSITIVE,CUSTOMER_CONTACTED
RVW-202608-002303,ALT-202608-002468,RV-05,2026-08-11T11:42:52,CLEARED_FALSE_POSITIVE,CUSTOMER_CONTACTED
RVW-202608-002304,ALT-202608-002469,RV-02,2026-08-20T20:29:58,CLEARED_FALSE_POSITIVE,CUSTOMER_CONTACTED
RVW-202608-002305,ALT-202608-002470,RV-06,2026-08-23T21:11:54,CLEARED_FALSE_POSITIVE,CUSTOMER_CONTACTED
RVW-202608-002306,ALT-202608-002471,RV-04,2026-08-23T14:50:14,CLEARED_FALSE_POSITIVE,CUSTOMER_CONTACTED
RVW-202608-002307,ALT-202608-002472,RV-05,2026-08-13T13:46:44,CLEARED_FALSE_POSITIVE,CUSTOMER_CONTACTED
RVW-202608-002308,ALT-202608-002473,RV-05,2026-09-02T13:08:44,INSUFFICIENT_EVIDENCE,NO_CONTACT
RVW-202608-002309,ALT-202608-002474,RV-05,2026-08-08T12:10:55,CLEARED_FALSE_POSITIVE,CUSTOMER_CONTACTED
RVW-202608-002310,ALT-202608-002475,RV-04,2026-08-09T11:27:22,CLEARED_FALSE_POSITIVE,ID_VERIFIED
RVW-202608-002311,ALT-202608-002476,RV-01,2026-08-07T10:30:28,INSUFFICIENT_EVIDENCE,NO_CONTACT
RVW-202608-002312,ALT-202608-002477,RV-06,2026-08-26T17:55:23,CLEARED_FALSE_POSITIVE,DOC_VALID
RVW-202608-002313,ALT-202608-002478,RV-01,2026-09-09T12:34:52,CONFIRMED_FRAUD,ATO_CONFIRMED
RVW-202608-002314,ALT-202608-002479,RV-01,2026-08-30T22:33:14,CONFIRMED_FRAUD,DOC_FORGED
RVW-202608-002315,ALT-202608-002480,RV-03,2026-08-28T19:58:57,CONFIRMED_FRAUD,DOC_FORGED
RVW-202608-002316,ALT-202608-002481,RV-01,2026-08-02T20:30:25,CLEARED_FALSE_POSITIVE,DOC_VALID
RVW-202608-002317,ALT-202608-002482,RV-06,2026-08-27T20:09:29,CLEARED_FALSE_POSITIVE,ID_VERIFIED
RVW-202608-002318,ALT-202608-002483,RV-02,2026-08-17T18:46:41,CLEARED_FALSE_POSITIVE,KNOWN_DEVICE
RVW-202608-002319,ALT-202608-002484,RV-01,2026-08-13T08:41:36,CLEARED_FALSE_POSITIVE,DOC_VALID
RVW-202608-002320,ALT-202608-002485,RV-02,2026-08-22T08:38:59,CLEARED_FALSE_POSITIVE,KNOWN_DEVICE
RVW-202608-002321,ALT-202608-002486,RV-03,2026-08-22T19:43:51,CLEARED_FALSE_POSITIVE,DOC_VALID
RVW-202608-002322,ALT-202608-002487,RV-03,2026-09-02T13:09:12,CLEARED_FALSE_POSITIVE,ID_VERIFIED
RVW-202608-002323,ALT-202608-002488,RV-01,2026-08-09T10:48:43,CLEARED_FALSE_POSITIVE,KNOWN_DEVICE
RVW-202608-002324,ALT-202608-002490,RV-06,2026-08-27T22:24:04,CLEARED_FALSE_POSITIVE,CUSTOMER_CONTACTED
RVW-202608-002325,ALT-202608-002491,RV-02,2026-08-26T15:25:30,CLEARED_FALSE_POSITIVE,KNOWN_DEVICE
RVW-202608-002326,ALT-202608-002492,RV-01,2026-08-19T17:12:28,CLEARED_FALSE_POSITIVE,DOC_VALID
RVW-202608-002327,ALT-202608-002493,RV-01,2026-08-19T11:47:42,CLEARED_FALSE_POSITIVE,ID_VERIFIED
RVW-202608-002328,ALT-202608-002494,RV-06,2026-08-23T10:08:32,CONFIRMED_FRAUD,MULE_CONFIRMED
RVW-202608-002329,ALT-202608-002495,RV-05,2026-08-15T13:05:15,CLEARED_FALSE_POSITIVE,CUSTOMER_CONTACTED
RVW-202608-002330,ALT-202608-002496,RV-01,2026-08-27T19:31:07,CLEARED_FALSE_POSITIVE,CUSTOMER_CONTACTED
RVW-202608-002331,ALT-202608-002497,RV-06,2026-08-16T10:08:20,CLEARED_FALSE_POSITIVE,KNOWN_DEVICE
RVW-202608-002332,ALT-202608-002498,RV-02,2026-09-02T07:15:15,CONFIRMED_FRAUD,DOC_FORGED
RVW-202608-002333,ALT-202608-002499,RV-05,2026-08-27T20:31:33,CLEARED_FALSE_POSITIVE,CUSTOMER_CONTACTED
RVW-202608-002334,ALT-202608-002500,RV-02,2026-09-07T09:31:48,CLEARED_FALSE_POSITIVE,ID_VERIFIED
RVW-202608-002335,ALT-202608-002501,RV-03,2026-08-19T07:08:04,CLEARED_FALSE_POSITIVE,KNOWN_DEVICE
RVW-202608-002336,ALT-202608-002502,RV-02,2026-09-07T21:09:00,INSUFFICIENT_EVIDENCE,DATA_UNAVAILABLE
RVW-202608-002337,ALT-202608-002503,RV-01,2026-08-08T20:54:51,CONFIRMED_FRAUD,MULE_CONFIRMED
RVW-202608-002338,ALT-202608-002504,RV-06,2026-09-09T14:30:27,CONFIRMED_FRAUD,ATO_CONFIRMED
RVW-202608-002339,ALT-202608-002505,RV-03,2026-08-17T14:14:12,CONFIRMED_FRAUD,DOC_FORGED
RVW-202608-002340,ALT-202608-002506,RV-05,2026-08-12T17:31:03,CLEARED_FALSE_POSITIVE,ID_VERIFIED
RVW-202608-002341,ALT-202608-002507,RV-01,2026-08-13T20:29:17,CLEARED_FALSE_POSITIVE,ID_VERIFIED
RVW-202608-002342,ALT-202608-002508,RV-06,2026-08-09T06:49:10,CLEARED_FALSE_POSITIVE,ID_VERIFIED
RVW-202608-002343,ALT-202608-002510,RV-06,2026-09-08T16:57:56,CONFIRMED_FRAUD,ATO_CONFIRMED
RVW-202608-002344,ALT-202608-002511,RV-02,2026-08-07T11:30:38,CONFIRMED_FRAUD,SYNTH_ID_CONFIRMED
RVW-202608-002345,ALT-202608-002512,RV-05,2026-08-25T15:17:03,INSUFFICIENT_EVIDENCE,DATA_UNAVAILABLE
RVW-202608-002346,ALT-202608-002513,RV-02,2026-08-25T22:09:21,CLEARED_FALSE_POSITIVE,DOC_VALID
RVW-202608-002347,ALT-202608-002514,RV-05,2026-08-28T11:48:26,CLEARED_FALSE_POSITIVE,KNOWN_DEVICE
RVW-202608-002348,ALT-202608-002515,RV-04,2026-08-21T08:03:02,CONFIRMED_FRAUD,DOC_FORGED
RVW-202608-002349,ALT-202608-002516,RV-03,2026-08-13T13:27:46,CLEARED_FALSE_POSITIVE,CUSTOMER_CONTACTED
RVW-202608-002350,ALT-202608-002517,RV-04,2026-08-17T16:21:14,CONFIRMED_FRAUD,DOC_FORGED
RVW-202608-002351,ALT-202608-002518,RV-01,2026-08-03T21:06:33,CLEARED_FALSE_POSITIVE,ID_VERIFIED
RVW-202608-002352,ALT-202608-002520,RV-05,2026-08-24T15:12:17,CLEARED_FALSE_POSITIVE,DOC_VALID
RVW-202608-002353,ALT-202608-002521,RV-02,2026-08-25T13:51:40,CLEARED_FALSE_POSITIVE,CUSTOMER_CONTACTED
RVW-202608-002354,ALT-202608-002523,RV-02,2026-08-20T08:48:55,INSUFFICIENT_EVIDENCE,AGED_OUT
RVW-202608-002355,ALT-202608-002524,RV-05,2026-08-03T16:28:53,CLEARED_FALSE_POSITIVE,DOC_VALID
RVW-202608-002356,ALT-202608-002525,RV-03,2026-08-12T11:39:10,CLEARED_FALSE_POSITIVE,KNOWN_DEVICE
RVW-202608-002357,ALT-202608-002526,RV-05,2026-08-17T10:18:22,CLEARED_FALSE_POSITIVE,DOC_VALID
RVW-202608-002358,ALT-202608-002527,RV-01,2026-08-12T17:59:06,CLEARED_FALSE_POSITIVE,CUSTOMER_CONTACTED
RVW-202608-002359,ALT-202608-002528,RV-02,2026-08-25T20:33:44,CLEARED_FALSE_POSITIVE,DOC_VALID
RVW-202608-002360,ALT-202608-002529,RV-06,2026-08-28T19:56:01,CLEARED_FALSE_POSITIVE,DOC_VALID
RVW-202608-002361,ALT-202608-002530,RV-02,2026-08-12T08:35:35,CONFIRMED_FRAUD,DOC_FORGED
RVW-202608-002362,ALT-202608-002531,RV-02,2026-08-28T15:50:06,CLEARED_FALSE_POSITIVE,ID_VERIFIED
RVW-202608-002363,ALT-202608-002532,RV-01,2026-08-22T06:02:31,CLEARED_FALSE_POSITIVE,CUSTOMER_CONTACTED
RVW-202608-002364,ALT-202608-002533,RV-06,2026-09-03T07:07:26,INSUFFICIENT_EVIDENCE,AGED_OUT
RVW-202608-002365,ALT-202608-002537,RV-01,2026-08-28T19:22:15,INSUFFICIENT_EVIDENCE,AGED_OUT
RVW-202608-002366,ALT-202608-002538,RV-04,2026-08-10T13:08:12,CLEARED_FALSE_POSITIVE,ID_VERIFIED
RVW-202608-002367,ALT-202608-002539,RV-03,2026-08-06T19:27:35,CLEARED_FALSE_POSITIVE,CUSTOMER_CONTACTED
RVW-202608-002368,ALT-202608-002541,RV-04,2026-08-28T14:39:30,CLEARED_FALSE_POSITIVE,DOC_VALID
RVW-202608-002369,ALT-202608-002542,RV-03,2026-08-22T16:11:54,CLEARED_FALSE_POSITIVE,KNOWN_DEVICE
RVW-202608-002370,ALT-202608-002543,RV-03,2026-08-09T18:05:02,CLEARED_FALSE_POSITIVE,ID_VERIFIED
RVW-202608-002371,ALT-202608-002544,RV-01,2026-09-03T07:32:57,CLEARED_FALSE_POSITIVE,CUSTOMER_CONTACTED
RVW-202608-002372,ALT-202608-002545,RV-02,2026-09-01T17:21:03,CLEARED_FALSE_POSITIVE,KNOWN_DEVICE
RVW-202608-002373,ALT-202608-002546,RV-05,2026-08-18T14:43:27,CLEARED_FALSE_POSITIVE,CUSTOMER_CONTACTED
RVW-202608-002374,ALT-202608-002547,RV-02,2026-08-22T11:17:05,CLEARED_FALSE_POSITIVE,CUSTOMER_CONTACTED
RVW-202608-002375,ALT-202608-002548,RV-05,2026-08-30T22:39:24,CLEARED_FALSE_POSITIVE,DOC_VALID
RVW-202608-002376,ALT-202608-002549,RV-04,2026-08-30T22:12:59,CLEARED_FALSE_POSITIVE,DOC_VALID
RVW-202608-002377,ALT-202608-002550,RV-02,2026-09-03T19:03:09,CLEARED_FALSE_POSITIVE,CUSTOMER_CONTACTED
RVW-202608-002378,ALT-202608-002551,RV-03,2026-09-07T18:11:35,CLEARED_FALSE_POSITIVE,KNOWN_DEVICE
RVW-202608-002379,ALT-202608-002552,RV-05,2026-08-11T06:18:15,CLEARED_FALSE_POSITIVE,DOC_VALID
RVW-202608-002380,ALT-202608-002553,RV-04,2026-08-23T10:05:53,CLEARED_FALSE_POSITIVE,KNOWN_DEVICE
RVW-202608-002381,ALT-202608-002554,RV-05,2026-08-10T11:14:51,CLEARED_FALSE_POSITIVE,CUSTOMER_CONTACTED
RVW-202608-002382,ALT-202608-002555,RV-03,2026-08-05T12:40:06,INSUFFICIENT_EVIDENCE,AGED_OUT
RVW-202608-002383,ALT-202608-002556,RV-03,2026-09-01T18:12:47,INSUFFICIENT_EVIDENCE,DATA_UNAVAILABLE
RVW-202608-002384,ALT-202608-002557,RV-03,2026-08-19T11:52:39,CLEARED_FALSE_POSITIVE,DOC_VALID
RVW-202608-002385,ALT-202608-002558,RV-01,2026-08-25T12:08:13,CLEARED_FALSE_POSITIVE,CUSTOMER_CONTACTED
RVW-202608-002386,ALT-202608-002560,RV-04,2026-08-27T07:10:54,CLEARED_FALSE_POSITIVE,DOC_VALID
RVW-202608-002387,ALT-202608-002561,RV-01,2026-08-03T22:51:12,CLEARED_FALSE_POSITIVE,CUSTOMER_CONTACTED
RVW-202608-002388,ALT-202608-002562,RV-01,2026-08-04T19:52:41,INSUFFICIENT_EVIDENCE,AGED_OUT
RVW-202608-002389,ALT-202608-002563,RV-03,2026-08-26T06:10:06,CONFIRMED_FRAUD,DOC_FORGED
RVW-202608-002390,ALT-202608-002564,RV-06,2026-08-15T08:06:50,CLEARED_FALSE_POSITIVE,DOC_VALID
RVW-202608-002391,ALT-202608-002565,RV-06,2026-08-21T09:41:03,CLEARED_FALSE_POSITIVE,CUSTOMER_CONTACTED
RVW-202608-002392,ALT-202608-002566,RV-04,2026-08-25T20:10:06,CLEARED_FALSE_POSITIVE,DOC_VALID
RVW-202608-002393,ALT-202608-002567,RV-02,2026-08-09T09:21:28,CLEARED_FALSE_POSITIVE,ID_VERIFIED
RVW-202608-002394,ALT-202608-002568,RV-01,2026-09-04T10:35:48,CLEARED_FALSE_POSITIVE,DOC_VALID
RVW-202608-002395,ALT-202608-002569,RV-06,2026-08-26T22:40:24,CONFIRMED_FRAUD,MULE_CONFIRMED
RVW-202608-002396,ALT-202608-002570,RV-01,2026-08-08T09:57:08,CLEARED_FALSE_POSITIVE,CUSTOMER_CONTACTED
RVW-202608-002397,ALT-202608-002571,RV-06,2026-08-27T07:39:31,CLEARED_FALSE_POSITIVE,CUSTOMER_CONTACTED
RVW-202608-002398,ALT-202608-002572,RV-02,2026-08-04T12:27:00,CONFIRMED_FRAUD,ATO_CONFIRMED
RVW-202608-002399,ALT-202608-002573,RV-03,2026-08-28T08:23:16,CLEARED_FALSE_POSITIVE,CUSTOMER_CONTACTED
RVW-202608-002400,ALT-202608-002574,RV-05,2026-09-05T17:23:21,CLEARED_FALSE_POSITIVE,ID_VERIFIED
RVW-202608-002401,ALT-202608-002575,RV-05,2026-08-16T17:55:19,CLEARED_FALSE_POSITIVE,DOC_VALID
RVW-202608-002402,ALT-202608-002576,RV-01,2026-08-19T11:07:51,CLEARED_FALSE_POSITIVE,KNOWN_DEVICE
RVW-202608-002403,ALT-202608-002577,RV-03,2026-08-15T18:52:55,INSUFFICIENT_EVIDENCE,AGED_OUT
RVW-202608-002404,ALT-202608-002578,RV-04,2026-08-25T18:26:38,CLEARED_FALSE_POSITIVE,DOC_VALID
RVW-202608-002405,ALT-202608-002579,RV-03,2026-08-26T13:37:58,CONFIRMED_FRAUD,SYNTH_ID_CONFIRMED
RVW-202608-002406,ALT-202608-002580,RV-04,2026-09-03T19:03:59,CLEARED_FALSE_POSITIVE,KNOWN_DEVICE
RVW-202608-002407,ALT-202608-002581,RV-05,2026-09-07T06:58:40,INSUFFICIENT_EVIDENCE,DATA_UNAVAILABLE
RVW-202608-002408,ALT-202608-002582,RV-03,2026-08-30T20:09:23,CLEARED_FALSE_POSITIVE,ID_VERIFIED
RVW-202608-002409,ALT-202608-002583,RV-05,2026-08-13T18:54:25,CLEARED_FALSE_POSITIVE,ID_VERIFIED
RVW-202608-002410,ALT-202608-002584,RV-04,2026-08-28T06:52:08,CLEARED_FALSE_POSITIVE,KNOWN_DEVICE
RVW-202608-002411,ALT-202608-002585,RV-01,2026-08-12T08:31:16,CLEARED_FALSE_POSITIVE,CUSTOMER_CONTACTED
RVW-202608-002412,ALT-202608-002586,RV-06,2026-09-05T18:12:40,INSUFFICIENT_EVIDENCE,DATA_UNAVAILABLE
RVW-202608-002413,ALT-202608-002587,RV-02,2026-08-30T15:38:59,CLEARED_FALSE_POSITIVE,ID_VERIFIED
RVW-202608-002414,ALT-202608-002588,RV-02,2026-08-27T17:52:16,CLEARED_FALSE_POSITIVE,DOC_VALID
RVW-202608-002415,ALT-202608-002589,RV-02,2026-09-02T08:05:14,CLEARED_FALSE_POSITIVE,KNOWN_DEVICE
RVW-202608-002416,ALT-202608-002590,RV-02,2026-08-19T18:34:13,CLEARED_FALSE_POSITIVE,ID_VERIFIED
RVW-202608-002417,ALT-202608-002591,RV-06,2026-08-17T06:48:36,CONFIRMED_FRAUD,SYNTH_ID_CONFIRMED
RVW-202608-002418,ALT-202608-002592,RV-04,2026-08-17T17:34:30,CONFIRMED_FRAUD,SYNTH_ID_CONFIRMED
RVW-202608-002419,ALT-202608-002593,RV-06,2026-09-01T11:31:17,CLEARED_FALSE_POSITIVE,CUSTOMER_CONTACTED
RVW-202608-002420,ALT-202608-002594,RV-01,2026-08-15T13:37:00,CLEARED_FALSE_POSITIVE,DOC_VALID
RVW-202608-002421,ALT-202608-002596,RV-01,2026-08-21T18:48:18,CLEARED_FALSE_POSITIVE,KNOWN_DEVICE
RVW-202608-002422,ALT-202608-002597,RV-05,2026-08-23T10:58:11,CLEARED_FALSE_POSITIVE,DOC_VALID
RVW-202608-002423,ALT-202608-002598,RV-05,2026-08-12T19:13:49,CLEARED_FALSE_POSITIVE,ID_VERIFIED
RVW-202608-002424,ALT-202608-002599,RV-03,2026-08-26T17:31:01,CLEARED_FALSE_POSITIVE,KNOWN_DEVICE
RVW-202608-002425,ALT-202608-002601,RV-01,2026-08-18T08:45:04,CLEARED_FALSE_POSITIVE,DOC_VALID
RVW-202608-002426,ALT-202608-002602,RV-06,2026-08-22T17:30:19,CLEARED_FALSE_POSITIVE,ID_VERIFIED
RVW-202608-002427,ALT-202608-002603,RV-06,2026-08-05T10:29:52,CONFIRMED_FRAUD,DOC_FORGED
RVW-202608-002428,ALT-202608-002604,RV-05,2026-08-18T09:46:30,CLEARED_FALSE_POSITIVE,ID_VERIFIED
RVW-202608-002429,ALT-202608-002605,RV-03,2026-08-12T12:05:42,CLEARED_FALSE_POSITIVE,ID_VERIFIED
RVW-202608-002430,ALT-202608-002606,RV-06,2026-09-03T20:35:04,CONFIRMED_FRAUD,DOC_FORGED
RVW-202608-002431,ALT-202608-002607,RV-05,2026-08-14T21:37:01,CLEARED_FALSE_POSITIVE,ID_VERIFIED
RVW-202608-002432,ALT-202608-002608,RV-04,2026-08-19T17:31:11,CLEARED_FALSE_POSITIVE,DOC_VALID
RVW-202608-002433,ALT-202608-002609,RV-05,2026-08-31T21:50:15,CLEARED_FALSE_POSITIVE,DOC_VALID
RVW-202608-002434,ALT-202608-002610,RV-06,2026-08-23T15:08:35,CLEARED_FALSE_POSITIVE,KNOWN_DEVICE
RVW-202608-002435,ALT-202608-002611,RV-02,2026-09-03T20:50:33,CLEARED_FALSE_POSITIVE,DOC_VALID
RVW-202608-002436,ALT-202608-002612,RV-04,2026-08-12T11:20:13,CLEARED_FALSE_POSITIVE,KNOWN_DEVICE
RVW-202608-002437,ALT-202608-002613,RV-05,2026-08-14T10:21:58,CLEARED_FALSE_POSITIVE,CUSTOMER_CONTACTED
RVW-202608-002438,ALT-202608-002614,RV-03,2026-08-10T17:30:39,CLEARED_FALSE_POSITIVE,DOC_VALID
RVW-202608-002439,ALT-202608-002615,RV-04,2026-08-09T07:29:06,CLEARED_FALSE_POSITIVE,KNOWN_DEVICE
RVW-202608-002440,ALT-202608-002617,RV-02,2026-08-10T14:08:49,INSUFFICIENT_EVIDENCE,NO_CONTACT
RVW-202608-002441,ALT-202608-002618,RV-04,2026-08-25T17:18:44,CLEARED_FALSE_POSITIVE,KNOWN_DEVICE
RVW-202608-002442,ALT-202608-002619,RV-01,2026-08-10T13:19:20,CONFIRMED_FRAUD,MULE_CONFIRMED
RVW-202608-002443,ALT-202608-002620,RV-01,2026-09-03T18:11:02,CLEARED_FALSE_POSITIVE,KNOWN_DEVICE
RVW-202608-002444,ALT-202608-002622,RV-04,2026-09-04T19:34:59,CLEARED_FALSE_POSITIVE,CUSTOMER_CONTACTED
RVW-202608-002445,ALT-202608-002623,RV-06,2026-08-17T16:38:37,CLEARED_FALSE_POSITIVE,KNOWN_DEVICE
RVW-202608-002446,ALT-202608-002624,RV-04,2026-08-05T21:01:37,CLEARED_FALSE_POSITIVE,ID_VERIFIED
RVW-202608-002447,ALT-202608-002625,RV-03,2026-08-18T07:33:02,CLEARED_FALSE_POSITIVE,KNOWN_DEVICE
RVW-202608-002448,ALT-202608-002626,RV-06,2026-08-28T09:44:45,CLEARED_FALSE_POSITIVE,ID_VERIFIED
RVW-202608-002449,ALT-202608-002627,RV-06,2026-08-31T06:17:13,CLEARED_FALSE_POSITIVE,ID_VERIFIED
RVW-202608-002450,ALT-202608-002628,RV-01,2026-08-26T06:14:23,CLEARED_FALSE_POSITIVE,DOC_VALID
RVW-202608-002451,ALT-202608-002629,RV-03,2026-08-09T11:55:48,INSUFFICIENT_EVIDENCE,NO_CONTACT
RVW-202608-002452,ALT-202608-002630,RV-02,2026-09-05T10:13:51,INSUFFICIENT_EVIDENCE,AGED_OUT
RVW-202608-002453,ALT-202608-002631,RV-06,2026-08-27T18:37:08,INSUFFICIENT_EVIDENCE,AGED_OUT
RVW-202608-002454,ALT-202608-002632,RV-06,2026-08-27T10:50:39,CONFIRMED_FRAUD,ATO_CONFIRMED
RVW-202608-002455,ALT-202608-002633,RV-06,2026-08-16T13:01:32,CLEARED_FALSE_POSITIVE,CUSTOMER_CONTACTED
RVW-202608-002456,ALT-202608-002634,RV-04,2026-08-04T19:24:15,CLEARED_FALSE_POSITIVE,DOC_VALID
RVW-202608-002457,ALT-202608-002635,RV-03,2026-08-24T13:56:28,CONFIRMED_FRAUD,MULE_CONFIRMED
RVW-202608-002458,ALT-202608-002636,RV-04,2026-08-19T06:48:33,CONFIRMED_FRAUD,DOC_FORGED
RVW-202608-002459,ALT-202608-002637,RV-01,2026-08-27T13:18:50,CLEARED_FALSE_POSITIVE,CUSTOMER_CONTACTED
RVW-202608-002460,ALT-202608-002638,RV-04,2026-08-15T12:12:08,INSUFFICIENT_EVIDENCE,DATA_UNAVAILABLE
RVW-202608-002461,ALT-202608-002639,RV-04,2026-08-21T15:01:44,CLEARED_FALSE_POSITIVE,ID_VERIFIED
RVW-202608-002462,ALT-202608-002640,RV-01,2026-09-02T11:04:01,CLEARED_FALSE_POSITIVE,KNOWN_DEVICE
RVW-202608-002463,ALT-202608-002641,RV-06,2026-08-17T09:52:27,CLEARED_FALSE_POSITIVE,KNOWN_DEVICE
RVW-202608-002464,ALT-202608-002642,RV-06,2026-09-01T09:43:56,CLEARED_FALSE_POSITIVE,KNOWN_DEVICE
RVW-202608-002465,ALT-202608-002643,RV-05,2026-08-31T13:11:02,CLEARED_FALSE_POSITIVE,DOC_VALID
RVW-202608-002466,ALT-202608-002644,RV-01,2026-08-07T18:36:16,CLEARED_FALSE_POSITIVE,KNOWN_DEVICE
RVW-202608-002467,ALT-202608-002645,RV-06,2026-08-17T13:41:56,CLEARED_FALSE_POSITIVE,KNOWN_DEVICE
RVW-202608-002468,ALT-202608-002646,RV-05,2026-08-21T09:53:44,CLEARED_FALSE_POSITIVE,DOC_VALID
RVW-202608-002469,ALT-202608-002647,RV-03,2026-08-30T20:27:17,CLEARED_FALSE_POSITIVE,DOC_VALID
RVW-202608-002470,ALT-202608-002648,RV-04,2026-08-14T11:47:24,CLEARED_FALSE_POSITIVE,KNOWN_DEVICE
RVW-202608-002471,ALT-202608-002649,RV-02,2026-09-04T08:55:16,INSUFFICIENT_EVIDENCE,DATA_UNAVAILABLE
RVW-202608-002472,ALT-202608-002650,RV-06,2026-08-28T21:12:06,CLEARED_FALSE_POSITIVE,DOC_VALID
RVW-202608-002473,ALT-202608-002651,RV-05,2026-08-03T18:22:00,CLEARED_FALSE_POSITIVE,ID_VERIFIED
RVW-202608-002474,ALT-202608-002652,RV-04,2026-09-02T18:30:44,CLEARED_FALSE_POSITIVE,ID_VERIFIED
RVW-202608-002475,ALT-202608-002653,RV-01,2026-08-19T08:35:29,CLEARED_FALSE_POSITIVE,CUSTOMER_CONTACTED
RVW-202608-002476,ALT-202608-002654,RV-03,2026-08-18T20:51:34,CONFIRMED_FRAUD,ATO_CONFIRMED
RVW-202608-002477,ALT-202608-002655,RV-02,2026-08-09T16:41:01,CLEARED_FALSE_POSITIVE,ID_VERIFIED
RVW-202608-002478,ALT-202608-002656,RV-01,2026-08-24T19:35:45,CLEARED_FALSE_POSITIVE,KNOWN_DEVICE
RVW-202608-002479,ALT-202608-002657,RV-05,2026-09-04T08:54:35,CLEARED_FALSE_POSITIVE,CUSTOMER_CONTACTED
RVW-202608-002480,ALT-202608-002658,RV-06,2026-08-17T20:42:59,CLEARED_FALSE_POSITIVE,KNOWN_DEVICE
RVW-202608-002481,ALT-202608-002659,RV-01,2026-08-31T19:06:57,CONFIRMED_FRAUD,ATO_CONFIRMED
RVW-202608-002482,ALT-202608-002660,RV-03,2026-08-12T19:25:37,CONFIRMED_FRAUD,SYNTH_ID_CONFIRMED
RVW-202608-002483,ALT-202608-002661,RV-06,2026-08-17T08:55:24,INSUFFICIENT_EVIDENCE,NO_CONTACT
RVW-202608-002484,ALT-202608-002662,RV-01,2026-08-13T06:08:01,CLEARED_FALSE_POSITIVE,ID_VERIFIED
RVW-202608-002485,ALT-202608-002663,RV-06,2026-09-06T07:58:35,CLEARED_FALSE_POSITIVE,ID_VERIFIED
RVW-202608-002486,ALT-202608-002664,RV-04,2026-09-07T10:18:33,CLEARED_FALSE_POSITIVE,CUSTOMER_CONTACTED
RVW-202608-002487,ALT-202608-002665,RV-06,2026-08-25T19:44:15,CLEARED_FALSE_POSITIVE,CUSTOMER_CONTACTED
RVW-202608-002488,ALT-202608-002666,RV-05,2026-09-06T06:40:46,CLEARED_FALSE_POSITIVE,KNOWN_DEVICE
RVW-202608-002489,ALT-202608-002667,RV-06,2026-08-15T15:53:20,CLEARED_FALSE_POSITIVE,CUSTOMER_CONTACTED
RVW-202608-002490,ALT-202608-002668,RV-04,2026-08-14T06:22:34,CLEARED_FALSE_POSITIVE,DOC_VALID
RVW-202608-002491,ALT-202608-002669,RV-04,2026-08-25T18:43:33,CLEARED_FALSE_POSITIVE,CUSTOMER_CONTACTED
RVW-202608-002492,ALT-202608-002670,RV-06,2026-08-17T19:39:08,INSUFFICIENT_EVIDENCE,AGED_OUT
RVW-202608-002493,ALT-202608-002671,RV-05,2026-08-26T08:47:22,CONFIRMED_FRAUD,MULE_CONFIRMED
RVW-202608-002494,ALT-202608-002672,RV-01,2026-08-12T08:39:22,CONFIRMED_FRAUD,SYNTH_ID_CONFIRMED
RVW-202608-002495,ALT-202608-002673,RV-01,2026-08-20T10:15:19,CONFIRMED_FRAUD,MULE_CONFIRMED
RVW-202608-002496,ALT-202608-002674,RV-05,2026-08-19T14:01:16,INSUFFICIENT_EVIDENCE,NO_CONTACT
RVW-202608-002497,ALT-202608-002675,RV-06,2026-08-16T11:34:12,CLEARED_FALSE_POSITIVE,ID_VERIFIED
RVW-202608-002498,ALT-202608-002676,RV-05,2026-08-05T16:08:23,CLEARED_FALSE_POSITIVE,CUSTOMER_CONTACTED
RVW-202608-002499,ALT-202608-002677,RV-03,2026-08-26T22:14:13,CLEARED_FALSE_POSITIVE,KNOWN_DEVICE
RVW-202608-002500,ALT-202608-002678,RV-02,2026-08-28T06:48:06,CONFIRMED_FRAUD,MULE_CONFIRMED
RVW-202608-002501,ALT-202608-002679,RV-05,2026-08-10T09:40:44,CONFIRMED_FRAUD,DOC_FORGED
RVW-202608-002502,ALT-202608-002680,RV-01,2026-08-05T16:56:16,CLEARED_FALSE_POSITIVE,DOC_VALID
RVW-202608-002503,ALT-202608-002681,RV-05,2026-08-14T17:03:45,CLEARED_FALSE_POSITIVE,ID_VERIFIED
RVW-202608-002504,ALT-202608-002682,RV-05,2026-08-25T22:43:16,CONFIRMED_FRAUD,ATO_CONFIRMED
RVW-202608-002505,ALT-202608-002683,RV-02,2026-08-11T22:17:31,CLEARED_FALSE_POSITIVE,DOC_VALID
RVW-202608-002506,ALT-202608-002684,RV-02,2026-08-13T10:49:38,CLEARED_FALSE_POSITIVE,DOC_VALID
RVW-202608-002507,ALT-202608-002685,RV-02,2026-08-19T16:33:30,CLEARED_FALSE_POSITIVE,ID_VERIFIED
RVW-202608-002508,ALT-202608-002686,RV-04,2026-08-05T19:26:14,CLEARED_FALSE_POSITIVE,CUSTOMER_CONTACTED
RVW-202608-002509,ALT-202608-002687,RV-06,2026-08-11T11:47:08,CLEARED_FALSE_POSITIVE,KNOWN_DEVICE
RVW-202608-002510,ALT-202608-002688,RV-02,2026-08-05T17:06:38,CLEARED_FALSE_POSITIVE,ID_VERIFIED
RVW-202608-002511,ALT-202608-002689,RV-02,2026-08-18T16:40:44,CLEARED_FALSE_POSITIVE,CUSTOMER_CONTACTED
RVW-202608-002512,ALT-202608-002690,RV-02,2026-08-24T07:48:08,CONFIRMED_FRAUD,SYNTH_ID_CONFIRMED
RVW-202608-002513,ALT-202608-002691,RV-02,2026-08-09T20:37:10,CLEARED_FALSE_POSITIVE,DOC_VALID
RVW-202608-002514,ALT-202608-002693,RV-01,2026-09-10T09:34:32,INSUFFICIENT_EVIDENCE,NO_CONTACT
RVW-202608-002515,ALT-202608-002694,RV-03,2026-08-16T15:16:48,CLEARED_FALSE_POSITIVE,ID_VERIFIED
RVW-202608-002516,ALT-202608-002695,RV-02,2026-08-10T11:10:57,CLEARED_FALSE_POSITIVE,ID_VERIFIED
RVW-202608-002517,ALT-202608-002696,RV-05,2026-09-05T12:14:30,CLEARED_FALSE_POSITIVE,CUSTOMER_CONTACTED
RVW-202608-002518,ALT-202608-002697,RV-06,2026-09-01T08:43:10,CLEARED_FALSE_POSITIVE,KNOWN_DEVICE
RVW-202608-002519,ALT-202608-002698,RV-06,2026-08-10T11:24:37,CLEARED_FALSE_POSITIVE,DOC_VALID
RVW-202608-002520,ALT-202608-002699,RV-05,2026-08-16T20:51:23,CLEARED_FALSE_POSITIVE,KNOWN_DEVICE
RVW-202608-002521,ALT-202608-002700,RV-01,2026-08-26T09:31:31,CLEARED_FALSE_POSITIVE,CUSTOMER_CONTACTED
RVW-202608-002522,ALT-202608-002701,RV-06,2026-08-31T16:45:05,CONFIRMED_FRAUD,ATO_CONFIRMED
RVW-202608-002523,ALT-202608-002702,RV-04,2026-08-26T16:06:24,CLEARED_FALSE_POSITIVE,DOC_VALID
RVW-202608-002524,ALT-202608-002703,RV-06,2026-08-19T20:03:49,CLEARED_FALSE_POSITIVE,DOC_VALID
RVW-202608-002525,ALT-202608-002704,RV-01,2026-08-22T08:14:17,CLEARED_FALSE_POSITIVE,KNOWN_DEVICE
RVW-202608-002526,ALT-202608-002705,RV-06,2026-09-06T16:46:44,CONFIRMED_FRAUD,ATO_CONFIRMED
RVW-202608-002527,ALT-202608-002706,RV-02,2026-08-22T08:26:20,CLEARED_FALSE_POSITIVE,ID_VERIFIED
RVW-202608-002528,ALT-202608-002707,RV-04,2026-08-25T06:00:58,CLEARED_FALSE_POSITIVE,ID_VERIFIED
RVW-202608-002529,ALT-202608-002709,RV-01,2026-08-21T15:06:15,CLEARED_FALSE_POSITIVE,KNOWN_DEVICE
RVW-202608-002530,ALT-202608-002710,RV-02,2026-08-05T16:37:06,CLEARED_FALSE_POSITIVE,KNOWN_DEVICE
RVW-202608-002531,ALT-202608-002711,RV-05,2026-08-08T19:56:44,CLEARED_FALSE_POSITIVE,DOC_VALID
RVW-202608-002532,ALT-202608-002712,RV-05,2026-08-15T18:05:12,CONFIRMED_FRAUD,SYNTH_ID_CONFIRMED
RVW-202608-002533,ALT-202608-002713,RV-03,2026-08-22T22:37:45,CONFIRMED_FRAUD,ATO_CONFIRMED
RVW-202608-002534,ALT-202608-002714,RV-05,2026-08-26T15:54:52,CLEARED_FALSE_POSITIVE,ID_VERIFIED
RVW-202608-002535,ALT-202608-002716,RV-06,2026-08-20T07:10:37,CLEARED_FALSE_POSITIVE,KNOWN_DEVICE
RVW-202608-002536,ALT-202608-002717,RV-04,2026-08-26T12:09:21,CLEARED_FALSE_POSITIVE,DOC_VALID
RVW-202608-002537,ALT-202608-002718,RV-04,2026-09-03T13:26:53,CONFIRMED_FRAUD,ATO_CONFIRMED
RVW-202608-002538,ALT-202608-002719,RV-05,2026-08-24T06:44:16,CLEARED_FALSE_POSITIVE,CUSTOMER_CONTACTED
RVW-202608-002539,ALT-202608-002720,RV-04,2026-08-26T18:22:08,INSUFFICIENT_EVIDENCE,NO_CONTACT
RVW-202608-002540,ALT-202608-002721,RV-05,2026-08-26T11:35:37,CLEARED_FALSE_POSITIVE,ID_VERIFIED
RVW-202608-002541,ALT-202608-002722,RV-05,2026-08-09T13:02:49,CLEARED_FALSE_POSITIVE,KNOWN_DEVICE
RVW-202608-002542,ALT-202608-002723,RV-02,2026-08-13T21:16:14,CLEARED_FALSE_POSITIVE,CUSTOMER_CONTACTED
RVW-202608-002543,ALT-202608-002724,RV-05,2026-08-25T20:52:34,CLEARED_FALSE_POSITIVE,KNOWN_DEVICE
RVW-202608-002544,ALT-202608-002725,RV-01,2026-08-29T16:19:50,CONFIRMED_FRAUD,SYNTH_ID_CONFIRMED
RVW-202608-002545,ALT-202608-002726,RV-04,2026-08-19T07:06:54,CLEARED_FALSE_POSITIVE,ID_VERIFIED
RVW-202608-002546,ALT-202608-002728,RV-03,2026-08-10T06:08:06,CONFIRMED_FRAUD,DOC_FORGED
RVW-202608-002547,ALT-202608-002729,RV-06,2026-08-25T16:13:57,INSUFFICIENT_EVIDENCE,DATA_UNAVAILABLE
RVW-202608-002548,ALT-202608-002730,RV-06,2026-08-18T12:04:10,CONFIRMED_FRAUD,SYNTH_ID_CONFIRMED
RVW-202608-002549,ALT-202608-002731,RV-02,2026-08-23T12:19:49,CLEARED_FALSE_POSITIVE,CUSTOMER_CONTACTED
RVW-202608-002550,ALT-202608-002732,RV-06,2026-08-21T20:11:34,CONFIRMED_FRAUD,MULE_CONFIRMED
RVW-202608-002551,ALT-202608-002733,RV-06,2026-08-23T09:16:58,CLEARED_FALSE_POSITIVE,DOC_VALID
RVW-202608-002552,ALT-202608-002734,RV-05,2026-08-11T11:16:26,CLEARED_FALSE_POSITIVE,ID_VERIFIED
RVW-202608-002553,ALT-202608-002735,RV-06,2026-08-30T10:15:51,INSUFFICIENT_EVIDENCE,NO_CONTACT
RVW-202608-002554,ALT-202608-002736,RV-03,2026-08-25T19:21:38,CLEARED_FALSE_POSITIVE,KNOWN_DEVICE
RVW-202608-002555,ALT-202608-002737,RV-01,2026-09-02T08:12:21,CONFIRMED_FRAUD,SYNTH_ID_CONFIRMED
RVW-202608-002556,ALT-202608-002738,RV-05,2026-08-23T06:26:31,INSUFFICIENT_EVIDENCE,NO_CONTACT
RVW-202608-002557,ALT-202608-002739,RV-05,2026-08-16T08:20:42,CLEARED_FALSE_POSITIVE,ID_VERIFIED
RVW-202608-002558,ALT-202608-002740,RV-02,2026-08-11T10:12:33,CLEARED_FALSE_POSITIVE,KNOWN_DEVICE
RVW-202608-002559,ALT-202608-002741,RV-02,2026-08-01T16:34:29,CLEARED_FALSE_POSITIVE,ID_VERIFIED
RVW-202608-002560,ALT-202608-002742,RV-05,2026-09-04T08:28:08,CLEARED_FALSE_POSITIVE,CUSTOMER_CONTACTED
RVW-202608-002561,ALT-202608-002744,RV-02,2026-08-24T20:48:02,CLEARED_FALSE_POSITIVE,DOC_VALID
RVW-202608-002562,ALT-202608-002745,RV-06,2026-08-20T18:51:40,CLEARED_FALSE_POSITIVE,CUSTOMER_CONTACTED
RVW-202608-002563,ALT-202608-002747,RV-03,2026-09-04T22:31:15,CONFIRMED_FRAUD,DOC_FORGED
RVW-202608-002564,ALT-202608-002748,RV-04,2026-08-21T07:23:59,CONFIRMED_FRAUD,DOC_FORGED
RVW-202608-002565,ALT-202608-002749,RV-03,2026-08-13T16:07:46,CONFIRMED_FRAUD,SYNTH_ID_CONFIRMED
RVW-202608-002566,ALT-202608-002750,RV-04,2026-08-05T06:25:14,CLEARED_FALSE_POSITIVE,CUSTOMER_CONTACTED
RVW-202608-002567,ALT-202608-002752,RV-03,2026-08-31T11:17:13,CLEARED_FALSE_POSITIVE,KNOWN_DEVICE
RVW-202608-002568,ALT-202608-002753,RV-04,2026-08-05T08:04:53,INSUFFICIENT_EVIDENCE,NO_CONTACT
RVW-202608-002569,ALT-202608-002754,RV-02,2026-08-26T12:28:16,INSUFFICIENT_EVIDENCE,DATA_UNAVAILABLE
RVW-202608-002570,ALT-202608-002755,RV-02,2026-08-13T12:41:35,CLEARED_FALSE_POSITIVE,ID_VERIFIED
RVW-202608-002571,ALT-202608-002756,RV-02,2026-08-23T21:05:57,CLEARED_FALSE_POSITIVE,DOC_VALID
RVW-202608-002572,ALT-202608-002757,RV-03,2026-08-27T12:43:51,CLEARED_FALSE_POSITIVE,KNOWN_DEVICE
RVW-202608-002573,ALT-202608-002758,RV-05,2026-08-31T14:40:30,INSUFFICIENT_EVIDENCE,DATA_UNAVAILABLE
RVW-202608-002574,ALT-202608-002759,RV-02,2026-08-31T16:24:12,CLEARED_FALSE_POSITIVE,CUSTOMER_CONTACTED
RVW-202608-002575,ALT-202608-002760,RV-02,2026-08-25T15:12:27,CLEARED_FALSE_POSITIVE,ID_VERIFIED
RVW-202608-002576,ALT-202608-002761,RV-01,2026-08-16T21:14:08,CLEARED_FALSE_POSITIVE,ID_VERIFIED
RVW-202608-002577,ALT-202608-002762,RV-04,2026-08-25T19:22:40,CLEARED_FALSE_POSITIVE,KNOWN_DEVICE
RVW-202608-002578,ALT-202608-002763,RV-05,2026-08-29T17:47:25,CONFIRMED_FRAUD,SYNTH_ID_CONFIRMED
RVW-202608-002579,ALT-202608-002764,RV-02,2026-08-20T12:32:09,CONFIRMED_FRAUD,SYNTH_ID_CONFIRMED
RVW-202608-002580,ALT-202608-002765,RV-03,2026-08-10T10:54:01,CLEARED_FALSE_POSITIVE,CUSTOMER_CONTACTED
RVW-202608-002581,ALT-202608-002766,RV-06,2026-08-23T22:39:50,CLEARED_FALSE_POSITIVE,DOC_VALID
RVW-202608-002582,ALT-202608-002767,RV-03,2026-09-01T17:44:55,CLEARED_FALSE_POSITIVE,KNOWN_DEVICE
RVW-202608-002583,ALT-202608-002768,RV-05,2026-08-13T17:04:58,CONFIRMED_FRAUD,MULE_CONFIRMED
RVW-202608-002584,ALT-202608-002769,RV-02,2026-08-25T19:47:48,INSUFFICIENT_EVIDENCE,DATA_UNAVAILABLE
RVW-202608-002585,ALT-202608-002770,RV-06,2026-09-07T09:06:32,INSUFFICIENT_EVIDENCE,NO_CONTACT
RVW-202608-002586,ALT-202608-002771,RV-04,2026-08-13T22:46:56,CLEARED_FALSE_POSITIVE,ID_VERIFIED
RVW-202608-002587,ALT-202608-002772,RV-06,2026-08-08T10:20:34,CONFIRMED_FRAUD,SYNTH_ID_CONFIRMED
RVW-202608-002588,ALT-202608-002773,RV-01,2026-09-10T10:40:34,CLEARED_FALSE_POSITIVE,ID_VERIFIED
RVW-202608-002589,ALT-202608-002774,RV-02,2026-09-02T21:00:39,CLEARED_FALSE_POSITIVE,CUSTOMER_CONTACTED
RVW-202608-002590,ALT-202608-002775,RV-04,2026-08-08T21:17:04,INSUFFICIENT_EVIDENCE,DATA_UNAVAILABLE
RVW-202608-002591,ALT-202608-002776,RV-04,2026-08-06T14:09:01,CONFIRMED_FRAUD,SYNTH_ID_CONFIRMED
RVW-202608-002592,ALT-202608-002777,RV-06,2026-08-17T16:22:38,CLEARED_FALSE_POSITIVE,DOC_VALID
RVW-202608-002593,ALT-202608-002778,RV-05,2026-08-04T06:40:37,INSUFFICIENT_EVIDENCE,NO_CONTACT
RVW-202608-002594,ALT-202608-002780,RV-01,2026-09-03T08:26:14,CLEARED_FALSE_POSITIVE,CUSTOMER_CONTACTED
RVW-202608-002595,ALT-202608-002781,RV-04,2026-09-01T17:56:29,CLEARED_FALSE_POSITIVE,KNOWN_DEVICE
RVW-202608-002596,ALT-202608-002782,RV-05,2026-08-20T13:33:02,CLEARED_FALSE_POSITIVE,KNOWN_DEVICE
RVW-202608-002597,ALT-202608-002783,RV-05,2026-08-27T06:50:37,CONFIRMED_FRAUD,MULE_CONFIRMED
RVW-202608-002598,ALT-202608-002785,RV-05,2026-08-17T14:31:16,CLEARED_FALSE_POSITIVE,KNOWN_DEVICE
RVW-202608-002599,ALT-202608-002786,RV-01,2026-08-28T20:18:50,CONFIRMED_FRAUD,SYNTH_ID_CONFIRMED
RVW-202608-002600,ALT-202608-002787,RV-06,2026-09-05T11:35:13,CLEARED_FALSE_POSITIVE,KNOWN_DEVICE
RVW-202608-002601,ALT-202608-002789,RV-03,2026-08-15T19:55:30,CLEARED_FALSE_POSITIVE,ID_VERIFIED
RVW-202608-002602,ALT-202608-002790,RV-04,2026-08-12T20:03:29,CLEARED_FALSE_POSITIVE,ID_VERIFIED
RVW-202608-002603,ALT-202608-002791,RV-04,2026-08-07T22:38:17,CONFIRMED_FRAUD,ATO_CONFIRMED
RVW-202608-002604,ALT-202608-002792,RV-06,2026-08-08T12:49:57,CONFIRMED_FRAUD,DOC_FORGED
RVW-202608-002605,ALT-202608-002793,RV-01,2026-08-10T15:36:11,CLEARED_FALSE_POSITIVE,KNOWN_DEVICE
RVW-202608-002606,ALT-202608-002794,RV-01,2026-09-03T18:13:48,CLEARED_FALSE_POSITIVE,ID_VERIFIED
RVW-202608-002607,ALT-202608-002795,RV-05,2026-08-13T09:45:49,CLEARED_FALSE_POSITIVE,KNOWN_DEVICE
RVW-202608-002608,ALT-202608-002796,RV-01,2026-08-13T19:22:11,CLEARED_FALSE_POSITIVE,KNOWN_DEVICE
RVW-202608-002609,ALT-202608-002797,RV-04,2026-08-11T18:16:19,CONFIRMED_FRAUD,SYNTH_ID_CONFIRMED
RVW-202608-002610,ALT-202608-002798,RV-05,2026-08-22T11:46:50,CLEARED_FALSE_POSITIVE,DOC_VALID
RVW-202608-002611,ALT-202608-002799,RV-03,2026-08-31T11:13:23,CLEARED_FALSE_POSITIVE,ID_VERIFIED
RVW-202608-002612,ALT-202608-002800,RV-03,2026-08-04T08:16:40,CLEARED_FALSE_POSITIVE,ID_VERIFIED
RVW-202608-002613,ALT-202608-002801,RV-02,2026-08-12T21:07:06,CLEARED_FALSE_POSITIVE,KNOWN_DEVICE
RVW-202608-002614,ALT-202608-002802,RV-06,2026-08-25T13:25:29,INSUFFICIENT_EVIDENCE,NO_CONTACT
RVW-202608-002615,ALT-202608-002803,RV-03,2026-08-28T13:13:42,CLEARED_FALSE_POSITIVE,DOC_VALID
RVW-202608-002616,ALT-202608-002804,RV-04,2026-08-12T22:01:18,CLEARED_FALSE_POSITIVE,DOC_VALID
RVW-202608-002617,ALT-202608-002805,RV-03,2026-08-18T12:29:13,CLEARED_FALSE_POSITIVE,KNOWN_DEVICE
RVW-202608-002618,ALT-202608-002806,RV-06,2026-08-25T16:04:02,CLEARED_FALSE_POSITIVE,CUSTOMER_CONTACTED
RVW-202608-002619,ALT-202608-002807,RV-05,2026-09-01T16:06:54,CLEARED_FALSE_POSITIVE,KNOWN_DEVICE
RVW-202608-002620,ALT-202608-002808,RV-05,2026-09-03T21:15:54,CLEARED_FALSE_POSITIVE,KNOWN_DEVICE
RVW-202608-002621,ALT-202608-002809,RV-04,2026-08-10T10:13:20,CLEARED_FALSE_POSITIVE,CUSTOMER_CONTACTED
RVW-202608-002622,ALT-202608-002810,RV-02,2026-08-13T12:43:01,CONFIRMED_FRAUD,MULE_CONFIRMED
RVW-202608-002623,ALT-202608-002811,RV-06,2026-09-02T15:21:15,CLEARED_FALSE_POSITIVE,KNOWN_DEVICE
RVW-202608-002624,ALT-202608-002812,RV-01,2026-08-09T20:04:45,CLEARED_FALSE_POSITIVE,ID_VERIFIED
RVW-202608-002625,ALT-202608-002813,RV-02,2026-08-31T18:58:50,CONFIRMED_FRAUD,ATO_CONFIRMED
RVW-202608-002626,ALT-202608-002815,RV-02,2026-08-06T16:09:04,CLEARED_FALSE_POSITIVE,DOC_VALID
RVW-202608-002627,ALT-202608-002816,RV-04,2026-08-23T17:25:52,CLEARED_FALSE_POSITIVE,CUSTOMER_CONTACTED
RVW-202608-002628,ALT-202608-002817,RV-04,2026-08-24T18:46:24,CONFIRMED_FRAUD,ATO_CONFIRMED
RVW-202608-002629,ALT-202608-002818,RV-06,2026-08-11T17:42:16,CLEARED_FALSE_POSITIVE,KNOWN_DEVICE
RVW-202608-002630,ALT-202608-002819,RV-06,2026-08-25T12:56:09,CLEARED_FALSE_POSITIVE,KNOWN_DEVICE
RVW-202608-002631,ALT-202608-002820,RV-03,2026-08-18T09:01:04,INSUFFICIENT_EVIDENCE,AGED_OUT
RVW-202608-002632,ALT-202608-002821,RV-01,2026-08-26T09:43:23,CONFIRMED_FRAUD,ATO_CONFIRMED
RVW-202608-002633,ALT-202608-002822,RV-01,2026-08-15T13:48:06,CLEARED_FALSE_POSITIVE,KNOWN_DEVICE
RVW-202608-002634,ALT-202608-002823,RV-02,2026-09-02T22:47:54,CONFIRMED_FRAUD,DOC_FORGED
RVW-202608-002635,ALT-202608-002824,RV-04,2026-08-08T12:36:36,CONFIRMED_FRAUD,DOC_FORGED
RVW-202608-002636,ALT-202608-002825,RV-06,2026-09-02T19:40:48,CLEARED_FALSE_POSITIVE,DOC_VALID
RVW-202608-002637,ALT-202608-002826,RV-05,2026-08-11T06:39:36,CLEARED_FALSE_POSITIVE,KNOWN_DEVICE
RVW-202608-002638,ALT-202608-002827,RV-06,2026-08-16T12:19:03,CONFIRMED_FRAUD,ATO_CONFIRMED
RVW-202608-002639,ALT-202608-002828,RV-05,2026-08-06T17:22:58,CLEARED_FALSE_POSITIVE,DOC_VALID
RVW-202608-002640,ALT-202608-002830,RV-04,2026-08-05T15:05:17,CLEARED_FALSE_POSITIVE,ID_VERIFIED
RVW-202608-002641,ALT-202608-002831,RV-05,2026-08-04T14:23:15,CONFIRMED_FRAUD,DOC_FORGED
RVW-202608-002642,ALT-202608-002832,RV-03,2026-08-16T19:23:13,CLEARED_FALSE_POSITIVE,CUSTOMER_CONTACTED
RVW-202608-002643,ALT-202608-002833,RV-01,2026-08-21T10:22:44,CLEARED_FALSE_POSITIVE,KNOWN_DEVICE
RVW-202608-002644,ALT-202608-002834,RV-03,2026-08-25T19:22:05,CONFIRMED_FRAUD,ATO_CONFIRMED
RVW-202608-002645,ALT-202608-002835,RV-01,2026-08-30T13:52:19,CLEARED_FALSE_POSITIVE,ID_VERIFIED
RVW-202608-002646,ALT-202608-002836,RV-04,2026-08-25T14:05:18,CLEARED_FALSE_POSITIVE,KNOWN_DEVICE
RVW-202608-002647,ALT-202608-002837,RV-06,2026-08-10T13:28:17,CLEARED_FALSE_POSITIVE,KNOWN_DEVICE
RVW-202608-002648,ALT-202608-002838,RV-04,2026-08-19T18:27:17,CONFIRMED_FRAUD,MULE_CONFIRMED
RVW-202608-002649,ALT-202608-002839,RV-06,2026-08-04T07:57:03,CLEARED_FALSE_POSITIVE,CUSTOMER_CONTACTED
RVW-202608-002650,ALT-202608-002840,RV-04,2026-08-28T13:54:51,INSUFFICIENT_EVIDENCE,DATA_UNAVAILABLE
RVW-202608-002651,ALT-202608-002841,RV-06,2026-08-22T06:38:16,CONFIRMED_FRAUD,MULE_CONFIRMED
RVW-202608-002652,ALT-202608-002842,RV-05,2026-08-06T21:41:28,CLEARED_FALSE_POSITIVE,CUSTOMER_CONTACTED
RVW-202608-002653,ALT-202608-002843,RV-02,2026-08-29T12:56:07,CONFIRMED_FRAUD,ATO_CONFIRMED
RVW-202608-002654,ALT-202608-002844,RV-05,2026-09-05T18:39:57,CLEARED_FALSE_POSITIVE,KNOWN_DEVICE
RVW-202608-002655,ALT-202608-002845,RV-05,2026-08-31T18:28:07,CLEARED_FALSE_POSITIVE,CUSTOMER_CONTACTED
RVW-202608-002656,ALT-202608-002846,RV-05,2026-08-11T12:10:45,CLEARED_FALSE_POSITIVE,DOC_VALID
RVW-202608-002657,ALT-202608-002847,RV-03,2026-08-28T14:04:41,CLEARED_FALSE_POSITIVE,CUSTOMER_CONTACTED
RVW-202608-002658,ALT-202608-002848,RV-05,2026-08-12T17:24:26,CLEARED_FALSE_POSITIVE,KNOWN_DEVICE
RVW-202608-002659,ALT-202608-002849,RV-03,2026-08-08T15:11:35,CLEARED_FALSE_POSITIVE,CUSTOMER_CONTACTED
RVW-202608-002660,ALT-202608-002850,RV-06,2026-08-22T20:57:04,CLEARED_FALSE_POSITIVE,DOC_VALID
RVW-202608-002661,ALT-202608-002851,RV-04,2026-08-14T08:19:22,CLEARED_FALSE_POSITIVE,DOC_VALID
RVW-202608-002662,ALT-202608-002852,RV-01,2026-09-03T08:36:00,CLEARED_FALSE_POSITIVE,DOC_VALID
RVW-202608-002663,ALT-202608-002853,RV-03,2026-08-22T06:19:56,CLEARED_FALSE_POSITIVE,KNOWN_DEVICE
RVW-202608-002664,ALT-202608-002854,RV-06,2026-08-07T12:39:05,CLEARED_FALSE_POSITIVE,KNOWN_DEVICE
RVW-202608-002665,ALT-202608-002855,RV-02,2026-09-05T18:51:35,CONFIRMED_FRAUD,MULE_CONFIRMED
RVW-202608-002666,ALT-202608-002856,RV-06,2026-08-16T15:42:02,CLEARED_FALSE_POSITIVE,DOC_VALID
RVW-202608-002667,ALT-202608-002857,RV-05,2026-08-13T22:54:13,CONFIRMED_FRAUD,MULE_CONFIRMED
RVW-202608-002668,ALT-202608-002858,RV-05,2026-08-30T18:54:31,CONFIRMED_FRAUD,ATO_CONFIRMED
RVW-202608-002669,ALT-202608-002859,RV-03,2026-08-15T21:12:44,CLEARED_FALSE_POSITIVE,KNOWN_DEVICE
RVW-202608-002670,ALT-202608-002860,RV-03,2026-08-28T06:48:01,CLEARED_FALSE_POSITIVE,DOC_VALID
RVW-202608-002671,ALT-202608-002861,RV-03,2026-09-10T19:36:25,INSUFFICIENT_EVIDENCE,NO_CONTACT
RVW-202608-002672,ALT-202608-002862,RV-01,2026-08-09T14:00:25,CLEARED_FALSE_POSITIVE,DOC_VALID
RVW-202608-002673,ALT-202608-002863,RV-06,2026-09-06T07:49:51,CLEARED_FALSE_POSITIVE,KNOWN_DEVICE
RVW-202608-002674,ALT-202608-002864,RV-04,2026-08-13T15:18:06,CLEARED_FALSE_POSITIVE,CUSTOMER_CONTACTED
RVW-202608-002675,ALT-202608-002866,RV-02,2026-08-26T21:06:25,CONFIRMED_FRAUD,DOC_FORGED
RVW-202608-002676,ALT-202608-002867,RV-02,2026-08-12T17:43:12,CLEARED_FALSE_POSITIVE,KNOWN_DEVICE
RVW-202608-002677,ALT-202608-002868,RV-06,2026-08-15T16:30:00,CLEARED_FALSE_POSITIVE,KNOWN_DEVICE
RVW-202608-002678,ALT-202608-002869,RV-03,2026-08-21T18:02:34,CLEARED_FALSE_POSITIVE,CUSTOMER_CONTACTED
RVW-202608-002679,ALT-202608-002870,RV-04,2026-08-25T11:57:49,CLEARED_FALSE_POSITIVE,CUSTOMER_CONTACTED
RVW-202608-002680,ALT-202608-002871,RV-06,2026-08-29T20:30:28,CLEARED_FALSE_POSITIVE,CUSTOMER_CONTACTED
RVW-202608-002681,ALT-202608-002872,RV-05,2026-08-15T21:22:46,CLEARED_FALSE_POSITIVE,ID_VERIFIED
RVW-202608-002682,ALT-202608-002873,RV-02,2026-08-07T19:13:59,CLEARED_FALSE_POSITIVE,ID_VERIFIED
RVW-202608-002683,ALT-202608-002874,RV-03,2026-08-16T18:27:09,CONFIRMED_FRAUD,SYNTH_ID_CONFIRMED
RVW-202608-002684,ALT-202608-002875,RV-02,2026-08-30T15:52:29,CONFIRMED_FRAUD,SYNTH_ID_CONFIRMED
RVW-202608-002685,ALT-202608-002876,RV-03,2026-08-22T07:32:59,CONFIRMED_FRAUD,SYNTH_ID_CONFIRMED
RVW-202608-002686,ALT-202608-002877,RV-03,2026-08-12T22:43:30,INSUFFICIENT_EVIDENCE,NO_CONTACT
RVW-202608-002687,ALT-202608-002878,RV-04,2026-09-05T16:54:42,INSUFFICIENT_EVIDENCE,AGED_OUT
RVW-202608-002688,ALT-202608-002879,RV-02,2026-08-16T13:39:16,CLEARED_FALSE_POSITIVE,CUSTOMER_CONTACTED
RVW-202608-002689,ALT-202608-002880,RV-03,2026-08-20T14:18:16,CLEARED_FALSE_POSITIVE,DOC_VALID
RVW-202608-002690,ALT-202608-002881,RV-01,2026-09-03T12:39:08,CLEARED_FALSE_POSITIVE,ID_VERIFIED
RVW-202608-002691,ALT-202608-002882,RV-06,2026-08-03T11:26:19,CLEARED_FALSE_POSITIVE,CUSTOMER_CONTACTED
RVW-202608-002692,ALT-202608-002883,RV-05,2026-08-23T16:06:51,CLEARED_FALSE_POSITIVE,KNOWN_DEVICE
RVW-202608-002693,ALT-202608-002884,RV-01,2026-08-13T08:22:16,CONFIRMED_FRAUD,ATO_CONFIRMED
RVW-202608-002694,ALT-202608-002885,RV-04,2026-08-24T12:17:26,CONFIRMED_FRAUD,ATO_CONFIRMED
RVW-202608-002695,ALT-202608-002886,RV-05,2026-09-02T12:17:35,CLEARED_FALSE_POSITIVE,DOC_VALID
RVW-202608-002696,ALT-202608-002887,RV-02,2026-08-26T11:48:58,CLEARED_FALSE_POSITIVE,KNOWN_DEVICE
RVW-202608-002697,ALT-202608-002888,RV-06,2026-08-27T16:43:26,CLEARED_FALSE_POSITIVE,KNOWN_DEVICE
RVW-202608-002698,ALT-202608-002889,RV-05,2026-08-12T07:18:34,CLEARED_FALSE_POSITIVE,CUSTOMER_CONTACTED
RVW-202608-002699,ALT-202608-002890,RV-01,2026-08-27T07:11:08,CLEARED_FALSE_POSITIVE,KNOWN_DEVICE
RVW-202608-002700,ALT-202608-002891,RV-06,2026-08-31T09:14:25,CONFIRMED_FRAUD,SYNTH_ID_CONFIRMED
RVW-202608-002701,ALT-202608-002892,RV-02,2026-08-08T13:17:25,CLEARED_FALSE_POSITIVE,CUSTOMER_CONTACTED
RVW-202608-002702,ALT-202608-002893,RV-06,2026-08-12T17:24:26,CONFIRMED_FRAUD,SYNTH_ID_CONFIRMED
RVW-202608-002703,ALT-202608-002894,RV-05,2026-08-07T20:22:19,CLEARED_FALSE_POSITIVE,KNOWN_DEVICE
RVW-202608-002704,ALT-202608-002895,RV-05,2026-08-19T20:06:53,CLEARED_FALSE_POSITIVE,KNOWN_DEVICE
RVW-202608-002705,ALT-202608-002897,RV-04,2026-08-26T11:06:13,CONFIRMED_FRAUD,DOC_FORGED
RVW-202608-002706,ALT-202608-002898,RV-02,2026-08-22T21:40:42,CLEARED_FALSE_POSITIVE,DOC_VALID
RVW-202608-002707,ALT-202608-002899,RV-06,2026-09-04T07:18:36,CLEARED_FALSE_POSITIVE,CUSTOMER_CONTACTED
RVW-202608-002708,ALT-202608-002900,RV-06,2026-08-31T13:53:31,CLEARED_FALSE_POSITIVE,CUSTOMER_CONTACTED
RVW-202608-002709,ALT-202608-002901,RV-06,2026-08-28T17:02:49,CONFIRMED_FRAUD,SYNTH_ID_CONFIRMED
RVW-202608-002710,ALT-202608-002902,RV-01,2026-08-17T10:17:12,CLEARED_FALSE_POSITIVE,KNOWN_DEVICE
RVW-202608-002711,ALT-202608-002903,RV-01,2026-08-28T18:26:15,CONFIRMED_FRAUD,SYNTH_ID_CONFIRMED
RVW-202608-002712,ALT-202608-002904,RV-02,2026-08-09T11:55:05,CLEARED_FALSE_POSITIVE,CUSTOMER_CONTACTED
RVW-202608-002713,ALT-202608-002905,RV-06,2026-08-06T07:17:28,CLEARED_FALSE_POSITIVE,DOC_VALID
RVW-202608-002714,ALT-202608-002906,RV-01,2026-08-31T08:58:46,CONFIRMED_FRAUD,DOC_FORGED
RVW-202608-002715,ALT-202608-002907,RV-03,2026-08-18T06:21:01,CLEARED_FALSE_POSITIVE,DOC_VALID
RVW-202608-002716,ALT-202608-002908,RV-01,2026-08-23T16:18:28,CLEARED_FALSE_POSITIVE,KNOWN_DEVICE
RVW-202608-002717,ALT-202608-002909,RV-02,2026-08-17T14:00:51,CONFIRMED_FRAUD,DOC_FORGED
RVW-202608-002718,ALT-202608-002910,RV-01,2026-08-29T06:57:49,INSUFFICIENT_EVIDENCE,DATA_UNAVAILABLE
RVW-202608-002719,ALT-202608-002912,RV-03,2026-08-11T21:01:00,CLEARED_FALSE_POSITIVE,DOC_VALID
RVW-202608-002720,ALT-202608-002913,RV-02,2026-08-18T19:30:06,CONFIRMED_FRAUD,ATO_CONFIRMED
RVW-202608-002721,ALT-202608-002915,RV-03,2026-08-21T18:35:59,CLEARED_FALSE_POSITIVE,KNOWN_DEVICE
RVW-202608-002722,ALT-202608-002916,RV-01,2026-08-25T08:24:38,CONFIRMED_FRAUD,SYNTH_ID_CONFIRMED
RVW-202608-002723,ALT-202608-002917,RV-02,2026-08-17T17:14:57,CLEARED_FALSE_POSITIVE,DOC_VALID
RVW-202608-002724,ALT-202608-002918,RV-02,2026-08-07T10:41:34,CLEARED_FALSE_POSITIVE,CUSTOMER_CONTACTED
RVW-202608-002725,ALT-202608-002920,RV-01,2026-08-24T21:58:17,CLEARED_FALSE_POSITIVE,ID_VERIFIED
RVW-202608-002726,ALT-202608-002921,RV-05,2026-09-06T20:56:02,INSUFFICIENT_EVIDENCE,NO_CONTACT
RVW-202608-002727,ALT-202608-002923,RV-02,2026-08-31T11:10:11,CLEARED_FALSE_POSITIVE,KNOWN_DEVICE
RVW-202608-002728,ALT-202608-002925,RV-04,2026-08-23T08:27:28,CLEARED_FALSE_POSITIVE,ID_VERIFIED
RVW-202608-002729,ALT-202608-002926,RV-02,2026-09-09T21:07:43,CLEARED_FALSE_POSITIVE,ID_VERIFIED
RVW-202608-002730,ALT-202608-002927,RV-03,2026-08-26T18:04:09,CLEARED_FALSE_POSITIVE,ID_VERIFIED
RVW-202608-002731,ALT-202608-002929,RV-04,2026-09-02T07:43:17,CLEARED_FALSE_POSITIVE,CUSTOMER_CONTACTED
RVW-202608-002732,ALT-202608-002931,RV-05,2026-09-03T13:59:59,CONFIRMED_FRAUD,SYNTH_ID_CONFIRMED
RVW-202608-002733,ALT-202608-002932,RV-04,2026-08-20T11:38:51,CLEARED_FALSE_POSITIVE,DOC_VALID
RVW-202608-002734,ALT-202608-002933,RV-05,2026-08-23T08:02:35,CLEARED_FALSE_POSITIVE,CUSTOMER_CONTACTED
RVW-202608-002735,ALT-202608-002934,RV-04,2026-08-24T09:58:51,CONFIRMED_FRAUD,MULE_CONFIRMED
RVW-202608-002736,ALT-202608-002935,RV-02,2026-08-10T13:11:18,CLEARED_FALSE_POSITIVE,ID_VERIFIED
RVW-202608-002737,ALT-202608-002936,RV-03,2026-08-10T13:11:57,CONFIRMED_FRAUD,MULE_CONFIRMED
RVW-202608-002738,ALT-202608-002937,RV-03,2026-08-21T18:29:02,CLEARED_FALSE_POSITIVE,CUSTOMER_CONTACTED
RVW-202608-002739,ALT-202608-002939,RV-03,2026-08-20T15:12:40,CLEARED_FALSE_POSITIVE,KNOWN_DEVICE
RVW-202608-002740,ALT-202608-002940,RV-06,2026-09-05T18:47:22,CLEARED_FALSE_POSITIVE,CUSTOMER_CONTACTED
RVW-202608-002741,ALT-202608-002941,RV-05,2026-08-24T22:05:05,CONFIRMED_FRAUD,DOC_FORGED
RVW-202608-002742,ALT-202608-002942,RV-04,2026-08-20T21:15:31,CONFIRMED_FRAUD,ATO_CONFIRMED
RVW-202608-002743,ALT-202608-002943,RV-06,2026-08-09T16:00:13,INSUFFICIENT_EVIDENCE,AGED_OUT
RVW-202608-002744,ALT-202608-002944,RV-03,2026-08-20T09:42:54,CLEARED_FALSE_POSITIVE,DOC_VALID
RVW-202608-002745,ALT-202608-002945,RV-03,2026-09-06T16:52:09,CONFIRMED_FRAUD,ATO_CONFIRMED
RVW-202608-002746,ALT-202608-002946,RV-06,2026-08-13T06:33:14,CONFIRMED_FRAUD,MULE_CONFIRMED
RVW-202608-002747,ALT-202608-002947,RV-03,2026-08-29T17:59:44,CLEARED_FALSE_POSITIVE,KNOWN_DEVICE
RVW-202608-002748,ALT-202608-002948,RV-04,2026-09-05T13:55:53,CLEARED_FALSE_POSITIVE,ID_VERIFIED
RVW-202608-002749,ALT-202608-002949,RV-06,2026-08-24T14:55:23,CONFIRMED_FRAUD,DOC_FORGED
RVW-202608-002750,ALT-202608-002950,RV-05,2026-08-30T11:09:12,CLEARED_FALSE_POSITIVE,CUSTOMER_CONTACTED
RVW-202608-002751,ALT-202608-002951,RV-02,2026-08-07T09:06:47,CLEARED_FALSE_POSITIVE,CUSTOMER_CONTACTED
RVW-202608-002752,ALT-202608-002952,RV-03,2026-08-22T13:18:09,CLEARED_FALSE_POSITIVE,ID_VERIFIED
RVW-202608-002753,ALT-202608-002953,RV-05,2026-09-02T12:01:32,CLEARED_FALSE_POSITIVE,ID_VERIFIED
RVW-202608-002754,ALT-202608-002954,RV-06,2026-09-02T10:41:50,CLEARED_FALSE_POSITIVE,DOC_VALID
RVW-202608-002755,ALT-202608-002955,RV-04,2026-08-20T14:28:33,CLEARED_FALSE_POSITIVE,ID_VERIFIED
RVW-202608-002756,ALT-202608-002957,RV-01,2026-08-17T06:14:40,CLEARED_FALSE_POSITIVE,DOC_VALID
RVW-202608-002757,ALT-202608-002958,RV-04,2026-08-17T12:01:42,CLEARED_FALSE_POSITIVE,KNOWN_DEVICE
RVW-202608-002758,ALT-202608-002959,RV-03,2026-08-09T20:41:06,CLEARED_FALSE_POSITIVE,CUSTOMER_CONTACTED
RVW-202608-002759,ALT-202608-002960,RV-06,2026-09-08T09:26:39,CONFIRMED_FRAUD,ATO_CONFIRMED
RVW-202608-002760,ALT-202608-002961,RV-02,2026-08-09T20:52:24,CLEARED_FALSE_POSITIVE,CUSTOMER_CONTACTED
RVW-202608-002761,ALT-202608-002962,RV-03,2026-08-04T09:17:45,CONFIRMED_FRAUD,DOC_FORGED
RVW-202608-002762,ALT-202608-002963,RV-04,2026-08-10T10:29:48,CLEARED_FALSE_POSITIVE,ID_VERIFIED
RVW-202608-002763,ALT-202608-002965,RV-01,2026-08-15T18:46:25,CLEARED_FALSE_POSITIVE,KNOWN_DEVICE
RVW-202608-002764,ALT-202608-002966,RV-01,2026-08-07T19:55:43,CONFIRMED_FRAUD,DOC_FORGED
RVW-202608-002765,ALT-202608-002967,RV-03,2026-08-16T22:44:42,CONFIRMED_FRAUD,DOC_FORGED
RVW-202608-002766,ALT-202608-002968,RV-03,2026-08-19T17:55:24,CLEARED_FALSE_POSITIVE,ID_VERIFIED
RVW-202608-002767,ALT-202608-002969,RV-02,2026-08-28T10:39:51,CLEARED_FALSE_POSITIVE,DOC_VALID
RVW-202608-002768,ALT-202608-002970,RV-05,2026-08-11T15:59:14,CLEARED_FALSE_POSITIVE,ID_VERIFIED
RVW-202608-002769,ALT-202608-002971,RV-06,2026-08-29T10:22:53,CLEARED_FALSE_POSITIVE,DOC_VALID
RVW-202608-002770,ALT-202608-002972,RV-03,2026-08-05T18:27:01,INSUFFICIENT_EVIDENCE,AGED_OUT
RVW-202608-002771,ALT-202608-002973,RV-01,2026-08-07T20:56:46,CLEARED_FALSE_POSITIVE,KNOWN_DEVICE
RVW-202608-002772,ALT-202608-002975,RV-06,2026-08-31T06:47:05,CLEARED_FALSE_POSITIVE,KNOWN_DEVICE
RVW-202608-002773,ALT-202608-002976,RV-02,2026-08-07T14:41:21,INSUFFICIENT_EVIDENCE,AGED_OUT
RVW-202608-002774,ALT-202608-002977,RV-04,2026-08-19T16:22:50,CLEARED_FALSE_POSITIVE,DOC_VALID
RVW-202608-002775,ALT-202608-002978,RV-03,2026-08-21T10:29:16,CONFIRMED_FRAUD,DOC_FORGED
RVW-202608-002776,ALT-202608-002979,RV-06,2026-08-26T19:36:03,CONFIRMED_FRAUD,ATO_CONFIRMED
RVW-202608-002777,ALT-202608-002980,RV-06,2026-08-26T15:40:41,CLEARED_FALSE_POSITIVE,KNOWN_DEVICE
RVW-202608-002778,ALT-202608-002981,RV-02,2026-08-11T16:49:36,CLEARED_FALSE_POSITIVE,KNOWN_DEVICE
RVW-202608-002779,ALT-202608-002982,RV-01,2026-08-09T10:43:01,CLEARED_FALSE_POSITIVE,DOC_VALID
RVW-202608-002780,ALT-202608-002983,RV-01,2026-09-08T18:41:18,CLEARED_FALSE_POSITIVE,CUSTOMER_CONTACTED
RVW-202608-002781,ALT-202608-002984,RV-03,2026-08-07T08:08:14,CLEARED_FALSE_POSITIVE,ID_VERIFIED
RVW-202608-002782,ALT-202608-002985,RV-04,2026-08-31T13:13:07,CONFIRMED_FRAUD,ATO_CONFIRMED
RVW-202608-002783,ALT-202608-002986,RV-03,2026-08-10T18:11:06,CLEARED_FALSE_POSITIVE,DOC_VALID
RVW-202608-002784,ALT-202608-002987,RV-03,2026-08-10T18:04:18,CLEARED_FALSE_POSITIVE,ID_VERIFIED
RVW-202608-002785,ALT-202608-002988,RV-06,2026-08-09T18:12:12,CLEARED_FALSE_POSITIVE,KNOWN_DEVICE
RVW-202608-002786,ALT-202608-002989,RV-03,2026-08-30T20:59:50,INSUFFICIENT_EVIDENCE,DATA_UNAVAILABLE
RVW-202608-002787,ALT-202608-002990,RV-03,2026-09-02T09:07:30,CLEARED_FALSE_POSITIVE,ID_VERIFIED
RVW-202608-002788,ALT-202608-002991,RV-04,2026-08-15T09:47:27,CLEARED_FALSE_POSITIVE,KNOWN_DEVICE
RVW-202608-002789,ALT-202608-002992,RV-03,2026-08-07T16:43:07,CLEARED_FALSE_POSITIVE,DOC_VALID
RVW-202608-002790,ALT-202608-002993,RV-03,2026-08-30T11:02:50,CLEARED_FALSE_POSITIVE,DOC_VALID
RVW-202608-002791,ALT-202608-002994,RV-06,2026-08-23T19:46:34,CLEARED_FALSE_POSITIVE,DOC_VALID
RVW-202608-002792,ALT-202608-002995,RV-02,2026-08-12T07:41:32,CLEARED_FALSE_POSITIVE,CUSTOMER_CONTACTED
RVW-202608-002793,ALT-202608-002996,RV-01,2026-08-26T07:30:35,CLEARED_FALSE_POSITIVE,KNOWN_DEVICE
RVW-202608-002794,ALT-202608-002997,RV-04,2026-08-07T12:39:53,INSUFFICIENT_EVIDENCE,NO_CONTACT
RVW-202608-002795,ALT-202608-002998,RV-03,2026-08-14T18:13:02,CLEARED_FALSE_POSITIVE,DOC_VALID
RVW-202608-002796,ALT-202608-002999,RV-02,2026-08-02T19:48:50,CLEARED_FALSE_POSITIVE,KNOWN_DEVICE
RVW-202608-002797,ALT-202608-003000,RV-05,2026-08-25T15:16:48,CONFIRMED_FRAUD,ATO_CONFIRMED
RVW-202608-002798,ALT-202608-003001,RV-01,2026-08-13T16:11:37,CLEARED_FALSE_POSITIVE,DOC_VALID
RVW-202608-002799,ALT-202608-003002,RV-06,2026-08-27T21:17:10,CLEARED_FALSE_POSITIVE,DOC_VALID
RVW-202608-002800,ALT-202608-003003,RV-06,2026-08-21T14:10:33,CLEARED_FALSE_POSITIVE,DOC_VALID
RVW-202608-002801,ALT-202608-003004,RV-04,2026-08-26T18:04:02,CONFIRMED_FRAUD,ATO_CONFIRMED
RVW-202608-002802,ALT-202608-003005,RV-01,2026-08-31T10:07:34,INSUFFICIENT_EVIDENCE,DATA_UNAVAILABLE
RVW-202608-002803,ALT-202608-003006,RV-03,2026-08-17T13:31:32,CLEARED_FALSE_POSITIVE,DOC_VALID
RVW-202608-002804,ALT-202608-003007,RV-03,2026-08-11T07:13:44,CONFIRMED_FRAUD,DOC_FORGED
RVW-202608-002805,ALT-202608-003008,RV-01,2026-08-11T13:55:32,CLEARED_FALSE_POSITIVE,ID_VERIFIED
RVW-202608-002806,ALT-202608-003009,RV-06,2026-08-14T18:21:45,CLEARED_FALSE_POSITIVE,DOC_VALID
RVW-202608-002807,ALT-202608-003010,RV-04,2026-08-09T14:48:25,CLEARED_FALSE_POSITIVE,DOC_VALID
RVW-202608-002808,ALT-202608-003011,RV-02,2026-09-03T19:41:27,CLEARED_FALSE_POSITIVE,DOC_VALID
RVW-202608-002809,ALT-202608-003012,RV-03,2026-08-27T06:06:32,CLEARED_FALSE_POSITIVE,DOC_VALID
RVW-202608-002810,ALT-202608-003013,RV-06,2026-08-19T12:06:46,INSUFFICIENT_EVIDENCE,NO_CONTACT
RVW-202608-002811,ALT-202608-003014,RV-05,2026-08-23T20:58:34,CONFIRMED_FRAUD,SYNTH_ID_CONFIRMED
RVW-202608-002812,ALT-202608-003015,RV-05,2026-08-28T16:44:08,CLEARED_FALSE_POSITIVE,KNOWN_DEVICE
RVW-202608-002813,ALT-202608-003017,RV-03,2026-09-09T17:26:30,CLEARED_FALSE_POSITIVE,KNOWN_DEVICE
RVW-202608-002814,ALT-202608-003018,RV-02,2026-08-18T12:43:49,CLEARED_FALSE_POSITIVE,KNOWN_DEVICE
RVW-202608-002815,ALT-202608-003019,RV-05,2026-09-02T22:14:29,CLEARED_FALSE_POSITIVE,DOC_VALID
RVW-202608-002816,ALT-202608-003020,RV-04,2026-08-10T07:35:35,CLEARED_FALSE_POSITIVE,ID_VERIFIED
RVW-202608-002817,ALT-202608-003021,RV-06,2026-09-04T17:59:10,CONFIRMED_FRAUD,ATO_CONFIRMED
RVW-202608-002818,ALT-202608-003022,RV-04,2026-08-26T12:06:08,CLEARED_FALSE_POSITIVE,KNOWN_DEVICE
RVW-202608-002819,ALT-202608-003023,RV-04,2026-08-11T11:55:55,CLEARED_FALSE_POSITIVE,DOC_VALID
RVW-202608-002820,ALT-202608-003024,RV-05,2026-08-09T12:13:21,CLEARED_FALSE_POSITIVE,DOC_VALID
RVW-202608-002821,ALT-202608-003025,RV-06,2026-08-08T14:42:06,CLEARED_FALSE_POSITIVE,DOC_VALID
RVW-202608-002822,ALT-202608-003026,RV-02,2026-09-02T11:09:09,CONFIRMED_FRAUD,ATO_CONFIRMED
RVW-202608-002823,ALT-202608-003027,RV-06,2026-09-04T18:37:23,CLEARED_FALSE_POSITIVE,ID_VERIFIED
RVW-202608-002824,ALT-202608-003029,RV-05,2026-09-04T17:56:57,CLEARED_FALSE_POSITIVE,CUSTOMER_CONTACTED
RVW-202608-002825,ALT-202608-003030,RV-05,2026-08-06T06:17:21,CLEARED_FALSE_POSITIVE,CUSTOMER_CONTACTED
RVW-202608-002826,ALT-202608-003031,RV-04,2026-08-19T21:49:05,CLEARED_FALSE_POSITIVE,ID_VERIFIED
RVW-202608-002827,ALT-202608-003032,RV-06,2026-08-06T07:34:35,CLEARED_FALSE_POSITIVE,CUSTOMER_CONTACTED
RVW-202608-002828,ALT-202608-003033,RV-02,2026-09-07T07:38:41,CLEARED_FALSE_POSITIVE,CUSTOMER_CONTACTED
RVW-202608-002829,ALT-202608-003034,RV-04,2026-08-15T16:42:00,CLEARED_FALSE_POSITIVE,DOC_VALID
RVW-202608-002830,ALT-202608-003035,RV-05,2026-09-09T21:35:02,CLEARED_FALSE_POSITIVE,CUSTOMER_CONTACTED
RVW-202608-002831,ALT-202608-003036,RV-06,2026-08-08T09:13:07,CONFIRMED_FRAUD,MULE_CONFIRMED
RVW-202608-002832,ALT-202608-003037,RV-04,2026-08-20T21:01:04,CLEARED_FALSE_POSITIVE,DOC_VALID
RVW-202608-002833,ALT-202608-003038,RV-03,2026-08-18T07:10:09,CONFIRMED_FRAUD,ATO_CONFIRMED
RVW-202608-002834,ALT-202608-003039,RV-02,2026-08-24T10:42:21,CLEARED_FALSE_POSITIVE,ID_VERIFIED
RVW-202608-002835,ALT-202608-003040,RV-04,2026-08-19T15:00:46,INSUFFICIENT_EVIDENCE,AGED_OUT
RVW-202608-002836,ALT-202608-003041,RV-04,2026-08-27T20:41:23,INSUFFICIENT_EVIDENCE,NO_CONTACT
RVW-202608-002837,ALT-202608-003042,RV-03,2026-09-11T14:25:14,CLEARED_FALSE_POSITIVE,ID_VERIFIED
RVW-202608-002838,ALT-202608-003043,RV-06,2026-08-05T21:02:14,CONFIRMED_FRAUD,MULE_CONFIRMED
RVW-202608-002839,ALT-202608-003044,RV-01,2026-08-12T14:19:10,CONFIRMED_FRAUD,SYNTH_ID_CONFIRMED
RVW-202608-002840,ALT-202608-003045,RV-04,2026-08-18T11:56:20,CLEARED_FALSE_POSITIVE,CUSTOMER_CONTACTED
RVW-202608-002841,ALT-202608-003046,RV-04,2026-08-14T08:39:36,CONFIRMED_FRAUD,ATO_CONFIRMED
RVW-202608-002842,ALT-202608-003047,RV-06,2026-08-17T10:46:06,CLEARED_FALSE_POSITIVE,ID_VERIFIED
RVW-202608-002843,ALT-202608-003048,RV-01,2026-08-09T22:01:53,CONFIRMED_FRAUD,DOC_FORGED
RVW-202608-002844,ALT-202608-003049,RV-02,2026-08-31T14:37:17,CLEARED_FALSE_POSITIVE,CUSTOMER_CONTACTED
RVW-202608-002845,ALT-202608-003050,RV-02,2026-09-04T18:08:27,CLEARED_FALSE_POSITIVE,ID_VERIFIED
RVW-202608-002846,ALT-202608-003051,RV-04,2026-08-08T16:51:38,INSUFFICIENT_EVIDENCE,AGED_OUT
RVW-202608-002847,ALT-202608-003052,RV-03,2026-08-31T15:24:59,CLEARED_FALSE_POSITIVE,CUSTOMER_CONTACTED
RVW-202608-002848,ALT-202608-003053,RV-02,2026-08-29T16:04:12,CLEARED_FALSE_POSITIVE,DOC_VALID
RVW-202608-002849,ALT-202608-003054,RV-06,2026-08-22T21:35:24,CONFIRMED_FRAUD,MULE_CONFIRMED
RVW-202608-002850,ALT-202608-003055,RV-04,2026-08-09T22:26:19,CLEARED_FALSE_POSITIVE,CUSTOMER_CONTACTED
RVW-202608-002851,ALT-202608-003056,RV-02,2026-08-26T19:47:13,CLEARED_FALSE_POSITIVE,CUSTOMER_CONTACTED
RVW-202608-002852,ALT-202608-003057,RV-06,2026-09-10T13:16:29,INSUFFICIENT_EVIDENCE,AGED_OUT
RVW-202608-002853,ALT-202608-003058,RV-01,2026-08-08T08:58:05,CONFIRMED_FRAUD,DOC_FORGED
RVW-202608-002854,ALT-202608-003059,RV-06,2026-08-10T18:18:24,CLEARED_FALSE_POSITIVE,KNOWN_DEVICE
RVW-202608-002855,ALT-202608-003060,RV-04,2026-08-08T16:35:47,CLEARED_FALSE_POSITIVE,KNOWN_DEVICE
RVW-202608-002856,ALT-202608-003061,RV-03,2026-09-09T17:55:47,CLEARED_FALSE_POSITIVE,ID_VERIFIED
RVW-202608-002857,ALT-202608-003062,RV-02,2026-08-29T12:59:34,INSUFFICIENT_EVIDENCE,AGED_OUT
RVW-202608-002858,ALT-202608-003063,RV-02,2026-08-07T12:24:38,CONFIRMED_FRAUD,ATO_CONFIRMED
RVW-202608-002859,ALT-202608-003064,RV-01,2026-09-10T08:27:32,CLEARED_FALSE_POSITIVE,CUSTOMER_CONTACTED
RVW-202608-002860,ALT-202608-003066,RV-03,2026-08-10T20:37:08,CONFIRMED_FRAUD,SYNTH_ID_CONFIRMED
RVW-202608-002861,ALT-202608-003067,RV-02,2026-08-06T18:22:02,CONFIRMED_FRAUD,SYNTH_ID_CONFIRMED
RVW-202608-002862,ALT-202608-003068,RV-05,2026-08-17T08:55:25,CLEARED_FALSE_POSITIVE,KNOWN_DEVICE
RVW-202608-002863,ALT-202608-003069,RV-03,2026-08-25T11:10:48,CONFIRMED_FRAUD,MULE_CONFIRMED
RVW-202608-002864,ALT-202608-003070,RV-04,2026-08-23T11:27:40,CLEARED_FALSE_POSITIVE,CUSTOMER_CONTACTED
RVW-202608-002865,ALT-202608-003071,RV-04,2026-08-08T17:55:47,CLEARED_FALSE_POSITIVE,CUSTOMER_CONTACTED
RVW-202608-002866,ALT-202608-003072,RV-06,2026-08-14T13:18:13,CLEARED_FALSE_POSITIVE,KNOWN_DEVICE
RVW-202608-002867,ALT-202608-003073,RV-03,2026-09-07T21:47:58,CLEARED_FALSE_POSITIVE,ID_VERIFIED
RVW-202608-002868,ALT-202608-003074,RV-05,2026-09-01T15:15:19,CLEARED_FALSE_POSITIVE,KNOWN_DEVICE
RVW-202608-002869,ALT-202608-003075,RV-01,2026-08-25T13:35:31,CLEARED_FALSE_POSITIVE,CUSTOMER_CONTACTED
RVW-202608-002870,ALT-202608-003076,RV-03,2026-09-03T19:42:11,CLEARED_FALSE_POSITIVE,KNOWN_DEVICE
RVW-202608-002871,ALT-202608-003077,RV-05,2026-09-04T11:48:40,CONFIRMED_FRAUD,SYNTH_ID_CONFIRMED
RVW-202608-002872,ALT-202608-003078,RV-01,2026-08-16T20:00:29,CLEARED_FALSE_POSITIVE,DOC_VALID
RVW-202608-002873,ALT-202608-003079,RV-01,2026-08-15T16:18:03,CLEARED_FALSE_POSITIVE,ID_VERIFIED
RVW-202608-002874,ALT-202608-003080,RV-02,2026-08-07T15:45:00,CLEARED_FALSE_POSITIVE,CUSTOMER_CONTACTED
RVW-202608-002875,ALT-202608-003081,RV-01,2026-08-13T12:03:56,CLEARED_FALSE_POSITIVE,CUSTOMER_CONTACTED
RVW-202608-002876,ALT-202608-003082,RV-01,2026-08-28T20:11:33,CLEARED_FALSE_POSITIVE,KNOWN_DEVICE
RVW-202608-002877,ALT-202608-003083,RV-03,2026-08-17T21:35:42,CLEARED_FALSE_POSITIVE,ID_VERIFIED
RVW-202608-002878,ALT-202608-003084,RV-06,2026-08-23T18:38:03,CLEARED_FALSE_POSITIVE,CUSTOMER_CONTACTED
RVW-202608-002879,ALT-202608-003085,RV-02,2026-08-13T11:22:12,INSUFFICIENT_EVIDENCE,NO_CONTACT
RVW-202608-002880,ALT-202608-003087,RV-04,2026-08-07T07:26:36,CONFIRMED_FRAUD,MULE_CONFIRMED
RVW-202608-002881,ALT-202608-003088,RV-01,2026-09-06T11:30:45,CLEARED_FALSE_POSITIVE,ID_VERIFIED
RVW-202608-002882,ALT-202608-003089,RV-01,2026-08-11T18:55:52,CLEARED_FALSE_POSITIVE,CUSTOMER_CONTACTED
RVW-202608-002883,ALT-202608-003090,RV-03,2026-08-23T19:25:40,INSUFFICIENT_EVIDENCE,DATA_UNAVAILABLE
RVW-202608-002884,ALT-202608-003091,RV-01,2026-08-24T07:18:52,CLEARED_FALSE_POSITIVE,KNOWN_DEVICE
RVW-202608-002885,ALT-202608-003092,RV-04,2026-08-29T09:10:19,INSUFFICIENT_EVIDENCE,NO_CONTACT
RVW-202608-002886,ALT-202608-003093,RV-05,2026-08-30T09:43:49,CLEARED_FALSE_POSITIVE,KNOWN_DEVICE
RVW-202608-002887,ALT-202608-003094,RV-06,2026-08-20T19:02:29,INSUFFICIENT_EVIDENCE,DATA_UNAVAILABLE
RVW-202608-002888,ALT-202608-003095,RV-05,2026-09-02T19:40:13,CLEARED_FALSE_POSITIVE,KNOWN_DEVICE
RVW-202608-002889,ALT-202608-003096,RV-04,2026-08-27T08:14:27,CLEARED_FALSE_POSITIVE,CUSTOMER_CONTACTED
RVW-202608-002890,ALT-202608-003097,RV-06,2026-08-30T08:23:15,CONFIRMED_FRAUD,DOC_FORGED
RVW-202608-002891,ALT-202608-003098,RV-04,2026-08-17T06:54:29,CLEARED_FALSE_POSITIVE,CUSTOMER_CONTACTED
RVW-202608-002892,ALT-202608-003099,RV-02,2026-08-31T09:11:50,CLEARED_FALSE_POSITIVE,KNOWN_DEVICE
RVW-202608-002893,ALT-202608-003100,RV-04,2026-08-24T11:01:17,CLEARED_FALSE_POSITIVE,CUSTOMER_CONTACTED
RVW-202608-002894,ALT-202608-003101,RV-01,2026-08-19T15:29:48,INSUFFICIENT_EVIDENCE,AGED_OUT
RVW-202608-002895,ALT-202608-003102,RV-04,2026-09-07T20:58:42,CLEARED_FALSE_POSITIVE,CUSTOMER_CONTACTED
RVW-202608-002896,ALT-202608-003103,RV-03,2026-08-18T12:02:24,CLEARED_FALSE_POSITIVE,ID_VERIFIED
RVW-202608-002897,ALT-202608-003105,RV-03,2026-08-03T19:21:24,CLEARED_FALSE_POSITIVE,ID_VERIFIED
RVW-202608-002898,ALT-202608-003106,RV-03,2026-08-25T17:52:13,CLEARED_FALSE_POSITIVE,DOC_VALID
RVW-202608-002899,ALT-202608-003107,RV-06,2026-08-17T10:56:43,CLEARED_FALSE_POSITIVE,KNOWN_DEVICE
RVW-202608-002900,ALT-202608-003108,RV-04,2026-08-21T16:11:55,CLEARED_FALSE_POSITIVE,ID_VERIFIED
RVW-202608-002901,ALT-202608-003109,RV-05,2026-08-07T11:53:41,CLEARED_FALSE_POSITIVE,ID_VERIFIED
RVW-202608-002902,ALT-202608-003110,RV-01,2026-08-17T11:33:31,CLEARED_FALSE_POSITIVE,DOC_VALID
RVW-202608-002903,ALT-202608-003111,RV-01,2026-08-18T22:54:53,CLEARED_FALSE_POSITIVE,ID_VERIFIED
RVW-202608-002904,ALT-202608-003112,RV-06,2026-08-11T12:21:44,CLEARED_FALSE_POSITIVE,DOC_VALID
RVW-202608-002905,ALT-202608-003113,RV-06,2026-09-03T16:13:33,CLEARED_FALSE_POSITIVE,CUSTOMER_CONTACTED
RVW-202608-002906,ALT-202608-003114,RV-02,2026-09-03T11:24:26,CONFIRMED_FRAUD,DOC_FORGED
RVW-202608-002907,ALT-202608-003115,RV-04,2026-08-31T20:48:23,CLEARED_FALSE_POSITIVE,ID_VERIFIED
RVW-202608-002908,ALT-202608-003116,RV-06,2026-08-18T17:03:39,CLEARED_FALSE_POSITIVE,DOC_VALID
RVW-202608-002909,ALT-202608-003117,RV-04,2026-08-12T07:19:21,CLEARED_FALSE_POSITIVE,ID_VERIFIED
RVW-202608-002910,ALT-202608-003118,RV-03,2026-08-10T19:23:02,CLEARED_FALSE_POSITIVE,DOC_VALID
RVW-202608-002911,ALT-202608-003119,RV-02,2026-08-29T13:02:59,CLEARED_FALSE_POSITIVE,CUSTOMER_CONTACTED
RVW-202608-002912,ALT-202608-003120,RV-04,2026-08-26T12:00:23,CONFIRMED_FRAUD,DOC_FORGED
RVW-202608-002913,ALT-202608-003121,RV-02,2026-08-16T19:05:46,CLEARED_FALSE_POSITIVE,CUSTOMER_CONTACTED
RVW-202608-002914,ALT-202608-003123,RV-03,2026-08-29T10:24:11,CLEARED_FALSE_POSITIVE,KNOWN_DEVICE
RVW-202608-002915,ALT-202608-003124,RV-04,2026-08-30T11:04:25,CONFIRMED_FRAUD,SYNTH_ID_CONFIRMED
RVW-202608-002916,ALT-202608-003125,RV-05,2026-08-07T22:28:31,CLEARED_FALSE_POSITIVE,CUSTOMER_CONTACTED
RVW-202608-002917,ALT-202608-003126,RV-05,2026-08-23T17:46:48,CLEARED_FALSE_POSITIVE,ID_VERIFIED
RVW-202608-002918,ALT-202608-003127,RV-01,2026-08-21T16:48:18,CLEARED_FALSE_POSITIVE,CUSTOMER_CONTACTED
RVW-202608-002919,ALT-202608-003128,RV-04,2026-08-15T14:53:47,CLEARED_FALSE_POSITIVE,CUSTOMER_CONTACTED
RVW-202608-002920,ALT-202608-003129,RV-01,2026-08-22T16:01:09,CLEARED_FALSE_POSITIVE,DOC_VALID
RVW-202608-002921,ALT-202608-003130,RV-03,2026-09-08T22:34:40,CLEARED_FALSE_POSITIVE,DOC_VALID
RVW-202608-002922,ALT-202608-003131,RV-02,2026-08-29T19:05:50,CLEARED_FALSE_POSITIVE,CUSTOMER_CONTACTED
RVW-202608-002923,ALT-202608-003132,RV-02,2026-08-16T07:24:26,CLEARED_FALSE_POSITIVE,DOC_VALID
RVW-202608-002924,ALT-202608-003133,RV-02,2026-08-12T21:49:34,INSUFFICIENT_EVIDENCE,NO_CONTACT
RVW-202608-002925,ALT-202608-003134,RV-02,2026-09-02T19:47:10,INSUFFICIENT_EVIDENCE,NO_CONTACT
RVW-202608-002926,ALT-202608-003135,RV-04,2026-08-15T11:46:48,CLEARED_FALSE_POSITIVE,DOC_VALID
RVW-202608-002927,ALT-202608-003136,RV-03,2026-09-02T07:37:12,CLEARED_FALSE_POSITIVE,ID_VERIFIED
RVW-202608-002928,ALT-202608-003137,RV-04,2026-08-24T11:13:38,CLEARED_FALSE_POSITIVE,KNOWN_DEVICE
RVW-202608-002929,ALT-202608-003138,RV-02,2026-09-08T18:06:58,CLEARED_FALSE_POSITIVE,KNOWN_DEVICE
RVW-202608-002930,ALT-202608-003139,RV-02,2026-08-11T10:50:05,CONFIRMED_FRAUD,MULE_CONFIRMED
RVW-202608-002931,ALT-202608-003140,RV-01,2026-08-18T10:23:11,CLEARED_FALSE_POSITIVE,DOC_VALID
RVW-202608-002932,ALT-202608-003141,RV-01,2026-08-24T08:04:53,CONFIRMED_FRAUD,SYNTH_ID_CONFIRMED
RVW-202608-002933,ALT-202608-003142,RV-04,2026-08-30T06:35:11,CONFIRMED_FRAUD,DOC_FORGED
RVW-202608-002934,ALT-202608-003143,RV-04,2026-09-01T19:52:13,INSUFFICIENT_EVIDENCE,NO_CONTACT
RVW-202608-002935,ALT-202608-003144,RV-03,2026-08-23T09:08:41,CLEARED_FALSE_POSITIVE,KNOWN_DEVICE
RVW-202608-002936,ALT-202608-003145,RV-04,2026-08-29T07:25:31,CLEARED_FALSE_POSITIVE,KNOWN_DEVICE
RVW-202608-002937,ALT-202608-003146,RV-05,2026-08-26T12:46:30,CONFIRMED_FRAUD,MULE_CONFIRMED
RVW-202608-002938,ALT-202608-003148,RV-05,2026-08-09T10:40:28,CLEARED_FALSE_POSITIVE,KNOWN_DEVICE
RVW-202608-002939,ALT-202608-003149,RV-05,2026-08-11T06:00:30,CLEARED_FALSE_POSITIVE,ID_VERIFIED
RVW-202608-002940,ALT-202608-003150,RV-04,2026-09-03T09:38:13,CLEARED_FALSE_POSITIVE,ID_VERIFIED
RVW-202608-002941,ALT-202608-003151,RV-02,2026-08-16T17:31:26,CLEARED_FALSE_POSITIVE,CUSTOMER_CONTACTED
RVW-202608-002942,ALT-202608-003152,RV-01,2026-08-29T10:55:59,CLEARED_FALSE_POSITIVE,CUSTOMER_CONTACTED
RVW-202608-002943,ALT-202608-003153,RV-01,2026-08-11T08:45:33,CLEARED_FALSE_POSITIVE,KNOWN_DEVICE
RVW-202608-002944,ALT-202608-003154,RV-03,2026-08-30T20:17:45,CONFIRMED_FRAUD,DOC_FORGED
RVW-202608-002945,ALT-202608-003155,RV-01,2026-08-24T19:22:17,INSUFFICIENT_EVIDENCE,NO_CONTACT
RVW-202608-002946,ALT-202608-003156,RV-03,2026-08-06T14:34:10,CLEARED_FALSE_POSITIVE,KNOWN_DEVICE
RVW-202608-002947,ALT-202608-003157,RV-06,2026-09-04T11:01:27,CONFIRMED_FRAUD,SYNTH_ID_CONFIRMED
RVW-202608-002948,ALT-202608-003158,RV-05,2026-08-21T09:19:08,CLEARED_FALSE_POSITIVE,KNOWN_DEVICE
RVW-202608-002949,ALT-202608-003159,RV-06,2026-08-15T13:11:53,CLEARED_FALSE_POSITIVE,DOC_VALID
RVW-202608-002950,ALT-202608-003160,RV-04,2026-09-04T06:19:57,CLEARED_FALSE_POSITIVE,ID_VERIFIED
RVW-202608-002951,ALT-202608-003161,RV-03,2026-08-11T14:55:34,CLEARED_FALSE_POSITIVE,DOC_VALID
RVW-202608-002952,ALT-202608-003162,RV-01,2026-08-11T06:05:57,CLEARED_FALSE_POSITIVE,ID_VERIFIED
RVW-202608-002953,ALT-202608-003163,RV-04,2026-08-06T14:34:00,CLEARED_FALSE_POSITIVE,ID_VERIFIED
RVW-202608-002954,ALT-202608-003164,RV-05,2026-09-05T11:54:30,CLEARED_FALSE_POSITIVE,CUSTOMER_CONTACTED
RVW-202608-002955,ALT-202608-003165,RV-02,2026-08-23T21:10:03,CLEARED_FALSE_POSITIVE,CUSTOMER_CONTACTED
RVW-202608-002956,ALT-202608-003166,RV-04,2026-08-30T17:56:49,CONFIRMED_FRAUD,DOC_FORGED
RVW-202608-002957,ALT-202608-003167,RV-02,2026-09-02T13:24:20,CLEARED_FALSE_POSITIVE,KNOWN_DEVICE
RVW-202608-002958,ALT-202608-003169,RV-05,2026-08-26T20:09:08,CONFIRMED_FRAUD,SYNTH_ID_CONFIRMED
RVW-202608-002959,ALT-202608-003170,RV-01,2026-08-08T09:15:33,CLEARED_FALSE_POSITIVE,ID_VERIFIED
RVW-202608-002960,ALT-202608-003171,RV-02,2026-09-01T14:21:45,CONFIRMED_FRAUD,DOC_FORGED
RVW-202608-002961,ALT-202608-003172,RV-02,2026-08-30T07:04:52,CLEARED_FALSE_POSITIVE,CUSTOMER_CONTACTED
RVW-202608-002962,ALT-202608-003173,RV-05,2026-09-01T14:42:35,CLEARED_FALSE_POSITIVE,KNOWN_DEVICE
RVW-202608-002963,ALT-202608-003174,RV-01,2026-09-08T17:39:08,CLEARED_FALSE_POSITIVE,DOC_VALID
RVW-202608-002964,ALT-202608-003175,RV-05,2026-08-13T19:14:42,CLEARED_FALSE_POSITIVE,CUSTOMER_CONTACTED
RVW-202608-002965,ALT-202608-003176,RV-05,2026-08-23T09:33:26,CLEARED_FALSE_POSITIVE,CUSTOMER_CONTACTED
RVW-202608-002966,ALT-202608-003179,RV-06,2026-08-01T11:01:43,CLEARED_FALSE_POSITIVE,CUSTOMER_CONTACTED
RVW-202608-002967,ALT-202608-003180,RV-04,2026-08-29T11:08:47,CONFIRMED_FRAUD,MULE_CONFIRMED
RVW-202608-002968,ALT-202608-003181,RV-06,2026-09-02T14:36:39,CONFIRMED_FRAUD,MULE_CONFIRMED
RVW-202608-002969,ALT-202608-003182,RV-05,2026-09-08T18:39:14,CONFIRMED_FRAUD,SYNTH_ID_CONFIRMED
RVW-202608-002970,ALT-202608-003183,RV-01,2026-08-28T16:33:39,CLEARED_FALSE_POSITIVE,ID_VERIFIED
RVW-202608-002971,ALT-202608-003184,RV-04,2026-08-26T21:10:50,CONFIRMED_FRAUD,DOC_FORGED
RVW-202608-002972,ALT-202608-003185,RV-05,2026-08-25T18:42:42,CONFIRMED_FRAUD,DOC_FORGED
RVW-202608-002973,ALT-202608-003186,RV-01,2026-08-09T09:41:29,CLEARED_FALSE_POSITIVE,CUSTOMER_CONTACTED
RVW-202608-002974,ALT-202608-003187,RV-03,2026-08-25T08:31:58,CLEARED_FALSE_POSITIVE,ID_VERIFIED
RVW-202608-002975,ALT-202608-003188,RV-03,2026-08-12T17:33:53,CLEARED_FALSE_POSITIVE,CUSTOMER_CONTACTED
RVW-202608-002976,ALT-202608-003189,RV-05,2026-08-12T07:46:45,CLEARED_FALSE_POSITIVE,ID_VERIFIED
RVW-202608-002977,ALT-202608-003190,RV-04,2026-08-11T09:13:44,CLEARED_FALSE_POSITIVE,DOC_VALID
RVW-202608-002978,ALT-202608-003191,RV-03,2026-08-26T14:26:42,CONFIRMED_FRAUD,MULE_CONFIRMED
RVW-202608-002979,ALT-202608-003192,RV-02,2026-08-27T21:01:16,CLEARED_FALSE_POSITIVE,CUSTOMER_CONTACTED
RVW-202608-002980,ALT-202608-003194,RV-01,2026-08-22T10:10:43,INSUFFICIENT_EVIDENCE,AGED_OUT
RVW-202608-002981,ALT-202608-003195,RV-03,2026-08-15T22:28:40,CLEARED_FALSE_POSITIVE,DOC_VALID
RVW-202608-002982,ALT-202608-003196,RV-03,2026-08-16T13:27:22,CLEARED_FALSE_POSITIVE,KNOWN_DEVICE
RVW-202608-002983,ALT-202608-003197,RV-03,2026-08-29T09:32:55,CLEARED_FALSE_POSITIVE,CUSTOMER_CONTACTED
RVW-202608-002984,ALT-202608-003198,RV-05,2026-08-27T21:38:27,CLEARED_FALSE_POSITIVE,DOC_VALID
RVW-202608-002985,ALT-202608-003199,RV-05,2026-08-28T12:09:20,CLEARED_FALSE_POSITIVE,CUSTOMER_CONTACTED
RVW-202608-002986,ALT-202608-003200,RV-06,2026-08-15T22:50:03,INSUFFICIENT_EVIDENCE,DATA_UNAVAILABLE
RVW-202608-002987,ALT-202608-003202,RV-02,2026-08-24T10:25:13,CLEARED_FALSE_POSITIVE,ID_VERIFIED
RVW-202608-002988,ALT-202608-003203,RV-06,2026-08-11T18:08:33,CLEARED_FALSE_POSITIVE,DOC_VALID
RVW-202608-002989,ALT-202608-003204,RV-04,2026-09-02T06:18:30,CLEARED_FALSE_POSITIVE,DOC_VALID
RVW-202608-002990,ALT-202608-003205,RV-03,2026-08-20T17:45:34,INSUFFICIENT_EVIDENCE,DATA_UNAVAILABLE
RVW-202608-002991,ALT-202608-003206,RV-05,2026-08-14T08:27:37,CLEARED_FALSE_POSITIVE,CUSTOMER_CONTACTED
RVW-202608-002992,ALT-202608-003207,RV-01,2026-08-21T11:47:18,CLEARED_FALSE_POSITIVE,ID_VERIFIED
RVW-202608-002993,ALT-202608-003208,RV-04,2026-08-20T15:29:37,CLEARED_FALSE_POSITIVE,CUSTOMER_CONTACTED
RVW-202608-002994,ALT-202608-003209,RV-02,2026-09-01T07:47:07,CLEARED_FALSE_POSITIVE,DOC_VALID
RVW-202608-002995,ALT-202608-003210,RV-03,2026-09-02T12:41:16,CLEARED_FALSE_POSITIVE,DOC_VALID
RVW-202608-002996,ALT-202608-003211,RV-05,2026-08-14T21:08:51,CLEARED_FALSE_POSITIVE,ID_VERIFIED
RVW-202608-002997,ALT-202608-003212,RV-06,2026-08-22T17:14:53,CLEARED_FALSE_POSITIVE,ID_VERIFIED
RVW-202608-002998,ALT-202608-003213,RV-04,2026-08-15T14:37:59,CONFIRMED_FRAUD,ATO_CONFIRMED
RVW-202608-002999,ALT-202608-003214,RV-01,2026-09-04T18:41:39,CLEARED_FALSE_POSITIVE,CUSTOMER_CONTACTED
RVW-202608-003000,ALT-202608-003215,RV-01,2026-08-27T15:22:46,CLEARED_FALSE_POSITIVE,ID_VERIFIED
RVW-202608-003001,ALT-202608-003216,RV-06,2026-08-20T21:31:39,CLEARED_FALSE_POSITIVE,CUSTOMER_CONTACTED
RVW-202608-003002,ALT-202608-003217,RV-06,2026-08-18T08:20:48,CONFIRMED_FRAUD,DOC_FORGED
RVW-202608-003003,ALT-202608-003219,RV-01,2026-09-06T16:36:23,INSUFFICIENT_EVIDENCE,NO_CONTACT
RVW-202608-003004,ALT-202608-003220,RV-03,2026-08-05T17:25:28,CLEARED_FALSE_POSITIVE,KNOWN_DEVICE
RVW-202608-003005,ALT-202608-003221,RV-05,2026-08-12T13:44:48,CLEARED_FALSE_POSITIVE,ID_VERIFIED
RVW-202608-003006,ALT-202608-003222,RV-06,2026-08-22T11:38:20,CLEARED_FALSE_POSITIVE,KNOWN_DEVICE
RVW-202608-003007,ALT-202608-003223,RV-02,2026-09-04T13:05:49,INSUFFICIENT_EVIDENCE,DATA_UNAVAILABLE
RVW-202608-003008,ALT-202608-003224,RV-01,2026-09-03T17:17:15,CONFIRMED_FRAUD,SYNTH_ID_CONFIRMED
RVW-202608-003009,ALT-202608-003225,RV-02,2026-08-20T18:43:06,CLEARED_FALSE_POSITIVE,DOC_VALID
RVW-202608-003010,ALT-202608-003226,RV-06,2026-09-02T18:19:29,CLEARED_FALSE_POSITIVE,CUSTOMER_CONTACTED
RVW-202608-003011,ALT-202608-003227,RV-05,2026-08-02T16:18:12,CLEARED_FALSE_POSITIVE,DOC_VALID
RVW-202608-003012,ALT-202608-003228,RV-06,2026-09-06T22:00:16,INSUFFICIENT_EVIDENCE,DATA_UNAVAILABLE
RVW-202608-003013,ALT-202608-003229,RV-01,2026-08-30T18:10:43,CONFIRMED_FRAUD,DOC_FORGED
RVW-202608-003014,ALT-202608-003230,RV-03,2026-08-24T06:44:50,CONFIRMED_FRAUD,MULE_CONFIRMED
RVW-202608-003015,ALT-202608-003231,RV-03,2026-08-19T20:49:09,CLEARED_FALSE_POSITIVE,KNOWN_DEVICE
RVW-202608-003016,ALT-202608-003232,RV-05,2026-08-24T07:59:14,CLEARED_FALSE_POSITIVE,KNOWN_DEVICE
RVW-202608-003017,ALT-202608-003233,RV-02,2026-08-30T19:30:34,CLEARED_FALSE_POSITIVE,ID_VERIFIED
RVW-202608-003018,ALT-202608-003234,RV-03,2026-08-26T13:42:26,CLEARED_FALSE_POSITIVE,KNOWN_DEVICE
RVW-202608-003019,ALT-202608-003235,RV-02,2026-08-20T19:25:48,CLEARED_FALSE_POSITIVE,DOC_VALID
RVW-202608-003020,ALT-202608-003236,RV-05,2026-08-09T19:56:33,CLEARED_FALSE_POSITIVE,ID_VERIFIED
RVW-202608-003021,ALT-202608-003237,RV-05,2026-08-12T21:25:40,CLEARED_FALSE_POSITIVE,DOC_VALID
RVW-202608-003022,ALT-202608-003238,RV-06,2026-08-11T09:41:06,CLEARED_FALSE_POSITIVE,CUSTOMER_CONTACTED
RVW-202608-003023,ALT-202608-003239,RV-02,2026-08-27T09:48:39,CLEARED_FALSE_POSITIVE,KNOWN_DEVICE
RVW-202608-003024,ALT-202608-003240,RV-04,2026-08-25T14:57:31,CLEARED_FALSE_POSITIVE,ID_VERIFIED
RVW-202608-003025,ALT-202608-003241,RV-06,2026-08-15T21:15:13,CLEARED_FALSE_POSITIVE,DOC_VALID
RVW-202608-003026,ALT-202608-003242,RV-01,2026-08-20T22:06:41,CLEARED_FALSE_POSITIVE,CUSTOMER_CONTACTED
RVW-202608-003027,ALT-202608-003243,RV-02,2026-08-22T07:14:00,CLEARED_FALSE_POSITIVE,DOC_VALID
RVW-202608-003028,ALT-202608-003244,RV-06,2026-08-27T10:16:24,CLEARED_FALSE_POSITIVE,CUSTOMER_CONTACTED
RVW-202608-003029,ALT-202608-003245,RV-05,2026-08-28T08:44:15,CLEARED_FALSE_POSITIVE,DOC_VALID
RVW-202608-003030,ALT-202608-003246,RV-06,2026-08-21T06:20:29,CLEARED_FALSE_POSITIVE,KNOWN_DEVICE
RVW-202608-003031,ALT-202608-003247,RV-01,2026-08-18T18:37:34,CLEARED_FALSE_POSITIVE,DOC_VALID
RVW-202608-003032,ALT-202608-003248,RV-04,2026-08-13T13:19:57,CLEARED_FALSE_POSITIVE,CUSTOMER_CONTACTED
RVW-202608-003033,ALT-202608-003249,RV-02,2026-09-02T14:33:44,CLEARED_FALSE_POSITIVE,KNOWN_DEVICE
RVW-202608-003034,ALT-202608-003250,RV-02,2026-09-07T19:35:33,CLEARED_FALSE_POSITIVE,ID_VERIFIED
RVW-202608-003035,ALT-202608-003251,RV-04,2026-08-23T12:34:46,CLEARED_FALSE_POSITIVE,DOC_VALID
RVW-202608-003036,ALT-202608-003252,RV-03,2026-08-15T12:00:06,INSUFFICIENT_EVIDENCE,DATA_UNAVAILABLE
RVW-202608-003037,ALT-202608-003253,RV-04,2026-09-01T21:21:52,CONFIRMED_FRAUD,DOC_FORGED
RVW-202608-003038,ALT-202608-003254,RV-01,2026-08-17T19:36:16,CONFIRMED_FRAUD,SYNTH_ID_CONFIRMED
RVW-202608-003039,ALT-202608-003255,RV-01,2026-08-06T14:22:04,CLEARED_FALSE_POSITIVE,CUSTOMER_CONTACTED
RVW-202608-003040,ALT-202608-003257,RV-06,2026-08-19T16:33:16,CLEARED_FALSE_POSITIVE,KNOWN_DEVICE
RVW-202608-003041,ALT-202608-003259,RV-05,2026-08-15T19:43:10,CLEARED_FALSE_POSITIVE,DOC_VALID
RVW-202608-003042,ALT-202608-003260,RV-03,2026-08-12T15:47:58,INSUFFICIENT_EVIDENCE,DATA_UNAVAILABLE
RVW-202608-003043,ALT-202608-003261,RV-06,2026-08-22T18:31:44,CLEARED_FALSE_POSITIVE,CUSTOMER_CONTACTED
RVW-202608-003044,ALT-202608-003262,RV-01,2026-08-18T06:04:57,CLEARED_FALSE_POSITIVE,DOC_VALID
RVW-202608-003045,ALT-202608-003263,RV-03,2026-08-26T12:59:55,CLEARED_FALSE_POSITIVE,DOC_VALID
RVW-202608-003046,ALT-202608-003264,RV-04,2026-08-27T11:15:58,CONFIRMED_FRAUD,DOC_FORGED
RVW-202608-003047,ALT-202608-003265,RV-01,2026-08-27T18:34:26,CLEARED_FALSE_POSITIVE,ID_VERIFIED
RVW-202608-003048,ALT-202608-003266,RV-03,2026-08-12T07:56:48,CLEARED_FALSE_POSITIVE,CUSTOMER_CONTACTED
RVW-202608-003049,ALT-202608-003267,RV-04,2026-08-10T10:00:14,CLEARED_FALSE_POSITIVE,ID_VERIFIED
RVW-202608-003050,ALT-202608-003268,RV-05,2026-08-29T11:27:55,INSUFFICIENT_EVIDENCE,DATA_UNAVAILABLE
RVW-202608-003051,ALT-202608-003269,RV-02,2026-08-31T09:01:39,CLEARED_FALSE_POSITIVE,DOC_VALID
RVW-202608-003052,ALT-202608-003270,RV-05,2026-08-14T16:44:09,CLEARED_FALSE_POSITIVE,ID_VERIFIED
RVW-202608-003053,ALT-202608-003271,RV-01,2026-09-04T06:17:41,CLEARED_FALSE_POSITIVE,ID_VERIFIED
RVW-202608-003054,ALT-202608-003272,RV-06,2026-08-19T10:44:36,CLEARED_FALSE_POSITIVE,CUSTOMER_CONTACTED
RVW-202608-003055,ALT-202608-003273,RV-02,2026-08-30T09:54:04,CLEARED_FALSE_POSITIVE,KNOWN_DEVICE
RVW-202608-003056,ALT-202608-003274,RV-03,2026-08-21T17:42:48,CONFIRMED_FRAUD,SYNTH_ID_CONFIRMED
RVW-202608-003057,ALT-202608-003275,RV-04,2026-09-05T21:11:26,CLEARED_FALSE_POSITIVE,CUSTOMER_CONTACTED
RVW-202608-003058,ALT-202608-003276,RV-05,2026-09-05T08:57:58,CONFIRMED_FRAUD,DOC_FORGED
RVW-202608-003059,ALT-202608-003277,RV-05,2026-08-21T13:14:27,CLEARED_FALSE_POSITIVE,KNOWN_DEVICE
RVW-202608-003060,ALT-202608-003278,RV-01,2026-08-12T06:33:24,CLEARED_FALSE_POSITIVE,CUSTOMER_CONTACTED
RVW-202608-003061,ALT-202608-003279,RV-05,2026-08-14T17:04:20,CONFIRMED_FRAUD,SYNTH_ID_CONFIRMED
RVW-202608-003062,ALT-202608-003280,RV-03,2026-08-15T08:42:48,CLEARED_FALSE_POSITIVE,DOC_VALID
RVW-202608-003063,ALT-202608-003281,RV-06,2026-08-23T14:48:49,CLEARED_FALSE_POSITIVE,CUSTOMER_CONTACTED
RVW-202608-003064,ALT-202608-003282,RV-05,2026-08-16T16:39:45,CLEARED_FALSE_POSITIVE,KNOWN_DEVICE
RVW-202608-003065,ALT-202608-003283,RV-01,2026-08-06T10:30:36,CONFIRMED_FRAUD,ATO_CONFIRMED
RVW-202608-003066,ALT-202608-003284,RV-04,2026-08-22T08:49:26,CLEARED_FALSE_POSITIVE,ID_VERIFIED
RVW-202608-003067,ALT-202608-003285,RV-06,2026-09-03T15:41:15,CONFIRMED_FRAUD,MULE_CONFIRMED
RVW-202608-003068,ALT-202608-003286,RV-06,2026-09-06T21:05:50,CONFIRMED_FRAUD,ATO_CONFIRMED
RVW-202608-003069,ALT-202608-003287,RV-06,2026-08-07T14:30:09,CLEARED_FALSE_POSITIVE,CUSTOMER_CONTACTED
RVW-202608-003070,ALT-202608-003288,RV-01,2026-09-09T08:45:46,CLEARED_FALSE_POSITIVE,ID_VERIFIED
RVW-202608-003071,ALT-202608-003289,RV-01,2026-08-09T22:18:33,CLEARED_FALSE_POSITIVE,CUSTOMER_CONTACTED
RVW-202608-003072,ALT-202608-003290,RV-02,2026-08-20T09:07:25,CLEARED_FALSE_POSITIVE,KNOWN_DEVICE
RVW-202608-003073,ALT-202608-003291,RV-04,2026-08-09T13:13:03,CLEARED_FALSE_POSITIVE,DOC_VALID
RVW-202608-003074,ALT-202608-003292,RV-05,2026-08-21T12:39:55,CLEARED_FALSE_POSITIVE,DOC_VALID
RVW-202608-003075,ALT-202608-003293,RV-04,2026-08-27T18:56:28,CLEARED_FALSE_POSITIVE,DOC_VALID
RVW-202608-003076,ALT-202608-003294,RV-03,2026-08-17T11:39:48,CLEARED_FALSE_POSITIVE,DOC_VALID
RVW-202608-003077,ALT-202608-003295,RV-06,2026-08-30T06:30:05,CONFIRMED_FRAUD,ATO_CONFIRMED
RVW-202608-003078,ALT-202608-003296,RV-01,2026-09-05T16:15:15,CLEARED_FALSE_POSITIVE,KNOWN_DEVICE
RVW-202608-003079,ALT-202608-003298,RV-05,2026-08-27T06:51:44,CLEARED_FALSE_POSITIVE,ID_VERIFIED
RVW-202608-003080,ALT-202608-003299,RV-06,2026-08-05T22:06:51,CLEARED_FALSE_POSITIVE,ID_VERIFIED
RVW-202608-003081,ALT-202608-003300,RV-04,2026-09-02T12:46:26,CLEARED_FALSE_POSITIVE,DOC_VALID
RVW-202608-003082,ALT-202608-003301,RV-06,2026-09-03T15:03:41,CLEARED_FALSE_POSITIVE,CUSTOMER_CONTACTED
RVW-202608-003083,ALT-202608-003302,RV-04,2026-09-07T14:18:13,CLEARED_FALSE_POSITIVE,CUSTOMER_CONTACTED
RVW-202608-003084,ALT-202608-003303,RV-06,2026-08-26T12:04:52,CLEARED_FALSE_POSITIVE,ID_VERIFIED
RVW-202608-003085,ALT-202608-003305,RV-03,2026-08-29T22:24:36,CLEARED_FALSE_POSITIVE,ID_VERIFIED
RVW-202608-003086,ALT-202608-003306,RV-06,2026-08-22T11:14:35,CLEARED_FALSE_POSITIVE,ID_VERIFIED
RVW-202608-003087,ALT-202608-003307,RV-03,2026-08-15T08:06:12,CONFIRMED_FRAUD,DOC_FORGED
RVW-202608-003088,ALT-202608-003308,RV-05,2026-08-18T07:42:14,CLEARED_FALSE_POSITIVE,ID_VERIFIED
RVW-202608-003089,ALT-202608-003309,RV-04,2026-08-24T20:15:59,CLEARED_FALSE_POSITIVE,KNOWN_DEVICE
RVW-202608-003090,ALT-202608-003310,RV-04,2026-08-19T17:37:23,CLEARED_FALSE_POSITIVE,ID_VERIFIED
RVW-202608-003091,ALT-202608-003311,RV-03,2026-09-01T21:38:05,CLEARED_FALSE_POSITIVE,DOC_VALID
RVW-202608-003092,ALT-202608-003312,RV-05,2026-08-17T15:22:43,CLEARED_FALSE_POSITIVE,KNOWN_DEVICE
RVW-202608-003093,ALT-202608-003313,RV-06,2026-08-29T07:33:27,CLEARED_FALSE_POSITIVE,ID_VERIFIED
RVW-202608-003094,ALT-202608-003314,RV-06,2026-09-01T09:36:12,CLEARED_FALSE_POSITIVE,KNOWN_DEVICE
RVW-202608-003095,ALT-202608-003315,RV-02,2026-08-09T07:10:40,CONFIRMED_FRAUD,SYNTH_ID_CONFIRMED
RVW-202608-003096,ALT-202608-003316,RV-03,2026-08-20T13:41:51,CLEARED_FALSE_POSITIVE,KNOWN_DEVICE
RVW-202608-003097,ALT-202608-003317,RV-05,2026-09-02T11:29:10,CLEARED_FALSE_POSITIVE,DOC_VALID
RVW-202608-003098,ALT-202608-003318,RV-02,2026-08-27T13:29:17,CLEARED_FALSE_POSITIVE,DOC_VALID
RVW-202608-003099,ALT-202608-003319,RV-01,2026-08-31T09:33:43,INSUFFICIENT_EVIDENCE,AGED_OUT
RVW-202608-003100,ALT-202608-003320,RV-05,2026-08-09T18:49:15,CLEARED_FALSE_POSITIVE,ID_VERIFIED
RVW-202608-003101,ALT-202608-003321,RV-01,2026-08-08T06:21:26,CLEARED_FALSE_POSITIVE,ID_VERIFIED
RVW-202608-003102,ALT-202608-003322,RV-05,2026-09-07T12:37:41,CLEARED_FALSE_POSITIVE,DOC_VALID
RVW-202608-003103,ALT-202608-003323,RV-03,2026-08-15T18:48:38,CLEARED_FALSE_POSITIVE,KNOWN_DEVICE
RVW-202608-003104,ALT-202608-003324,RV-01,2026-08-09T12:11:12,CLEARED_FALSE_POSITIVE,KNOWN_DEVICE
RVW-202608-003105,ALT-202608-003325,RV-06,2026-09-02T08:58:26,CLEARED_FALSE_POSITIVE,ID_VERIFIED
RVW-202608-003106,ALT-202608-003326,RV-01,2026-08-04T16:14:15,CLEARED_FALSE_POSITIVE,DOC_VALID
RVW-202608-003107,ALT-202608-003327,RV-06,2026-08-25T22:49:54,CONFIRMED_FRAUD,ATO_CONFIRMED
RVW-202608-003108,ALT-202608-003328,RV-05,2026-08-29T14:02:33,CLEARED_FALSE_POSITIVE,DOC_VALID
RVW-202608-003109,ALT-202608-003329,RV-06,2026-08-20T22:53:05,CLEARED_FALSE_POSITIVE,ID_VERIFIED
RVW-202608-003110,ALT-202608-003330,RV-01,2026-08-04T19:34:30,CLEARED_FALSE_POSITIVE,DOC_VALID
RVW-202608-003111,ALT-202608-003331,RV-06,2026-08-25T09:33:59,CLEARED_FALSE_POSITIVE,KNOWN_DEVICE
RVW-202608-003112,ALT-202608-003332,RV-04,2026-08-22T19:43:45,CLEARED_FALSE_POSITIVE,ID_VERIFIED
RVW-202608-003113,ALT-202608-003333,RV-02,2026-08-23T15:42:01,CONFIRMED_FRAUD,ATO_CONFIRMED
RVW-202608-003114,ALT-202608-003335,RV-02,2026-08-20T08:03:34,INSUFFICIENT_EVIDENCE,AGED_OUT
RVW-202608-003115,ALT-202608-003336,RV-01,2026-09-02T14:57:39,CLEARED_FALSE_POSITIVE,ID_VERIFIED
RVW-202608-003116,ALT-202608-003337,RV-05,2026-08-24T08:46:15,INSUFFICIENT_EVIDENCE,AGED_OUT
RVW-202608-003117,ALT-202608-003338,RV-02,2026-09-01T14:43:43,CLEARED_FALSE_POSITIVE,KNOWN_DEVICE
RVW-202608-003118,ALT-202608-003339,RV-05,2026-09-08T21:17:22,CONFIRMED_FRAUD,ATO_CONFIRMED
RVW-202608-003119,ALT-202608-003340,RV-03,2026-08-18T16:36:13,CLEARED_FALSE_POSITIVE,CUSTOMER_CONTACTED
RVW-202608-003120,ALT-202608-003342,RV-02,2026-08-14T19:26:07,CLEARED_FALSE_POSITIVE,CUSTOMER_CONTACTED
RVW-202608-003121,ALT-202608-003343,RV-04,2026-08-21T20:33:08,CONFIRMED_FRAUD,ATO_CONFIRMED
RVW-202608-003122,ALT-202608-003344,RV-02,2026-08-21T09:59:58,CONFIRMED_FRAUD,DOC_FORGED
RVW-202608-003123,ALT-202608-003345,RV-05,2026-08-30T09:08:56,CONFIRMED_FRAUD,SYNTH_ID_CONFIRMED
RVW-202608-003124,ALT-202608-003346,RV-01,2026-09-05T07:11:38,CLEARED_FALSE_POSITIVE,ID_VERIFIED
RVW-202608-003125,ALT-202608-003347,RV-01,2026-08-19T19:07:48,CONFIRMED_FRAUD,SYNTH_ID_CONFIRMED
RVW-202608-003126,ALT-202608-003348,RV-06,2026-08-24T20:31:32,CLEARED_FALSE_POSITIVE,ID_VERIFIED
RVW-202608-003127,ALT-202608-003349,RV-04,2026-08-19T10:42:31,CONFIRMED_FRAUD,MULE_CONFIRMED
RVW-202608-003128,ALT-202608-003351,RV-04,2026-08-26T13:09:03,CLEARED_FALSE_POSITIVE,KNOWN_DEVICE
RVW-202608-003129,ALT-202608-003352,RV-03,2026-08-19T20:52:58,CLEARED_FALSE_POSITIVE,DOC_VALID
RVW-202608-003130,ALT-202608-003353,RV-02,2026-08-07T21:48:10,CLEARED_FALSE_POSITIVE,ID_VERIFIED
RVW-202608-003131,ALT-202608-003354,RV-05,2026-09-02T12:20:08,CONFIRMED_FRAUD,MULE_CONFIRMED
RVW-202608-003132,ALT-202608-003355,RV-05,2026-08-07T19:05:01,CONFIRMED_FRAUD,MULE_CONFIRMED
RVW-202608-003133,ALT-202608-003356,RV-03,2026-08-17T15:56:07,CLEARED_FALSE_POSITIVE,CUSTOMER_CONTACTED
RVW-202608-003134,ALT-202608-003357,RV-02,2026-08-27T22:30:21,CLEARED_FALSE_POSITIVE,DOC_VALID
RVW-202608-003135,ALT-202608-003358,RV-05,2026-08-08T13:50:06,CONFIRMED_FRAUD,ATO_CONFIRMED
RVW-202608-003136,ALT-202608-003359,RV-01,2026-09-06T10:39:58,CONFIRMED_FRAUD,MULE_CONFIRMED
RVW-202608-003137,ALT-202608-003361,RV-02,2026-09-05T08:50:23,CLEARED_FALSE_POSITIVE,CUSTOMER_CONTACTED
RVW-202608-003138,ALT-202608-003362,RV-05,2026-08-27T20:20:13,CLEARED_FALSE_POSITIVE,CUSTOMER_CONTACTED
RVW-202608-003139,ALT-202608-003363,RV-04,2026-08-09T06:31:15,CLEARED_FALSE_POSITIVE,ID_VERIFIED
RVW-202608-003140,ALT-202608-003364,RV-02,2026-08-26T22:44:28,CLEARED_FALSE_POSITIVE,ID_VERIFIED
RVW-202608-003141,ALT-202608-003365,RV-06,2026-08-18T14:42:25,CONFIRMED_FRAUD,SYNTH_ID_CONFIRMED
RVW-202608-003142,ALT-202608-003366,RV-05,2026-08-31T12:45:20,CLEARED_FALSE_POSITIVE,DOC_VALID
RVW-202608-003143,ALT-202608-003367,RV-04,2026-08-17T20:28:11,CLEARED_FALSE_POSITIVE,KNOWN_DEVICE
RVW-202608-003144,ALT-202608-003368,RV-01,2026-08-23T18:05:57,CLEARED_FALSE_POSITIVE,KNOWN_DEVICE
RVW-202608-003145,ALT-202608-003369,RV-02,2026-08-20T10:46:05,CLEARED_FALSE_POSITIVE,KNOWN_DEVICE
RVW-202608-003146,ALT-202608-003370,RV-01,2026-08-31T19:29:20,CLEARED_FALSE_POSITIVE,KNOWN_DEVICE
RVW-202608-003147,ALT-202608-003371,RV-04,2026-09-07T19:48:04,CONFIRMED_FRAUD,SYNTH_ID_CONFIRMED
RVW-202608-003148,ALT-202608-003372,RV-04,2026-08-19T19:52:47,CLEARED_FALSE_POSITIVE,ID_VERIFIED
RVW-202608-003149,ALT-202608-003373,RV-06,2026-08-27T17:49:24,CLEARED_FALSE_POSITIVE,DOC_VALID
RVW-202608-003150,ALT-202608-003374,RV-03,2026-09-03T10:09:05,CLEARED_FALSE_POSITIVE,KNOWN_DEVICE
RVW-202608-003151,ALT-202608-003375,RV-06,2026-09-08T21:53:53,CLEARED_FALSE_POSITIVE,ID_VERIFIED
RVW-202608-003152,ALT-202608-003376,RV-01,2026-08-29T20:00:23,CLEARED_FALSE_POSITIVE,DOC_VALID
RVW-202608-003153,ALT-202608-003377,RV-03,2026-08-19T21:45:10,CLEARED_FALSE_POSITIVE,CUSTOMER_CONTACTED
RVW-202608-003154,ALT-202608-003378,RV-06,2026-08-29T13:36:37,CLEARED_FALSE_POSITIVE,CUSTOMER_CONTACTED
RVW-202608-003155,ALT-202608-003379,RV-03,2026-08-27T18:39:01,CLEARED_FALSE_POSITIVE,CUSTOMER_CONTACTED
RVW-202608-003156,ALT-202608-003382,RV-05,2026-08-19T13:21:54,CONFIRMED_FRAUD,SYNTH_ID_CONFIRMED
RVW-202608-003157,ALT-202608-003383,RV-04,2026-08-20T14:29:41,CLEARED_FALSE_POSITIVE,KNOWN_DEVICE
RVW-202608-003158,ALT-202608-003384,RV-05,2026-08-30T07:32:30,INSUFFICIENT_EVIDENCE,DATA_UNAVAILABLE
RVW-202608-003159,ALT-202608-003385,RV-05,2026-09-04T18:14:22,CONFIRMED_FRAUD,ATO_CONFIRMED
RVW-202608-003160,ALT-202608-003386,RV-03,2026-08-20T17:53:08,CLEARED_FALSE_POSITIVE,DOC_VALID
RVW-202608-003161,ALT-202608-003387,RV-06,2026-08-21T21:08:08,CLEARED_FALSE_POSITIVE,CUSTOMER_CONTACTED
RVW-202608-003162,ALT-202608-003388,RV-06,2026-08-13T13:44:30,CLEARED_FALSE_POSITIVE,DOC_VALID
RVW-202608-003163,ALT-202608-003389,RV-03,2026-08-12T21:53:18,CLEARED_FALSE_POSITIVE,DOC_VALID
RVW-202608-003164,ALT-202608-003390,RV-04,2026-08-28T17:34:30,CLEARED_FALSE_POSITIVE,KNOWN_DEVICE
RVW-202608-003165,ALT-202608-003391,RV-06,2026-08-27T12:06:24,INSUFFICIENT_EVIDENCE,AGED_OUT
RVW-202608-003166,ALT-202608-003392,RV-02,2026-08-31T22:35:48,CLEARED_FALSE_POSITIVE,KNOWN_DEVICE
RVW-202608-003167,ALT-202608-003393,RV-06,2026-08-04T09:08:46,CLEARED_FALSE_POSITIVE,ID_VERIFIED
RVW-202608-003168,ALT-202608-003394,RV-06,2026-08-14T21:43:34,CLEARED_FALSE_POSITIVE,DOC_VALID
RVW-202608-003169,ALT-202608-003395,RV-06,2026-08-15T12:46:43,CLEARED_FALSE_POSITIVE,ID_VERIFIED
RVW-202608-003170,ALT-202608-003396,RV-06,2026-08-30T22:53:03,CLEARED_FALSE_POSITIVE,KNOWN_DEVICE
RVW-202608-003171,ALT-202608-003398,RV-06,2026-09-05T06:27:46,CLEARED_FALSE_POSITIVE,DOC_VALID
RVW-202608-003172,ALT-202608-003399,RV-04,2026-08-13T13:39:55,CLEARED_FALSE_POSITIVE,CUSTOMER_CONTACTED
RVW-202608-003173,ALT-202608-003400,RV-03,2026-08-20T21:32:16,CLEARED_FALSE_POSITIVE,ID_VERIFIED
RVW-202608-003174,ALT-202608-003401,RV-04,2026-08-18T17:49:09,INSUFFICIENT_EVIDENCE,NO_CONTACT
RVW-202608-003175,ALT-202608-003402,RV-03,2026-08-23T07:26:32,CLEARED_FALSE_POSITIVE,ID_VERIFIED
RVW-202608-003176,ALT-202608-003403,RV-01,2026-08-23T09:22:23,CONFIRMED_FRAUD,MULE_CONFIRMED
RVW-202608-003177,ALT-202608-003404,RV-04,2026-08-25T22:58:40,CONFIRMED_FRAUD,DOC_FORGED
RVW-202608-003178,ALT-202608-003405,RV-02,2026-08-22T10:08:36,INSUFFICIENT_EVIDENCE,NO_CONTACT
RVW-202608-003179,ALT-202608-003406,RV-06,2026-08-24T07:42:03,CLEARED_FALSE_POSITIVE,CUSTOMER_CONTACTED
RVW-202608-003180,ALT-202608-003407,RV-06,2026-09-03T18:37:56,INSUFFICIENT_EVIDENCE,AGED_OUT
RVW-202608-003181,ALT-202608-003408,RV-04,2026-08-10T20:00:45,CLEARED_FALSE_POSITIVE,CUSTOMER_CONTACTED
RVW-202608-003182,ALT-202608-003409,RV-05,2026-08-20T12:25:56,CLEARED_FALSE_POSITIVE,KNOWN_DEVICE
RVW-202608-003183,ALT-202608-003410,RV-05,2026-08-07T16:22:20,CONFIRMED_FRAUD,MULE_CONFIRMED
RVW-202608-003184,ALT-202608-003411,RV-04,2026-09-03T10:38:53,CLEARED_FALSE_POSITIVE,DOC_VALID
RVW-202608-003185,ALT-202608-003412,RV-02,2026-08-07T15:06:57,CLEARED_FALSE_POSITIVE,CUSTOMER_CONTACTED
RVW-202608-003186,ALT-202608-003413,RV-01,2026-08-12T16:43:48,CLEARED_FALSE_POSITIVE,DOC_VALID
RVW-202608-003187,ALT-202608-003414,RV-06,2026-08-19T13:47:29,CLEARED_FALSE_POSITIVE,KNOWN_DEVICE
RVW-202608-003188,ALT-202608-003415,RV-04,2026-08-18T18:11:48,CLEARED_FALSE_POSITIVE,DOC_VALID
RVW-202608-003189,ALT-202608-003416,RV-01,2026-08-22T21:45:07,INSUFFICIENT_EVIDENCE,DATA_UNAVAILABLE
RVW-202608-003190,ALT-202608-003418,RV-03,2026-08-29T14:12:11,CLEARED_FALSE_POSITIVE,KNOWN_DEVICE
RVW-202608-003191,ALT-202608-003419,RV-05,2026-08-10T06:10:03,CONFIRMED_FRAUD,ATO_CONFIRMED
RVW-202608-003192,ALT-202608-003420,RV-03,2026-09-09T11:58:51,CLEARED_FALSE_POSITIVE,KNOWN_DEVICE
RVW-202608-003193,ALT-202608-003421,RV-03,2026-08-19T12:30:30,CONFIRMED_FRAUD,SYNTH_ID_CONFIRMED
RVW-202608-003194,ALT-202608-003422,RV-04,2026-08-30T21:31:19,CLEARED_FALSE_POSITIVE,ID_VERIFIED
RVW-202608-003195,ALT-202608-003423,RV-01,2026-09-08T18:03:43,CLEARED_FALSE_POSITIVE,KNOWN_DEVICE
RVW-202608-003196,ALT-202608-003424,RV-01,2026-08-08T07:39:10,CLEARED_FALSE_POSITIVE,KNOWN_DEVICE
RVW-202608-003197,ALT-202608-003425,RV-05,2026-08-30T21:00:11,INSUFFICIENT_EVIDENCE,NO_CONTACT
RVW-202608-003198,ALT-202608-003426,RV-03,2026-08-09T16:33:02,INSUFFICIENT_EVIDENCE,NO_CONTACT
RVW-202608-003199,ALT-202608-003427,RV-04,2026-08-19T12:35:34,CLEARED_FALSE_POSITIVE,DOC_VALID
RVW-202608-003200,ALT-202608-003429,RV-01,2026-08-20T21:41:40,CLEARED_FALSE_POSITIVE,CUSTOMER_CONTACTED
RVW-202608-003201,ALT-202608-003430,RV-03,2026-08-30T11:09:35,CLEARED_FALSE_POSITIVE,CUSTOMER_CONTACTED
RVW-202608-003202,ALT-202608-003431,RV-04,2026-08-09T19:03:48,CLEARED_FALSE_POSITIVE,ID_VERIFIED
RVW-202608-003203,ALT-202608-003432,RV-04,2026-08-29T10:52:50,CLEARED_FALSE_POSITIVE,CUSTOMER_CONTACTED
RVW-202608-003204,ALT-202608-003433,RV-02,2026-08-11T16:12:29,CLEARED_FALSE_POSITIVE,DOC_VALID
RVW-202608-003205,ALT-202608-003434,RV-03,2026-08-19T12:37:47,INSUFFICIENT_EVIDENCE,AGED_OUT
RVW-202608-003206,ALT-202608-003435,RV-05,2026-08-10T18:53:20,CLEARED_FALSE_POSITIVE,CUSTOMER_CONTACTED
RVW-202608-003207,ALT-202608-003436,RV-04,2026-08-06T08:34:32,CLEARED_FALSE_POSITIVE,KNOWN_DEVICE
RVW-202608-003208,ALT-202608-003437,RV-05,2026-08-29T15:35:22,CONFIRMED_FRAUD,ATO_CONFIRMED
RVW-202608-003209,ALT-202608-003438,RV-02,2026-08-12T12:18:39,CLEARED_FALSE_POSITIVE,CUSTOMER_CONTACTED
RVW-202608-003210,ALT-202608-003439,RV-01,2026-08-22T22:49:55,CLEARED_FALSE_POSITIVE,ID_VERIFIED
RVW-202608-003211,ALT-202608-003440,RV-06,2026-08-28T17:04:35,CONFIRMED_FRAUD,ATO_CONFIRMED
RVW-202608-003212,ALT-202608-003441,RV-05,2026-08-29T09:13:57,CLEARED_FALSE_POSITIVE,DOC_VALID
RVW-202608-003213,ALT-202608-003442,RV-06,2026-08-23T08:59:32,CLEARED_FALSE_POSITIVE,DOC_VALID
RVW-202608-003214,ALT-202608-003443,RV-03,2026-08-13T08:39:50,CONFIRMED_FRAUD,MULE_CONFIRMED
RVW-202608-003215,ALT-202608-003444,RV-06,2026-08-08T14:40:55,CLEARED_FALSE_POSITIVE,KNOWN_DEVICE
RVW-202608-003216,ALT-202608-003445,RV-04,2026-08-10T21:42:53,CLEARED_FALSE_POSITIVE,ID_VERIFIED
RVW-202608-003217,ALT-202608-003447,RV-03,2026-09-04T16:46:51,CLEARED_FALSE_POSITIVE,CUSTOMER_CONTACTED
RVW-202608-003218,ALT-202608-003449,RV-06,2026-08-19T21:03:56,CLEARED_FALSE_POSITIVE,KNOWN_DEVICE
RVW-202608-003219,ALT-202608-003450,RV-01,2026-08-18T09:57:18,CLEARED_FALSE_POSITIVE,DOC_VALID
RVW-202608-003220,ALT-202608-003451,RV-05,2026-08-11T13:47:24,CONFIRMED_FRAUD,MULE_CONFIRMED
RVW-202608-003221,ALT-202608-003452,RV-02,2026-08-17T19:30:49,CONFIRMED_FRAUD,ATO_CONFIRMED
RVW-202608-003222,ALT-202608-003453,RV-02,2026-09-01T22:37:51,CLEARED_FALSE_POSITIVE,ID_VERIFIED
RVW-202608-003223,ALT-202608-003454,RV-05,2026-08-31T17:16:14,CLEARED_FALSE_POSITIVE,CUSTOMER_CONTACTED
RVW-202608-003224,ALT-202608-003455,RV-02,2026-08-31T18:33:07,CLEARED_FALSE_POSITIVE,CUSTOMER_CONTACTED
RVW-202608-003225,ALT-202608-003456,RV-06,2026-09-03T10:01:31,INSUFFICIENT_EVIDENCE,DATA_UNAVAILABLE
RVW-202608-003226,ALT-202608-003457,RV-01,2026-08-10T19:59:03,CONFIRMED_FRAUD,SYNTH_ID_CONFIRMED
RVW-202608-003227,ALT-202608-003458,RV-02,2026-08-12T07:25:12,CONFIRMED_FRAUD,MULE_CONFIRMED
RVW-202608-003228,ALT-202608-003459,RV-01,2026-08-25T21:53:31,CONFIRMED_FRAUD,SYNTH_ID_CONFIRMED
RVW-202608-003229,ALT-202608-003460,RV-01,2026-08-17T16:04:43,INSUFFICIENT_EVIDENCE,NO_CONTACT
RVW-202608-003230,ALT-202608-003461,RV-06,2026-08-08T16:48:18,CLEARED_FALSE_POSITIVE,KNOWN_DEVICE
RVW-202608-003231,ALT-202608-003462,RV-02,2026-08-22T17:19:17,CLEARED_FALSE_POSITIVE,ID_VERIFIED
RVW-202608-003232,ALT-202608-003463,RV-05,2026-09-02T20:43:41,CLEARED_FALSE_POSITIVE,DOC_VALID
RVW-202608-003233,ALT-202608-003465,RV-03,2026-08-10T13:45:31,CLEARED_FALSE_POSITIVE,KNOWN_DEVICE
RVW-202608-003234,ALT-202608-003466,RV-03,2026-08-21T10:27:36,CLEARED_FALSE_POSITIVE,ID_VERIFIED
RVW-202608-003235,ALT-202608-003467,RV-02,2026-08-10T08:54:35,CLEARED_FALSE_POSITIVE,KNOWN_DEVICE
RVW-202608-003236,ALT-202608-003468,RV-05,2026-08-20T08:10:00,CONFIRMED_FRAUD,SYNTH_ID_CONFIRMED
RVW-202608-003237,ALT-202608-003469,RV-05,2026-08-27T13:41:21,CLEARED_FALSE_POSITIVE,ID_VERIFIED
RVW-202608-003238,ALT-202608-003470,RV-02,2026-08-27T08:26:52,CLEARED_FALSE_POSITIVE,CUSTOMER_CONTACTED
RVW-202608-003239,ALT-202608-003471,RV-03,2026-08-15T18:16:10,INSUFFICIENT_EVIDENCE,NO_CONTACT
RVW-202608-003240,ALT-202608-003473,RV-04,2026-08-04T18:26:57,CLEARED_FALSE_POSITIVE,KNOWN_DEVICE
RVW-202608-003241,ALT-202608-003474,RV-03,2026-08-27T09:04:30,INSUFFICIENT_EVIDENCE,NO_CONTACT
RVW-202608-003242,ALT-202608-003475,RV-03,2026-08-28T06:43:36,CONFIRMED_FRAUD,ATO_CONFIRMED
RVW-202608-003243,ALT-202608-003476,RV-03,2026-08-22T10:23:03,CONFIRMED_FRAUD,SYNTH_ID_CONFIRMED
RVW-202608-003244,ALT-202608-003477,RV-06,2026-08-13T15:45:35,CLEARED_FALSE_POSITIVE,CUSTOMER_CONTACTED
RVW-202608-003245,ALT-202608-003478,RV-01,2026-08-29T21:40:03,CONFIRMED_FRAUD,SYNTH_ID_CONFIRMED
RVW-202608-003246,ALT-202608-003479,RV-04,2026-09-08T10:54:05,CLEARED_FALSE_POSITIVE,KNOWN_DEVICE
RVW-202608-003247,ALT-202608-003480,RV-06,2026-08-30T06:10:17,CLEARED_FALSE_POSITIVE,ID_VERIFIED
RVW-202608-003248,ALT-202608-003481,RV-04,2026-09-02T22:19:57,CLEARED_FALSE_POSITIVE,DOC_VALID
RVW-202608-003249,ALT-202608-003482,RV-05,2026-08-17T16:56:15,CLEARED_FALSE_POSITIVE,DOC_VALID
RVW-202608-003250,ALT-202608-003483,RV-04,2026-09-06T18:36:37,CLEARED_FALSE_POSITIVE,ID_VERIFIED
RVW-202608-003251,ALT-202608-003484,RV-05,2026-08-31T09:52:12,CLEARED_FALSE_POSITIVE,ID_VERIFIED
RVW-202608-003252,ALT-202608-003485,RV-01,2026-08-25T06:00:34,CLEARED_FALSE_POSITIVE,KNOWN_DEVICE
RVW-202608-003253,ALT-202608-003486,RV-02,2026-08-19T21:46:50,CLEARED_FALSE_POSITIVE,ID_VERIFIED
RVW-202608-003254,ALT-202608-003487,RV-03,2026-08-19T22:07:15,INSUFFICIENT_EVIDENCE,AGED_OUT
RVW-202608-003255,ALT-202608-003488,RV-02,2026-08-23T08:12:02,CONFIRMED_FRAUD,DOC_FORGED
RVW-202608-003256,ALT-202608-003489,RV-02,2026-08-07T09:01:36,INSUFFICIENT_EVIDENCE,AGED_OUT
RVW-202608-003257,ALT-202608-003490,RV-03,2026-08-21T20:32:16,CLEARED_FALSE_POSITIVE,DOC_VALID
RVW-202608-003258,ALT-202608-003491,RV-02,2026-08-27T14:09:46,CLEARED_FALSE_POSITIVE,DOC_VALID
RVW-202608-003259,ALT-202608-003492,RV-05,2026-08-18T14:14:25,CLEARED_FALSE_POSITIVE,CUSTOMER_CONTACTED
RVW-202608-003260,ALT-202608-003493,RV-04,2026-08-23T18:52:35,CONFIRMED_FRAUD,ATO_CONFIRMED
RVW-202608-003261,ALT-202608-003494,RV-06,2026-08-28T09:14:29,CLEARED_FALSE_POSITIVE,KNOWN_DEVICE
RVW-202608-003262,ALT-202608-003495,RV-03,2026-08-22T11:23:11,CLEARED_FALSE_POSITIVE,DOC_VALID
RVW-202608-003263,ALT-202608-003496,RV-03,2026-08-05T15:02:06,CLEARED_FALSE_POSITIVE,CUSTOMER_CONTACTED
RVW-202608-003264,ALT-202608-003497,RV-03,2026-08-07T22:00:21,CLEARED_FALSE_POSITIVE,DOC_VALID
RVW-202608-003265,ALT-202608-003498,RV-05,2026-08-16T07:42:37,CLEARED_FALSE_POSITIVE,CUSTOMER_CONTACTED
RVW-202608-003266,ALT-202608-003499,RV-02,2026-08-06T12:10:52,CLEARED_FALSE_POSITIVE,DOC_VALID
RVW-202608-003267,ALT-202608-003500,RV-05,2026-08-05T19:56:53,CLEARED_FALSE_POSITIVE,CUSTOMER_CONTACTED
RVW-202608-003268,ALT-202608-003501,RV-01,2026-09-04T07:41:37,CONFIRMED_FRAUD,MULE_CONFIRMED
RVW-202608-003269,ALT-202608-003502,RV-04,2026-08-29T15:54:43,CLEARED_FALSE_POSITIVE,ID_VERIFIED
RVW-202608-003270,ALT-202608-003503,RV-02,2026-08-22T15:09:06,CLEARED_FALSE_POSITIVE,KNOWN_DEVICE
RVW-202608-003271,ALT-202608-003504,RV-06,2026-08-18T06:48:58,CLEARED_FALSE_POSITIVE,CUSTOMER_CONTACTED
RVW-202608-003272,ALT-202608-003505,RV-01,2026-09-10T19:30:18,CONFIRMED_FRAUD,SYNTH_ID_CONFIRMED
RVW-202608-003273,ALT-202608-003506,RV-02,2026-08-18T09:37:09,CLEARED_FALSE_POSITIVE,DOC_VALID
RVW-202608-003274,ALT-202608-003507,RV-06,2026-08-24T12:24:33,CLEARED_FALSE_POSITIVE,CUSTOMER_CONTACTED
RVW-202608-003275,ALT-202608-003508,RV-06,2026-08-12T19:20:11,CONFIRMED_FRAUD,MULE_CONFIRMED
RVW-202608-003276,ALT-202608-003509,RV-02,2026-08-18T19:13:45,CLEARED_FALSE_POSITIVE,DOC_VALID
RVW-202608-003277,ALT-202608-003510,RV-01,2026-08-31T19:13:09,INSUFFICIENT_EVIDENCE,NO_CONTACT
RVW-202608-003278,ALT-202608-003511,RV-03,2026-08-22T16:30:26,CLEARED_FALSE_POSITIVE,ID_VERIFIED
RVW-202608-003279,ALT-202608-003512,RV-04,2026-08-20T19:27:49,CLEARED_FALSE_POSITIVE,ID_VERIFIED
RVW-202608-003280,ALT-202608-003513,RV-01,2026-08-25T08:32:21,INSUFFICIENT_EVIDENCE,NO_CONTACT
RVW-202608-003281,ALT-202608-003515,RV-06,2026-08-26T20:15:21,CONFIRMED_FRAUD,DOC_FORGED
RVW-202608-003282,ALT-202608-003516,RV-06,2026-08-26T12:42:57,CLEARED_FALSE_POSITIVE,ID_VERIFIED
RVW-202608-003283,ALT-202608-003517,RV-02,2026-09-06T22:54:31,CLEARED_FALSE_POSITIVE,DOC_VALID
RVW-202608-003284,ALT-202608-003518,RV-01,2026-09-09T21:36:31,CLEARED_FALSE_POSITIVE,ID_VERIFIED
RVW-202608-003285,ALT-202608-003519,RV-06,2026-08-28T22:57:13,CLEARED_FALSE_POSITIVE,DOC_VALID
RVW-202608-003286,ALT-202608-003521,RV-01,2026-08-20T19:48:03,CONFIRMED_FRAUD,ATO_CONFIRMED
RVW-202608-003287,ALT-202608-003522,RV-02,2026-08-05T21:41:23,CLEARED_FALSE_POSITIVE,ID_VERIFIED
RVW-202608-003288,ALT-202608-003523,RV-06,2026-08-13T09:19:06,CONFIRMED_FRAUD,DOC_FORGED
RVW-202608-003289,ALT-202608-003524,RV-03,2026-08-07T12:18:13,CONFIRMED_FRAUD,MULE_CONFIRMED
RVW-202608-003290,ALT-202608-003525,RV-01,2026-08-08T19:48:55,CLEARED_FALSE_POSITIVE,CUSTOMER_CONTACTED
RVW-202608-003291,ALT-202608-003526,RV-06,2026-08-27T07:39:36,CLEARED_FALSE_POSITIVE,DOC_VALID
RVW-202608-003292,ALT-202608-003527,RV-02,2026-08-11T09:06:09,CLEARED_FALSE_POSITIVE,KNOWN_DEVICE
RVW-202608-003293,ALT-202608-003528,RV-06,2026-08-16T07:54:33,CLEARED_FALSE_POSITIVE,CUSTOMER_CONTACTED
RVW-202608-003294,ALT-202608-003529,RV-06,2026-08-11T22:24:25,INSUFFICIENT_EVIDENCE,NO_CONTACT
RVW-202608-003295,ALT-202608-003530,RV-02,2026-08-06T20:28:24,CLEARED_FALSE_POSITIVE,CUSTOMER_CONTACTED
RVW-202608-003296,ALT-202608-003531,RV-02,2026-08-22T22:38:28,CLEARED_FALSE_POSITIVE,DOC_VALID
RVW-202608-003297,ALT-202608-003532,RV-06,2026-09-02T11:45:55,CLEARED_FALSE_POSITIVE,ID_VERIFIED
RVW-202608-003298,ALT-202608-003533,RV-03,2026-09-01T11:36:35,CLEARED_FALSE_POSITIVE,KNOWN_DEVICE
RVW-202608-003299,ALT-202608-003534,RV-05,2026-08-13T21:16:51,INSUFFICIENT_EVIDENCE,DATA_UNAVAILABLE
RVW-202608-003300,ALT-202608-003535,RV-03,2026-08-21T09:35:39,CONFIRMED_FRAUD,DOC_FORGED
RVW-202608-003301,ALT-202608-003537,RV-01,2026-09-03T17:04:54,CLEARED_FALSE_POSITIVE,CUSTOMER_CONTACTED
RVW-202608-003302,ALT-202608-003538,RV-04,2026-08-14T09:36:56,CLEARED_FALSE_POSITIVE,ID_VERIFIED
RVW-202608-003303,ALT-202608-003539,RV-04,2026-08-26T21:35:07,CLEARED_FALSE_POSITIVE,ID_VERIFIED
RVW-202608-003304,ALT-202608-003540,RV-03,2026-08-21T15:47:49,CLEARED_FALSE_POSITIVE,CUSTOMER_CONTACTED
RVW-202608-003305,ALT-202608-003542,RV-03,2026-08-19T11:57:45,CLEARED_FALSE_POSITIVE,ID_VERIFIED
RVW-202608-003306,ALT-202608-003543,RV-04,2026-08-16T14:11:29,CLEARED_FALSE_POSITIVE,CUSTOMER_CONTACTED
RVW-202608-003307,ALT-202608-003544,RV-03,2026-08-22T18:47:21,CLEARED_FALSE_POSITIVE,DOC_VALID
RVW-202608-003308,ALT-202608-003545,RV-02,2026-08-21T22:04:55,CLEARED_FALSE_POSITIVE,KNOWN_DEVICE
RVW-202608-003309,ALT-202608-003546,RV-02,2026-08-26T08:33:13,INSUFFICIENT_EVIDENCE,DATA_UNAVAILABLE
RVW-202608-003310,ALT-202608-003547,RV-03,2026-08-02T10:12:26,CLEARED_FALSE_POSITIVE,ID_VERIFIED
RVW-202608-003311,ALT-202608-003549,RV-04,2026-08-23T20:41:50,CLEARED_FALSE_POSITIVE,ID_VERIFIED
RVW-202608-003312,ALT-202608-003550,RV-01,2026-08-08T14:31:32,CLEARED_FALSE_POSITIVE,CUSTOMER_CONTACTED
RVW-202608-003313,ALT-202608-003551,RV-02,2026-09-02T22:29:20,CLEARED_FALSE_POSITIVE,DOC_VALID
RVW-202608-003314,ALT-202608-003553,RV-02,2026-08-21T15:23:38,CONFIRMED_FRAUD,SYNTH_ID_CONFIRMED
RVW-202608-003315,ALT-202608-003554,RV-06,2026-09-07T15:10:23,CLEARED_FALSE_POSITIVE,DOC_VALID
RVW-202608-003316,ALT-202608-003555,RV-06,2026-08-10T17:56:22,CLEARED_FALSE_POSITIVE,CUSTOMER_CONTACTED
RVW-202608-003317,ALT-202608-003556,RV-04,2026-08-18T15:40:05,CONFIRMED_FRAUD,SYNTH_ID_CONFIRMED
RVW-202608-003318,ALT-202608-003557,RV-03,2026-08-21T17:36:47,INSUFFICIENT_EVIDENCE,DATA_UNAVAILABLE
RVW-202608-003319,ALT-202608-003558,RV-03,2026-08-14T14:25:52,CLEARED_FALSE_POSITIVE,CUSTOMER_CONTACTED
RVW-202608-003320,ALT-202608-003559,RV-04,2026-08-21T17:26:47,CLEARED_FALSE_POSITIVE,DOC_VALID
RVW-202608-003321,ALT-202608-003560,RV-02,2026-08-16T12:20:39,CLEARED_FALSE_POSITIVE,DOC_VALID
RVW-202608-003322,ALT-202608-003561,RV-01,2026-09-03T15:45:26,CLEARED_FALSE_POSITIVE,CUSTOMER_CONTACTED
RVW-202608-003323,ALT-202608-003562,RV-05,2026-08-08T08:58:04,CLEARED_FALSE_POSITIVE,KNOWN_DEVICE
RVW-202608-003324,ALT-202608-003563,RV-05,2026-08-13T15:45:10,CLEARED_FALSE_POSITIVE,KNOWN_DEVICE
RVW-202608-003325,ALT-202608-003565,RV-02,2026-08-25T18:27:23,CLEARED_FALSE_POSITIVE,KNOWN_DEVICE
RVW-202608-003326,ALT-202608-003566,RV-04,2026-08-30T06:04:11,CLEARED_FALSE_POSITIVE,DOC_VALID
RVW-202608-003327,ALT-202608-003567,RV-04,2026-08-13T18:52:16,INSUFFICIENT_EVIDENCE,DATA_UNAVAILABLE
RVW-202608-003328,ALT-202608-003568,RV-03,2026-09-01T13:09:19,CLEARED_FALSE_POSITIVE,DOC_VALID
RVW-202608-003329,ALT-202608-003569,RV-03,2026-08-12T15:06:19,CLEARED_FALSE_POSITIVE,KNOWN_DEVICE
RVW-202608-003330,ALT-202608-003570,RV-05,2026-09-08T07:27:10,CLEARED_FALSE_POSITIVE,KNOWN_DEVICE
RVW-202608-003331,ALT-202608-003571,RV-02,2026-09-06T11:50:46,CLEARED_FALSE_POSITIVE,CUSTOMER_CONTACTED
RVW-202608-003332,ALT-202608-003572,RV-05,2026-08-07T22:22:57,CLEARED_FALSE_POSITIVE,KNOWN_DEVICE
RVW-202608-003333,ALT-202608-003573,RV-03,2026-08-16T09:37:15,CLEARED_FALSE_POSITIVE,DOC_VALID
RVW-202608-003334,ALT-202608-003574,RV-06,2026-08-19T19:01:30,CLEARED_FALSE_POSITIVE,ID_VERIFIED
RVW-202608-003335,ALT-202608-003575,RV-01,2026-08-30T10:36:51,CLEARED_FALSE_POSITIVE,ID_VERIFIED
RVW-202608-003336,ALT-202608-003576,RV-06,2026-08-04T13:09:03,INSUFFICIENT_EVIDENCE,DATA_UNAVAILABLE
RVW-202608-003337,ALT-202608-003578,RV-01,2026-08-14T16:31:54,CLEARED_FALSE_POSITIVE,ID_VERIFIED
RVW-202608-003338,ALT-202608-003579,RV-02,2026-09-04T19:59:33,CLEARED_FALSE_POSITIVE,ID_VERIFIED
RVW-202608-003339,ALT-202608-003580,RV-06,2026-08-17T07:13:44,CONFIRMED_FRAUD,MULE_CONFIRMED
RVW-202608-003340,ALT-202608-003581,RV-02,2026-08-11T07:26:11,CLEARED_FALSE_POSITIVE,CUSTOMER_CONTACTED
RVW-202608-003341,ALT-202608-003582,RV-03,2026-09-01T21:25:00,CONFIRMED_FRAUD,DOC_FORGED
RVW-202608-003342,ALT-202608-003583,RV-01,2026-08-31T11:06:17,CLEARED_FALSE_POSITIVE,KNOWN_DEVICE
RVW-202608-003343,ALT-202608-003584,RV-02,2026-08-25T22:13:20,CONFIRMED_FRAUD,DOC_FORGED
RVW-202608-003344,ALT-202608-003585,RV-05,2026-09-04T13:40:32,CLEARED_FALSE_POSITIVE,DOC_VALID
RVW-202608-003345,ALT-202608-003586,RV-01,2026-08-19T07:04:45,CLEARED_FALSE_POSITIVE,ID_VERIFIED
RVW-202608-003346,ALT-202608-003587,RV-04,2026-09-04T21:36:06,CLEARED_FALSE_POSITIVE,CUSTOMER_CONTACTED
RVW-202608-003347,ALT-202608-003588,RV-05,2026-08-10T10:32:18,CONFIRMED_FRAUD,DOC_FORGED
RVW-202608-003348,ALT-202608-003589,RV-04,2026-09-01T10:17:35,INSUFFICIENT_EVIDENCE,DATA_UNAVAILABLE
RVW-202608-003349,ALT-202608-003590,RV-04,2026-08-14T08:44:33,CLEARED_FALSE_POSITIVE,KNOWN_DEVICE
RVW-202608-003350,ALT-202608-003591,RV-01,2026-08-21T06:42:52,INSUFFICIENT_EVIDENCE,AGED_OUT
RVW-202608-003351,ALT-202608-003592,RV-06,2026-08-05T21:49:50,CLEARED_FALSE_POSITIVE,KNOWN_DEVICE
RVW-202608-003352,ALT-202608-003593,RV-03,2026-08-01T18:17:31,CLEARED_FALSE_POSITIVE,ID_VERIFIED
RVW-202608-003353,ALT-202608-003594,RV-01,2026-08-09T12:16:23,CLEARED_FALSE_POSITIVE,DOC_VALID
RVW-202608-003354,ALT-202608-003595,RV-05,2026-08-30T06:50:22,CLEARED_FALSE_POSITIVE,DOC_VALID
RVW-202608-003355,ALT-202608-003596,RV-05,2026-08-26T16:33:27,CONFIRMED_FRAUD,MULE_CONFIRMED
RVW-202608-003356,ALT-202608-003597,RV-05,2026-08-24T12:27:43,CLEARED_FALSE_POSITIVE,CUSTOMER_CONTACTED
RVW-202608-003357,ALT-202608-003599,RV-01,2026-09-03T12:34:57,CLEARED_FALSE_POSITIVE,KNOWN_DEVICE
RVW-202608-003358,ALT-202608-003600,RV-04,2026-08-05T06:38:49,CLEARED_FALSE_POSITIVE,KNOWN_DEVICE
RVW-202608-003359,ALT-202608-003601,RV-02,2026-08-20T11:26:48,INSUFFICIENT_EVIDENCE,AGED_OUT
RVW-202608-003360,ALT-202608-003603,RV-04,2026-08-26T14:40:33,CLEARED_FALSE_POSITIVE,CUSTOMER_CONTACTED
RVW-202608-003361,ALT-202608-003604,RV-04,2026-08-23T22:55:18,CLEARED_FALSE_POSITIVE,KNOWN_DEVICE
RVW-202608-003362,ALT-202608-003605,RV-06,2026-08-31T09:40:59,CLEARED_FALSE_POSITIVE,CUSTOMER_CONTACTED
RVW-202608-003363,ALT-202608-003607,RV-02,2026-08-29T13:06:24,CLEARED_FALSE_POSITIVE,CUSTOMER_CONTACTED
RVW-202608-003364,ALT-202608-003608,RV-04,2026-08-27T22:13:53,CLEARED_FALSE_POSITIVE,KNOWN_DEVICE
RVW-202608-003365,ALT-202608-003609,RV-06,2026-08-05T06:32:34,CONFIRMED_FRAUD,SYNTH_ID_CONFIRMED
RVW-202608-003366,ALT-202608-003610,RV-05,2026-08-21T11:39:36,CLEARED_FALSE_POSITIVE,CUSTOMER_CONTACTED
RVW-202608-003367,ALT-202608-003611,RV-05,2026-09-07T09:06:54,INSUFFICIENT_EVIDENCE,DATA_UNAVAILABLE
RVW-202608-003368,ALT-202608-003612,RV-02,2026-08-05T14:24:32,INSUFFICIENT_EVIDENCE,DATA_UNAVAILABLE
RVW-202608-003369,ALT-202608-003613,RV-06,2026-08-12T22:40:22,CLEARED_FALSE_POSITIVE,CUSTOMER_CONTACTED
RVW-202608-003370,ALT-202608-003614,RV-03,2026-09-07T22:18:13,CLEARED_FALSE_POSITIVE,KNOWN_DEVICE
RVW-202608-003371,ALT-202608-003616,RV-05,2026-08-18T08:48:42,CLEARED_FALSE_POSITIVE,DOC_VALID
RVW-202608-003372,ALT-202608-003617,RV-05,2026-08-19T11:18:38,CLEARED_FALSE_POSITIVE,KNOWN_DEVICE
RVW-202608-003373,ALT-202608-003618,RV-06,2026-08-04T19:54:28,CLEARED_FALSE_POSITIVE,CUSTOMER_CONTACTED
RVW-202608-003374,ALT-202608-003619,RV-06,2026-08-01T06:17:30,CLEARED_FALSE_POSITIVE,KNOWN_DEVICE
RVW-202608-003375,ALT-202608-003620,RV-01,2026-08-09T20:13:38,CLEARED_FALSE_POSITIVE,KNOWN_DEVICE
RVW-202608-003376,ALT-202608-003621,RV-05,2026-08-23T19:18:04,CONFIRMED_FRAUD,MULE_CONFIRMED
RVW-202608-003377,ALT-202608-003622,RV-03,2026-09-03T10:03:01,CLEARED_FALSE_POSITIVE,KNOWN_DEVICE
RVW-202608-003378,ALT-202608-003623,RV-06,2026-08-19T19:26:01,CLEARED_FALSE_POSITIVE,KNOWN_DEVICE
RVW-202608-003379,ALT-202608-003625,RV-01,2026-08-18T22:33:17,CLEARED_FALSE_POSITIVE,CUSTOMER_CONTACTED
RVW-202608-003380,ALT-202608-003626,RV-04,2026-08-29T10:53:59,INSUFFICIENT_EVIDENCE,AGED_OUT
RVW-202608-003381,ALT-202608-003627,RV-01,2026-08-08T06:01:58,INSUFFICIENT_EVIDENCE,DATA_UNAVAILABLE
RVW-202608-003382,ALT-202608-003628,RV-06,2026-08-27T07:53:26,CLEARED_FALSE_POSITIVE,KNOWN_DEVICE
RVW-202608-003383,ALT-202608-003629,RV-02,2026-08-17T06:37:58,CONFIRMED_FRAUD,MULE_CONFIRMED
RVW-202608-003384,ALT-202608-003630,RV-05,2026-08-11T22:29:45,CLEARED_FALSE_POSITIVE,DOC_VALID
RVW-202608-003385,ALT-202608-003631,RV-06,2026-09-04T09:33:00,CLEARED_FALSE_POSITIVE,DOC_VALID
RVW-202608-003386,ALT-202608-003632,RV-02,2026-08-09T14:19:48,CLEARED_FALSE_POSITIVE,ID_VERIFIED
RVW-202608-003387,ALT-202608-003633,RV-03,2026-08-26T21:23:39,CLEARED_FALSE_POSITIVE,KNOWN_DEVICE
RVW-202608-003388,ALT-202608-003634,RV-01,2026-09-09T11:08:55,CLEARED_FALSE_POSITIVE,CUSTOMER_CONTACTED
RVW-202608-003389,ALT-202608-003635,RV-04,2026-08-11T18:53:13,INSUFFICIENT_EVIDENCE,NO_CONTACT
RVW-202608-003390,ALT-202608-003637,RV-06,2026-08-12T17:01:43,CLEARED_FALSE_POSITIVE,ID_VERIFIED
RVW-202608-003391,ALT-202608-003638,RV-05,2026-09-03T15:41:47,CLEARED_FALSE_POSITIVE,DOC_VALID
RVW-202608-003392,ALT-202608-003639,RV-03,2026-08-31T08:52:37,CLEARED_FALSE_POSITIVE,ID_VERIFIED
RVW-202608-003393,ALT-202608-003640,RV-04,2026-08-12T16:25:01,CLEARED_FALSE_POSITIVE,ID_VERIFIED
RVW-202608-003394,ALT-202608-003641,RV-02,2026-08-19T16:11:00,CLEARED_FALSE_POSITIVE,KNOWN_DEVICE
RVW-202608-003395,ALT-202608-003642,RV-02,2026-08-06T06:24:42,CLEARED_FALSE_POSITIVE,ID_VERIFIED
RVW-202608-003396,ALT-202608-003643,RV-04,2026-08-26T14:42:53,CONFIRMED_FRAUD,SYNTH_ID_CONFIRMED
RVW-202608-003397,ALT-202608-003644,RV-04,2026-08-04T09:16:53,CLEARED_FALSE_POSITIVE,DOC_VALID
RVW-202608-003398,ALT-202608-003645,RV-02,2026-08-08T08:21:01,INSUFFICIENT_EVIDENCE,DATA_UNAVAILABLE
RVW-202608-003399,ALT-202608-003646,RV-05,2026-08-11T21:24:53,CLEARED_FALSE_POSITIVE,DOC_VALID
RVW-202608-003400,ALT-202608-003647,RV-01,2026-08-22T18:17:39,CONFIRMED_FRAUD,ATO_CONFIRMED
RVW-202608-003401,ALT-202608-003648,RV-06,2026-08-27T13:23:59,CLEARED_FALSE_POSITIVE,DOC_VALID
RVW-202608-003402,ALT-202608-003649,RV-04,2026-08-20T13:35:27,INSUFFICIENT_EVIDENCE,AGED_OUT
RVW-202608-003403,ALT-202608-003650,RV-05,2026-08-20T16:05:57,CLEARED_FALSE_POSITIVE,DOC_VALID
RVW-202608-003404,ALT-202608-003651,RV-03,2026-08-30T09:25:44,CLEARED_FALSE_POSITIVE,KNOWN_DEVICE
RVW-202608-003405,ALT-202608-003652,RV-03,2026-08-13T16:29:33,CLEARED_FALSE_POSITIVE,KNOWN_DEVICE
RVW-202608-003406,ALT-202608-003653,RV-02,2026-08-22T07:37:31,CLEARED_FALSE_POSITIVE,ID_VERIFIED
RVW-202608-003407,ALT-202608-003654,RV-04,2026-08-12T22:58:23,INSUFFICIENT_EVIDENCE,AGED_OUT
RVW-202608-003408,ALT-202608-003655,RV-06,2026-08-05T06:12:04,CLEARED_FALSE_POSITIVE,DOC_VALID
RVW-202608-003409,ALT-202608-003656,RV-04,2026-08-11T07:54:54,CONFIRMED_FRAUD,DOC_FORGED
RVW-202608-003410,ALT-202608-003657,RV-02,2026-08-12T16:39:05,CLEARED_FALSE_POSITIVE,KNOWN_DEVICE
RVW-202608-003411,ALT-202608-003658,RV-02,2026-08-21T08:17:51,CLEARED_FALSE_POSITIVE,KNOWN_DEVICE
RVW-202608-003412,ALT-202608-003659,RV-05,2026-08-31T16:48:00,CONFIRMED_FRAUD,ATO_CONFIRMED
RVW-202608-003413,ALT-202608-003660,RV-05,2026-08-11T21:49:52,CLEARED_FALSE_POSITIVE,DOC_VALID
RVW-202608-003414,ALT-202608-003661,RV-05,2026-08-04T06:59:23,CONFIRMED_FRAUD,DOC_FORGED
RVW-202608-003415,ALT-202608-003662,RV-03,2026-08-22T18:02:31,CLEARED_FALSE_POSITIVE,CUSTOMER_CONTACTED
RVW-202608-003416,ALT-202608-003663,RV-06,2026-09-04T20:43:51,CLEARED_FALSE_POSITIVE,KNOWN_DEVICE
RVW-202608-003417,ALT-202608-003664,RV-01,2026-08-07T11:36:14,CLEARED_FALSE_POSITIVE,DOC_VALID
RVW-202608-003418,ALT-202608-003665,RV-01,2026-08-27T08:27:36,CONFIRMED_FRAUD,ATO_CONFIRMED
RVW-202608-003419,ALT-202608-003666,RV-01,2026-08-14T20:56:59,CLEARED_FALSE_POSITIVE,KNOWN_DEVICE
RVW-202608-003420,ALT-202608-003667,RV-03,2026-08-13T08:41:04,CONFIRMED_FRAUD,SYNTH_ID_CONFIRMED
RVW-202608-003421,ALT-202608-003668,RV-02,2026-08-26T20:34:02,CLEARED_FALSE_POSITIVE,ID_VERIFIED
RVW-202608-003422,ALT-202608-003669,RV-04,2026-08-03T16:59:13,CLEARED_FALSE_POSITIVE,KNOWN_DEVICE
RVW-202608-003423,ALT-202608-003670,RV-06,2026-08-27T14:44:03,CLEARED_FALSE_POSITIVE,KNOWN_DEVICE
RVW-202608-003424,ALT-202608-003671,RV-02,2026-08-17T07:29:53,CLEARED_FALSE_POSITIVE,KNOWN_DEVICE
RVW-202608-003425,ALT-202608-003672,RV-06,2026-08-25T17:08:32,CLEARED_FALSE_POSITIVE,DOC_VALID
RVW-202608-003426,ALT-202608-003673,RV-01,2026-08-10T15:37:41,CLEARED_FALSE_POSITIVE,KNOWN_DEVICE
RVW-202608-003427,ALT-202608-003674,RV-05,2026-08-08T20:03:14,CONFIRMED_FRAUD,DOC_FORGED
RVW-202608-003428,ALT-202608-003675,RV-02,2026-09-02T10:03:02,CLEARED_FALSE_POSITIVE,DOC_VALID
RVW-202608-003429,ALT-202608-003677,RV-03,2026-08-12T21:47:35,CLEARED_FALSE_POSITIVE,CUSTOMER_CONTACTED
RVW-202608-003430,ALT-202608-003678,RV-01,2026-08-13T12:19:48,CLEARED_FALSE_POSITIVE,ID_VERIFIED
RVW-202608-003431,ALT-202608-003681,RV-05,2026-08-22T21:24:36,CLEARED_FALSE_POSITIVE,KNOWN_DEVICE
RVW-202608-003432,ALT-202608-003682,RV-02,2026-08-23T19:42:03,CLEARED_FALSE_POSITIVE,DOC_VALID
RVW-202608-003433,ALT-202608-003683,RV-05,2026-08-12T08:25:56,CLEARED_FALSE_POSITIVE,DOC_VALID
RVW-202608-003434,ALT-202608-003684,RV-04,2026-08-31T14:22:06,CLEARED_FALSE_POSITIVE,ID_VERIFIED
RVW-202608-003435,ALT-202608-003685,RV-03,2026-08-16T06:32:06,CONFIRMED_FRAUD,SYNTH_ID_CONFIRMED
RVW-202608-003436,ALT-202608-003686,RV-05,2026-08-21T19:46:37,CLEARED_FALSE_POSITIVE,CUSTOMER_CONTACTED
RVW-202608-003437,ALT-202608-003687,RV-06,2026-08-06T20:25:41,CLEARED_FALSE_POSITIVE,CUSTOMER_CONTACTED
RVW-202608-003438,ALT-202608-003688,RV-04,2026-08-13T11:42:00,CONFIRMED_FRAUD,SYNTH_ID_CONFIRMED
RVW-202608-003439,ALT-202608-003689,RV-01,2026-08-29T11:00:32,CLEARED_FALSE_POSITIVE,KNOWN_DEVICE
RVW-202608-003440,ALT-202608-003690,RV-04,2026-08-19T13:35:18,CLEARED_FALSE_POSITIVE,ID_VERIFIED
RVW-202608-003441,ALT-202608-003691,RV-03,2026-09-05T17:46:07,CLEARED_FALSE_POSITIVE,KNOWN_DEVICE
RVW-202608-003442,ALT-202608-003692,RV-04,2026-08-10T21:21:59,INSUFFICIENT_EVIDENCE,AGED_OUT
RVW-202608-003443,ALT-202608-003693,RV-01,2026-08-14T07:15:04,CLEARED_FALSE_POSITIVE,DOC_VALID
RVW-202608-003444,ALT-202608-003694,RV-06,2026-08-08T15:30:28,CLEARED_FALSE_POSITIVE,ID_VERIFIED
RVW-202608-003445,ALT-202608-003695,RV-02,2026-08-25T16:49:26,INSUFFICIENT_EVIDENCE,NO_CONTACT
RVW-202608-003446,ALT-202608-003696,RV-06,2026-08-31T06:22:02,CONFIRMED_FRAUD,MULE_CONFIRMED
RVW-202608-003447,ALT-202608-003697,RV-01,2026-08-13T07:53:15,CONFIRMED_FRAUD,SYNTH_ID_CONFIRMED
RVW-202608-003448,ALT-202608-003698,RV-03,2026-08-28T17:33:34,CLEARED_FALSE_POSITIVE,ID_VERIFIED
RVW-202608-003449,ALT-202608-003699,RV-01,2026-08-18T16:06:25,CLEARED_FALSE_POSITIVE,KNOWN_DEVICE
RVW-202608-003450,ALT-202608-003700,RV-05,2026-08-21T21:15:53,CLEARED_FALSE_POSITIVE,ID_VERIFIED
RVW-202608-003451,ALT-202608-003701,RV-03,2026-08-22T08:16:37,CONFIRMED_FRAUD,DOC_FORGED
RVW-202608-003452,ALT-202608-003702,RV-03,2026-08-30T17:50:21,CLEARED_FALSE_POSITIVE,ID_VERIFIED
RVW-202608-003453,ALT-202608-003703,RV-02,2026-09-06T14:59:21,CLEARED_FALSE_POSITIVE,ID_VERIFIED
RVW-202608-003454,ALT-202608-003704,RV-04,2026-08-28T06:30:04,CLEARED_FALSE_POSITIVE,CUSTOMER_CONTACTED
RVW-202608-003455,ALT-202608-003705,RV-02,2026-08-07T15:16:12,CONFIRMED_FRAUD,ATO_CONFIRMED
RVW-202608-003456,ALT-202608-003706,RV-02,2026-08-18T16:08:47,CLEARED_FALSE_POSITIVE,KNOWN_DEVICE
RVW-202608-003457,ALT-202608-003707,RV-06,2026-09-06T16:53:30,CLEARED_FALSE_POSITIVE,KNOWN_DEVICE
RVW-202608-003458,ALT-202608-003708,RV-06,2026-08-11T06:23:59,CLEARED_FALSE_POSITIVE,DOC_VALID
RVW-202608-003459,ALT-202608-003709,RV-01,2026-08-25T13:29:48,CLEARED_FALSE_POSITIVE,DOC_VALID
RVW-202608-003460,ALT-202608-003710,RV-05,2026-08-04T09:49:28,CLEARED_FALSE_POSITIVE,CUSTOMER_CONTACTED
RVW-202608-003461,ALT-202608-003711,RV-02,2026-08-08T14:35:27,CLEARED_FALSE_POSITIVE,ID_VERIFIED
RVW-202608-003462,ALT-202608-003712,RV-04,2026-08-28T22:19:08,CONFIRMED_FRAUD,MULE_CONFIRMED
RVW-202608-003463,ALT-202608-003713,RV-01,2026-09-07T17:43:32,CLEARED_FALSE_POSITIVE,KNOWN_DEVICE
RVW-202608-003464,ALT-202608-003714,RV-05,2026-08-14T17:36:24,CLEARED_FALSE_POSITIVE,CUSTOMER_CONTACTED
RVW-202608-003465,ALT-202608-003715,RV-06,2026-08-08T06:38:24,CLEARED_FALSE_POSITIVE,CUSTOMER_CONTACTED
RVW-202608-003466,ALT-202608-003716,RV-02,2026-08-22T11:01:43,CONFIRMED_FRAUD,MULE_CONFIRMED
RVW-202608-003467,ALT-202608-003717,RV-01,2026-08-30T21:33:09,CLEARED_FALSE_POSITIVE,DOC_VALID
RVW-202608-003468,ALT-202608-003718,RV-02,2026-08-22T14:57:51,CLEARED_FALSE_POSITIVE,KNOWN_DEVICE
RVW-202608-003469,ALT-202608-003719,RV-01,2026-08-13T11:58:00,INSUFFICIENT_EVIDENCE,NO_CONTACT
RVW-202608-003470,ALT-202608-003720,RV-05,2026-08-22T21:08:35,CLEARED_FALSE_POSITIVE,DOC_VALID
RVW-202608-003471,ALT-202608-003721,RV-05,2026-08-13T09:45:45,CLEARED_FALSE_POSITIVE,KNOWN_DEVICE
RVW-202608-003472,ALT-202608-003722,RV-04,2026-09-09T13:40:45,CLEARED_FALSE_POSITIVE,KNOWN_DEVICE
RVW-202608-003473,ALT-202608-003723,RV-06,2026-08-21T17:07:43,INSUFFICIENT_EVIDENCE,AGED_OUT
RVW-202608-003474,ALT-202608-003724,RV-03,2026-08-17T12:20:54,CONFIRMED_FRAUD,DOC_FORGED
RVW-202608-003475,ALT-202608-003725,RV-06,2026-08-13T17:31:35,CONFIRMED_FRAUD,SYNTH_ID_CONFIRMED
RVW-202608-003476,ALT-202608-003726,RV-01,2026-08-30T07:09:16,CONFIRMED_FRAUD,MULE_CONFIRMED
RVW-202608-003477,ALT-202608-003727,RV-03,2026-08-29T15:50:03,CLEARED_FALSE_POSITIVE,CUSTOMER_CONTACTED
RVW-202608-003478,ALT-202608-003729,RV-05,2026-08-07T13:01:27,CLEARED_FALSE_POSITIVE,ID_VERIFIED
RVW-202608-003479,ALT-202608-003730,RV-04,2026-09-03T10:50:36,CLEARED_FALSE_POSITIVE,ID_VERIFIED
RVW-202608-003480,ALT-202608-003731,RV-02,2026-08-12T10:49:46,INSUFFICIENT_EVIDENCE,NO_CONTACT
RVW-202608-003481,ALT-202608-003733,RV-06,2026-08-28T07:30:38,CONFIRMED_FRAUD,SYNTH_ID_CONFIRMED
RVW-202608-003482,ALT-202608-003734,RV-06,2026-08-24T12:17:38,CLEARED_FALSE_POSITIVE,CUSTOMER_CONTACTED
RVW-202608-003483,ALT-202608-003735,RV-02,2026-08-20T10:45:45,CLEARED_FALSE_POSITIVE,ID_VERIFIED
RVW-202608-003484,ALT-202608-003736,RV-01,2026-08-24T06:50:26,CLEARED_FALSE_POSITIVE,DOC_VALID
RVW-202608-003485,ALT-202608-003737,RV-02,2026-08-21T17:35:37,CLEARED_FALSE_POSITIVE,KNOWN_DEVICE
RVW-202608-003486,ALT-202608-003738,RV-06,2026-09-02T13:19:50,CLEARED_FALSE_POSITIVE,CUSTOMER_CONTACTED
RVW-202608-003487,ALT-202608-003739,RV-05,2026-08-16T19:39:53,INSUFFICIENT_EVIDENCE,NO_CONTACT
RVW-202608-003488,ALT-202608-003740,RV-03,2026-08-26T08:55:32,CLEARED_FALSE_POSITIVE,ID_VERIFIED
RVW-202608-003489,ALT-202608-003742,RV-02,2026-09-01T21:20:37,CLEARED_FALSE_POSITIVE,ID_VERIFIED
RVW-202608-003490,ALT-202608-003743,RV-05,2026-09-02T14:19:45,INSUFFICIENT_EVIDENCE,NO_CONTACT
RVW-202608-003491,ALT-202608-003744,RV-03,2026-08-12T12:57:00,CLEARED_FALSE_POSITIVE,CUSTOMER_CONTACTED
RVW-202608-003492,ALT-202608-003745,RV-06,2026-09-09T17:17:04,CLEARED_FALSE_POSITIVE,CUSTOMER_CONTACTED
RVW-202608-003493,ALT-202608-003746,RV-02,2026-08-27T12:26:14,CLEARED_FALSE_POSITIVE,KNOWN_DEVICE
RVW-202608-003494,ALT-202608-003747,RV-04,2026-08-09T20:40:13,CLEARED_FALSE_POSITIVE,DOC_VALID
RVW-202608-003495,ALT-202608-003748,RV-01,2026-08-05T18:44:29,CLEARED_FALSE_POSITIVE,CUSTOMER_CONTACTED
RVW-202608-003496,ALT-202608-003749,RV-02,2026-08-08T20:22:44,CONFIRMED_FRAUD,MULE_CONFIRMED
RVW-202608-003497,ALT-202608-003750,RV-03,2026-08-28T17:38:31,CONFIRMED_FRAUD,SYNTH_ID_CONFIRMED
RVW-202608-003498,ALT-202608-003751,RV-05,2026-09-05T18:01:04,CLEARED_FALSE_POSITIVE,DOC_VALID
RVW-202608-003499,ALT-202608-003752,RV-01,2026-08-07T08:05:04,CLEARED_FALSE_POSITIVE,CUSTOMER_CONTACTED
RVW-202608-003500,ALT-202608-003753,RV-05,2026-08-29T06:19:32,CLEARED_FALSE_POSITIVE,DOC_VALID
RVW-202608-003501,ALT-202608-003754,RV-03,2026-09-01T13:10:32,CLEARED_FALSE_POSITIVE,KNOWN_DEVICE
RVW-202608-003502,ALT-202608-003755,RV-05,2026-08-30T11:36:58,CLEARED_FALSE_POSITIVE,CUSTOMER_CONTACTED
RVW-202608-003503,ALT-202608-003756,RV-01,2026-08-14T15:53:40,CLEARED_FALSE_POSITIVE,DOC_VALID
RVW-202608-003504,ALT-202608-003758,RV-02,2026-08-12T15:56:42,CLEARED_FALSE_POSITIVE,DOC_VALID
RVW-202608-003505,ALT-202608-003759,RV-01,2026-08-10T17:13:35,CLEARED_FALSE_POSITIVE,KNOWN_DEVICE
RVW-202608-003506,ALT-202608-003760,RV-01,2026-08-19T13:15:11,CLEARED_FALSE_POSITIVE,DOC_VALID
RVW-202608-003507,ALT-202608-003761,RV-04,2026-08-21T16:06:17,CLEARED_FALSE_POSITIVE,DOC_VALID
RVW-202608-003508,ALT-202608-003762,RV-06,2026-08-14T16:41:02,CLEARED_FALSE_POSITIVE,CUSTOMER_CONTACTED
RVW-202608-003509,ALT-202608-003763,RV-04,2026-08-20T06:58:20,CLEARED_FALSE_POSITIVE,KNOWN_DEVICE
RVW-202608-003510,ALT-202608-003764,RV-02,2026-08-07T08:49:55,CLEARED_FALSE_POSITIVE,DOC_VALID
RVW-202608-003511,ALT-202608-003765,RV-04,2026-08-15T19:02:36,CLEARED_FALSE_POSITIVE,ID_VERIFIED
RVW-202608-003512,ALT-202608-003767,RV-06,2026-09-03T17:34:26,CONFIRMED_FRAUD,SYNTH_ID_CONFIRMED
RVW-202608-003513,ALT-202608-003768,RV-06,2026-08-19T11:42:00,CONFIRMED_FRAUD,SYNTH_ID_CONFIRMED
RVW-202608-003514,ALT-202608-003769,RV-02,2026-08-08T13:21:39,INSUFFICIENT_EVIDENCE,AGED_OUT
RVW-202608-003515,ALT-202608-003770,RV-04,2026-08-30T09:54:20,CLEARED_FALSE_POSITIVE,CUSTOMER_CONTACTED
RVW-202608-003516,ALT-202608-003771,RV-06,2026-08-10T21:21:30,CLEARED_FALSE_POSITIVE,DOC_VALID
RVW-202608-003517,ALT-202608-003772,RV-04,2026-09-04T19:52:24,CLEARED_FALSE_POSITIVE,DOC_VALID
RVW-202608-003518,ALT-202608-003773,RV-06,2026-08-11T11:01:31,CLEARED_FALSE_POSITIVE,ID_VERIFIED
RVW-202608-003519,ALT-202608-003774,RV-01,2026-08-14T06:35:11,CLEARED_FALSE_POSITIVE,KNOWN_DEVICE
RVW-202608-003520,ALT-202608-003775,RV-03,2026-08-27T17:09:34,CLEARED_FALSE_POSITIVE,ID_VERIFIED
RVW-202608-003521,ALT-202608-003776,RV-06,2026-08-27T12:54:32,CLEARED_FALSE_POSITIVE,CUSTOMER_CONTACTED
RVW-202608-003522,ALT-202608-003777,RV-06,2026-09-05T11:57:17,INSUFFICIENT_EVIDENCE,DATA_UNAVAILABLE
RVW-202608-003523,ALT-202608-003778,RV-05,2026-08-09T14:45:00,INSUFFICIENT_EVIDENCE,AGED_OUT
RVW-202608-003524,ALT-202608-003779,RV-05,2026-08-10T16:38:31,CLEARED_FALSE_POSITIVE,DOC_VALID
RVW-202608-003525,ALT-202608-003780,RV-02,2026-08-17T17:47:49,INSUFFICIENT_EVIDENCE,DATA_UNAVAILABLE
RVW-202608-003526,ALT-202608-003781,RV-02,2026-08-29T22:25:44,INSUFFICIENT_EVIDENCE,AGED_OUT
RVW-202608-003527,ALT-202608-003782,RV-03,2026-08-11T19:44:48,INSUFFICIENT_EVIDENCE,AGED_OUT
RVW-202608-003528,ALT-202608-003783,RV-03,2026-09-01T07:23:11,CLEARED_FALSE_POSITIVE,CUSTOMER_CONTACTED
RVW-202608-003529,ALT-202608-003784,RV-05,2026-08-30T18:00:15,CLEARED_FALSE_POSITIVE,CUSTOMER_CONTACTED
RVW-202608-003530,ALT-202608-003785,RV-04,2026-09-02T10:23:13,CLEARED_FALSE_POSITIVE,DOC_VALID
RVW-202608-003531,ALT-202608-003786,RV-05,2026-08-14T06:38:34,CLEARED_FALSE_POSITIVE,KNOWN_DEVICE
RVW-202608-003532,ALT-202608-003787,RV-01,2026-08-11T10:16:53,CONFIRMED_FRAUD,MULE_CONFIRMED
RVW-202608-003533,ALT-202608-003788,RV-04,2026-08-21T11:26:31,CLEARED_FALSE_POSITIVE,DOC_VALID
RVW-202608-003534,ALT-202608-003789,RV-04,2026-08-16T08:03:14,CLEARED_FALSE_POSITIVE,ID_VERIFIED
RVW-202608-003535,ALT-202608-003790,RV-06,2026-08-26T14:57:59,CLEARED_FALSE_POSITIVE,KNOWN_DEVICE
RVW-202608-003536,ALT-202608-003791,RV-04,2026-08-23T17:19:38,CLEARED_FALSE_POSITIVE,DOC_VALID
RVW-202608-003537,ALT-202608-003792,RV-04,2026-09-03T09:05:50,CONFIRMED_FRAUD,SYNTH_ID_CONFIRMED
RVW-202608-003538,ALT-202608-003793,RV-05,2026-08-25T18:06:24,CLEARED_FALSE_POSITIVE,KNOWN_DEVICE
RVW-202608-003539,ALT-202608-003795,RV-04,2026-08-18T07:26:05,CLEARED_FALSE_POSITIVE,DOC_VALID
RVW-202608-003540,ALT-202608-003796,RV-05,2026-09-07T06:58:46,CLEARED_FALSE_POSITIVE,KNOWN_DEVICE
RVW-202608-003541,ALT-202608-003797,RV-01,2026-08-30T13:16:09,CLEARED_FALSE_POSITIVE,DOC_VALID
RVW-202608-003542,ALT-202608-003798,RV-05,2026-08-26T19:09:51,CONFIRMED_FRAUD,MULE_CONFIRMED
RVW-202608-003543,ALT-202608-003799,RV-06,2026-08-10T08:06:15,INSUFFICIENT_EVIDENCE,DATA_UNAVAILABLE
RVW-202608-003544,ALT-202608-003800,RV-06,2026-08-23T16:27:15,CLEARED_FALSE_POSITIVE,CUSTOMER_CONTACTED
RVW-202608-003545,ALT-202608-003801,RV-06,2026-08-30T11:46:52,CONFIRMED_FRAUD,MULE_CONFIRMED
RVW-202608-003546,ALT-202608-003802,RV-02,2026-08-23T19:40:44,CLEARED_FALSE_POSITIVE,DOC_VALID
RVW-202608-003547,ALT-202608-003804,RV-06,2026-09-05T21:57:58,CONFIRMED_FRAUD,DOC_FORGED
RVW-202608-003548,ALT-202608-003805,RV-05,2026-08-17T13:29:07,CLEARED_FALSE_POSITIVE,CUSTOMER_CONTACTED
RVW-202608-003549,ALT-202608-003806,RV-05,2026-08-28T22:03:11,CONFIRMED_FRAUD,MULE_CONFIRMED
RVW-202608-003550,ALT-202608-003807,RV-06,2026-09-04T18:47:09,CLEARED_FALSE_POSITIVE,DOC_VALID
RVW-202608-003551,ALT-202608-003808,RV-04,2026-08-10T21:28:25,CLEARED_FALSE_POSITIVE,DOC_VALID
RVW-202608-003552,ALT-202608-003809,RV-05,2026-08-25T21:31:12,CLEARED_FALSE_POSITIVE,CUSTOMER_CONTACTED
RVW-202608-003553,ALT-202608-003810,RV-05,2026-09-10T20:02:49,CLEARED_FALSE_POSITIVE,KNOWN_DEVICE
RVW-202608-003554,ALT-202608-003811,RV-06,2026-08-28T17:46:06,CONFIRMED_FRAUD,ATO_CONFIRMED
RVW-202608-003555,ALT-202608-003812,RV-04,2026-08-29T12:38:53,CLEARED_FALSE_POSITIVE,CUSTOMER_CONTACTED
RVW-202608-003556,ALT-202608-003814,RV-01,2026-08-22T09:43:55,CLEARED_FALSE_POSITIVE,CUSTOMER_CONTACTED
RVW-202608-003557,ALT-202608-003815,RV-06,2026-08-30T13:42:40,CLEARED_FALSE_POSITIVE,DOC_VALID
RVW-202608-003558,ALT-202608-003817,RV-01,2026-08-19T21:48:05,CLEARED_FALSE_POSITIVE,ID_VERIFIED
RVW-202608-003559,ALT-202608-003818,RV-03,2026-08-18T09:44:25,CLEARED_FALSE_POSITIVE,DOC_VALID
RVW-202608-003560,ALT-202608-003819,RV-06,2026-08-13T16:12:46,CLEARED_FALSE_POSITIVE,DOC_VALID
RVW-202608-003561,ALT-202608-003820,RV-01,2026-08-29T15:22:21,CLEARED_FALSE_POSITIVE,CUSTOMER_CONTACTED
RVW-202608-003562,ALT-202608-003821,RV-02,2026-08-10T19:01:48,CLEARED_FALSE_POSITIVE,CUSTOMER_CONTACTED
RVW-202608-003563,ALT-202608-003822,RV-06,2026-08-04T16:16:43,CONFIRMED_FRAUD,DOC_FORGED
RVW-202608-003564,ALT-202608-003823,RV-01,2026-08-25T21:31:45,CLEARED_FALSE_POSITIVE,DOC_VALID
RVW-202608-003565,ALT-202608-003824,RV-04,2026-08-05T15:51:52,CLEARED_FALSE_POSITIVE,DOC_VALID
RVW-202608-003566,ALT-202608-003825,RV-06,2026-09-02T22:34:48,CLEARED_FALSE_POSITIVE,DOC_VALID
RVW-202608-003567,ALT-202608-003826,RV-02,2026-08-27T14:42:01,CLEARED_FALSE_POSITIVE,CUSTOMER_CONTACTED
RVW-202608-003568,ALT-202608-003827,RV-01,2026-08-31T16:56:30,CLEARED_FALSE_POSITIVE,CUSTOMER_CONTACTED
RVW-202608-003569,ALT-202608-003828,RV-05,2026-09-05T08:49:17,CLEARED_FALSE_POSITIVE,CUSTOMER_CONTACTED
RVW-202608-003570,ALT-202608-003829,RV-01,2026-08-31T06:40:20,INSUFFICIENT_EVIDENCE,AGED_OUT
RVW-202608-003571,ALT-202608-003830,RV-02,2026-08-11T15:25:20,CLEARED_FALSE_POSITIVE,KNOWN_DEVICE
RVW-202608-003572,ALT-202608-003831,RV-04,2026-08-20T06:33:48,INSUFFICIENT_EVIDENCE,AGED_OUT
RVW-202608-003573,ALT-202608-003833,RV-02,2026-09-01T22:58:41,CLEARED_FALSE_POSITIVE,CUSTOMER_CONTACTED
RVW-202608-003574,ALT-202608-003834,RV-04,2026-08-10T15:46:27,CLEARED_FALSE_POSITIVE,DOC_VALID
RVW-202608-003575,ALT-202608-003835,RV-05,2026-08-28T21:20:15,CONFIRMED_FRAUD,ATO_CONFIRMED
RVW-202608-003576,ALT-202608-003837,RV-01,2026-09-02T07:42:31,CLEARED_FALSE_POSITIVE,ID_VERIFIED
RVW-202608-003577,ALT-202608-003838,RV-03,2026-08-23T08:50:30,CLEARED_FALSE_POSITIVE,ID_VERIFIED
RVW-202608-003578,ALT-202608-003839,RV-05,2026-09-02T19:49:43,CLEARED_FALSE_POSITIVE,KNOWN_DEVICE
RVW-202608-003579,ALT-202608-003840,RV-03,2026-08-20T15:04:25,CLEARED_FALSE_POSITIVE,DOC_VALID
RVW-202608-003580,ALT-202608-003841,RV-02,2026-08-07T11:00:13,INSUFFICIENT_EVIDENCE,NO_CONTACT
RVW-202608-003581,ALT-202608-003842,RV-05,2026-08-11T11:04:16,CLEARED_FALSE_POSITIVE,DOC_VALID
RVW-202608-003582,ALT-202608-003843,RV-02,2026-08-14T13:27:33,CLEARED_FALSE_POSITIVE,CUSTOMER_CONTACTED
RVW-202608-003583,ALT-202608-003844,RV-03,2026-08-27T07:07:26,CLEARED_FALSE_POSITIVE,ID_VERIFIED
RVW-202608-003584,ALT-202608-003845,RV-05,2026-08-10T15:30:58,CLEARED_FALSE_POSITIVE,DOC_VALID
RVW-202608-003585,ALT-202608-003846,RV-03,2026-08-12T08:29:51,CLEARED_FALSE_POSITIVE,KNOWN_DEVICE
RVW-202608-003586,ALT-202608-003848,RV-05,2026-08-15T14:18:37,INSUFFICIENT_EVIDENCE,DATA_UNAVAILABLE
RVW-202608-003587,ALT-202608-003849,RV-04,2026-08-29T22:45:35,CLEARED_FALSE_POSITIVE,KNOWN_DEVICE
RVW-202608-003588,ALT-202608-003850,RV-01,2026-08-27T19:25:54,CLEARED_FALSE_POSITIVE,CUSTOMER_CONTACTED
RVW-202608-003589,ALT-202608-003851,RV-04,2026-08-10T08:34:23,CONFIRMED_FRAUD,MULE_CONFIRMED
RVW-202608-003590,ALT-202608-003852,RV-03,2026-09-04T14:24:24,CLEARED_FALSE_POSITIVE,KNOWN_DEVICE
RVW-202608-003591,ALT-202608-003853,RV-03,2026-09-05T13:44:35,CLEARED_FALSE_POSITIVE,DOC_VALID
RVW-202608-003592,ALT-202608-003854,RV-06,2026-09-02T08:44:25,CLEARED_FALSE_POSITIVE,DOC_VALID
RVW-202608-003593,ALT-202608-003855,RV-04,2026-09-03T07:35:59,CLEARED_FALSE_POSITIVE,DOC_VALID
RVW-202608-003594,ALT-202608-003856,RV-06,2026-09-01T06:11:27,CLEARED_FALSE_POSITIVE,ID_VERIFIED
RVW-202608-003595,ALT-202608-003857,RV-01,2026-09-02T20:04:32,CLEARED_FALSE_POSITIVE,ID_VERIFIED
RVW-202608-003596,ALT-202608-003858,RV-02,2026-08-19T20:05:44,CLEARED_FALSE_POSITIVE,CUSTOMER_CONTACTED
RVW-202608-003597,ALT-202608-003859,RV-06,2026-08-15T12:28:16,CLEARED_FALSE_POSITIVE,DOC_VALID
RVW-202608-003598,ALT-202608-003860,RV-02,2026-08-25T21:06:48,INSUFFICIENT_EVIDENCE,NO_CONTACT
RVW-202608-003599,ALT-202608-003861,RV-05,2026-08-10T21:11:29,CLEARED_FALSE_POSITIVE,ID_VERIFIED
RVW-202608-003600,ALT-202608-003862,RV-01,2026-09-06T21:15:22,INSUFFICIENT_EVIDENCE,AGED_OUT
RVW-202608-003601,ALT-202608-003863,RV-01,2026-09-05T14:30:21,CLEARED_FALSE_POSITIVE,KNOWN_DEVICE
RVW-202608-003602,ALT-202608-003864,RV-01,2026-08-10T14:04:25,CLEARED_FALSE_POSITIVE,KNOWN_DEVICE
RVW-202608-003603,ALT-202608-003865,RV-06,2026-09-08T18:19:43,CLEARED_FALSE_POSITIVE,ID_VERIFIED
RVW-202608-003604,ALT-202608-003866,RV-03,2026-08-06T18:37:36,CONFIRMED_FRAUD,ATO_CONFIRMED
RVW-202608-003605,ALT-202608-003867,RV-03,2026-09-02T12:46:11,CLEARED_FALSE_POSITIVE,ID_VERIFIED
RVW-202608-003606,ALT-202608-003868,RV-01,2026-08-16T12:49:39,CLEARED_FALSE_POSITIVE,DOC_VALID
RVW-202608-003607,ALT-202608-003869,RV-05,2026-08-17T06:26:09,CLEARED_FALSE_POSITIVE,KNOWN_DEVICE
RVW-202608-003608,ALT-202608-003870,RV-02,2026-08-11T07:58:36,CLEARED_FALSE_POSITIVE,ID_VERIFIED
RVW-202608-003609,ALT-202608-003871,RV-03,2026-09-05T13:33:44,CLEARED_FALSE_POSITIVE,CUSTOMER_CONTACTED
RVW-202608-003610,ALT-202608-003872,RV-05,2026-08-09T21:34:18,CLEARED_FALSE_POSITIVE,CUSTOMER_CONTACTED
RVW-202608-003611,ALT-202608-003873,RV-06,2026-09-05T12:02:31,CLEARED_FALSE_POSITIVE,KNOWN_DEVICE
RVW-202608-003612,ALT-202608-003874,RV-04,2026-08-31T06:40:14,CLEARED_FALSE_POSITIVE,CUSTOMER_CONTACTED
RVW-202608-003613,ALT-202608-003876,RV-02,2026-09-11T10:13:52,CONFIRMED_FRAUD,ATO_CONFIRMED
RVW-202608-003614,ALT-202608-003877,RV-02,2026-08-18T12:46:58,CONFIRMED_FRAUD,SYNTH_ID_CONFIRMED
RVW-202608-003615,ALT-202608-003878,RV-04,2026-08-17T13:53:42,CLEARED_FALSE_POSITIVE,CUSTOMER_CONTACTED
RVW-202608-003616,ALT-202608-003879,RV-04,2026-08-16T10:25:37,CLEARED_FALSE_POSITIVE,KNOWN_DEVICE
RVW-202608-003617,ALT-202608-003880,RV-06,2026-09-07T17:53:45,CLEARED_FALSE_POSITIVE,DOC_VALID
RVW-202608-003618,ALT-202608-003881,RV-05,2026-08-17T09:20:39,CLEARED_FALSE_POSITIVE,KNOWN_DEVICE
RVW-202608-003619,ALT-202608-003882,RV-01,2026-09-01T11:29:53,CLEARED_FALSE_POSITIVE,KNOWN_DEVICE
RVW-202608-003620,ALT-202608-003883,RV-02,2026-08-13T22:17:54,CONFIRMED_FRAUD,MULE_CONFIRMED
RVW-202608-003621,ALT-202608-003884,RV-04,2026-08-08T21:08:00,CONFIRMED_FRAUD,ATO_CONFIRMED
RVW-202608-003622,ALT-202608-003885,RV-04,2026-08-24T17:54:33,CLEARED_FALSE_POSITIVE,KNOWN_DEVICE
RVW-202608-003623,ALT-202608-003886,RV-02,2026-08-19T22:55:55,CLEARED_FALSE_POSITIVE,DOC_VALID
RVW-202608-003624,ALT-202608-003887,RV-06,2026-08-11T06:47:43,CLEARED_FALSE_POSITIVE,KNOWN_DEVICE
RVW-202608-003625,ALT-202608-003888,RV-03,2026-09-06T18:56:46,CLEARED_FALSE_POSITIVE,KNOWN_DEVICE
RVW-202608-003626,ALT-202608-003889,RV-04,2026-08-27T06:30:26,CLEARED_FALSE_POSITIVE,DOC_VALID
RVW-202608-003627,ALT-202608-003890,RV-04,2026-08-17T22:59:08,CLEARED_FALSE_POSITIVE,ID_VERIFIED
RVW-202608-003628,ALT-202608-003891,RV-04,2026-09-01T10:23:36,CLEARED_FALSE_POSITIVE,KNOWN_DEVICE
RVW-202608-003629,ALT-202608-003892,RV-01,2026-08-05T10:52:28,CLEARED_FALSE_POSITIVE,DOC_VALID
RVW-202608-003630,ALT-202608-003893,RV-04,2026-08-16T20:22:48,CLEARED_FALSE_POSITIVE,CUSTOMER_CONTACTED
RVW-202608-003631,ALT-202608-003894,RV-05,2026-08-05T12:59:11,CONFIRMED_FRAUD,DOC_FORGED
RVW-202608-003632,ALT-202608-003895,RV-05,2026-09-03T10:42:01,CLEARED_FALSE_POSITIVE,KNOWN_DEVICE
RVW-202608-003633,ALT-202608-003896,RV-06,2026-08-06T18:06:36,CLEARED_FALSE_POSITIVE,ID_VERIFIED
RVW-202608-003634,ALT-202608-003897,RV-03,2026-08-28T18:35:56,CLEARED_FALSE_POSITIVE,ID_VERIFIED
RVW-202608-003635,ALT-202608-003898,RV-02,2026-08-10T09:18:22,CLEARED_FALSE_POSITIVE,ID_VERIFIED
RVW-202608-003636,ALT-202608-003899,RV-04,2026-08-17T16:53:50,CONFIRMED_FRAUD,SYNTH_ID_CONFIRMED
RVW-202608-003637,ALT-202608-003900,RV-04,2026-08-19T07:01:05,CLEARED_FALSE_POSITIVE,DOC_VALID
RVW-202608-003638,ALT-202608-003901,RV-02,2026-09-04T18:43:28,CONFIRMED_FRAUD,DOC_FORGED
RVW-202608-003639,ALT-202608-003902,RV-01,2026-08-16T20:41:39,CLEARED_FALSE_POSITIVE,DOC_VALID
RVW-202608-003640,ALT-202608-003903,RV-01,2026-08-26T12:37:25,CLEARED_FALSE_POSITIVE,DOC_VALID
RVW-202608-003641,ALT-202608-003904,RV-02,2026-08-17T17:45:36,CLEARED_FALSE_POSITIVE,DOC_VALID
RVW-202608-003642,ALT-202608-003905,RV-05,2026-08-16T19:19:11,CLEARED_FALSE_POSITIVE,DOC_VALID
RVW-202608-003643,ALT-202608-003906,RV-05,2026-08-13T07:28:02,CLEARED_FALSE_POSITIVE,CUSTOMER_CONTACTED
RVW-202608-003644,ALT-202608-003907,RV-05,2026-08-21T10:48:23,CONFIRMED_FRAUD,SYNTH_ID_CONFIRMED
RVW-202608-003645,ALT-202608-003908,RV-03,2026-08-18T14:28:59,CLEARED_FALSE_POSITIVE,CUSTOMER_CONTACTED
RVW-202608-003646,ALT-202608-003909,RV-01,2026-08-06T09:46:46,CLEARED_FALSE_POSITIVE,KNOWN_DEVICE
RVW-202608-003647,ALT-202608-003910,RV-01,2026-08-19T14:32:50,CLEARED_FALSE_POSITIVE,KNOWN_DEVICE
RVW-202608-003648,ALT-202608-003911,RV-03,2026-08-30T21:00:33,INSUFFICIENT_EVIDENCE,AGED_OUT
RVW-202608-003649,ALT-202608-003912,RV-04,2026-08-28T16:44:57,CLEARED_FALSE_POSITIVE,DOC_VALID
RVW-202608-003650,ALT-202608-003913,RV-05,2026-08-17T22:02:31,CLEARED_FALSE_POSITIVE,DOC_VALID
RVW-202608-003651,ALT-202608-003914,RV-01,2026-08-22T09:04:37,CONFIRMED_FRAUD,MULE_CONFIRMED
RVW-202608-003652,ALT-202608-003915,RV-04,2026-08-31T08:11:32,CLEARED_FALSE_POSITIVE,DOC_VALID
RVW-202608-003653,ALT-202608-003916,RV-03,2026-08-15T17:59:43,CLEARED_FALSE_POSITIVE,CUSTOMER_CONTACTED
RVW-202608-003654,ALT-202608-003917,RV-03,2026-08-14T21:38:51,CLEARED_FALSE_POSITIVE,DOC_VALID
RVW-202608-003655,ALT-202608-003918,RV-05,2026-08-19T15:17:13,CLEARED_FALSE_POSITIVE,DOC_VALID
RVW-202608-003656,ALT-202608-003919,RV-06,2026-08-08T18:48:15,INSUFFICIENT_EVIDENCE,NO_CONTACT
RVW-202608-003657,ALT-202608-003920,RV-03,2026-08-28T19:14:51,CLEARED_FALSE_POSITIVE,CUSTOMER_CONTACTED
RVW-202608-003658,ALT-202608-003921,RV-03,2026-08-18T10:24:39,CLEARED_FALSE_POSITIVE,KNOWN_DEVICE
RVW-202608-003659,ALT-202608-003922,RV-01,2026-08-20T06:18:42,CLEARED_FALSE_POSITIVE,ID_VERIFIED
RVW-202608-003660,ALT-202608-003923,RV-06,2026-09-09T13:28:14,CONFIRMED_FRAUD,SYNTH_ID_CONFIRMED
RVW-202608-003661,ALT-202608-003924,RV-01,2026-08-26T20:18:10,CLEARED_FALSE_POSITIVE,ID_VERIFIED
RVW-202608-003662,ALT-202608-003925,RV-03,2026-08-06T11:31:17,CLEARED_FALSE_POSITIVE,CUSTOMER_CONTACTED
RVW-202608-003663,ALT-202608-003926,RV-02,2026-08-28T17:15:14,CONFIRMED_FRAUD,MULE_CONFIRMED
RVW-202608-003664,ALT-202608-003927,RV-02,2026-08-16T20:33:40,CLEARED_FALSE_POSITIVE,DOC_VALID
RVW-202608-003665,ALT-202608-003928,RV-03,2026-08-05T13:55:59,CONFIRMED_FRAUD,MULE_CONFIRMED
RVW-202608-003666,ALT-202608-003929,RV-01,2026-08-22T06:32:52,CLEARED_FALSE_POSITIVE,ID_VERIFIED
RVW-202608-003667,ALT-202608-003930,RV-02,2026-09-06T18:46:15,CLEARED_FALSE_POSITIVE,DOC_VALID
RVW-202608-003668,ALT-202608-003931,RV-02,2026-08-07T11:53:48,CONFIRMED_FRAUD,MULE_CONFIRMED
RVW-202608-003669,ALT-202608-003932,RV-06,2026-08-22T16:58:04,INSUFFICIENT_EVIDENCE,DATA_UNAVAILABLE
RVW-202608-003670,ALT-202608-003933,RV-06,2026-08-31T17:43:42,CLEARED_FALSE_POSITIVE,DOC_VALID
RVW-202608-003671,ALT-202608-003934,RV-01,2026-08-19T10:02:55,CONFIRMED_FRAUD,SYNTH_ID_CONFIRMED
RVW-202608-003672,ALT-202608-003935,RV-05,2026-08-13T19:04:26,CLEARED_FALSE_POSITIVE,CUSTOMER_CONTACTED
RVW-202608-003673,ALT-202608-003936,RV-01,2026-08-26T06:29:23,CLEARED_FALSE_POSITIVE,CUSTOMER_CONTACTED
RVW-202608-003674,ALT-202608-003937,RV-01,2026-09-04T07:18:33,CLEARED_FALSE_POSITIVE,CUSTOMER_CONTACTED
RVW-202608-003675,ALT-202608-003938,RV-05,2026-08-20T18:59:24,CLEARED_FALSE_POSITIVE,DOC_VALID
RVW-202608-003676,ALT-202608-003939,RV-04,2026-08-20T20:25:58,CLEARED_FALSE_POSITIVE,ID_VERIFIED
RVW-202608-003677,ALT-202608-003940,RV-01,2026-09-02T20:37:42,CLEARED_FALSE_POSITIVE,KNOWN_DEVICE
RVW-202608-003678,ALT-202608-003941,RV-03,2026-08-14T22:09:17,INSUFFICIENT_EVIDENCE,AGED_OUT
RVW-202608-003679,ALT-202608-003944,RV-04,2026-08-10T15:23:35,INSUFFICIENT_EVIDENCE,DATA_UNAVAILABLE
RVW-202608-003680,ALT-202608-003945,RV-02,2026-08-06T22:15:54,CLEARED_FALSE_POSITIVE,CUSTOMER_CONTACTED
RVW-202608-003681,ALT-202608-003946,RV-06,2026-08-21T16:01:40,INSUFFICIENT_EVIDENCE,DATA_UNAVAILABLE
RVW-202608-003682,ALT-202608-003947,RV-02,2026-08-10T08:03:53,CLEARED_FALSE_POSITIVE,DOC_VALID
RVW-202608-003683,ALT-202608-003949,RV-02,2026-08-20T19:53:04,CLEARED_FALSE_POSITIVE,CUSTOMER_CONTACTED
RVW-202608-003684,ALT-202608-003950,RV-01,2026-08-17T21:27:52,CONFIRMED_FRAUD,DOC_FORGED
RVW-202608-003685,ALT-202608-003952,RV-02,2026-08-30T12:24:56,INSUFFICIENT_EVIDENCE,AGED_OUT
RVW-202608-003686,ALT-202608-003953,RV-05,2026-08-11T09:22:59,CONFIRMED_FRAUD,ATO_CONFIRMED
RVW-202608-003687,ALT-202608-003954,RV-05,2026-08-29T08:55:00,CLEARED_FALSE_POSITIVE,KNOWN_DEVICE
RVW-202608-003688,ALT-202608-003955,RV-01,2026-08-13T20:34:02,CONFIRMED_FRAUD,DOC_FORGED
RVW-202608-003689,ALT-202608-003956,RV-05,2026-08-31T17:22:45,CLEARED_FALSE_POSITIVE,KNOWN_DEVICE
RVW-202608-003690,ALT-202608-003957,RV-05,2026-08-19T12:36:14,CLEARED_FALSE_POSITIVE,DOC_VALID
RVW-202608-003691,ALT-202608-003958,RV-06,2026-08-14T09:29:54,CONFIRMED_FRAUD,ATO_CONFIRMED
RVW-202608-003692,ALT-202608-003959,RV-04,2026-09-05T12:26:47,CONFIRMED_FRAUD,SYNTH_ID_CONFIRMED
RVW-202608-003693,ALT-202608-003960,RV-03,2026-08-10T07:22:21,CLEARED_FALSE_POSITIVE,KNOWN_DEVICE
RVW-202608-003694,ALT-202608-003961,RV-06,2026-08-11T21:08:56,CLEARED_FALSE_POSITIVE,CUSTOMER_CONTACTED
RVW-202608-003695,ALT-202608-003962,RV-04,2026-08-17T09:13:03,CONFIRMED_FRAUD,MULE_CONFIRMED
RVW-202608-003696,ALT-202608-003963,RV-04,2026-08-16T07:47:05,INSUFFICIENT_EVIDENCE,AGED_OUT
RVW-202608-003697,ALT-202608-003964,RV-02,2026-08-31T14:06:56,CONFIRMED_FRAUD,SYNTH_ID_CONFIRMED
RVW-202608-003698,ALT-202608-003966,RV-02,2026-09-04T06:39:13,CLEARED_FALSE_POSITIVE,KNOWN_DEVICE
RVW-202608-003699,ALT-202608-003967,RV-06,2026-08-13T10:01:48,CLEARED_FALSE_POSITIVE,DOC_VALID
RVW-202608-003700,ALT-202608-003968,RV-06,2026-08-07T07:57:34,CLEARED_FALSE_POSITIVE,CUSTOMER_CONTACTED
RVW-202608-003701,ALT-202608-003969,RV-05,2026-08-27T14:50:48,CLEARED_FALSE_POSITIVE,CUSTOMER_CONTACTED
RVW-202608-003702,ALT-202608-003970,RV-04,2026-08-26T14:16:58,CLEARED_FALSE_POSITIVE,KNOWN_DEVICE
RVW-202608-003703,ALT-202608-003971,RV-06,2026-08-04T10:10:42,CLEARED_FALSE_POSITIVE,KNOWN_DEVICE
RVW-202608-003704,ALT-202608-003972,RV-02,2026-08-25T12:53:30,CLEARED_FALSE_POSITIVE,KNOWN_DEVICE
RVW-202608-003705,ALT-202608-003973,RV-02,2026-08-07T11:14:08,CLEARED_FALSE_POSITIVE,ID_VERIFIED
RVW-202608-003706,ALT-202608-003974,RV-04,2026-08-22T20:33:55,CLEARED_FALSE_POSITIVE,ID_VERIFIED
RVW-202608-003707,ALT-202608-003975,RV-06,2026-08-28T12:50:20,CONFIRMED_FRAUD,SYNTH_ID_CONFIRMED
RVW-202608-003708,ALT-202608-003976,RV-03,2026-08-16T11:02:08,CLEARED_FALSE_POSITIVE,KNOWN_DEVICE
RVW-202608-003709,ALT-202608-003977,RV-04,2026-09-01T10:16:09,CONFIRMED_FRAUD,SYNTH_ID_CONFIRMED
RVW-202608-003710,ALT-202608-003978,RV-06,2026-08-19T19:16:28,CLEARED_FALSE_POSITIVE,DOC_VALID
RVW-202608-003711,ALT-202608-003979,RV-02,2026-08-22T12:05:52,CLEARED_FALSE_POSITIVE,KNOWN_DEVICE
RVW-202608-003712,ALT-202608-003980,RV-01,2026-08-12T07:24:38,CLEARED_FALSE_POSITIVE,CUSTOMER_CONTACTED
RVW-202608-003713,ALT-202608-003981,RV-01,2026-08-14T07:34:32,CLEARED_FALSE_POSITIVE,DOC_VALID
RVW-202608-003714,ALT-202608-003982,RV-05,2026-08-22T22:42:00,CLEARED_FALSE_POSITIVE,DOC_VALID
RVW-202608-003715,ALT-202608-003983,RV-04,2026-08-15T18:54:46,CLEARED_FALSE_POSITIVE,ID_VERIFIED
RVW-202608-003716,ALT-202608-003984,RV-03,2026-08-23T15:52:38,INSUFFICIENT_EVIDENCE,AGED_OUT
RVW-202608-003717,ALT-202608-003985,RV-04,2026-08-30T13:31:08,CLEARED_FALSE_POSITIVE,ID_VERIFIED
RVW-202608-003718,ALT-202608-003986,RV-05,2026-08-23T20:04:48,CLEARED_FALSE_POSITIVE,KNOWN_DEVICE
RVW-202608-003719,ALT-202608-003987,RV-02,2026-08-10T13:51:45,CLEARED_FALSE_POSITIVE,ID_VERIFIED
RVW-202608-003720,ALT-202608-003988,RV-04,2026-08-31T21:32:25,CLEARED_FALSE_POSITIVE,DOC_VALID
RVW-202608-003721,ALT-202608-003989,RV-06,2026-08-26T19:09:52,CONFIRMED_FRAUD,ATO_CONFIRMED
RVW-202608-003722,ALT-202608-003990,RV-04,2026-08-23T15:57:52,CONFIRMED_FRAUD,ATO_CONFIRMED
RVW-202608-003723,ALT-202608-003991,RV-06,2026-08-06T11:06:34,CONFIRMED_FRAUD,SYNTH_ID_CONFIRMED
RVW-202608-003724,ALT-202608-003992,RV-02,2026-08-25T22:03:04,CLEARED_FALSE_POSITIVE,KNOWN_DEVICE
RVW-202608-003725,ALT-202608-003993,RV-04,2026-08-07T17:16:30,CONFIRMED_FRAUD,DOC_FORGED
RVW-202608-003726,ALT-202608-003994,RV-05,2026-09-06T18:24:11,CLEARED_FALSE_POSITIVE,DOC_VALID
RVW-202608-003727,ALT-202608-003995,RV-02,2026-08-28T12:43:03,CONFIRMED_FRAUD,SYNTH_ID_CONFIRMED
RVW-202608-003728,ALT-202608-003996,RV-01,2026-09-08T16:52:49,CLEARED_FALSE_POSITIVE,KNOWN_DEVICE
RVW-202608-003729,ALT-202608-003997,RV-06,2026-08-23T20:04:54,CLEARED_FALSE_POSITIVE,DOC_VALID
RVW-202608-003730,ALT-202608-003998,RV-05,2026-08-07T15:27:05,CLEARED_FALSE_POSITIVE,DOC_VALID
RVW-202608-003731,ALT-202608-003999,RV-02,2026-08-09T16:15:23,CONFIRMED_FRAUD,ATO_CONFIRMED
RVW-202608-003732,ALT-202608-004000,RV-02,2026-08-28T22:53:38,CLEARED_FALSE_POSITIVE,KNOWN_DEVICE
RVW-202608-003733,ALT-202608-004002,RV-01,2026-08-06T16:49:10,CLEARED_FALSE_POSITIVE,ID_VERIFIED
RVW-202608-003734,ALT-202608-004003,RV-04,2026-08-10T14:31:01,CLEARED_FALSE_POSITIVE,DOC_VALID
RVW-202608-003735,ALT-202608-004004,RV-05,2026-09-03T07:18:46,CLEARED_FALSE_POSITIVE,CUSTOMER_CONTACTED
RVW-202608-003736,ALT-202608-004005,RV-04,2026-08-27T18:15:19,CLEARED_FALSE_POSITIVE,ID_VERIFIED
RVW-202608-003737,ALT-202608-004006,RV-02,2026-08-29T09:24:44,CONFIRMED_FRAUD,MULE_CONFIRMED
RVW-202608-003738,ALT-202608-004007,RV-04,2026-09-07T15:15:00,INSUFFICIENT_EVIDENCE,AGED_OUT
RVW-202608-003739,ALT-202608-004009,RV-05,2026-08-27T20:06:52,CLEARED_FALSE_POSITIVE,DOC_VALID
RVW-202608-003740,ALT-202608-004010,RV-04,2026-08-12T11:37:34,CLEARED_FALSE_POSITIVE,CUSTOMER_CONTACTED
RVW-202608-003741,ALT-202608-004011,RV-06,2026-08-19T06:51:57,CLEARED_FALSE_POSITIVE,KNOWN_DEVICE
RVW-202608-003742,ALT-202608-004012,RV-01,2026-08-28T09:48:07,CONFIRMED_FRAUD,MULE_CONFIRMED
RVW-202608-003743,ALT-202608-004013,RV-01,2026-08-16T13:27:18,CONFIRMED_FRAUD,MULE_CONFIRMED
RVW-202608-003744,ALT-202608-004014,RV-05,2026-08-30T10:44:05,CLEARED_FALSE_POSITIVE,ID_VERIFIED
RVW-202608-003745,ALT-202608-004015,RV-04,2026-08-15T06:02:28,CLEARED_FALSE_POSITIVE,KNOWN_DEVICE
RVW-202608-003746,ALT-202608-004016,RV-04,2026-08-10T17:51:15,CLEARED_FALSE_POSITIVE,DOC_VALID
RVW-202608-003747,ALT-202608-004017,RV-06,2026-08-26T18:47:21,CLEARED_FALSE_POSITIVE,DOC_VALID
RVW-202608-003748,ALT-202608-004018,RV-01,2026-09-08T07:45:14,INSUFFICIENT_EVIDENCE,DATA_UNAVAILABLE
RVW-202608-003749,ALT-202608-004019,RV-04,2026-08-21T15:12:00,CLEARED_FALSE_POSITIVE,CUSTOMER_CONTACTED
RVW-202608-003750,ALT-202608-004020,RV-05,2026-08-22T11:50:56,INSUFFICIENT_EVIDENCE,NO_CONTACT
RVW-202608-003751,ALT-202608-004021,RV-02,2026-08-28T06:23:10,CLEARED_FALSE_POSITIVE,ID_VERIFIED
RVW-202608-003752,ALT-202608-004022,RV-02,2026-08-14T19:52:56,CLEARED_FALSE_POSITIVE,CUSTOMER_CONTACTED
RVW-202608-003753,ALT-202608-004023,RV-06,2026-08-23T20:32:54,CLEARED_FALSE_POSITIVE,CUSTOMER_CONTACTED
RVW-202608-003754,ALT-202608-004024,RV-06,2026-08-10T06:36:33,CLEARED_FALSE_POSITIVE,ID_VERIFIED
RVW-202608-003755,ALT-202608-004025,RV-01,2026-08-21T12:36:41,CLEARED_FALSE_POSITIVE,KNOWN_DEVICE
RVW-202608-003756,ALT-202608-004026,RV-01,2026-08-28T08:29:47,CLEARED_FALSE_POSITIVE,KNOWN_DEVICE
RVW-202608-003757,ALT-202608-004028,RV-02,2026-08-18T15:32:20,CLEARED_FALSE_POSITIVE,DOC_VALID
RVW-202608-003758,ALT-202608-004029,RV-03,2026-09-03T15:08:38,CLEARED_FALSE_POSITIVE,DOC_VALID
RVW-202608-003759,ALT-202608-004031,RV-05,2026-08-11T21:24:44,CONFIRMED_FRAUD,SYNTH_ID_CONFIRMED
RVW-202608-003760,ALT-202608-004032,RV-05,2026-08-24T07:58:55,CLEARED_FALSE_POSITIVE,KNOWN_DEVICE
RVW-202608-003761,ALT-202608-004033,RV-04,2026-08-21T15:12:26,CLEARED_FALSE_POSITIVE,DOC_VALID
RVW-202608-003762,ALT-202608-004034,RV-03,2026-09-01T10:22:42,CLEARED_FALSE_POSITIVE,CUSTOMER_CONTACTED
RVW-202608-003763,ALT-202608-004035,RV-06,2026-08-26T18:31:55,CLEARED_FALSE_POSITIVE,CUSTOMER_CONTACTED
RVW-202608-003764,ALT-202608-004036,RV-06,2026-09-01T15:19:39,CLEARED_FALSE_POSITIVE,CUSTOMER_CONTACTED
RVW-202608-003765,ALT-202608-004037,RV-04,2026-08-31T09:15:17,CLEARED_FALSE_POSITIVE,CUSTOMER_CONTACTED
RVW-202608-003766,ALT-202608-004038,RV-05,2026-08-21T20:24:40,CLEARED_FALSE_POSITIVE,ID_VERIFIED
RVW-202608-003767,ALT-202608-004039,RV-04,2026-08-26T12:04:26,CONFIRMED_FRAUD,ATO_CONFIRMED
RVW-202608-003768,ALT-202608-004040,RV-05,2026-08-29T08:27:11,CONFIRMED_FRAUD,MULE_CONFIRMED
RVW-202608-003769,ALT-202608-004041,RV-06,2026-08-24T21:10:57,CLEARED_FALSE_POSITIVE,DOC_VALID
RVW-202608-003770,ALT-202608-004042,RV-06,2026-09-01T17:27:43,CLEARED_FALSE_POSITIVE,CUSTOMER_CONTACTED
RVW-202608-003771,ALT-202608-004043,RV-04,2026-08-12T14:02:58,CONFIRMED_FRAUD,MULE_CONFIRMED
RVW-202608-003772,ALT-202608-004044,RV-03,2026-09-04T06:16:23,CLEARED_FALSE_POSITIVE,CUSTOMER_CONTACTED
RVW-202608-003773,ALT-202608-004045,RV-06,2026-08-26T20:48:43,CONFIRMED_FRAUD,SYNTH_ID_CONFIRMED
RVW-202608-003774,ALT-202608-004046,RV-01,2026-09-08T15:58:02,INSUFFICIENT_EVIDENCE,NO_CONTACT
RVW-202608-003775,ALT-202608-004047,RV-04,2026-08-08T17:55:59,CLEARED_FALSE_POSITIVE,ID_VERIFIED
RVW-202608-003776,ALT-202608-004049,RV-01,2026-08-12T08:11:14,CONFIRMED_FRAUD,MULE_CONFIRMED
RVW-202608-003777,ALT-202608-004050,RV-03,2026-08-15T15:57:36,CONFIRMED_FRAUD,SYNTH_ID_CONFIRMED
RVW-202608-003778,ALT-202608-004051,RV-03,2026-08-09T13:51:18,CLEARED_FALSE_POSITIVE,DOC_VALID
RVW-202608-003779,ALT-202608-004052,RV-06,2026-09-02T21:48:46,CLEARED_FALSE_POSITIVE,ID_VERIFIED
RVW-202608-003780,ALT-202608-004053,RV-04,2026-09-07T10:37:13,CLEARED_FALSE_POSITIVE,KNOWN_DEVICE
RVW-202608-003781,ALT-202608-004054,RV-01,2026-08-18T13:20:23,CLEARED_FALSE_POSITIVE,KNOWN_DEVICE
RVW-202608-003782,ALT-202608-004055,RV-03,2026-08-28T13:23:52,CLEARED_FALSE_POSITIVE,ID_VERIFIED
RVW-202608-003783,ALT-202608-004056,RV-05,2026-08-15T10:17:30,CLEARED_FALSE_POSITIVE,ID_VERIFIED
RVW-202608-003784,ALT-202608-004057,RV-06,2026-08-21T09:06:33,CONFIRMED_FRAUD,DOC_FORGED
RVW-202608-003785,ALT-202608-004058,RV-05,2026-08-16T19:40:29,INSUFFICIENT_EVIDENCE,NO_CONTACT
RVW-202608-003786,ALT-202608-004059,RV-04,2026-08-12T18:12:39,CLEARED_FALSE_POSITIVE,KNOWN_DEVICE
RVW-202608-003787,ALT-202608-004060,RV-06,2026-08-29T18:20:17,CLEARED_FALSE_POSITIVE,ID_VERIFIED
RVW-202608-003788,ALT-202608-004061,RV-01,2026-09-04T08:51:43,CONFIRMED_FRAUD,SYNTH_ID_CONFIRMED
RVW-202608-003789,ALT-202608-004062,RV-01,2026-08-16T16:48:48,CLEARED_FALSE_POSITIVE,CUSTOMER_CONTACTED
RVW-202608-003790,ALT-202608-004063,RV-01,2026-08-04T17:20:18,CLEARED_FALSE_POSITIVE,DOC_VALID
RVW-202608-003791,ALT-202608-004064,RV-01,2026-08-16T12:32:09,CONFIRMED_FRAUD,SYNTH_ID_CONFIRMED
RVW-202608-003792,ALT-202608-004065,RV-06,2026-08-26T17:41:59,CONFIRMED_FRAUD,DOC_FORGED
RVW-202608-003793,ALT-202608-004066,RV-03,2026-08-24T13:52:53,CLEARED_FALSE_POSITIVE,CUSTOMER_CONTACTED
RVW-202608-003794,ALT-202608-004067,RV-05,2026-08-26T13:44:29,CLEARED_FALSE_POSITIVE,ID_VERIFIED
RVW-202608-003795,ALT-202608-004068,RV-05,2026-08-28T18:23:18,CLEARED_FALSE_POSITIVE,ID_VERIFIED
RVW-202608-003796,ALT-202608-004069,RV-04,2026-08-17T08:16:58,CLEARED_FALSE_POSITIVE,ID_VERIFIED
RVW-202608-003797,ALT-202608-004071,RV-02,2026-08-11T06:26:16,INSUFFICIENT_EVIDENCE,NO_CONTACT
RVW-202608-003798,ALT-202608-004072,RV-05,2026-08-12T15:40:51,CLEARED_FALSE_POSITIVE,KNOWN_DEVICE
RVW-202608-003799,ALT-202608-004073,RV-05,2026-09-01T15:23:18,CLEARED_FALSE_POSITIVE,ID_VERIFIED
RVW-202608-003800,ALT-202608-004074,RV-03,2026-08-23T22:55:08,CLEARED_FALSE_POSITIVE,KNOWN_DEVICE
RVW-202608-003801,ALT-202608-004075,RV-06,2026-08-26T14:46:46,CLEARED_FALSE_POSITIVE,ID_VERIFIED
RVW-202608-003802,ALT-202608-004076,RV-02,2026-08-19T09:11:33,CLEARED_FALSE_POSITIVE,KNOWN_DEVICE
RVW-202608-003803,ALT-202608-004077,RV-06,2026-08-23T18:28:12,CLEARED_FALSE_POSITIVE,DOC_VALID
RVW-202608-003804,ALT-202608-004078,RV-02,2026-08-25T06:36:21,CONFIRMED_FRAUD,ATO_CONFIRMED
RVW-202608-003805,ALT-202608-004079,RV-05,2026-08-22T07:13:23,CONFIRMED_FRAUD,SYNTH_ID_CONFIRMED
RVW-202608-003806,ALT-202608-004080,RV-01,2026-09-02T12:07:06,CLEARED_FALSE_POSITIVE,ID_VERIFIED
RVW-202608-003807,ALT-202608-004081,RV-04,2026-08-13T12:28:41,CLEARED_FALSE_POSITIVE,ID_VERIFIED
RVW-202608-003808,ALT-202608-004083,RV-02,2026-08-29T07:04:43,CLEARED_FALSE_POSITIVE,KNOWN_DEVICE
RVW-202608-003809,ALT-202608-004084,RV-06,2026-08-14T16:29:43,CONFIRMED_FRAUD,ATO_CONFIRMED
RVW-202608-003810,ALT-202608-004085,RV-04,2026-08-11T17:03:25,CLEARED_FALSE_POSITIVE,CUSTOMER_CONTACTED
RVW-202608-003811,ALT-202608-004086,RV-06,2026-08-30T17:16:16,CLEARED_FALSE_POSITIVE,CUSTOMER_CONTACTED
RVW-202608-003812,ALT-202608-004087,RV-04,2026-09-03T06:43:19,CLEARED_FALSE_POSITIVE,CUSTOMER_CONTACTED
RVW-202608-003813,ALT-202608-004088,RV-02,2026-09-06T19:01:17,CLEARED_FALSE_POSITIVE,CUSTOMER_CONTACTED
RVW-202608-003814,ALT-202608-004090,RV-05,2026-08-20T12:29:55,CONFIRMED_FRAUD,ATO_CONFIRMED
RVW-202608-003815,ALT-202608-004092,RV-04,2026-08-17T09:41:19,INSUFFICIENT_EVIDENCE,DATA_UNAVAILABLE
RVW-202608-003816,ALT-202608-004093,RV-04,2026-08-10T22:54:10,CLEARED_FALSE_POSITIVE,DOC_VALID
RVW-202608-003817,ALT-202608-004094,RV-03,2026-08-28T21:31:37,CLEARED_FALSE_POSITIVE,KNOWN_DEVICE
RVW-202608-003818,ALT-202608-004095,RV-02,2026-08-31T16:31:17,CLEARED_FALSE_POSITIVE,CUSTOMER_CONTACTED
RVW-202608-003819,ALT-202608-004096,RV-04,2026-08-14T13:53:43,CLEARED_FALSE_POSITIVE,KNOWN_DEVICE
RVW-202608-003820,ALT-202608-004097,RV-02,2026-08-24T16:32:39,CLEARED_FALSE_POSITIVE,ID_VERIFIED
RVW-202608-003821,ALT-202608-004098,RV-02,2026-08-25T12:48:46,CLEARED_FALSE_POSITIVE,ID_VERIFIED
RVW-202608-003822,ALT-202608-004099,RV-01,2026-08-23T11:36:02,CLEARED_FALSE_POSITIVE,KNOWN_DEVICE
RVW-202608-003823,ALT-202608-004100,RV-01,2026-09-02T10:22:22,CONFIRMED_FRAUD,ATO_CONFIRMED
RVW-202608-003824,ALT-202608-004101,RV-06,2026-08-27T19:27:47,CLEARED_FALSE_POSITIVE,KNOWN_DEVICE
RVW-202608-003825,ALT-202608-004102,RV-06,2026-08-24T09:15:19,CLEARED_FALSE_POSITIVE,CUSTOMER_CONTACTED
RVW-202608-003826,ALT-202608-004103,RV-06,2026-08-11T11:27:38,INSUFFICIENT_EVIDENCE,NO_CONTACT
RVW-202608-003827,ALT-202608-004104,RV-04,2026-08-10T13:43:26,CONFIRMED_FRAUD,ATO_CONFIRMED
RVW-202608-003828,ALT-202608-004105,RV-05,2026-08-20T14:41:04,CLEARED_FALSE_POSITIVE,DOC_VALID
RVW-202608-003829,ALT-202608-004106,RV-02,2026-08-17T17:05:29,CLEARED_FALSE_POSITIVE,ID_VERIFIED
RVW-202608-003830,ALT-202608-004107,RV-01,2026-08-03T15:40:34,CLEARED_FALSE_POSITIVE,KNOWN_DEVICE
RVW-202608-003831,ALT-202608-004108,RV-01,2026-08-17T19:47:02,CLEARED_FALSE_POSITIVE,ID_VERIFIED
RVW-202608-003832,ALT-202608-004109,RV-04,2026-08-06T09:25:22,CONFIRMED_FRAUD,ATO_CONFIRMED
RVW-202608-003833,ALT-202608-004110,RV-02,2026-09-02T21:11:53,CONFIRMED_FRAUD,SYNTH_ID_CONFIRMED
RVW-202608-003834,ALT-202608-004111,RV-05,2026-08-15T11:33:31,CONFIRMED_FRAUD,ATO_CONFIRMED
RVW-202608-003835,ALT-202608-004112,RV-04,2026-08-21T19:52:15,CLEARED_FALSE_POSITIVE,DOC_VALID
RVW-202608-003836,ALT-202608-004113,RV-04,2026-08-11T07:34:12,CLEARED_FALSE_POSITIVE,DOC_VALID
RVW-202608-003837,ALT-202608-004114,RV-04,2026-08-15T15:40:36,CLEARED_FALSE_POSITIVE,ID_VERIFIED
RVW-202608-003838,ALT-202608-004115,RV-03,2026-08-05T20:24:17,INSUFFICIENT_EVIDENCE,DATA_UNAVAILABLE
RVW-202608-003839,ALT-202608-004116,RV-02,2026-08-11T18:26:11,INSUFFICIENT_EVIDENCE,AGED_OUT
RVW-202608-003840,ALT-202608-004117,RV-06,2026-08-28T10:32:20,CONFIRMED_FRAUD,MULE_CONFIRMED
RVW-202608-003841,ALT-202608-004118,RV-06,2026-08-19T22:35:03,CONFIRMED_FRAUD,MULE_CONFIRMED
RVW-202608-003842,ALT-202608-004119,RV-04,2026-08-24T12:10:11,CONFIRMED_FRAUD,SYNTH_ID_CONFIRMED
RVW-202608-003843,ALT-202608-004120,RV-05,2026-08-19T11:30:29,CLEARED_FALSE_POSITIVE,CUSTOMER_CONTACTED
RVW-202608-003844,ALT-202608-004121,RV-01,2026-08-30T06:42:25,CLEARED_FALSE_POSITIVE,DOC_VALID
RVW-202608-003845,ALT-202608-004122,RV-02,2026-08-04T11:12:18,CLEARED_FALSE_POSITIVE,KNOWN_DEVICE
RVW-202608-003846,ALT-202608-004123,RV-06,2026-08-14T13:52:24,CLEARED_FALSE_POSITIVE,DOC_VALID
RVW-202608-003847,ALT-202608-004124,RV-06,2026-08-30T18:20:04,CLEARED_FALSE_POSITIVE,DOC_VALID
RVW-202608-003848,ALT-202608-004125,RV-02,2026-08-30T13:39:07,CLEARED_FALSE_POSITIVE,CUSTOMER_CONTACTED
RVW-202608-003849,ALT-202608-004127,RV-01,2026-08-18T22:53:48,CLEARED_FALSE_POSITIVE,CUSTOMER_CONTACTED
RVW-202608-003850,ALT-202608-004128,RV-06,2026-09-10T12:23:05,CLEARED_FALSE_POSITIVE,DOC_VALID
RVW-202608-003851,ALT-202608-004130,RV-06,2026-08-22T22:23:51,CLEARED_FALSE_POSITIVE,DOC_VALID
RVW-202608-003852,ALT-202608-004131,RV-05,2026-08-24T15:15:41,CONFIRMED_FRAUD,MULE_CONFIRMED
RVW-202608-003853,ALT-202608-004133,RV-02,2026-08-13T16:59:30,CLEARED_FALSE_POSITIVE,DOC_VALID
RVW-202608-003854,ALT-202608-004135,RV-05,2026-08-13T20:38:27,INSUFFICIENT_EVIDENCE,DATA_UNAVAILABLE
RVW-202608-003855,ALT-202608-004136,RV-06,2026-08-14T06:33:51,CLEARED_FALSE_POSITIVE,ID_VERIFIED
RVW-202608-003856,ALT-202608-004137,RV-05,2026-08-05T22:38:31,CLEARED_FALSE_POSITIVE,KNOWN_DEVICE
RVW-202608-003857,ALT-202608-004138,RV-04,2026-09-07T21:06:03,CLEARED_FALSE_POSITIVE,DOC_VALID
RVW-202608-003858,ALT-202608-004139,RV-05,2026-08-19T19:01:01,CLEARED_FALSE_POSITIVE,ID_VERIFIED
RVW-202608-003859,ALT-202608-004140,RV-01,2026-08-27T06:33:08,CLEARED_FALSE_POSITIVE,ID_VERIFIED
RVW-202608-003860,ALT-202608-004142,RV-01,2026-08-23T10:42:20,CONFIRMED_FRAUD,SYNTH_ID_CONFIRMED
RVW-202608-003861,ALT-202608-004143,RV-04,2026-09-03T10:56:24,CLEARED_FALSE_POSITIVE,KNOWN_DEVICE
RVW-202608-003862,ALT-202608-004144,RV-03,2026-08-06T19:19:21,CLEARED_FALSE_POSITIVE,DOC_VALID
RVW-202608-003863,ALT-202608-004145,RV-03,2026-08-23T18:52:18,CLEARED_FALSE_POSITIVE,KNOWN_DEVICE
RVW-202608-003864,ALT-202608-004146,RV-01,2026-08-05T09:43:42,CLEARED_FALSE_POSITIVE,DOC_VALID
RVW-202608-003865,ALT-202608-004147,RV-02,2026-08-28T22:36:17,INSUFFICIENT_EVIDENCE,DATA_UNAVAILABLE
RVW-202608-003866,ALT-202608-004148,RV-04,2026-08-16T21:55:12,INSUFFICIENT_EVIDENCE,NO_CONTACT
RVW-202608-003867,ALT-202608-004149,RV-01,2026-08-29T06:45:17,CONFIRMED_FRAUD,MULE_CONFIRMED
RVW-202608-003868,ALT-202608-004150,RV-05,2026-09-04T14:38:41,CLEARED_FALSE_POSITIVE,KNOWN_DEVICE
RVW-202608-003869,ALT-202608-004151,RV-01,2026-09-06T16:29:40,CLEARED_FALSE_POSITIVE,ID_VERIFIED
RVW-202608-003870,ALT-202608-004153,RV-06,2026-09-03T14:13:53,CLEARED_FALSE_POSITIVE,KNOWN_DEVICE
RVW-202608-003871,ALT-202608-004154,RV-02,2026-08-28T09:11:36,CLEARED_FALSE_POSITIVE,DOC_VALID
RVW-202608-003872,ALT-202608-004155,RV-02,2026-09-01T06:56:25,CONFIRMED_FRAUD,ATO_CONFIRMED
RVW-202608-003873,ALT-202608-004156,RV-04,2026-09-08T11:07:48,CONFIRMED_FRAUD,ATO_CONFIRMED
RVW-202608-003874,ALT-202608-004158,RV-02,2026-08-19T19:56:49,CONFIRMED_FRAUD,ATO_CONFIRMED
RVW-202608-003875,ALT-202608-004159,RV-05,2026-08-30T12:43:11,CLEARED_FALSE_POSITIVE,KNOWN_DEVICE
RVW-202608-003876,ALT-202608-004160,RV-03,2026-08-19T06:35:14,CLEARED_FALSE_POSITIVE,DOC_VALID
RVW-202608-003877,ALT-202608-004161,RV-01,2026-08-23T22:58:27,CLEARED_FALSE_POSITIVE,CUSTOMER_CONTACTED
RVW-202608-003878,ALT-202608-004162,RV-02,2026-09-02T22:28:31,CLEARED_FALSE_POSITIVE,CUSTOMER_CONTACTED
RVW-202608-003879,ALT-202608-004163,RV-04,2026-08-13T14:07:17,CLEARED_FALSE_POSITIVE,ID_VERIFIED
RVW-202608-003880,ALT-202608-004164,RV-02,2026-08-15T10:42:53,CLEARED_FALSE_POSITIVE,ID_VERIFIED
RVW-202608-003881,ALT-202608-004165,RV-06,2026-08-22T19:48:20,CLEARED_FALSE_POSITIVE,ID_VERIFIED
RVW-202608-003882,ALT-202608-004166,RV-01,2026-08-22T14:37:48,CLEARED_FALSE_POSITIVE,KNOWN_DEVICE
RVW-202608-003883,ALT-202608-004167,RV-02,2026-08-08T11:22:49,CONFIRMED_FRAUD,SYNTH_ID_CONFIRMED
RVW-202608-003884,ALT-202608-004168,RV-06,2026-08-30T22:15:56,CONFIRMED_FRAUD,SYNTH_ID_CONFIRMED
RVW-202608-003885,ALT-202608-004169,RV-01,2026-08-26T13:56:03,CLEARED_FALSE_POSITIVE,DOC_VALID
RVW-202608-003886,ALT-202608-004170,RV-04,2026-09-05T13:45:25,CLEARED_FALSE_POSITIVE,KNOWN_DEVICE
RVW-202608-003887,ALT-202608-004172,RV-04,2026-08-31T15:04:25,CLEARED_FALSE_POSITIVE,ID_VERIFIED
RVW-202608-003888,ALT-202608-004173,RV-06,2026-08-28T08:55:51,CLEARED_FALSE_POSITIVE,ID_VERIFIED
RVW-202608-003889,ALT-202608-004174,RV-06,2026-08-20T06:24:45,CLEARED_FALSE_POSITIVE,KNOWN_DEVICE
RVW-202608-003890,ALT-202608-004175,RV-02,2026-08-18T11:03:30,CONFIRMED_FRAUD,ATO_CONFIRMED
RVW-202608-003891,ALT-202608-004176,RV-05,2026-08-14T07:37:13,CLEARED_FALSE_POSITIVE,ID_VERIFIED
RVW-202608-003892,ALT-202608-004177,RV-02,2026-08-11T14:58:42,CLEARED_FALSE_POSITIVE,KNOWN_DEVICE
RVW-202608-003893,ALT-202608-004178,RV-04,2026-08-19T12:34:39,INSUFFICIENT_EVIDENCE,NO_CONTACT
RVW-202608-003894,ALT-202608-004179,RV-04,2026-08-30T07:37:54,CLEARED_FALSE_POSITIVE,CUSTOMER_CONTACTED
RVW-202608-003895,ALT-202608-004180,RV-02,2026-08-16T21:11:02,CLEARED_FALSE_POSITIVE,CUSTOMER_CONTACTED
RVW-202608-003896,ALT-202608-004181,RV-01,2026-08-12T16:50:11,CONFIRMED_FRAUD,DOC_FORGED
RVW-202608-003897,ALT-202608-004185,RV-01,2026-08-30T09:39:16,CLEARED_FALSE_POSITIVE,CUSTOMER_CONTACTED
RVW-202608-003898,ALT-202608-004186,RV-03,2026-08-08T09:25:53,INSUFFICIENT_EVIDENCE,NO_CONTACT
RVW-202608-003899,ALT-202608-004187,RV-06,2026-08-27T08:09:07,CLEARED_FALSE_POSITIVE,DOC_VALID
RVW-202608-003900,ALT-202608-004188,RV-06,2026-08-29T18:42:33,CLEARED_FALSE_POSITIVE,CUSTOMER_CONTACTED
RVW-202608-003901,ALT-202608-004189,RV-06,2026-09-01T06:40:28,CLEARED_FALSE_POSITIVE,DOC_VALID
RVW-202608-003902,ALT-202608-004190,RV-02,2026-08-13T11:38:57,CLEARED_FALSE_POSITIVE,KNOWN_DEVICE
RVW-202608-003903,ALT-202608-004191,RV-02,2026-08-12T13:47:04,INSUFFICIENT_EVIDENCE,DATA_UNAVAILABLE
RVW-202608-003904,ALT-202608-004192,RV-03,2026-08-11T08:55:34,CLEARED_FALSE_POSITIVE,KNOWN_DEVICE
RVW-202608-003905,ALT-202608-004193,RV-02,2026-08-23T17:47:25,CLEARED_FALSE_POSITIVE,KNOWN_DEVICE
RVW-202608-003906,ALT-202608-004195,RV-05,2026-08-15T19:08:58,CLEARED_FALSE_POSITIVE,KNOWN_DEVICE
RVW-202608-003907,ALT-202608-004197,RV-03,2026-08-18T17:20:36,CLEARED_FALSE_POSITIVE,ID_VERIFIED
RVW-202608-003908,ALT-202608-004198,RV-03,2026-08-18T11:48:44,CLEARED_FALSE_POSITIVE,KNOWN_DEVICE
RVW-202608-003909,ALT-202608-004199,RV-01,2026-08-16T17:10:13,INSUFFICIENT_EVIDENCE,DATA_UNAVAILABLE
RVW-202608-003910,ALT-202608-004200,RV-03,2026-08-23T10:03:14,CLEARED_FALSE_POSITIVE,ID_VERIFIED
RVW-202608-003911,ALT-202608-004201,RV-06,2026-09-06T14:54:06,CLEARED_FALSE_POSITIVE,ID_VERIFIED
RVW-202608-003912,ALT-202608-004202,RV-03,2026-08-15T21:17:10,CLEARED_FALSE_POSITIVE,CUSTOMER_CONTACTED
RVW-202608-003913,ALT-202608-004203,RV-01,2026-09-01T15:44:14,CLEARED_FALSE_POSITIVE,CUSTOMER_CONTACTED
RVW-202608-003914,ALT-202608-004205,RV-05,2026-08-21T11:22:04,CLEARED_FALSE_POSITIVE,KNOWN_DEVICE
RVW-202608-003915,ALT-202608-004206,RV-03,2026-08-13T12:10:25,CLEARED_FALSE_POSITIVE,KNOWN_DEVICE
RVW-202608-003916,ALT-202608-004207,RV-06,2026-08-10T10:12:43,CLEARED_FALSE_POSITIVE,CUSTOMER_CONTACTED
RVW-202608-003917,ALT-202608-004208,RV-02,2026-08-06T12:07:22,CLEARED_FALSE_POSITIVE,CUSTOMER_CONTACTED
RVW-202608-003918,ALT-202608-004209,RV-02,2026-08-24T07:31:50,CONFIRMED_FRAUD,ATO_CONFIRMED
RVW-202608-003919,ALT-202608-004210,RV-02,2026-08-21T13:01:50,CLEARED_FALSE_POSITIVE,KNOWN_DEVICE
RVW-202608-003920,ALT-202608-004211,RV-02,2026-08-17T19:14:25,CLEARED_FALSE_POSITIVE,ID_VERIFIED
RVW-202608-003921,ALT-202608-004212,RV-03,2026-08-29T22:33:56,CLEARED_FALSE_POSITIVE,ID_VERIFIED
RVW-202608-003922,ALT-202608-004213,RV-01,2026-08-13T11:51:25,CLEARED_FALSE_POSITIVE,KNOWN_DEVICE
RVW-202608-003923,ALT-202608-004214,RV-04,2026-08-28T09:09:32,CLEARED_FALSE_POSITIVE,ID_VERIFIED
RVW-202608-003924,ALT-202608-004215,RV-06,2026-08-09T10:18:26,CLEARED_FALSE_POSITIVE,DOC_VALID
RVW-202608-003925,ALT-202608-004216,RV-01,2026-08-08T17:16:37,INSUFFICIENT_EVIDENCE,AGED_OUT
RVW-202608-003926,ALT-202608-004217,RV-06,2026-08-30T21:45:51,CONFIRMED_FRAUD,MULE_CONFIRMED
RVW-202608-003927,ALT-202608-004218,RV-05,2026-08-09T14:48:39,CLEARED_FALSE_POSITIVE,CUSTOMER_CONTACTED
RVW-202608-003928,ALT-202608-004219,RV-02,2026-08-12T07:35:42,CLEARED_FALSE_POSITIVE,DOC_VALID
RVW-202608-003929,ALT-202608-004220,RV-01,2026-08-05T20:11:21,INSUFFICIENT_EVIDENCE,NO_CONTACT
RVW-202608-003930,ALT-202608-004221,RV-06,2026-09-01T12:53:30,CLEARED_FALSE_POSITIVE,DOC_VALID
RVW-202608-003931,ALT-202608-004222,RV-04,2026-08-27T14:13:41,INSUFFICIENT_EVIDENCE,AGED_OUT
RVW-202608-003932,ALT-202608-004223,RV-03,2026-08-27T22:22:44,CLEARED_FALSE_POSITIVE,DOC_VALID
RVW-202608-003933,ALT-202608-004224,RV-03,2026-08-30T09:20:25,CLEARED_FALSE_POSITIVE,CUSTOMER_CONTACTED
RVW-202608-003934,ALT-202608-004226,RV-05,2026-08-31T12:13:18,CONFIRMED_FRAUD,MULE_CONFIRMED
RVW-202608-003935,ALT-202608-004227,RV-04,2026-08-28T16:37:30,CLEARED_FALSE_POSITIVE,CUSTOMER_CONTACTED
RVW-202608-003936,ALT-202608-004228,RV-04,2026-08-18T08:16:27,INSUFFICIENT_EVIDENCE,NO_CONTACT
RVW-202608-003937,ALT-202608-004229,RV-04,2026-09-02T06:24:41,CLEARED_FALSE_POSITIVE,ID_VERIFIED
RVW-202608-003938,ALT-202608-004230,RV-05,2026-08-14T11:09:02,CLEARED_FALSE_POSITIVE,DOC_VALID
RVW-202608-003939,ALT-202608-004231,RV-05,2026-09-03T16:49:40,INSUFFICIENT_EVIDENCE,DATA_UNAVAILABLE
RVW-202608-003940,ALT-202608-004232,RV-03,2026-08-26T07:56:41,CLEARED_FALSE_POSITIVE,DOC_VALID
RVW-202608-003941,ALT-202608-004233,RV-03,2026-08-19T07:47:13,CONFIRMED_FRAUD,ATO_CONFIRMED
RVW-202608-003942,ALT-202608-004234,RV-05,2026-08-16T11:50:14,CLEARED_FALSE_POSITIVE,KNOWN_DEVICE
RVW-202608-003943,ALT-202608-004235,RV-06,2026-08-09T11:38:54,CLEARED_FALSE_POSITIVE,KNOWN_DEVICE
RVW-202608-003944,ALT-202608-004236,RV-02,2026-09-04T08:35:16,CLEARED_FALSE_POSITIVE,CUSTOMER_CONTACTED
RVW-202608-003945,ALT-202608-004237,RV-04,2026-09-03T08:25:54,CLEARED_FALSE_POSITIVE,ID_VERIFIED
RVW-202608-003946,ALT-202608-004238,RV-02,2026-09-09T11:57:26,CLEARED_FALSE_POSITIVE,KNOWN_DEVICE
RVW-202608-003947,ALT-202608-004239,RV-02,2026-08-26T16:57:32,CONFIRMED_FRAUD,DOC_FORGED
RVW-202608-003948,ALT-202608-004240,RV-02,2026-08-07T16:20:09,CLEARED_FALSE_POSITIVE,DOC_VALID
RVW-202608-003949,ALT-202608-004241,RV-02,2026-08-11T18:58:01,CLEARED_FALSE_POSITIVE,KNOWN_DEVICE
RVW-202608-003950,ALT-202608-004242,RV-04,2026-09-06T14:33:22,CLEARED_FALSE_POSITIVE,CUSTOMER_CONTACTED
RVW-202608-003951,ALT-202608-004243,RV-02,2026-08-24T19:38:43,CONFIRMED_FRAUD,MULE_CONFIRMED
RVW-202608-003952,ALT-202608-004244,RV-03,2026-08-30T21:33:32,INSUFFICIENT_EVIDENCE,DATA_UNAVAILABLE
RVW-202608-003953,ALT-202608-004245,RV-05,2026-08-11T12:10:52,CLEARED_FALSE_POSITIVE,CUSTOMER_CONTACTED
RVW-202608-003954,ALT-202608-004246,RV-04,2026-09-08T15:31:46,CONFIRMED_FRAUD,SYNTH_ID_CONFIRMED
RVW-202608-003955,ALT-202608-004247,RV-04,2026-09-03T16:37:50,CONFIRMED_FRAUD,SYNTH_ID_CONFIRMED
RVW-202608-003956,ALT-202608-004248,RV-02,2026-09-06T14:08:15,CONFIRMED_FRAUD,MULE_CONFIRMED
RVW-202608-003957,ALT-202608-004249,RV-05,2026-09-03T18:04:35,CLEARED_FALSE_POSITIVE,KNOWN_DEVICE
RVW-202608-003958,ALT-202608-004250,RV-05,2026-09-02T17:08:43,CLEARED_FALSE_POSITIVE,CUSTOMER_CONTACTED
RVW-202608-003959,ALT-202608-004251,RV-06,2026-08-22T11:19:49,CONFIRMED_FRAUD,SYNTH_ID_CONFIRMED
RVW-202608-003960,ALT-202608-004252,RV-01,2026-08-14T16:55:54,CLEARED_FALSE_POSITIVE,KNOWN_DEVICE
RVW-202608-003961,ALT-202608-004253,RV-01,2026-09-04T06:24:22,CONFIRMED_FRAUD,ATO_CONFIRMED
RVW-202608-003962,ALT-202608-004254,RV-03,2026-08-30T12:55:06,CLEARED_FALSE_POSITIVE,ID_VERIFIED
RVW-202608-003963,ALT-202608-004255,RV-02,2026-08-27T06:53:00,CLEARED_FALSE_POSITIVE,CUSTOMER_CONTACTED
RVW-202608-003964,ALT-202608-004256,RV-04,2026-08-25T13:24:34,CLEARED_FALSE_POSITIVE,DOC_VALID
RVW-202608-003965,ALT-202608-004257,RV-04,2026-08-20T20:51:59,CLEARED_FALSE_POSITIVE,KNOWN_DEVICE
RVW-202608-003966,ALT-202608-004258,RV-06,2026-08-26T10:33:47,CLEARED_FALSE_POSITIVE,DOC_VALID
RVW-202608-003967,ALT-202608-004259,RV-06,2026-08-13T16:47:56,CONFIRMED_FRAUD,MULE_CONFIRMED
RVW-202608-003968,ALT-202608-004261,RV-06,2026-08-10T16:06:07,CLEARED_FALSE_POSITIVE,DOC_VALID
RVW-202608-003969,ALT-202608-004262,RV-06,2026-08-10T07:18:30,CLEARED_FALSE_POSITIVE,KNOWN_DEVICE
RVW-202608-003970,ALT-202608-004263,RV-02,2026-08-12T10:11:28,CONFIRMED_FRAUD,SYNTH_ID_CONFIRMED
RVW-202608-003971,ALT-202608-004264,RV-05,2026-08-15T06:39:06,CLEARED_FALSE_POSITIVE,KNOWN_DEVICE
RVW-202608-003972,ALT-202608-004265,RV-01,2026-08-10T09:38:20,CLEARED_FALSE_POSITIVE,ID_VERIFIED
RVW-202608-003973,ALT-202608-004266,RV-01,2026-08-30T22:06:00,CLEARED_FALSE_POSITIVE,ID_VERIFIED
RVW-202608-003974,ALT-202608-004267,RV-02,2026-08-15T18:17:23,CLEARED_FALSE_POSITIVE,KNOWN_DEVICE
RVW-202608-003975,ALT-202608-004268,RV-01,2026-08-04T16:53:31,INSUFFICIENT_EVIDENCE,NO_CONTACT
RVW-202608-003976,ALT-202608-004269,RV-01,2026-08-07T13:48:10,CLEARED_FALSE_POSITIVE,CUSTOMER_CONTACTED
RVW-202608-003977,ALT-202608-004270,RV-03,2026-08-22T15:59:39,CLEARED_FALSE_POSITIVE,ID_VERIFIED
RVW-202608-003978,ALT-202608-004271,RV-06,2026-08-17T14:47:47,CLEARED_FALSE_POSITIVE,CUSTOMER_CONTACTED
RVW-202608-003979,ALT-202608-004272,RV-03,2026-08-13T20:41:50,INSUFFICIENT_EVIDENCE,NO_CONTACT
RVW-202608-003980,ALT-202608-004273,RV-03,2026-08-23T11:07:47,CLEARED_FALSE_POSITIVE,CUSTOMER_CONTACTED
RVW-202608-003981,ALT-202608-004274,RV-04,2026-08-14T11:02:04,CLEARED_FALSE_POSITIVE,DOC_VALID
RVW-202608-003982,ALT-202608-004275,RV-04,2026-08-08T14:14:53,CLEARED_FALSE_POSITIVE,DOC_VALID
RVW-202608-003983,ALT-202608-004276,RV-03,2026-08-23T16:40:11,CLEARED_FALSE_POSITIVE,CUSTOMER_CONTACTED
RVW-202608-003984,ALT-202608-004277,RV-06,2026-08-19T11:56:41,CONFIRMED_FRAUD,MULE_CONFIRMED
RVW-202608-003985,ALT-202608-004278,RV-01,2026-08-24T06:06:13,CLEARED_FALSE_POSITIVE,ID_VERIFIED
RVW-202608-003986,ALT-202608-004279,RV-03,2026-08-27T09:11:56,CLEARED_FALSE_POSITIVE,KNOWN_DEVICE
RVW-202608-003987,ALT-202608-004280,RV-02,2026-08-30T10:34:42,CLEARED_FALSE_POSITIVE,CUSTOMER_CONTACTED
RVW-202608-003988,ALT-202608-004281,RV-02,2026-08-13T07:22:22,CLEARED_FALSE_POSITIVE,KNOWN_DEVICE
RVW-202608-003989,ALT-202608-004283,RV-02,2026-08-29T14:56:19,CONFIRMED_FRAUD,DOC_FORGED
RVW-202608-003990,ALT-202608-004285,RV-02,2026-08-23T18:45:07,CLEARED_FALSE_POSITIVE,ID_VERIFIED
RVW-202608-003991,ALT-202608-004286,RV-01,2026-08-28T21:39:34,CLEARED_FALSE_POSITIVE,DOC_VALID
RVW-202608-003992,ALT-202608-004287,RV-05,2026-08-15T21:33:25,CLEARED_FALSE_POSITIVE,DOC_VALID
RVW-202608-003993,ALT-202608-004288,RV-03,2026-08-15T11:19:01,CONFIRMED_FRAUD,SYNTH_ID_CONFIRMED
RVW-202608-003994,ALT-202608-004289,RV-03,2026-08-22T16:27:49,CLEARED_FALSE_POSITIVE,KNOWN_DEVICE
RVW-202608-003995,ALT-202608-004290,RV-04,2026-08-29T18:11:51,CONFIRMED_FRAUD,DOC_FORGED
RVW-202608-003996,ALT-202608-004291,RV-05,2026-09-04T21:38:10,CLEARED_FALSE_POSITIVE,CUSTOMER_CONTACTED
RVW-202608-003997,ALT-202608-004292,RV-06,2026-08-09T20:20:27,CLEARED_FALSE_POSITIVE,KNOWN_DEVICE
RVW-202608-003998,ALT-202608-004293,RV-05,2026-08-18T08:01:26,CLEARED_FALSE_POSITIVE,ID_VERIFIED
RVW-202608-003999,ALT-202608-004294,RV-01,2026-08-18T16:45:06,CLEARED_FALSE_POSITIVE,DOC_VALID
RVW-202608-004000,ALT-202608-004295,RV-06,2026-08-25T16:55:51,CLEARED_FALSE_POSITIVE,KNOWN_DEVICE
RVW-202608-004001,ALT-202608-004296,RV-04,2026-08-30T10:52:50,CLEARED_FALSE_POSITIVE,ID_VERIFIED
RVW-202608-004002,ALT-202608-004297,RV-05,2026-08-11T15:08:37,CLEARED_FALSE_POSITIVE,CUSTOMER_CONTACTED
RVW-202608-004003,ALT-202608-004298,RV-02,2026-09-04T06:27:29,CLEARED_FALSE_POSITIVE,KNOWN_DEVICE
RVW-202608-004004,ALT-202608-004299,RV-01,2026-08-19T13:26:24,CLEARED_FALSE_POSITIVE,DOC_VALID
RVW-202608-004005,ALT-202608-004300,RV-03,2026-09-03T17:34:32,CLEARED_FALSE_POSITIVE,ID_VERIFIED
RVW-202608-004006,ALT-202608-004301,RV-06,2026-08-10T11:53:55,CONFIRMED_FRAUD,DOC_FORGED
RVW-202608-004007,ALT-202608-004302,RV-01,2026-08-14T09:07:46,CLEARED_FALSE_POSITIVE,CUSTOMER_CONTACTED
RVW-202608-004008,ALT-202608-004303,RV-01,2026-08-22T22:15:30,CLEARED_FALSE_POSITIVE,ID_VERIFIED
RVW-202608-004009,ALT-202608-004304,RV-04,2026-08-13T16:08:53,CLEARED_FALSE_POSITIVE,KNOWN_DEVICE
RVW-202608-004010,ALT-202608-004305,RV-02,2026-08-17T15:30:41,INSUFFICIENT_EVIDENCE,AGED_OUT
RVW-202608-004011,ALT-202608-004307,RV-04,2026-09-09T20:02:22,CONFIRMED_FRAUD,ATO_CONFIRMED
RVW-202608-004012,ALT-202608-004308,RV-04,2026-08-15T09:59:48,CLEARED_FALSE_POSITIVE,CUSTOMER_CONTACTED
RVW-202608-004013,ALT-202608-004309,RV-02,2026-08-15T20:48:16,CLEARED_FALSE_POSITIVE,DOC_VALID
RVW-202608-004014,ALT-202608-004310,RV-04,2026-09-02T16:52:44,CLEARED_FALSE_POSITIVE,KNOWN_DEVICE
RVW-202608-004015,ALT-202608-004311,RV-04,2026-08-02T14:36:31,CLEARED_FALSE_POSITIVE,ID_VERIFIED
RVW-202608-004016,ALT-202608-004312,RV-02,2026-09-06T19:04:35,CLEARED_FALSE_POSITIVE,CUSTOMER_CONTACTED
RVW-202608-004017,ALT-202608-004313,RV-02,2026-08-29T14:30:07,CLEARED_FALSE_POSITIVE,CUSTOMER_CONTACTED
RVW-202608-004018,ALT-202608-004314,RV-03,2026-08-05T22:36:58,CLEARED_FALSE_POSITIVE,CUSTOMER_CONTACTED
RVW-202608-004019,ALT-202608-004315,RV-06,2026-08-11T10:52:46,CLEARED_FALSE_POSITIVE,CUSTOMER_CONTACTED
RVW-202608-004020,ALT-202608-004316,RV-01,2026-09-04T07:48:34,CONFIRMED_FRAUD,ATO_CONFIRMED
RVW-202608-004021,ALT-202608-004317,RV-02,2026-08-15T15:45:38,CLEARED_FALSE_POSITIVE,ID_VERIFIED
RVW-202608-004022,ALT-202608-004318,RV-01,2026-08-13T15:27:01,CLEARED_FALSE_POSITIVE,ID_VERIFIED
RVW-202608-004023,ALT-202608-004319,RV-06,2026-08-30T16:58:37,CLEARED_FALSE_POSITIVE,DOC_VALID
RVW-202608-004024,ALT-202608-004320,RV-03,2026-08-28T18:59:54,CLEARED_FALSE_POSITIVE,KNOWN_DEVICE
RVW-202608-004025,ALT-202608-004321,RV-04,2026-08-27T16:32:52,CLEARED_FALSE_POSITIVE,CUSTOMER_CONTACTED
RVW-202608-004026,ALT-202608-004323,RV-02,2026-08-28T21:01:56,CLEARED_FALSE_POSITIVE,DOC_VALID
RVW-202608-004027,ALT-202608-004324,RV-06,2026-09-01T17:07:59,CLEARED_FALSE_POSITIVE,ID_VERIFIED
RVW-202608-004028,ALT-202608-004325,RV-04,2026-09-05T16:58:38,CONFIRMED_FRAUD,DOC_FORGED
RVW-202608-004029,ALT-202608-004326,RV-03,2026-08-13T15:17:04,CLEARED_FALSE_POSITIVE,DOC_VALID
RVW-202608-004030,ALT-202608-004327,RV-01,2026-08-13T09:25:58,CLEARED_FALSE_POSITIVE,ID_VERIFIED
RVW-202608-004031,ALT-202608-004328,RV-04,2026-08-18T17:22:21,CLEARED_FALSE_POSITIVE,CUSTOMER_CONTACTED
RVW-202608-004032,ALT-202608-004329,RV-03,2026-08-21T07:00:01,CLEARED_FALSE_POSITIVE,DOC_VALID
RVW-202608-004033,ALT-202608-004331,RV-01,2026-08-11T08:48:47,CLEARED_FALSE_POSITIVE,CUSTOMER_CONTACTED
RVW-202608-004034,ALT-202608-004332,RV-05,2026-08-20T17:15:26,CLEARED_FALSE_POSITIVE,CUSTOMER_CONTACTED
RVW-202608-004035,ALT-202608-004333,RV-05,2026-09-05T07:49:07,CLEARED_FALSE_POSITIVE,ID_VERIFIED
RVW-202608-004036,ALT-202608-004334,RV-02,2026-08-30T15:54:57,CLEARED_FALSE_POSITIVE,KNOWN_DEVICE
RVW-202608-004037,ALT-202608-004335,RV-04,2026-08-23T14:28:28,CLEARED_FALSE_POSITIVE,DOC_VALID
RVW-202608-004038,ALT-202608-004336,RV-03,2026-08-07T07:37:28,CLEARED_FALSE_POSITIVE,DOC_VALID
RVW-202608-004039,ALT-202608-004337,RV-03,2026-08-02T18:09:12,CONFIRMED_FRAUD,MULE_CONFIRMED
RVW-202608-004040,ALT-202608-004338,RV-03,2026-08-29T10:01:36,CLEARED_FALSE_POSITIVE,KNOWN_DEVICE
RVW-202608-004041,ALT-202608-004339,RV-03,2026-08-29T17:39:55,CLEARED_FALSE_POSITIVE,KNOWN_DEVICE
RVW-202608-004042,ALT-202608-004340,RV-04,2026-08-12T21:53:30,CLEARED_FALSE_POSITIVE,ID_VERIFIED
RVW-202608-004043,ALT-202608-004341,RV-01,2026-08-08T07:52:37,CLEARED_FALSE_POSITIVE,CUSTOMER_CONTACTED
RVW-202608-004044,ALT-202608-004342,RV-01,2026-08-11T14:31:28,CLEARED_FALSE_POSITIVE,KNOWN_DEVICE
RVW-202608-004045,ALT-202608-004343,RV-02,2026-08-08T16:51:41,CONFIRMED_FRAUD,SYNTH_ID_CONFIRMED
RVW-202608-004046,ALT-202608-004344,RV-04,2026-08-20T12:31:18,CLEARED_FALSE_POSITIVE,KNOWN_DEVICE
RVW-202608-004047,ALT-202608-004345,RV-04,2026-08-04T19:26:37,CONFIRMED_FRAUD,DOC_FORGED
RVW-202608-004048,ALT-202608-004346,RV-02,2026-08-25T15:55:15,CLEARED_FALSE_POSITIVE,ID_VERIFIED
RVW-202608-004049,ALT-202608-004347,RV-03,2026-08-29T22:58:10,CLEARED_FALSE_POSITIVE,KNOWN_DEVICE
RVW-202608-004050,ALT-202608-004348,RV-05,2026-08-17T19:03:16,CONFIRMED_FRAUD,ATO_CONFIRMED
RVW-202608-004051,ALT-202608-004349,RV-04,2026-08-19T06:46:45,CLEARED_FALSE_POSITIVE,DOC_VALID
RVW-202608-004052,ALT-202608-004350,RV-02,2026-08-31T10:07:32,CLEARED_FALSE_POSITIVE,ID_VERIFIED
RVW-202608-004053,ALT-202608-004351,RV-06,2026-08-09T22:03:58,CLEARED_FALSE_POSITIVE,KNOWN_DEVICE
RVW-202608-004054,ALT-202608-004352,RV-06,2026-08-13T13:16:55,CLEARED_FALSE_POSITIVE,KNOWN_DEVICE
RVW-202608-004055,ALT-202608-004353,RV-01,2026-08-16T16:06:30,CLEARED_FALSE_POSITIVE,CUSTOMER_CONTACTED
RVW-202608-004056,ALT-202608-004354,RV-03,2026-08-08T20:39:17,CLEARED_FALSE_POSITIVE,KNOWN_DEVICE
RVW-202608-004057,ALT-202608-004355,RV-02,2026-08-15T16:27:23,CLEARED_FALSE_POSITIVE,KNOWN_DEVICE
RVW-202608-004058,ALT-202608-004356,RV-03,2026-08-28T13:45:53,CLEARED_FALSE_POSITIVE,DOC_VALID
RVW-202608-004059,ALT-202608-004357,RV-04,2026-08-18T13:53:46,CONFIRMED_FRAUD,ATO_CONFIRMED
RVW-202608-004060,ALT-202608-004358,RV-02,2026-08-25T13:57:50,CLEARED_FALSE_POSITIVE,ID_VERIFIED
RVW-202608-004061,ALT-202608-004359,RV-01,2026-08-11T10:09:55,INSUFFICIENT_EVIDENCE,NO_CONTACT
RVW-202608-004062,ALT-202608-004360,RV-05,2026-08-22T18:51:52,CONFIRMED_FRAUD,ATO_CONFIRMED
RVW-202608-004063,ALT-202608-004361,RV-05,2026-08-16T06:19:44,CONFIRMED_FRAUD,SYNTH_ID_CONFIRMED
RVW-202608-004064,ALT-202608-004362,RV-02,2026-09-04T20:29:42,CLEARED_FALSE_POSITIVE,ID_VERIFIED
RVW-202608-004065,ALT-202608-004363,RV-05,2026-08-29T22:16:59,CLEARED_FALSE_POSITIVE,DOC_VALID
RVW-202608-004066,ALT-202608-004364,RV-05,2026-08-17T19:50:55,CLEARED_FALSE_POSITIVE,ID_VERIFIED
RVW-202608-004067,ALT-202608-004365,RV-06,2026-09-01T12:26:19,CLEARED_FALSE_POSITIVE,DOC_VALID
RVW-202608-004068,ALT-202608-004367,RV-05,2026-08-26T11:40:20,CLEARED_FALSE_POSITIVE,KNOWN_DEVICE
RVW-202608-004069,ALT-202608-004368,RV-04,2026-08-15T13:39:08,CLEARED_FALSE_POSITIVE,DOC_VALID
RVW-202608-004070,ALT-202608-004369,RV-06,2026-08-21T10:45:52,CLEARED_FALSE_POSITIVE,DOC_VALID
RVW-202608-004071,ALT-202608-004370,RV-03,2026-08-16T09:05:06,INSUFFICIENT_EVIDENCE,NO_CONTACT
RVW-202608-004072,ALT-202608-004372,RV-02,2026-08-18T17:52:47,INSUFFICIENT_EVIDENCE,DATA_UNAVAILABLE
RVW-202608-004073,ALT-202608-004373,RV-06,2026-08-22T13:16:48,CLEARED_FALSE_POSITIVE,CUSTOMER_CONTACTED
RVW-202608-004074,ALT-202608-004374,RV-06,2026-08-14T20:50:34,CLEARED_FALSE_POSITIVE,CUSTOMER_CONTACTED
RVW-202608-004075,ALT-202608-004375,RV-01,2026-08-05T19:41:06,CLEARED_FALSE_POSITIVE,DOC_VALID
RVW-202608-004076,ALT-202608-004376,RV-04,2026-08-12T09:56:28,CONFIRMED_FRAUD,ATO_CONFIRMED
RVW-202608-004077,ALT-202608-004377,RV-03,2026-08-17T14:03:36,INSUFFICIENT_EVIDENCE,NO_CONTACT
RVW-202608-004078,ALT-202608-004378,RV-06,2026-08-08T12:12:10,CLEARED_FALSE_POSITIVE,ID_VERIFIED
RVW-202608-004079,ALT-202608-004379,RV-01,2026-09-01T14:04:30,CLEARED_FALSE_POSITIVE,KNOWN_DEVICE
RVW-202608-004080,ALT-202608-004380,RV-05,2026-08-20T16:40:52,CLEARED_FALSE_POSITIVE,ID_VERIFIED
RVW-202608-004081,ALT-202608-004381,RV-06,2026-08-31T18:32:56,INSUFFICIENT_EVIDENCE,AGED_OUT
RVW-202608-004082,ALT-202608-004382,RV-01,2026-08-27T22:15:09,CONFIRMED_FRAUD,MULE_CONFIRMED
RVW-202608-004083,ALT-202608-004383,RV-06,2026-08-19T11:28:28,CLEARED_FALSE_POSITIVE,ID_VERIFIED
RVW-202608-004084,ALT-202608-004384,RV-04,2026-08-18T19:28:29,CLEARED_FALSE_POSITIVE,ID_VERIFIED
RVW-202608-004085,ALT-202608-004385,RV-04,2026-09-02T19:50:17,CLEARED_FALSE_POSITIVE,ID_VERIFIED
RVW-202608-004086,ALT-202608-004386,RV-06,2026-08-20T20:54:08,CLEARED_FALSE_POSITIVE,DOC_VALID
RVW-202608-004087,ALT-202608-004387,RV-04,2026-08-28T08:18:26,CLEARED_FALSE_POSITIVE,DOC_VALID
RVW-202608-004088,ALT-202608-004389,RV-02,2026-08-24T13:01:16,CLEARED_FALSE_POSITIVE,DOC_VALID
RVW-202608-004089,ALT-202608-004390,RV-04,2026-09-03T13:54:20,CONFIRMED_FRAUD,ATO_CONFIRMED
RVW-202608-004090,ALT-202608-004391,RV-03,2026-08-27T13:02:39,CONFIRMED_FRAUD,MULE_CONFIRMED
RVW-202608-004091,ALT-202608-004392,RV-06,2026-09-08T22:36:19,CLEARED_FALSE_POSITIVE,ID_VERIFIED
RVW-202608-004092,ALT-202608-004393,RV-02,2026-08-12T07:40:00,CLEARED_FALSE_POSITIVE,DOC_VALID
RVW-202608-004093,ALT-202608-004394,RV-06,2026-09-05T19:32:21,CONFIRMED_FRAUD,MULE_CONFIRMED
RVW-202608-004094,ALT-202608-004395,RV-04,2026-08-24T22:35:12,INSUFFICIENT_EVIDENCE,AGED_OUT
RVW-202608-004095,ALT-202608-004396,RV-02,2026-09-03T12:28:45,CLEARED_FALSE_POSITIVE,ID_VERIFIED
RVW-202608-004096,ALT-202608-004397,RV-05,2026-08-27T08:13:47,CONFIRMED_FRAUD,MULE_CONFIRMED
RVW-202608-004097,ALT-202608-004398,RV-02,2026-08-31T14:15:30,CLEARED_FALSE_POSITIVE,CUSTOMER_CONTACTED
RVW-202608-004098,ALT-202608-004399,RV-04,2026-08-14T21:14:06,CLEARED_FALSE_POSITIVE,KNOWN_DEVICE
RVW-202608-004099,ALT-202608-004400,RV-03,2026-08-14T14:39:57,CLEARED_FALSE_POSITIVE,KNOWN_DEVICE
RVW-202608-004100,ALT-202608-004401,RV-02,2026-09-05T20:24:59,CLEARED_FALSE_POSITIVE,CUSTOMER_CONTACTED
RVW-202608-004101,ALT-202608-004402,RV-03,2026-09-03T13:11:57,CLEARED_FALSE_POSITIVE,DOC_VALID
RVW-202608-004102,ALT-202608-004403,RV-03,2026-08-23T22:09:56,CLEARED_FALSE_POSITIVE,ID_VERIFIED
RVW-202608-004103,ALT-202608-004404,RV-02,2026-08-19T15:41:56,CLEARED_FALSE_POSITIVE,DOC_VALID
RVW-202608-004104,ALT-202608-004405,RV-05,2026-08-29T07:45:44,CONFIRMED_FRAUD,MULE_CONFIRMED
RVW-202608-004105,ALT-202608-004406,RV-01,2026-08-20T13:46:25,CLEARED_FALSE_POSITIVE,ID_VERIFIED
RVW-202608-004106,ALT-202608-004407,RV-06,2026-08-18T18:15:35,CLEARED_FALSE_POSITIVE,ID_VERIFIED
RVW-202608-004107,ALT-202608-004408,RV-06,2026-08-06T14:16:02,CLEARED_FALSE_POSITIVE,KNOWN_DEVICE
RVW-202608-004108,ALT-202608-004409,RV-05,2026-08-12T10:27:22,INSUFFICIENT_EVIDENCE,DATA_UNAVAILABLE
RVW-202608-004109,ALT-202608-004410,RV-02,2026-08-10T08:05:35,CLEARED_FALSE_POSITIVE,DOC_VALID
RVW-202608-004110,ALT-202608-004411,RV-06,2026-08-23T12:45:38,CLEARED_FALSE_POSITIVE,KNOWN_DEVICE
RVW-202608-004111,ALT-202608-004412,RV-02,2026-09-06T16:26:47,CLEARED_FALSE_POSITIVE,DOC_VALID
RVW-202608-004112,ALT-202608-004413,RV-03,2026-09-02T14:02:38,CLEARED_FALSE_POSITIVE,CUSTOMER_CONTACTED
RVW-202608-004113,ALT-202608-004414,RV-06,2026-08-08T17:13:10,CONFIRMED_FRAUD,DOC_FORGED
RVW-202608-004114,ALT-202608-004415,RV-04,2026-09-07T12:01:32,CLEARED_FALSE_POSITIVE,DOC_VALID
RVW-202608-004115,ALT-202608-004416,RV-03,2026-08-23T09:32:44,CLEARED_FALSE_POSITIVE,CUSTOMER_CONTACTED
RVW-202608-004116,ALT-202608-004417,RV-05,2026-08-29T13:21:55,CLEARED_FALSE_POSITIVE,CUSTOMER_CONTACTED
RVW-202608-004117,ALT-202608-004419,RV-01,2026-08-25T14:50:08,CLEARED_FALSE_POSITIVE,DOC_VALID
RVW-202608-004118,ALT-202608-004420,RV-06,2026-08-15T20:23:12,CONFIRMED_FRAUD,DOC_FORGED
RVW-202608-004119,ALT-202608-004421,RV-02,2026-08-27T12:12:35,CLEARED_FALSE_POSITIVE,DOC_VALID
RVW-202608-004120,ALT-202608-004422,RV-03,2026-08-26T21:03:51,CLEARED_FALSE_POSITIVE,KNOWN_DEVICE
RVW-202608-004121,ALT-202608-004423,RV-06,2026-08-28T22:55:59,INSUFFICIENT_EVIDENCE,NO_CONTACT
RVW-202608-004122,ALT-202608-004424,RV-06,2026-08-26T17:03:49,CLEARED_FALSE_POSITIVE,KNOWN_DEVICE
RVW-202608-004123,ALT-202608-004425,RV-02,2026-08-29T14:55:32,CLEARED_FALSE_POSITIVE,DOC_VALID
RVW-202608-004124,ALT-202608-004426,RV-01,2026-08-31T14:06:47,CLEARED_FALSE_POSITIVE,KNOWN_DEVICE
RVW-202608-004125,ALT-202608-004427,RV-06,2026-08-17T13:55:38,CLEARED_FALSE_POSITIVE,DOC_VALID
RVW-202608-004126,ALT-202608-004428,RV-05,2026-08-31T10:00:44,CLEARED_FALSE_POSITIVE,DOC_VALID
RVW-202608-004127,ALT-202608-004429,RV-05,2026-08-29T15:14:56,CLEARED_FALSE_POSITIVE,ID_VERIFIED
RVW-202608-004128,ALT-202608-004430,RV-06,2026-08-22T21:46:25,CLEARED_FALSE_POSITIVE,ID_VERIFIED
RVW-202608-004129,ALT-202608-004431,RV-03,2026-09-05T13:09:19,CLEARED_FALSE_POSITIVE,CUSTOMER_CONTACTED
RVW-202608-004130,ALT-202608-004432,RV-02,2026-09-07T08:21:20,CONFIRMED_FRAUD,ATO_CONFIRMED
RVW-202608-004131,ALT-202608-004433,RV-06,2026-08-13T21:31:39,CLEARED_FALSE_POSITIVE,ID_VERIFIED
RVW-202608-004132,ALT-202608-004434,RV-02,2026-08-16T19:08:00,CLEARED_FALSE_POSITIVE,CUSTOMER_CONTACTED
RVW-202608-004133,ALT-202608-004435,RV-02,2026-08-27T12:22:52,CLEARED_FALSE_POSITIVE,CUSTOMER_CONTACTED
RVW-202608-004134,ALT-202608-004436,RV-04,2026-08-13T18:19:57,CLEARED_FALSE_POSITIVE,ID_VERIFIED
RVW-202608-004135,ALT-202608-004437,RV-01,2026-08-22T15:11:09,CLEARED_FALSE_POSITIVE,KNOWN_DEVICE
RVW-202608-004136,ALT-202608-004438,RV-03,2026-08-21T08:10:15,INSUFFICIENT_EVIDENCE,DATA_UNAVAILABLE
RVW-202608-004137,ALT-202608-004439,RV-04,2026-08-24T19:08:01,CONFIRMED_FRAUD,SYNTH_ID_CONFIRMED
RVW-202608-004138,ALT-202608-004442,RV-04,2026-08-31T14:58:08,CONFIRMED_FRAUD,ATO_CONFIRMED
RVW-202608-004139,ALT-202608-004443,RV-02,2026-08-12T21:50:05,CONFIRMED_FRAUD,DOC_FORGED
RVW-202608-004140,ALT-202608-004444,RV-03,2026-08-29T08:33:05,CLEARED_FALSE_POSITIVE,DOC_VALID
RVW-202608-004141,ALT-202608-004445,RV-05,2026-08-23T14:02:34,CLEARED_FALSE_POSITIVE,ID_VERIFIED
RVW-202608-004142,ALT-202608-004446,RV-04,2026-09-01T22:01:39,CLEARED_FALSE_POSITIVE,ID_VERIFIED
RVW-202608-004143,ALT-202608-004447,RV-06,2026-08-10T15:27:12,CLEARED_FALSE_POSITIVE,CUSTOMER_CONTACTED
RVW-202608-004144,ALT-202608-004448,RV-02,2026-08-10T06:04:29,CLEARED_FALSE_POSITIVE,ID_VERIFIED
RVW-202608-004145,ALT-202608-004449,RV-01,2026-08-08T14:21:36,CLEARED_FALSE_POSITIVE,ID_VERIFIED
RVW-202608-004146,ALT-202608-004450,RV-06,2026-08-28T09:11:59,CLEARED_FALSE_POSITIVE,ID_VERIFIED
RVW-202608-004147,ALT-202608-004451,RV-04,2026-09-09T07:33:27,CLEARED_FALSE_POSITIVE,ID_VERIFIED
RVW-202608-004148,ALT-202608-004452,RV-02,2026-08-17T12:55:59,CONFIRMED_FRAUD,DOC_FORGED
RVW-202608-004149,ALT-202608-004453,RV-06,2026-09-06T11:22:15,CONFIRMED_FRAUD,SYNTH_ID_CONFIRMED
RVW-202608-004150,ALT-202608-004454,RV-01,2026-08-19T15:27:33,INSUFFICIENT_EVIDENCE,DATA_UNAVAILABLE
RVW-202608-004151,ALT-202608-004455,RV-06,2026-08-07T16:55:14,CLEARED_FALSE_POSITIVE,CUSTOMER_CONTACTED
RVW-202608-004152,ALT-202608-004456,RV-01,2026-08-28T07:38:18,CLEARED_FALSE_POSITIVE,DOC_VALID
RVW-202608-004153,ALT-202608-004457,RV-06,2026-08-26T07:44:46,CLEARED_FALSE_POSITIVE,ID_VERIFIED
RVW-202608-004154,ALT-202608-004458,RV-05,2026-08-25T21:30:35,CLEARED_FALSE_POSITIVE,CUSTOMER_CONTACTED
RVW-202608-004155,ALT-202608-004459,RV-03,2026-08-22T19:13:07,CLEARED_FALSE_POSITIVE,ID_VERIFIED
RVW-202608-004156,ALT-202608-004460,RV-01,2026-08-30T09:54:15,CLEARED_FALSE_POSITIVE,DOC_VALID
RVW-202608-004157,ALT-202608-004461,RV-05,2026-09-01T08:52:37,CLEARED_FALSE_POSITIVE,DOC_VALID
RVW-202608-004158,ALT-202608-004463,RV-02,2026-08-14T08:20:53,CLEARED_FALSE_POSITIVE,CUSTOMER_CONTACTED
RVW-202608-004159,ALT-202608-004464,RV-02,2026-09-03T13:50:20,CONFIRMED_FRAUD,DOC_FORGED
RVW-202608-004160,ALT-202608-004465,RV-06,2026-09-04T16:16:31,CLEARED_FALSE_POSITIVE,ID_VERIFIED
RVW-202608-004161,ALT-202608-004466,RV-06,2026-09-05T13:14:21,CONFIRMED_FRAUD,DOC_FORGED
RVW-202608-004162,ALT-202608-004467,RV-03,2026-09-01T10:08:05,CONFIRMED_FRAUD,ATO_CONFIRMED
RVW-202608-004163,ALT-202608-004468,RV-02,2026-08-19T15:13:44,CLEARED_FALSE_POSITIVE,KNOWN_DEVICE
RVW-202608-004164,ALT-202608-004469,RV-02,2026-08-28T20:04:05,CLEARED_FALSE_POSITIVE,ID_VERIFIED
RVW-202608-004165,ALT-202608-004470,RV-06,2026-08-22T11:44:22,CLEARED_FALSE_POSITIVE,ID_VERIFIED
RVW-202608-004166,ALT-202608-004471,RV-04,2026-08-08T20:58:06,CLEARED_FALSE_POSITIVE,ID_VERIFIED
RVW-202608-004167,ALT-202608-004472,RV-05,2026-09-07T09:59:28,CONFIRMED_FRAUD,MULE_CONFIRMED
RVW-202608-004168,ALT-202608-004473,RV-04,2026-08-15T06:08:14,CONFIRMED_FRAUD,SYNTH_ID_CONFIRMED
RVW-202608-004169,ALT-202608-004474,RV-04,2026-08-12T10:12:34,CLEARED_FALSE_POSITIVE,CUSTOMER_CONTACTED
RVW-202608-004170,ALT-202608-004475,RV-03,2026-08-26T17:32:02,CLEARED_FALSE_POSITIVE,CUSTOMER_CONTACTED
RVW-202608-004171,ALT-202608-004476,RV-03,2026-08-12T07:29:58,CLEARED_FALSE_POSITIVE,CUSTOMER_CONTACTED
RVW-202608-004172,ALT-202608-004478,RV-06,2026-08-12T10:17:09,CLEARED_FALSE_POSITIVE,ID_VERIFIED
RVW-202608-004173,ALT-202608-004479,RV-04,2026-09-02T08:04:17,CLEARED_FALSE_POSITIVE,DOC_VALID
RVW-202608-004174,ALT-202608-004480,RV-06,2026-08-21T15:32:11,CLEARED_FALSE_POSITIVE,DOC_VALID
RVW-202608-004175,ALT-202608-004481,RV-02,2026-08-30T09:27:06,CLEARED_FALSE_POSITIVE,DOC_VALID
RVW-202608-004176,ALT-202608-004482,RV-04,2026-08-11T13:01:50,CLEARED_FALSE_POSITIVE,KNOWN_DEVICE
RVW-202608-004177,ALT-202608-004483,RV-05,2026-09-02T16:46:09,CLEARED_FALSE_POSITIVE,KNOWN_DEVICE
RVW-202608-004178,ALT-202608-004484,RV-02,2026-09-01T10:19:27,CLEARED_FALSE_POSITIVE,CUSTOMER_CONTACTED
RVW-202608-004179,ALT-202608-004485,RV-03,2026-08-20T17:16:58,CLEARED_FALSE_POSITIVE,ID_VERIFIED
RVW-202608-004180,ALT-202608-004486,RV-02,2026-08-14T18:01:59,CONFIRMED_FRAUD,ATO_CONFIRMED
RVW-202608-004181,ALT-202608-004487,RV-04,2026-09-07T19:41:49,CLEARED_FALSE_POSITIVE,ID_VERIFIED
RVW-202608-004182,ALT-202608-004488,RV-05,2026-09-07T19:45:57,CLEARED_FALSE_POSITIVE,KNOWN_DEVICE
RVW-202608-004183,ALT-202608-004489,RV-02,2026-08-04T14:33:25,CLEARED_FALSE_POSITIVE,DOC_VALID
RVW-202608-004184,ALT-202608-004490,RV-06,2026-08-21T14:36:21,CLEARED_FALSE_POSITIVE,DOC_VALID
RVW-202608-004185,ALT-202608-004491,RV-05,2026-08-23T16:42:46,CLEARED_FALSE_POSITIVE,KNOWN_DEVICE
RVW-202608-004186,ALT-202608-004492,RV-05,2026-08-22T20:45:38,CONFIRMED_FRAUD,MULE_CONFIRMED
RVW-202608-004187,ALT-202608-004493,RV-06,2026-08-26T13:49:53,CLEARED_FALSE_POSITIVE,KNOWN_DEVICE
RVW-202608-004188,ALT-202608-004494,RV-03,2026-08-24T16:50:23,CONFIRMED_FRAUD,ATO_CONFIRMED
RVW-202608-004189,ALT-202608-004495,RV-01,2026-09-08T07:44:20,CLEARED_FALSE_POSITIVE,CUSTOMER_CONTACTED
RVW-202608-004190,ALT-202608-004496,RV-03,2026-08-20T12:37:52,CLEARED_FALSE_POSITIVE,ID_VERIFIED
RVW-202608-004191,ALT-202608-004497,RV-03,2026-09-10T22:20:35,CLEARED_FALSE_POSITIVE,KNOWN_DEVICE
RVW-202608-004192,ALT-202608-004498,RV-06,2026-08-21T10:02:41,CLEARED_FALSE_POSITIVE,CUSTOMER_CONTACTED
RVW-202608-004193,ALT-202608-004500,RV-01,2026-08-17T12:52:31,CLEARED_FALSE_POSITIVE,CUSTOMER_CONTACTED
RVW-202608-004194,ALT-202608-004501,RV-02,2026-08-20T11:56:01,CLEARED_FALSE_POSITIVE,CUSTOMER_CONTACTED
RVW-202608-004195,ALT-202608-004502,RV-06,2026-08-27T07:54:53,CLEARED_FALSE_POSITIVE,DOC_VALID
RVW-202608-004196,ALT-202608-004503,RV-03,2026-08-10T06:07:53,INSUFFICIENT_EVIDENCE,AGED_OUT
RVW-202608-004197,ALT-202608-004504,RV-02,2026-08-18T12:27:45,INSUFFICIENT_EVIDENCE,DATA_UNAVAILABLE
RVW-202608-004198,ALT-202608-004506,RV-03,2026-09-08T21:22:14,CLEARED_FALSE_POSITIVE,KNOWN_DEVICE
RVW-202608-004199,ALT-202608-004507,RV-02,2026-08-30T11:50:32,CONFIRMED_FRAUD,ATO_CONFIRMED
RVW-202608-004200,ALT-202608-004508,RV-02,2026-08-21T21:12:07,CLEARED_FALSE_POSITIVE,ID_VERIFIED
RVW-202608-004201,ALT-202608-004509,RV-03,2026-08-08T19:04:08,CLEARED_FALSE_POSITIVE,CUSTOMER_CONTACTED
RVW-202608-004202,ALT-202608-004510,RV-05,2026-08-13T07:46:46,CLEARED_FALSE_POSITIVE,CUSTOMER_CONTACTED
RVW-202608-004203,ALT-202608-004511,RV-03,2026-08-02T22:50:49,CONFIRMED_FRAUD,DOC_FORGED
RVW-202608-004204,ALT-202608-004513,RV-05,2026-09-06T11:47:51,CONFIRMED_FRAUD,DOC_FORGED
RVW-202608-004205,ALT-202608-004514,RV-06,2026-08-25T10:18:58,CLEARED_FALSE_POSITIVE,DOC_VALID
RVW-202608-004206,ALT-202608-004515,RV-04,2026-08-13T20:14:27,CLEARED_FALSE_POSITIVE,KNOWN_DEVICE
RVW-202608-004207,ALT-202608-004516,RV-06,2026-09-06T12:32:32,CLEARED_FALSE_POSITIVE,CUSTOMER_CONTACTED
RVW-202608-004208,ALT-202608-004517,RV-03,2026-08-22T16:23:46,CLEARED_FALSE_POSITIVE,KNOWN_DEVICE
RVW-202608-004209,ALT-202608-004519,RV-02,2026-09-02T07:59:57,CLEARED_FALSE_POSITIVE,ID_VERIFIED
RVW-202608-004210,ALT-202608-004520,RV-03,2026-08-29T07:26:20,CLEARED_FALSE_POSITIVE,DOC_VALID
RVW-202608-004211,ALT-202608-004521,RV-03,2026-09-04T16:26:59,CLEARED_FALSE_POSITIVE,CUSTOMER_CONTACTED
RVW-202608-004212,ALT-202608-004522,RV-05,2026-08-07T22:17:01,CLEARED_FALSE_POSITIVE,DOC_VALID
RVW-202608-004213,ALT-202608-004523,RV-06,2026-08-06T18:59:16,CLEARED_FALSE_POSITIVE,KNOWN_DEVICE
RVW-202608-004214,ALT-202608-004524,RV-03,2026-08-07T18:25:45,CLEARED_FALSE_POSITIVE,DOC_VALID
RVW-202608-004215,ALT-202608-004525,RV-03,2026-08-10T11:38:31,CLEARED_FALSE_POSITIVE,DOC_VALID
RVW-202608-004216,ALT-202608-004526,RV-04,2026-08-27T10:47:07,CLEARED_FALSE_POSITIVE,DOC_VALID
RVW-202608-004217,ALT-202608-004527,RV-06,2026-08-27T19:03:28,CLEARED_FALSE_POSITIVE,ID_VERIFIED
RVW-202608-004218,ALT-202608-004528,RV-01,2026-08-25T22:05:36,CLEARED_FALSE_POSITIVE,ID_VERIFIED
RVW-202608-004219,ALT-202608-004529,RV-04,2026-08-13T07:32:27,CLEARED_FALSE_POSITIVE,DOC_VALID
RVW-202608-004220,ALT-202608-004530,RV-05,2026-08-09T13:23:26,CLEARED_FALSE_POSITIVE,DOC_VALID
RVW-202608-004221,ALT-202608-004531,RV-05,2026-08-29T19:56:17,CLEARED_FALSE_POSITIVE,CUSTOMER_CONTACTED
RVW-202608-004222,ALT-202608-004532,RV-01,2026-08-17T08:53:57,CONFIRMED_FRAUD,SYNTH_ID_CONFIRMED
RVW-202608-004223,ALT-202608-004533,RV-06,2026-08-20T22:21:15,CONFIRMED_FRAUD,MULE_CONFIRMED
RVW-202608-004224,ALT-202608-004535,RV-04,2026-09-02T10:16:41,CLEARED_FALSE_POSITIVE,KNOWN_DEVICE
RVW-202608-004225,ALT-202608-004536,RV-04,2026-09-07T19:24:16,CLEARED_FALSE_POSITIVE,KNOWN_DEVICE
RVW-202608-004226,ALT-202608-004537,RV-03,2026-08-13T16:43:31,CLEARED_FALSE_POSITIVE,KNOWN_DEVICE
RVW-202608-004227,ALT-202608-004538,RV-04,2026-08-18T16:38:58,CLEARED_FALSE_POSITIVE,ID_VERIFIED
RVW-202608-004228,ALT-202608-004539,RV-02,2026-09-03T10:07:27,CLEARED_FALSE_POSITIVE,ID_VERIFIED
RVW-202608-004229,ALT-202608-004541,RV-03,2026-09-10T13:38:09,CLEARED_FALSE_POSITIVE,KNOWN_DEVICE
RVW-202608-004230,ALT-202608-004542,RV-01,2026-08-27T08:22:00,CLEARED_FALSE_POSITIVE,CUSTOMER_CONTACTED
RVW-202608-004231,ALT-202608-004545,RV-02,2026-08-03T17:34:02,INSUFFICIENT_EVIDENCE,NO_CONTACT
RVW-202608-004232,ALT-202608-004546,RV-06,2026-09-05T15:57:48,CLEARED_FALSE_POSITIVE,CUSTOMER_CONTACTED
RVW-202608-004233,ALT-202608-004547,RV-02,2026-08-09T10:01:08,CONFIRMED_FRAUD,ATO_CONFIRMED
RVW-202608-004234,ALT-202608-004548,RV-05,2026-08-23T19:51:36,CONFIRMED_FRAUD,MULE_CONFIRMED
RVW-202608-004235,ALT-202608-004549,RV-05,2026-08-28T06:08:30,CLEARED_FALSE_POSITIVE,KNOWN_DEVICE
RVW-202608-004236,ALT-202608-004550,RV-05,2026-08-24T21:40:45,CONFIRMED_FRAUD,DOC_FORGED
RVW-202608-004237,ALT-202608-004551,RV-02,2026-09-02T14:44:40,CLEARED_FALSE_POSITIVE,CUSTOMER_CONTACTED
RVW-202608-004238,ALT-202608-004552,RV-05,2026-08-16T12:34:05,CLEARED_FALSE_POSITIVE,ID_VERIFIED
RVW-202608-004239,ALT-202608-004553,RV-06,2026-08-14T12:12:04,CLEARED_FALSE_POSITIVE,CUSTOMER_CONTACTED
RVW-202608-004240,ALT-202608-004554,RV-04,2026-08-25T12:50:12,INSUFFICIENT_EVIDENCE,AGED_OUT
RVW-202608-004241,ALT-202608-004556,RV-05,2026-08-10T16:12:30,CONFIRMED_FRAUD,SYNTH_ID_CONFIRMED
RVW-202608-004242,ALT-202608-004557,RV-05,2026-09-08T19:52:31,CLEARED_FALSE_POSITIVE,DOC_VALID
RVW-202608-004243,ALT-202608-004558,RV-02,2026-08-13T22:18:42,CLEARED_FALSE_POSITIVE,DOC_VALID
RVW-202608-004244,ALT-202608-004559,RV-02,2026-08-08T12:24:17,CONFIRMED_FRAUD,MULE_CONFIRMED
RVW-202608-004245,ALT-202608-004560,RV-01,2026-09-01T10:19:42,CLEARED_FALSE_POSITIVE,ID_VERIFIED
RVW-202608-004246,ALT-202608-004561,RV-03,2026-08-08T15:21:26,CLEARED_FALSE_POSITIVE,DOC_VALID
RVW-202608-004247,ALT-202608-004562,RV-02,2026-09-01T06:45:11,CLEARED_FALSE_POSITIVE,CUSTOMER_CONTACTED
RVW-202608-004248,ALT-202608-004564,RV-06,2026-08-18T16:14:52,CLEARED_FALSE_POSITIVE,ID_VERIFIED
RVW-202608-004249,ALT-202608-004565,RV-02,2026-08-23T10:37:42,CLEARED_FALSE_POSITIVE,DOC_VALID
RVW-202608-004250,ALT-202608-004566,RV-06,2026-09-04T17:51:37,CLEARED_FALSE_POSITIVE,KNOWN_DEVICE
RVW-202608-004251,ALT-202608-004567,RV-02,2026-08-29T14:25:04,CLEARED_FALSE_POSITIVE,DOC_VALID
RVW-202608-004252,ALT-202608-004568,RV-02,2026-08-13T06:59:15,INSUFFICIENT_EVIDENCE,DATA_UNAVAILABLE
RVW-202608-004253,ALT-202608-004569,RV-02,2026-08-27T17:04:34,CLEARED_FALSE_POSITIVE,KNOWN_DEVICE
RVW-202608-004254,ALT-202608-004570,RV-03,2026-08-26T10:26:18,CLEARED_FALSE_POSITIVE,DOC_VALID
RVW-202608-004255,ALT-202608-004571,RV-06,2026-08-07T22:00:58,CLEARED_FALSE_POSITIVE,ID_VERIFIED
RVW-202608-004256,ALT-202608-004573,RV-02,2026-08-27T19:55:35,CLEARED_FALSE_POSITIVE,CUSTOMER_CONTACTED
RVW-202608-004257,ALT-202608-004574,RV-03,2026-08-17T13:58:41,CLEARED_FALSE_POSITIVE,ID_VERIFIED
RVW-202608-004258,ALT-202608-004575,RV-01,2026-08-16T12:08:02,CLEARED_FALSE_POSITIVE,ID_VERIFIED
RVW-202608-004259,ALT-202608-004576,RV-02,2026-08-30T07:36:25,CONFIRMED_FRAUD,DOC_FORGED
RVW-202608-004260,ALT-202608-004577,RV-03,2026-08-18T09:45:56,CLEARED_FALSE_POSITIVE,CUSTOMER_CONTACTED
RVW-202608-004261,ALT-202608-004578,RV-02,2026-08-28T12:14:46,CONFIRMED_FRAUD,ATO_CONFIRMED
RVW-202608-004262,ALT-202608-004579,RV-06,2026-08-18T19:04:22,CLEARED_FALSE_POSITIVE,ID_VERIFIED
RVW-202608-004263,ALT-202608-004580,RV-02,2026-08-21T08:43:30,CONFIRMED_FRAUD,MULE_CONFIRMED
RVW-202608-004264,ALT-202608-004581,RV-06,2026-08-14T08:31:48,CONFIRMED_FRAUD,MULE_CONFIRMED
RVW-202608-004265,ALT-202608-004582,RV-02,2026-08-10T09:11:12,CONFIRMED_FRAUD,ATO_CONFIRMED
RVW-202608-004266,ALT-202608-004583,RV-01,2026-08-16T20:42:12,CLEARED_FALSE_POSITIVE,CUSTOMER_CONTACTED
RVW-202608-004267,ALT-202608-004584,RV-06,2026-08-24T17:41:52,CLEARED_FALSE_POSITIVE,KNOWN_DEVICE
RVW-202608-004268,ALT-202608-004585,RV-05,2026-08-20T16:21:00,CLEARED_FALSE_POSITIVE,CUSTOMER_CONTACTED
RVW-202608-004269,ALT-202608-004586,RV-01,2026-08-15T08:12:49,CLEARED_FALSE_POSITIVE,ID_VERIFIED
RVW-202608-004270,ALT-202608-004587,RV-04,2026-08-30T22:24:18,CLEARED_FALSE_POSITIVE,DOC_VALID
RVW-202608-004271,ALT-202608-004588,RV-04,2026-08-29T09:03:58,CONFIRMED_FRAUD,ATO_CONFIRMED
RVW-202608-004272,ALT-202608-004589,RV-03,2026-08-04T13:12:30,INSUFFICIENT_EVIDENCE,AGED_OUT
RVW-202608-004273,ALT-202608-004590,RV-04,2026-08-20T13:42:01,CONFIRMED_FRAUD,MULE_CONFIRMED
RVW-202608-004274,ALT-202608-004591,RV-06,2026-09-02T06:04:33,CONFIRMED_FRAUD,ATO_CONFIRMED
RVW-202608-004275,ALT-202608-004592,RV-04,2026-08-07T12:41:07,CLEARED_FALSE_POSITIVE,KNOWN_DEVICE
RVW-202608-004276,ALT-202608-004593,RV-04,2026-08-29T14:04:39,CLEARED_FALSE_POSITIVE,CUSTOMER_CONTACTED
RVW-202608-004277,ALT-202608-004594,RV-03,2026-08-18T09:18:40,CLEARED_FALSE_POSITIVE,DOC_VALID
RVW-202608-004278,ALT-202608-004595,RV-05,2026-09-06T19:01:31,CLEARED_FALSE_POSITIVE,DOC_VALID
RVW-202608-004279,ALT-202608-004596,RV-04,2026-08-20T08:06:16,CLEARED_FALSE_POSITIVE,KNOWN_DEVICE
RVW-202608-004280,ALT-202608-004597,RV-06,2026-08-21T11:08:57,CLEARED_FALSE_POSITIVE,CUSTOMER_CONTACTED
RVW-202608-004281,ALT-202608-004598,RV-02,2026-08-20T11:53:04,CLEARED_FALSE_POSITIVE,DOC_VALID
RVW-202608-004282,ALT-202608-004599,RV-05,2026-08-27T22:00:19,CLEARED_FALSE_POSITIVE,KNOWN_DEVICE
RVW-202608-004283,ALT-202608-004600,RV-03,2026-09-01T15:18:07,CLEARED_FALSE_POSITIVE,CUSTOMER_CONTACTED
RVW-202608-004284,ALT-202608-004601,RV-03,2026-08-09T16:48:04,CLEARED_FALSE_POSITIVE,CUSTOMER_CONTACTED
RVW-202608-004285,ALT-202608-004602,RV-04,2026-08-07T22:46:56,CLEARED_FALSE_POSITIVE,CUSTOMER_CONTACTED
RVW-202608-004286,ALT-202608-004603,RV-02,2026-08-13T19:22:55,CLEARED_FALSE_POSITIVE,KNOWN_DEVICE
RVW-202608-004287,ALT-202608-004604,RV-06,2026-08-02T09:01:52,CLEARED_FALSE_POSITIVE,ID_VERIFIED
RVW-202608-004288,ALT-202608-004605,RV-04,2026-08-30T14:30:35,CLEARED_FALSE_POSITIVE,KNOWN_DEVICE
RVW-202608-004289,ALT-202608-004606,RV-06,2026-08-24T15:50:10,CLEARED_FALSE_POSITIVE,ID_VERIFIED
RVW-202608-004290,ALT-202608-004607,RV-05,2026-08-21T10:29:27,INSUFFICIENT_EVIDENCE,DATA_UNAVAILABLE
RVW-202608-004291,ALT-202608-004608,RV-01,2026-08-21T15:35:19,CONFIRMED_FRAUD,DOC_FORGED
RVW-202608-004292,ALT-202608-004609,RV-03,2026-08-15T14:29:04,CONFIRMED_FRAUD,MULE_CONFIRMED
RVW-202608-004293,ALT-202608-004610,RV-01,2026-08-28T17:50:38,CLEARED_FALSE_POSITIVE,ID_VERIFIED
RVW-202608-004294,ALT-202608-004611,RV-03,2026-08-28T11:01:04,CLEARED_FALSE_POSITIVE,KNOWN_DEVICE
RVW-202608-004295,ALT-202608-004612,RV-01,2026-08-10T10:13:35,CONFIRMED_FRAUD,MULE_CONFIRMED
RVW-202608-004296,ALT-202608-004613,RV-05,2026-08-21T16:33:55,CLEARED_FALSE_POSITIVE,KNOWN_DEVICE
RVW-202608-004297,ALT-202608-004614,RV-01,2026-08-12T09:02:19,CLEARED_FALSE_POSITIVE,DOC_VALID
RVW-202608-004298,ALT-202608-004615,RV-03,2026-08-27T12:39:07,CONFIRMED_FRAUD,DOC_FORGED
RVW-202608-004299,ALT-202608-004616,RV-02,2026-08-31T06:20:12,CONFIRMED_FRAUD,ATO_CONFIRMED
RVW-202608-004300,ALT-202608-004617,RV-05,2026-08-08T19:01:05,CONFIRMED_FRAUD,ATO_CONFIRMED
RVW-202608-004301,ALT-202608-004618,RV-02,2026-09-02T18:58:49,INSUFFICIENT_EVIDENCE,AGED_OUT
RVW-202608-004302,ALT-202608-004620,RV-05,2026-08-06T11:33:50,CLEARED_FALSE_POSITIVE,ID_VERIFIED
RVW-202608-004303,ALT-202608-004621,RV-01,2026-08-26T14:18:30,CLEARED_FALSE_POSITIVE,CUSTOMER_CONTACTED
RVW-202608-004304,ALT-202608-004622,RV-05,2026-08-16T12:40:49,INSUFFICIENT_EVIDENCE,AGED_OUT
RVW-202608-004305,ALT-202608-004623,RV-03,2026-08-28T08:36:06,CONFIRMED_FRAUD,MULE_CONFIRMED
RVW-202608-004306,ALT-202608-004624,RV-01,2026-08-26T22:45:18,CLEARED_FALSE_POSITIVE,KNOWN_DEVICE
RVW-202608-004307,ALT-202608-004625,RV-03,2026-08-26T06:29:17,CONFIRMED_FRAUD,ATO_CONFIRMED
RVW-202608-004308,ALT-202608-004626,RV-02,2026-08-25T16:57:45,CONFIRMED_FRAUD,DOC_FORGED
RVW-202608-004309,ALT-202608-004627,RV-06,2026-08-31T22:36:47,CLEARED_FALSE_POSITIVE,ID_VERIFIED
RVW-202608-004310,ALT-202608-004628,RV-05,2026-08-19T09:19:47,CONFIRMED_FRAUD,ATO_CONFIRMED
RVW-202608-004311,ALT-202608-004629,RV-06,2026-08-20T12:03:50,CLEARED_FALSE_POSITIVE,KNOWN_DEVICE
RVW-202608-004312,ALT-202608-004630,RV-03,2026-08-28T15:42:05,CLEARED_FALSE_POSITIVE,DOC_VALID
RVW-202608-004313,ALT-202608-004631,RV-01,2026-08-27T16:36:33,CLEARED_FALSE_POSITIVE,DOC_VALID
RVW-202608-004314,ALT-202608-004632,RV-02,2026-09-03T22:40:37,CLEARED_FALSE_POSITIVE,DOC_VALID
RVW-202608-004315,ALT-202608-004634,RV-01,2026-09-03T16:45:32,CONFIRMED_FRAUD,DOC_FORGED
RVW-202608-004316,ALT-202608-004635,RV-01,2026-08-16T22:41:22,CLEARED_FALSE_POSITIVE,DOC_VALID
RVW-202608-004317,ALT-202608-004636,RV-01,2026-08-18T13:57:19,CONFIRMED_FRAUD,MULE_CONFIRMED
RVW-202608-004318,ALT-202608-004637,RV-05,2026-09-04T12:14:20,INSUFFICIENT_EVIDENCE,AGED_OUT
RVW-202608-004319,ALT-202608-004638,RV-04,2026-08-22T07:50:22,CONFIRMED_FRAUD,ATO_CONFIRMED
RVW-202608-004320,ALT-202608-004639,RV-02,2026-08-26T06:04:37,CLEARED_FALSE_POSITIVE,DOC_VALID
RVW-202608-004321,ALT-202608-004640,RV-03,2026-08-28T12:17:17,CLEARED_FALSE_POSITIVE,ID_VERIFIED
RVW-202608-004322,ALT-202608-004641,RV-03,2026-09-08T17:21:50,INSUFFICIENT_EVIDENCE,AGED_OUT
RVW-202608-004323,ALT-202608-004642,RV-06,2026-08-20T22:06:31,CLEARED_FALSE_POSITIVE,DOC_VALID
RVW-202608-004324,ALT-202608-004643,RV-05,2026-08-22T19:57:33,CLEARED_FALSE_POSITIVE,KNOWN_DEVICE
RVW-202608-004325,ALT-202608-004644,RV-04,2026-08-22T14:07:50,CONFIRMED_FRAUD,SYNTH_ID_CONFIRMED
RVW-202608-004326,ALT-202608-004645,RV-03,2026-08-06T06:39:48,CONFIRMED_FRAUD,ATO_CONFIRMED
RVW-202608-004327,ALT-202608-004646,RV-03,2026-08-21T12:12:07,CLEARED_FALSE_POSITIVE,DOC_VALID
RVW-202608-004328,ALT-202608-004647,RV-04,2026-09-02T20:54:28,CLEARED_FALSE_POSITIVE,CUSTOMER_CONTACTED
RVW-202608-004329,ALT-202608-004648,RV-04,2026-09-02T09:13:31,INSUFFICIENT_EVIDENCE,NO_CONTACT
RVW-202608-004330,ALT-202608-004649,RV-02,2026-08-18T22:35:00,CLEARED_FALSE_POSITIVE,ID_VERIFIED
RVW-202608-004331,ALT-202608-004650,RV-05,2026-08-10T09:52:49,CLEARED_FALSE_POSITIVE,KNOWN_DEVICE
RVW-202608-004332,ALT-202608-004651,RV-02,2026-08-15T18:24:16,CLEARED_FALSE_POSITIVE,KNOWN_DEVICE
RVW-202608-004333,ALT-202608-004652,RV-05,2026-08-14T10:14:34,CLEARED_FALSE_POSITIVE,DOC_VALID
RVW-202608-004334,ALT-202608-004653,RV-01,2026-09-02T11:32:51,CONFIRMED_FRAUD,SYNTH_ID_CONFIRMED
RVW-202608-004335,ALT-202608-004654,RV-04,2026-08-13T10:10:05,INSUFFICIENT_EVIDENCE,AGED_OUT
RVW-202608-004336,ALT-202608-004655,RV-06,2026-09-07T08:09:50,CLEARED_FALSE_POSITIVE,DOC_VALID
RVW-202608-004337,ALT-202608-004656,RV-06,2026-08-31T12:54:08,CONFIRMED_FRAUD,SYNTH_ID_CONFIRMED
RVW-202608-004338,ALT-202608-004657,RV-06,2026-08-30T06:44:15,CONFIRMED_FRAUD,ATO_CONFIRMED
RVW-202608-004339,ALT-202608-004659,RV-06,2026-09-09T20:04:57,CLEARED_FALSE_POSITIVE,KNOWN_DEVICE
RVW-202608-004340,ALT-202608-004661,RV-03,2026-09-04T22:29:50,CLEARED_FALSE_POSITIVE,CUSTOMER_CONTACTED
RVW-202608-004341,ALT-202608-004662,RV-06,2026-08-24T20:22:06,CLEARED_FALSE_POSITIVE,ID_VERIFIED
RVW-202608-004342,ALT-202608-004664,RV-02,2026-08-31T07:32:15,CLEARED_FALSE_POSITIVE,ID_VERIFIED
RVW-202608-004343,ALT-202608-004665,RV-04,2026-09-06T09:05:08,CONFIRMED_FRAUD,MULE_CONFIRMED
RVW-202608-004344,ALT-202608-004666,RV-03,2026-08-26T15:44:37,CONFIRMED_FRAUD,SYNTH_ID_CONFIRMED
RVW-202608-004345,ALT-202608-004667,RV-06,2026-08-03T06:23:40,CLEARED_FALSE_POSITIVE,DOC_VALID
RVW-202608-004346,ALT-202608-004668,RV-03,2026-08-22T12:29:33,CLEARED_FALSE_POSITIVE,CUSTOMER_CONTACTED
RVW-202608-004347,ALT-202608-004669,RV-06,2026-08-21T18:37:36,CLEARED_FALSE_POSITIVE,DOC_VALID
RVW-202608-004348,ALT-202608-004670,RV-02,2026-08-22T22:20:30,CONFIRMED_FRAUD,SYNTH_ID_CONFIRMED
RVW-202608-004349,ALT-202608-004671,RV-02,2026-08-31T10:47:29,CLEARED_FALSE_POSITIVE,ID_VERIFIED
RVW-202608-004350,ALT-202608-004672,RV-05,2026-08-17T14:41:24,CLEARED_FALSE_POSITIVE,DOC_VALID
RVW-202608-004351,ALT-202608-004673,RV-02,2026-09-04T13:58:22,CLEARED_FALSE_POSITIVE,CUSTOMER_CONTACTED
RVW-202608-004352,ALT-202608-004674,RV-01,2026-08-13T09:33:43,CONFIRMED_FRAUD,SYNTH_ID_CONFIRMED
RVW-202608-004353,ALT-202608-004675,RV-04,2026-08-27T15:36:17,CLEARED_FALSE_POSITIVE,ID_VERIFIED
RVW-202608-004354,ALT-202608-004676,RV-04,2026-08-28T20:27:55,CLEARED_FALSE_POSITIVE,ID_VERIFIED
RVW-202608-004355,ALT-202608-004677,RV-03,2026-08-08T12:09:36,CLEARED_FALSE_POSITIVE,ID_VERIFIED
RVW-202608-004356,ALT-202608-004678,RV-03,2026-08-09T16:40:53,CLEARED_FALSE_POSITIVE,CUSTOMER_CONTACTED
RVW-202608-004357,ALT-202608-004679,RV-06,2026-08-28T17:37:42,CLEARED_FALSE_POSITIVE,KNOWN_DEVICE
RVW-202608-004358,ALT-202608-004680,RV-02,2026-08-16T09:45:34,CLEARED_FALSE_POSITIVE,ID_VERIFIED
RVW-202608-004359,ALT-202608-004681,RV-01,2026-09-01T06:24:44,INSUFFICIENT_EVIDENCE,NO_CONTACT
RVW-202608-004360,ALT-202608-004682,RV-03,2026-09-10T22:11:31,CLEARED_FALSE_POSITIVE,KNOWN_DEVICE
RVW-202608-004361,ALT-202608-004683,RV-02,2026-08-14T14:52:56,CLEARED_FALSE_POSITIVE,DOC_VALID
RVW-202608-004362,ALT-202608-004684,RV-02,2026-08-16T14:27:01,CLEARED_FALSE_POSITIVE,KNOWN_DEVICE
RVW-202608-004363,ALT-202608-004685,RV-05,2026-08-03T17:15:52,CONFIRMED_FRAUD,SYNTH_ID_CONFIRMED
RVW-202608-004364,ALT-202608-004686,RV-06,2026-09-06T22:59:09,CLEARED_FALSE_POSITIVE,KNOWN_DEVICE
RVW-202608-004365,ALT-202608-004687,RV-05,2026-09-07T15:40:15,CLEARED_FALSE_POSITIVE,ID_VERIFIED
RVW-202608-004366,ALT-202608-004688,RV-06,2026-08-27T07:09:40,CLEARED_FALSE_POSITIVE,DOC_VALID
RVW-202608-004367,ALT-202608-004689,RV-04,2026-09-10T22:53:58,CLEARED_FALSE_POSITIVE,CUSTOMER_CONTACTED
RVW-202608-004368,ALT-202608-004690,RV-01,2026-08-17T10:51:49,INSUFFICIENT_EVIDENCE,NO_CONTACT
RVW-202608-004369,ALT-202608-004691,RV-05,2026-08-26T18:42:02,CLEARED_FALSE_POSITIVE,ID_VERIFIED
RVW-202608-004370,ALT-202608-004692,RV-02,2026-08-03T09:22:29,CLEARED_FALSE_POSITIVE,KNOWN_DEVICE
RVW-202608-004371,ALT-202608-004693,RV-04,2026-08-29T22:57:53,CLEARED_FALSE_POSITIVE,KNOWN_DEVICE
RVW-202608-004372,ALT-202608-004694,RV-01,2026-08-10T20:39:58,CLEARED_FALSE_POSITIVE,CUSTOMER_CONTACTED
RVW-202608-004373,ALT-202608-004695,RV-06,2026-08-14T14:27:38,CLEARED_FALSE_POSITIVE,ID_VERIFIED
RVW-202608-004374,ALT-202608-004697,RV-04,2026-08-31T18:52:50,CONFIRMED_FRAUD,SYNTH_ID_CONFIRMED
RVW-202608-004375,ALT-202608-004699,RV-04,2026-08-11T17:53:35,CLEARED_FALSE_POSITIVE,ID_VERIFIED
RVW-202608-004376,ALT-202608-004700,RV-01,2026-08-21T17:03:18,CLEARED_FALSE_POSITIVE,CUSTOMER_CONTACTED
RVW-202608-004377,ALT-202608-004701,RV-03,2026-08-19T10:55:00,CLEARED_FALSE_POSITIVE,CUSTOMER_CONTACTED
RVW-202608-004378,ALT-202608-004703,RV-04,2026-08-30T12:53:30,CONFIRMED_FRAUD,MULE_CONFIRMED
RVW-202608-004379,ALT-202608-004705,RV-05,2026-08-29T16:15:10,CLEARED_FALSE_POSITIVE,KNOWN_DEVICE
RVW-202608-004380,ALT-202608-004706,RV-02,2026-09-01T19:44:18,CLEARED_FALSE_POSITIVE,CUSTOMER_CONTACTED
RVW-202608-004381,ALT-202608-004707,RV-02,2026-08-31T21:08:35,CONFIRMED_FRAUD,DOC_FORGED
RVW-202608-004382,ALT-202608-004708,RV-02,2026-08-29T18:37:31,CLEARED_FALSE_POSITIVE,KNOWN_DEVICE
RVW-202608-004383,ALT-202608-004709,RV-05,2026-08-22T20:06:27,CLEARED_FALSE_POSITIVE,ID_VERIFIED
RVW-202608-004384,ALT-202608-004710,RV-03,2026-08-21T15:19:08,CLEARED_FALSE_POSITIVE,CUSTOMER_CONTACTED
RVW-202608-004385,ALT-202608-004711,RV-01,2026-08-19T17:46:31,CLEARED_FALSE_POSITIVE,KNOWN_DEVICE
RVW-202608-004386,ALT-202608-004712,RV-02,2026-08-28T19:26:16,CLEARED_FALSE_POSITIVE,ID_VERIFIED
RVW-202608-004387,ALT-202608-004713,RV-03,2026-08-15T09:17:52,CLEARED_FALSE_POSITIVE,KNOWN_DEVICE
RVW-202608-004388,ALT-202608-004714,RV-03,2026-08-08T16:35:33,CLEARED_FALSE_POSITIVE,DOC_VALID
RVW-202608-004389,ALT-202608-004715,RV-01,2026-08-18T19:08:19,CLEARED_FALSE_POSITIVE,KNOWN_DEVICE
RVW-202608-004390,ALT-202608-004716,RV-03,2026-08-24T06:46:16,CONFIRMED_FRAUD,DOC_FORGED
RVW-202608-004391,ALT-202608-004717,RV-02,2026-08-20T17:33:14,CLEARED_FALSE_POSITIVE,ID_VERIFIED
RVW-202608-004392,ALT-202608-004718,RV-06,2026-08-14T19:54:47,CLEARED_FALSE_POSITIVE,KNOWN_DEVICE
RVW-202608-004393,ALT-202608-004719,RV-02,2026-08-11T16:10:57,INSUFFICIENT_EVIDENCE,DATA_UNAVAILABLE
RVW-202608-004394,ALT-202608-004720,RV-03,2026-08-19T09:48:27,CLEARED_FALSE_POSITIVE,CUSTOMER_CONTACTED
RVW-202608-004395,ALT-202608-004721,RV-01,2026-08-12T17:42:55,CLEARED_FALSE_POSITIVE,KNOWN_DEVICE
RVW-202608-004396,ALT-202608-004722,RV-05,2026-08-05T08:50:31,CONFIRMED_FRAUD,DOC_FORGED
RVW-202608-004397,ALT-202608-004723,RV-04,2026-09-04T09:18:07,CLEARED_FALSE_POSITIVE,CUSTOMER_CONTACTED
RVW-202608-004398,ALT-202608-004724,RV-03,2026-08-10T21:31:29,CLEARED_FALSE_POSITIVE,KNOWN_DEVICE
RVW-202608-004399,ALT-202608-004725,RV-04,2026-08-19T22:11:08,CLEARED_FALSE_POSITIVE,CUSTOMER_CONTACTED
RVW-202608-004400,ALT-202608-004726,RV-02,2026-08-12T19:53:30,CONFIRMED_FRAUD,SYNTH_ID_CONFIRMED
RVW-202608-004401,ALT-202608-004727,RV-03,2026-08-19T17:46:51,CLEARED_FALSE_POSITIVE,CUSTOMER_CONTACTED
RVW-202608-004402,ALT-202608-004728,RV-06,2026-08-15T21:35:32,CONFIRMED_FRAUD,ATO_CONFIRMED
RVW-202608-004403,ALT-202608-004729,RV-05,2026-08-25T17:10:34,CLEARED_FALSE_POSITIVE,KNOWN_DEVICE
RVW-202608-004404,ALT-202608-004730,RV-04,2026-09-05T19:49:34,CONFIRMED_FRAUD,ATO_CONFIRMED
RVW-202608-004405,ALT-202608-004731,RV-06,2026-08-19T22:51:43,CLEARED_FALSE_POSITIVE,DOC_VALID
RVW-202608-004406,ALT-202608-004732,RV-03,2026-08-14T11:17:33,CLEARED_FALSE_POSITIVE,DOC_VALID
RVW-202608-004407,ALT-202608-004733,RV-01,2026-08-12T06:51:28,CLEARED_FALSE_POSITIVE,ID_VERIFIED
RVW-202608-004408,ALT-202608-004734,RV-04,2026-09-03T21:06:06,CLEARED_FALSE_POSITIVE,KNOWN_DEVICE
RVW-202608-004409,ALT-202608-004735,RV-01,2026-09-06T10:49:50,CONFIRMED_FRAUD,SYNTH_ID_CONFIRMED
RVW-202608-004410,ALT-202608-004736,RV-02,2026-08-24T13:04:13,CONFIRMED_FRAUD,ATO_CONFIRMED
RVW-202608-004411,ALT-202608-004737,RV-05,2026-08-09T11:53:30,CLEARED_FALSE_POSITIVE,ID_VERIFIED
RVW-202608-004412,ALT-202608-004738,RV-03,2026-08-10T14:09:16,CLEARED_FALSE_POSITIVE,CUSTOMER_CONTACTED
RVW-202608-004413,ALT-202608-004739,RV-03,2026-08-18T08:01:11,CLEARED_FALSE_POSITIVE,CUSTOMER_CONTACTED
RVW-202608-004414,ALT-202608-004740,RV-06,2026-08-22T14:36:34,INSUFFICIENT_EVIDENCE,DATA_UNAVAILABLE
RVW-202608-004415,ALT-202608-004743,RV-03,2026-08-15T08:15:46,CLEARED_FALSE_POSITIVE,KNOWN_DEVICE
RVW-202608-004416,ALT-202608-004744,RV-03,2026-09-05T06:42:11,CONFIRMED_FRAUD,SYNTH_ID_CONFIRMED
RVW-202608-004417,ALT-202608-004745,RV-06,2026-09-10T16:11:00,CLEARED_FALSE_POSITIVE,KNOWN_DEVICE
RVW-202608-004418,ALT-202608-004746,RV-05,2026-08-06T19:42:33,CLEARED_FALSE_POSITIVE,KNOWN_DEVICE
RVW-202608-004419,ALT-202608-004747,RV-02,2026-08-18T19:01:57,CLEARED_FALSE_POSITIVE,ID_VERIFIED
RVW-202608-004420,ALT-202608-004748,RV-03,2026-08-11T12:27:39,CLEARED_FALSE_POSITIVE,ID_VERIFIED
RVW-202608-004421,ALT-202608-004749,RV-03,2026-09-01T20:37:41,INSUFFICIENT_EVIDENCE,NO_CONTACT
RVW-202608-004422,ALT-202608-004750,RV-01,2026-08-15T16:06:09,CONFIRMED_FRAUD,ATO_CONFIRMED
RVW-202608-004423,ALT-202608-004751,RV-03,2026-08-30T09:07:46,CLEARED_FALSE_POSITIVE,DOC_VALID
RVW-202608-004424,ALT-202608-004752,RV-06,2026-08-14T07:08:34,CONFIRMED_FRAUD,SYNTH_ID_CONFIRMED
RVW-202608-004425,ALT-202608-004753,RV-04,2026-08-19T22:02:58,CONFIRMED_FRAUD,MULE_CONFIRMED
RVW-202608-004426,ALT-202608-004754,RV-05,2026-08-11T19:14:36,CLEARED_FALSE_POSITIVE,ID_VERIFIED
RVW-202608-004427,ALT-202608-004756,RV-06,2026-09-11T08:15:31,CONFIRMED_FRAUD,SYNTH_ID_CONFIRMED
RVW-202608-004428,ALT-202608-004757,RV-03,2026-08-15T17:53:06,CLEARED_FALSE_POSITIVE,CUSTOMER_CONTACTED
RVW-202608-004429,ALT-202608-004758,RV-06,2026-08-28T09:52:53,CLEARED_FALSE_POSITIVE,ID_VERIFIED
RVW-202608-004430,ALT-202608-004759,RV-06,2026-08-04T09:15:00,CONFIRMED_FRAUD,MULE_CONFIRMED
RVW-202608-004431,ALT-202608-004760,RV-04,2026-08-11T21:10:37,CLEARED_FALSE_POSITIVE,ID_VERIFIED
RVW-202608-004432,ALT-202608-004761,RV-01,2026-08-09T08:42:14,CONFIRMED_FRAUD,DOC_FORGED
RVW-202608-004433,ALT-202608-004762,RV-06,2026-08-21T12:20:51,CLEARED_FALSE_POSITIVE,CUSTOMER_CONTACTED
RVW-202608-004434,ALT-202608-004763,RV-03,2026-08-16T15:57:44,CLEARED_FALSE_POSITIVE,CUSTOMER_CONTACTED
RVW-202608-004435,ALT-202608-004764,RV-04,2026-08-08T08:31:25,CLEARED_FALSE_POSITIVE,ID_VERIFIED
RVW-202608-004436,ALT-202608-004765,RV-01,2026-08-28T13:08:11,CLEARED_FALSE_POSITIVE,CUSTOMER_CONTACTED
RVW-202608-004437,ALT-202608-004766,RV-05,2026-08-05T11:40:05,CLEARED_FALSE_POSITIVE,DOC_VALID
RVW-202608-004438,ALT-202608-004767,RV-06,2026-08-30T15:58:56,CONFIRMED_FRAUD,ATO_CONFIRMED
RVW-202608-004439,ALT-202608-004768,RV-02,2026-08-06T18:18:45,CLEARED_FALSE_POSITIVE,DOC_VALID
RVW-202608-004440,ALT-202608-004769,RV-04,2026-09-09T20:04:47,CLEARED_FALSE_POSITIVE,ID_VERIFIED
RVW-202608-004441,ALT-202608-004770,RV-02,2026-08-24T17:49:45,INSUFFICIENT_EVIDENCE,NO_CONTACT
RVW-202608-004442,ALT-202608-004771,RV-04,2026-08-20T16:32:07,CLEARED_FALSE_POSITIVE,KNOWN_DEVICE
RVW-202608-004443,ALT-202608-004772,RV-06,2026-08-25T21:20:57,CLEARED_FALSE_POSITIVE,ID_VERIFIED
RVW-202608-004444,ALT-202608-004773,RV-04,2026-08-03T07:20:11,CLEARED_FALSE_POSITIVE,ID_VERIFIED
RVW-202608-004445,ALT-202608-004774,RV-05,2026-08-19T10:35:25,INSUFFICIENT_EVIDENCE,DATA_UNAVAILABLE
RVW-202608-004446,ALT-202608-004775,RV-05,2026-08-06T20:27:54,CLEARED_FALSE_POSITIVE,DOC_VALID
RVW-202608-004447,ALT-202608-004776,RV-04,2026-08-22T17:29:59,CLEARED_FALSE_POSITIVE,CUSTOMER_CONTACTED
RVW-202608-004448,ALT-202608-004778,RV-01,2026-09-09T19:05:59,CLEARED_FALSE_POSITIVE,KNOWN_DEVICE
RVW-202608-004449,ALT-202608-004779,RV-03,2026-08-27T16:18:44,CLEARED_FALSE_POSITIVE,KNOWN_DEVICE
RVW-202608-004450,ALT-202608-004780,RV-03,2026-08-16T10:12:17,INSUFFICIENT_EVIDENCE,DATA_UNAVAILABLE
RVW-202608-004451,ALT-202608-004781,RV-01,2026-08-27T15:59:13,CLEARED_FALSE_POSITIVE,DOC_VALID
RVW-202608-004452,ALT-202608-004782,RV-05,2026-09-01T21:31:28,CONFIRMED_FRAUD,MULE_CONFIRMED
RVW-202608-004453,ALT-202608-004783,RV-05,2026-08-10T11:00:54,CLEARED_FALSE_POSITIVE,ID_VERIFIED
RVW-202608-004454,ALT-202608-004784,RV-01,2026-08-25T07:55:25,INSUFFICIENT_EVIDENCE,DATA_UNAVAILABLE
RVW-202608-004455,ALT-202608-004785,RV-03,2026-08-19T21:14:20,CLEARED_FALSE_POSITIVE,ID_VERIFIED
RVW-202608-004456,ALT-202608-004786,RV-05,2026-08-05T08:58:15,CLEARED_FALSE_POSITIVE,DOC_VALID
RVW-202608-004457,ALT-202608-004787,RV-05,2026-08-29T20:46:38,CLEARED_FALSE_POSITIVE,ID_VERIFIED
RVW-202608-004458,ALT-202608-004788,RV-06,2026-08-21T15:25:37,CLEARED_FALSE_POSITIVE,DOC_VALID
RVW-202608-004459,ALT-202608-004789,RV-02,2026-08-11T12:02:59,CLEARED_FALSE_POSITIVE,CUSTOMER_CONTACTED
RVW-202608-004460,ALT-202608-004790,RV-01,2026-09-05T15:08:07,CONFIRMED_FRAUD,MULE_CONFIRMED
RVW-202608-004461,ALT-202608-004791,RV-04,2026-09-01T17:03:19,CLEARED_FALSE_POSITIVE,CUSTOMER_CONTACTED
RVW-202608-004462,ALT-202608-004792,RV-03,2026-08-21T19:58:45,CLEARED_FALSE_POSITIVE,DOC_VALID
RVW-202608-004463,ALT-202608-004793,RV-03,2026-08-02T16:52:31,CLEARED_FALSE_POSITIVE,DOC_VALID
RVW-202608-004464,ALT-202608-004794,RV-01,2026-08-13T08:42:04,CLEARED_FALSE_POSITIVE,CUSTOMER_CONTACTED
RVW-202608-004465,ALT-202608-004795,RV-01,2026-08-16T14:17:17,CONFIRMED_FRAUD,DOC_FORGED
RVW-202608-004466,ALT-202608-004796,RV-03,2026-08-24T13:22:38,CLEARED_FALSE_POSITIVE,ID_VERIFIED
RVW-202608-004467,ALT-202608-004797,RV-04,2026-08-16T14:11:52,CLEARED_FALSE_POSITIVE,CUSTOMER_CONTACTED
RVW-202608-004468,ALT-202608-004798,RV-04,2026-08-23T13:25:58,CLEARED_FALSE_POSITIVE,DOC_VALID
RVW-202608-004469,ALT-202608-004799,RV-05,2026-08-15T16:05:03,CLEARED_FALSE_POSITIVE,CUSTOMER_CONTACTED
RVW-202608-004470,ALT-202608-004800,RV-05,2026-08-30T22:36:02,CLEARED_FALSE_POSITIVE,ID_VERIFIED
RVW-202608-004471,ALT-202608-004801,RV-03,2026-08-20T06:44:09,CLEARED_FALSE_POSITIVE,ID_VERIFIED
RVW-202608-004472,ALT-202608-004802,RV-04,2026-09-01T07:24:23,CLEARED_FALSE_POSITIVE,KNOWN_DEVICE
RVW-202608-004473,ALT-202608-004803,RV-03,2026-08-23T22:32:44,CONFIRMED_FRAUD,DOC_FORGED
RVW-202608-004474,ALT-202608-004804,RV-06,2026-09-02T11:26:21,CLEARED_FALSE_POSITIVE,KNOWN_DEVICE
RVW-202608-004475,ALT-202608-004805,RV-05,2026-08-15T07:34:37,CLEARED_FALSE_POSITIVE,CUSTOMER_CONTACTED
RVW-202608-004476,ALT-202608-004806,RV-04,2026-08-08T14:05:32,INSUFFICIENT_EVIDENCE,DATA_UNAVAILABLE
RVW-202608-004477,ALT-202608-004808,RV-04,2026-09-02T16:26:10,CONFIRMED_FRAUD,DOC_FORGED
RVW-202608-004478,ALT-202608-004809,RV-03,2026-08-06T21:58:28,CLEARED_FALSE_POSITIVE,KNOWN_DEVICE
RVW-202608-004479,ALT-202608-004810,RV-04,2026-08-21T17:14:21,CLEARED_FALSE_POSITIVE,KNOWN_DEVICE
RVW-202608-004480,ALT-202608-004811,RV-03,2026-08-27T07:46:56,CLEARED_FALSE_POSITIVE,CUSTOMER_CONTACTED
RVW-202608-004481,ALT-202608-004812,RV-04,2026-08-13T07:57:45,CLEARED_FALSE_POSITIVE,KNOWN_DEVICE
RVW-202608-004482,ALT-202608-004813,RV-03,2026-08-26T13:31:21,CLEARED_FALSE_POSITIVE,CUSTOMER_CONTACTED
RVW-202608-004483,ALT-202608-004814,RV-04,2026-09-05T08:51:35,CLEARED_FALSE_POSITIVE,KNOWN_DEVICE
RVW-202608-004484,ALT-202608-004815,RV-05,2026-08-31T18:53:09,CLEARED_FALSE_POSITIVE,ID_VERIFIED
RVW-202608-004485,ALT-202608-004816,RV-01,2026-08-05T22:41:00,CLEARED_FALSE_POSITIVE,KNOWN_DEVICE
RVW-202608-004486,ALT-202608-004817,RV-05,2026-08-09T17:35:33,CONFIRMED_FRAUD,MULE_CONFIRMED
RVW-202608-004487,ALT-202608-004818,RV-02,2026-08-26T07:05:46,CLEARED_FALSE_POSITIVE,KNOWN_DEVICE
RVW-202608-004488,ALT-202608-004819,RV-01,2026-08-19T06:11:49,CLEARED_FALSE_POSITIVE,ID_VERIFIED
RVW-202608-004489,ALT-202608-004820,RV-02,2026-09-02T14:22:23,CLEARED_FALSE_POSITIVE,CUSTOMER_CONTACTED
RVW-202608-004490,ALT-202608-004821,RV-04,2026-08-13T12:00:30,CLEARED_FALSE_POSITIVE,CUSTOMER_CONTACTED
RVW-202608-004491,ALT-202608-004822,RV-04,2026-08-12T09:26:44,CONFIRMED_FRAUD,MULE_CONFIRMED
RVW-202608-004492,ALT-202608-004823,RV-06,2026-09-03T14:34:07,CLEARED_FALSE_POSITIVE,ID_VERIFIED
RVW-202608-004493,ALT-202608-004824,RV-06,2026-08-24T18:33:59,CLEARED_FALSE_POSITIVE,DOC_VALID
RVW-202608-004494,ALT-202608-004827,RV-02,2026-08-09T16:33:45,CLEARED_FALSE_POSITIVE,CUSTOMER_CONTACTED
RVW-202608-004495,ALT-202608-004828,RV-01,2026-08-31T12:11:51,CLEARED_FALSE_POSITIVE,DOC_VALID
RVW-202608-004496,ALT-202608-004829,RV-01,2026-08-29T06:10:13,CLEARED_FALSE_POSITIVE,KNOWN_DEVICE
RVW-202608-004497,ALT-202608-004830,RV-02,2026-08-21T10:02:42,CONFIRMED_FRAUD,MULE_CONFIRMED
RVW-202608-004498,ALT-202608-004831,RV-06,2026-08-25T12:22:42,CLEARED_FALSE_POSITIVE,ID_VERIFIED
RVW-202608-004499,ALT-202608-004832,RV-02,2026-08-26T19:25:36,CLEARED_FALSE_POSITIVE,ID_VERIFIED
RVW-202608-004500,ALT-202608-004833,RV-01,2026-08-10T12:10:13,CLEARED_FALSE_POSITIVE,CUSTOMER_CONTACTED
RVW-202608-004501,ALT-202608-004834,RV-02,2026-09-02T20:45:32,CONFIRMED_FRAUD,ATO_CONFIRMED
RVW-202608-004502,ALT-202608-004835,RV-01,2026-08-20T07:59:08,CLEARED_FALSE_POSITIVE,DOC_VALID
RVW-202608-004503,ALT-202608-004836,RV-02,2026-08-17T13:45:46,CLEARED_FALSE_POSITIVE,DOC_VALID
RVW-202608-004504,ALT-202608-004837,RV-06,2026-08-13T18:33:40,CLEARED_FALSE_POSITIVE,CUSTOMER_CONTACTED
RVW-202608-004505,ALT-202608-004838,RV-05,2026-08-11T15:00:27,CLEARED_FALSE_POSITIVE,ID_VERIFIED
RVW-202608-004506,ALT-202608-004839,RV-01,2026-08-31T07:12:55,CONFIRMED_FRAUD,MULE_CONFIRMED
RVW-202608-004507,ALT-202608-004840,RV-03,2026-08-11T17:29:36,CONFIRMED_FRAUD,ATO_CONFIRMED
RVW-202608-004508,ALT-202608-004841,RV-06,2026-09-01T21:40:48,INSUFFICIENT_EVIDENCE,NO_CONTACT
RVW-202608-004509,ALT-202608-004842,RV-01,2026-08-22T12:36:11,CLEARED_FALSE_POSITIVE,KNOWN_DEVICE
RVW-202608-004510,ALT-202608-004843,RV-03,2026-08-09T10:35:53,CLEARED_FALSE_POSITIVE,DOC_VALID
RVW-202608-004511,ALT-202608-004844,RV-03,2026-08-21T14:19:11,CLEARED_FALSE_POSITIVE,CUSTOMER_CONTACTED
RVW-202608-004512,ALT-202608-004845,RV-06,2026-08-09T11:00:10,CLEARED_FALSE_POSITIVE,DOC_VALID
RVW-202608-004513,ALT-202608-004846,RV-06,2026-09-01T13:49:26,CLEARED_FALSE_POSITIVE,DOC_VALID
RVW-202608-004514,ALT-202608-004847,RV-06,2026-08-01T11:06:37,CLEARED_FALSE_POSITIVE,DOC_VALID
RVW-202608-004515,ALT-202608-004848,RV-02,2026-08-25T18:39:51,CLEARED_FALSE_POSITIVE,DOC_VALID
RVW-202608-004516,ALT-202608-004849,RV-04,2026-08-20T09:19:57,CLEARED_FALSE_POSITIVE,ID_VERIFIED
RVW-202608-004517,ALT-202608-004850,RV-06,2026-08-29T08:07:17,INSUFFICIENT_EVIDENCE,AGED_OUT
RVW-202608-004518,ALT-202608-004851,RV-02,2026-08-16T18:14:11,CONFIRMED_FRAUD,DOC_FORGED
RVW-202608-004519,ALT-202608-004852,RV-05,2026-08-18T08:42:41,CLEARED_FALSE_POSITIVE,ID_VERIFIED
RVW-202608-004520,ALT-202608-004853,RV-05,2026-08-30T10:11:46,CLEARED_FALSE_POSITIVE,KNOWN_DEVICE
RVW-202608-004521,ALT-202608-004854,RV-04,2026-08-10T17:48:35,CLEARED_FALSE_POSITIVE,CUSTOMER_CONTACTED
RVW-202608-004522,ALT-202608-004855,RV-01,2026-08-17T14:23:15,CONFIRMED_FRAUD,DOC_FORGED
RVW-202608-004523,ALT-202608-004856,RV-02,2026-09-03T19:16:24,CLEARED_FALSE_POSITIVE,ID_VERIFIED
RVW-202608-004524,ALT-202608-004858,RV-04,2026-08-19T07:47:03,CLEARED_FALSE_POSITIVE,KNOWN_DEVICE
RVW-202608-004525,ALT-202608-004859,RV-04,2026-08-21T06:04:05,CLEARED_FALSE_POSITIVE,CUSTOMER_CONTACTED
RVW-202608-004526,ALT-202608-004860,RV-05,2026-08-29T20:57:38,CLEARED_FALSE_POSITIVE,DOC_VALID
RVW-202608-004527,ALT-202608-004861,RV-04,2026-08-31T19:49:05,INSUFFICIENT_EVIDENCE,AGED_OUT
RVW-202608-004528,ALT-202608-004862,RV-04,2026-08-23T19:33:25,CLEARED_FALSE_POSITIVE,ID_VERIFIED
RVW-202608-004529,ALT-202608-004864,RV-05,2026-09-02T14:01:38,INSUFFICIENT_EVIDENCE,AGED_OUT
RVW-202608-004530,ALT-202608-004865,RV-01,2026-09-09T21:12:12,CLEARED_FALSE_POSITIVE,DOC_VALID
RVW-202608-004531,ALT-202608-004866,RV-06,2026-09-04T17:50:26,CLEARED_FALSE_POSITIVE,CUSTOMER_CONTACTED
RVW-202608-004532,ALT-202608-004867,RV-04,2026-08-08T11:34:23,CLEARED_FALSE_POSITIVE,DOC_VALID
RVW-202608-004533,ALT-202608-004868,RV-02,2026-08-14T08:34:13,CLEARED_FALSE_POSITIVE,ID_VERIFIED
RVW-202608-004534,ALT-202608-004869,RV-05,2026-09-08T21:45:49,CLEARED_FALSE_POSITIVE,CUSTOMER_CONTACTED
RVW-202608-004535,ALT-202608-004870,RV-02,2026-08-28T08:19:50,CLEARED_FALSE_POSITIVE,KNOWN_DEVICE
RVW-202608-004536,ALT-202608-004871,RV-05,2026-08-18T16:32:11,CLEARED_FALSE_POSITIVE,DOC_VALID
RVW-202608-004537,ALT-202608-004872,RV-04,2026-09-03T15:50:06,CLEARED_FALSE_POSITIVE,ID_VERIFIED
RVW-202608-004538,ALT-202608-004873,RV-03,2026-08-12T07:04:10,INSUFFICIENT_EVIDENCE,AGED_OUT
RVW-202608-004539,ALT-202608-004874,RV-05,2026-08-14T18:45:03,CLEARED_FALSE_POSITIVE,DOC_VALID
RVW-202608-004540,ALT-202608-004875,RV-06,2026-08-19T06:05:16,CONFIRMED_FRAUD,ATO_CONFIRMED
RVW-202608-004541,ALT-202608-004876,RV-04,2026-09-07T21:59:15,CLEARED_FALSE_POSITIVE,CUSTOMER_CONTACTED
RVW-202608-004542,ALT-202608-004877,RV-06,2026-08-10T17:10:02,CLEARED_FALSE_POSITIVE,CUSTOMER_CONTACTED
RVW-202608-004543,ALT-202608-004878,RV-01,2026-08-23T06:24:24,CLEARED_FALSE_POSITIVE,DOC_VALID
RVW-202608-004544,ALT-202608-004879,RV-03,2026-08-17T10:21:24,CLEARED_FALSE_POSITIVE,KNOWN_DEVICE
RVW-202608-004545,ALT-202608-004880,RV-02,2026-08-15T07:11:01,INSUFFICIENT_EVIDENCE,NO_CONTACT
RVW-202608-004546,ALT-202608-004881,RV-01,2026-08-15T15:03:36,INSUFFICIENT_EVIDENCE,NO_CONTACT
RVW-202608-004547,ALT-202608-004882,RV-03,2026-09-09T22:48:59,CLEARED_FALSE_POSITIVE,ID_VERIFIED
RVW-202608-004548,ALT-202608-004883,RV-05,2026-08-23T19:06:32,INSUFFICIENT_EVIDENCE,DATA_UNAVAILABLE
RVW-202608-004549,ALT-202608-004884,RV-05,2026-08-31T17:30:41,CONFIRMED_FRAUD,DOC_FORGED
RVW-202608-004550,ALT-202608-004885,RV-05,2026-08-22T21:44:47,CLEARED_FALSE_POSITIVE,DOC_VALID
RVW-202608-004551,ALT-202608-004886,RV-06,2026-09-02T07:19:28,CONFIRMED_FRAUD,MULE_CONFIRMED
RVW-202608-004552,ALT-202608-004887,RV-04,2026-09-01T12:36:05,CONFIRMED_FRAUD,MULE_CONFIRMED
RVW-202608-004553,ALT-202608-004888,RV-04,2026-08-22T18:36:10,CLEARED_FALSE_POSITIVE,ID_VERIFIED
RVW-202608-004554,ALT-202608-004889,RV-05,2026-08-22T14:43:01,CLEARED_FALSE_POSITIVE,DOC_VALID
RVW-202608-004555,ALT-202608-004891,RV-05,2026-09-08T16:15:13,CONFIRMED_FRAUD,MULE_CONFIRMED
RVW-202608-004556,ALT-202608-004892,RV-01,2026-08-09T08:12:08,INSUFFICIENT_EVIDENCE,DATA_UNAVAILABLE
RVW-202608-004557,ALT-202608-004893,RV-04,2026-09-05T11:47:09,CLEARED_FALSE_POSITIVE,ID_VERIFIED
RVW-202608-004558,ALT-202608-004894,RV-01,2026-09-03T15:02:33,INSUFFICIENT_EVIDENCE,DATA_UNAVAILABLE
RVW-202608-004559,ALT-202608-004895,RV-04,2026-08-21T18:05:08,CONFIRMED_FRAUD,DOC_FORGED
RVW-202608-004560,ALT-202608-004896,RV-06,2026-08-31T13:59:24,CLEARED_FALSE_POSITIVE,KNOWN_DEVICE
RVW-202608-004561,ALT-202608-004897,RV-01,2026-09-06T11:11:41,CONFIRMED_FRAUD,SYNTH_ID_CONFIRMED
RVW-202608-004562,ALT-202608-004898,RV-05,2026-08-08T22:50:46,CLEARED_FALSE_POSITIVE,KNOWN_DEVICE
RVW-202608-004563,ALT-202608-004899,RV-05,2026-08-20T06:53:01,CONFIRMED_FRAUD,DOC_FORGED
RVW-202608-004564,ALT-202608-004900,RV-02,2026-08-15T10:59:58,CLEARED_FALSE_POSITIVE,ID_VERIFIED
RVW-202608-004565,ALT-202608-004901,RV-01,2026-08-08T17:19:27,CLEARED_FALSE_POSITIVE,DOC_VALID
RVW-202608-004566,ALT-202608-004903,RV-04,2026-09-03T08:07:50,CLEARED_FALSE_POSITIVE,KNOWN_DEVICE
RVW-202608-004567,ALT-202608-004904,RV-04,2026-09-03T18:56:55,CLEARED_FALSE_POSITIVE,DOC_VALID
RVW-202608-004568,ALT-202608-004905,RV-01,2026-08-29T18:02:43,CLEARED_FALSE_POSITIVE,CUSTOMER_CONTACTED
RVW-202608-004569,ALT-202608-004906,RV-03,2026-08-21T15:13:49,CONFIRMED_FRAUD,ATO_CONFIRMED
RVW-202608-004570,ALT-202608-004907,RV-02,2026-08-14T18:37:33,CLEARED_FALSE_POSITIVE,ID_VERIFIED
RVW-202608-004571,ALT-202608-004908,RV-03,2026-08-24T07:14:30,CLEARED_FALSE_POSITIVE,KNOWN_DEVICE
RVW-202608-004572,ALT-202608-004909,RV-02,2026-08-23T16:43:37,CLEARED_FALSE_POSITIVE,KNOWN_DEVICE
RVW-202608-004573,ALT-202608-004910,RV-05,2026-08-18T07:37:02,CLEARED_FALSE_POSITIVE,DOC_VALID
RVW-202608-004574,ALT-202608-004911,RV-04,2026-08-07T19:40:31,CLEARED_FALSE_POSITIVE,CUSTOMER_CONTACTED
RVW-202608-004575,ALT-202608-004912,RV-02,2026-08-28T12:02:03,CONFIRMED_FRAUD,MULE_CONFIRMED
RVW-202608-004576,ALT-202608-004913,RV-01,2026-08-14T11:43:21,CONFIRMED_FRAUD,DOC_FORGED
RVW-202608-004577,ALT-202608-004915,RV-05,2026-08-06T09:30:54,CLEARED_FALSE_POSITIVE,KNOWN_DEVICE
RVW-202608-004578,ALT-202608-004916,RV-03,2026-08-18T06:18:46,CLEARED_FALSE_POSITIVE,KNOWN_DEVICE
RVW-202608-004579,ALT-202608-004917,RV-06,2026-08-24T20:12:33,CLEARED_FALSE_POSITIVE,CUSTOMER_CONTACTED
RVW-202608-004580,ALT-202608-004918,RV-01,2026-08-12T11:12:23,CLEARED_FALSE_POSITIVE,KNOWN_DEVICE
RVW-202608-004581,ALT-202608-004920,RV-04,2026-08-16T06:55:13,CONFIRMED_FRAUD,DOC_FORGED
RVW-202608-004582,ALT-202608-004921,RV-04,2026-08-10T13:14:40,CLEARED_FALSE_POSITIVE,KNOWN_DEVICE
RVW-202608-004583,ALT-202608-004922,RV-03,2026-08-17T15:58:45,CLEARED_FALSE_POSITIVE,DOC_VALID
RVW-202608-004584,ALT-202608-004923,RV-02,2026-08-08T19:04:02,CONFIRMED_FRAUD,SYNTH_ID_CONFIRMED
RVW-202608-004585,ALT-202608-004924,RV-02,2026-08-20T11:45:41,CLEARED_FALSE_POSITIVE,DOC_VALID
RVW-202608-004586,ALT-202608-004925,RV-02,2026-08-25T20:24:21,CONFIRMED_FRAUD,ATO_CONFIRMED
RVW-202608-004587,ALT-202608-004926,RV-01,2026-08-29T14:47:03,CLEARED_FALSE_POSITIVE,CUSTOMER_CONTACTED
RVW-202608-004588,ALT-202608-004927,RV-04,2026-09-03T22:35:46,CLEARED_FALSE_POSITIVE,CUSTOMER_CONTACTED
RVW-202608-004589,ALT-202608-004928,RV-03,2026-08-24T15:39:41,CONFIRMED_FRAUD,DOC_FORGED
RVW-202608-004590,ALT-202608-004929,RV-06,2026-08-12T08:04:28,CLEARED_FALSE_POSITIVE,ID_VERIFIED
RVW-202608-004591,ALT-202608-004930,RV-03,2026-09-09T12:12:46,CLEARED_FALSE_POSITIVE,KNOWN_DEVICE
RVW-202608-004592,ALT-202608-004932,RV-01,2026-08-06T20:45:39,CLEARED_FALSE_POSITIVE,ID_VERIFIED
RVW-202608-004593,ALT-202608-004934,RV-03,2026-08-29T17:22:47,CLEARED_FALSE_POSITIVE,CUSTOMER_CONTACTED
RVW-202608-004594,ALT-202608-004935,RV-06,2026-08-13T18:23:14,CLEARED_FALSE_POSITIVE,CUSTOMER_CONTACTED
RVW-202608-004595,ALT-202608-004936,RV-05,2026-08-16T09:43:15,CLEARED_FALSE_POSITIVE,KNOWN_DEVICE
RVW-202608-004596,ALT-202608-004937,RV-01,2026-08-28T09:08:57,CLEARED_FALSE_POSITIVE,DOC_VALID
RVW-202608-004597,ALT-202608-004938,RV-06,2026-08-18T22:01:04,CLEARED_FALSE_POSITIVE,ID_VERIFIED
RVW-202608-004598,ALT-202608-004939,RV-05,2026-08-10T15:14:25,CONFIRMED_FRAUD,SYNTH_ID_CONFIRMED
RVW-202608-004599,ALT-202608-004940,RV-04,2026-09-09T19:19:11,CLEARED_FALSE_POSITIVE,DOC_VALID
RVW-202608-004600,ALT-202608-004941,RV-02,2026-08-21T07:52:35,CLEARED_FALSE_POSITIVE,CUSTOMER_CONTACTED
RVW-202608-004601,ALT-202608-004942,RV-02,2026-08-21T20:37:28,CLEARED_FALSE_POSITIVE,KNOWN_DEVICE
RVW-202608-004602,ALT-202608-004943,RV-01,2026-08-07T08:31:36,CLEARED_FALSE_POSITIVE,KNOWN_DEVICE
RVW-202608-004603,ALT-202608-004944,RV-04,2026-09-04T18:55:50,CLEARED_FALSE_POSITIVE,CUSTOMER_CONTACTED
RVW-202608-004604,ALT-202608-004945,RV-03,2026-08-30T13:45:09,CONFIRMED_FRAUD,MULE_CONFIRMED
RVW-202608-004605,ALT-202608-004946,RV-03,2026-08-27T13:51:29,CLEARED_FALSE_POSITIVE,CUSTOMER_CONTACTED
RVW-202608-004606,ALT-202608-004947,RV-02,2026-08-09T22:11:01,INSUFFICIENT_EVIDENCE,NO_CONTACT
RVW-202608-004607,ALT-202608-004949,RV-01,2026-09-03T12:37:25,CLEARED_FALSE_POSITIVE,ID_VERIFIED
RVW-202608-004608,ALT-202608-004950,RV-02,2026-08-13T07:01:25,CONFIRMED_FRAUD,MULE_CONFIRMED
RVW-202608-004609,ALT-202608-004951,RV-04,2026-08-19T19:49:49,CLEARED_FALSE_POSITIVE,CUSTOMER_CONTACTED
RVW-202608-004610,ALT-202608-004952,RV-04,2026-08-18T11:46:47,CONFIRMED_FRAUD,SYNTH_ID_CONFIRMED
RVW-202608-004611,ALT-202608-004953,RV-06,2026-08-08T11:50:00,CONFIRMED_FRAUD,DOC_FORGED
RVW-202608-004612,ALT-202608-004954,RV-04,2026-09-06T08:26:30,CLEARED_FALSE_POSITIVE,KNOWN_DEVICE
RVW-202608-004613,ALT-202608-004956,RV-05,2026-08-15T15:54:39,CLEARED_FALSE_POSITIVE,DOC_VALID
RVW-202608-004614,ALT-202608-004957,RV-04,2026-08-07T07:51:47,CONFIRMED_FRAUD,SYNTH_ID_CONFIRMED
RVW-202608-004615,ALT-202608-004958,RV-06,2026-08-31T06:11:20,INSUFFICIENT_EVIDENCE,NO_CONTACT
RVW-202608-004616,ALT-202608-004959,RV-01,2026-09-04T17:51:03,CLEARED_FALSE_POSITIVE,DOC_VALID
RVW-202608-004617,ALT-202608-004960,RV-04,2026-08-27T08:09:18,INSUFFICIENT_EVIDENCE,NO_CONTACT
RVW-202608-004618,ALT-202608-004961,RV-01,2026-08-08T13:27:32,CLEARED_FALSE_POSITIVE,KNOWN_DEVICE
RVW-202608-004619,ALT-202608-004962,RV-01,2026-08-16T19:56:45,CLEARED_FALSE_POSITIVE,DOC_VALID
RVW-202608-004620,ALT-202608-004963,RV-04,2026-08-13T09:47:27,CLEARED_FALSE_POSITIVE,DOC_VALID
RVW-202608-004621,ALT-202608-004964,RV-02,2026-09-05T10:17:48,CLEARED_FALSE_POSITIVE,CUSTOMER_CONTACTED
RVW-202608-004622,ALT-202608-004965,RV-05,2026-08-12T18:32:49,CONFIRMED_FRAUD,DOC_FORGED
RVW-202608-004623,ALT-202608-004966,RV-03,2026-09-02T12:56:33,INSUFFICIENT_EVIDENCE,NO_CONTACT
RVW-202608-004624,ALT-202608-004967,RV-03,2026-08-23T10:58:31,CLEARED_FALSE_POSITIVE,KNOWN_DEVICE
RVW-202608-004625,ALT-202608-004968,RV-03,2026-08-29T07:12:25,INSUFFICIENT_EVIDENCE,DATA_UNAVAILABLE
RVW-202608-004626,ALT-202608-004969,RV-04,2026-08-16T16:48:38,CLEARED_FALSE_POSITIVE,KNOWN_DEVICE
RVW-202608-004627,ALT-202608-004970,RV-06,2026-08-13T07:20:04,CLEARED_FALSE_POSITIVE,ID_VERIFIED
RVW-202608-004628,ALT-202608-004971,RV-06,2026-09-02T20:10:33,CLEARED_FALSE_POSITIVE,KNOWN_DEVICE
RVW-202608-004629,ALT-202608-004972,RV-03,2026-08-29T17:52:45,CLEARED_FALSE_POSITIVE,ID_VERIFIED
RVW-202608-004630,ALT-202608-004973,RV-01,2026-08-25T17:51:44,CONFIRMED_FRAUD,DOC_FORGED
RVW-202608-004631,ALT-202608-004974,RV-05,2026-08-09T22:30:37,CONFIRMED_FRAUD,DOC_FORGED
RVW-202608-004632,ALT-202608-004975,RV-02,2026-08-26T16:21:12,CLEARED_FALSE_POSITIVE,KNOWN_DEVICE
RVW-202608-004633,ALT-202608-004976,RV-03,2026-08-04T17:17:46,CLEARED_FALSE_POSITIVE,ID_VERIFIED
RVW-202608-004634,ALT-202608-004977,RV-05,2026-09-03T09:57:29,CLEARED_FALSE_POSITIVE,ID_VERIFIED
RVW-202608-004635,ALT-202608-004978,RV-04,2026-08-21T06:58:45,CLEARED_FALSE_POSITIVE,CUSTOMER_CONTACTED
RVW-202608-004636,ALT-202608-004979,RV-01,2026-08-11T18:42:15,CONFIRMED_FRAUD,MULE_CONFIRMED
RVW-202608-004637,ALT-202608-004980,RV-04,2026-08-17T06:56:52,CLEARED_FALSE_POSITIVE,DOC_VALID
RVW-202608-004638,ALT-202608-004981,RV-06,2026-08-09T08:45:25,CLEARED_FALSE_POSITIVE,KNOWN_DEVICE
RVW-202608-004639,ALT-202608-004982,RV-06,2026-08-18T10:32:37,CLEARED_FALSE_POSITIVE,CUSTOMER_CONTACTED
RVW-202608-004640,ALT-202608-004983,RV-03,2026-08-18T15:06:48,CLEARED_FALSE_POSITIVE,KNOWN_DEVICE
RVW-202608-004641,ALT-202608-004984,RV-04,2026-08-26T06:02:05,CLEARED_FALSE_POSITIVE,CUSTOMER_CONTACTED
RVW-202608-004642,ALT-202608-004985,RV-05,2026-09-03T07:43:11,CLEARED_FALSE_POSITIVE,DOC_VALID
RVW-202608-004643,ALT-202608-004987,RV-01,2026-08-18T10:13:10,CLEARED_FALSE_POSITIVE,KNOWN_DEVICE
RVW-202608-004644,ALT-202608-004988,RV-06,2026-08-18T16:10:32,CLEARED_FALSE_POSITIVE,CUSTOMER_CONTACTED
RVW-202608-004645,ALT-202608-004989,RV-04,2026-08-27T17:29:31,CLEARED_FALSE_POSITIVE,ID_VERIFIED
RVW-202608-004646,ALT-202608-004990,RV-06,2026-08-30T06:38:10,CONFIRMED_FRAUD,ATO_CONFIRMED
RVW-202608-004647,ALT-202608-004991,RV-02,2026-08-13T11:29:38,CLEARED_FALSE_POSITIVE,CUSTOMER_CONTACTED
RVW-202608-004648,ALT-202608-004992,RV-05,2026-08-11T08:35:42,CLEARED_FALSE_POSITIVE,CUSTOMER_CONTACTED
RVW-202608-004649,ALT-202608-004993,RV-06,2026-08-20T07:41:58,CLEARED_FALSE_POSITIVE,CUSTOMER_CONTACTED
RVW-202608-004650,ALT-202608-004994,RV-02,2026-08-03T21:28:59,INSUFFICIENT_EVIDENCE,DATA_UNAVAILABLE
RVW-202608-004651,ALT-202608-004995,RV-01,2026-08-21T06:56:14,CONFIRMED_FRAUD,DOC_FORGED
RVW-202608-004652,ALT-202608-004996,RV-01,2026-08-04T13:28:46,CLEARED_FALSE_POSITIVE,DOC_VALID
RVW-202608-004653,ALT-202608-004997,RV-02,2026-08-31T12:07:12,CLEARED_FALSE_POSITIVE,ID_VERIFIED
RVW-202608-004654,ALT-202608-004998,RV-03,2026-09-06T06:06:45,INSUFFICIENT_EVIDENCE,AGED_OUT
RVW-202608-004655,ALT-202608-004999,RV-02,2026-08-22T11:26:23,CONFIRMED_FRAUD,ATO_CONFIRMED
RVW-202608-004656,ALT-202608-005000,RV-05,2026-09-05T21:13:21,CLEARED_FALSE_POSITIVE,CUSTOMER_CONTACTED
RVW-202608-004657,ALT-202608-005001,RV-04,2026-08-18T08:31:39,CLEARED_FALSE_POSITIVE,KNOWN_DEVICE
RVW-202608-004658,ALT-202608-005002,RV-04,2026-09-10T10:19:35,INSUFFICIENT_EVIDENCE,NO_CONTACT
RVW-202608-004659,ALT-202608-005003,RV-02,2026-08-16T12:12:36,CONFIRMED_FRAUD,DOC_FORGED
RVW-202608-004660,ALT-202608-005004,RV-05,2026-08-25T20:22:25,CLEARED_FALSE_POSITIVE,DOC_VALID
RVW-202608-004661,ALT-202608-005005,RV-05,2026-08-21T12:23:10,CLEARED_FALSE_POSITIVE,KNOWN_DEVICE
RVW-202608-004662,ALT-202608-005006,RV-06,2026-09-01T09:56:13,CONFIRMED_FRAUD,SYNTH_ID_CONFIRMED
RVW-202608-004663,ALT-202608-005007,RV-02,2026-09-10T19:14:19,INSUFFICIENT_EVIDENCE,NO_CONTACT
RVW-202608-004664,ALT-202608-005008,RV-05,2026-08-12T14:38:49,CONFIRMED_FRAUD,MULE_CONFIRMED
RVW-202608-004665,ALT-202608-005009,RV-03,2026-08-06T10:45:02,CONFIRMED_FRAUD,SYNTH_ID_CONFIRMED
RVW-202608-004666,ALT-202608-005010,RV-03,2026-08-20T13:41:09,CONFIRMED_FRAUD,ATO_CONFIRMED
RVW-202608-004667,ALT-202608-005011,RV-01,2026-08-23T13:58:50,CLEARED_FALSE_POSITIVE,CUSTOMER_CONTACTED
RVW-202608-004668,ALT-202608-005012,RV-06,2026-08-08T17:24:07,INSUFFICIENT_EVIDENCE,NO_CONTACT
RVW-202608-004669,ALT-202608-005013,RV-04,2026-09-10T19:00:00,CLEARED_FALSE_POSITIVE,CUSTOMER_CONTACTED
RVW-202608-004670,ALT-202608-005014,RV-04,2026-08-24T15:46:56,CLEARED_FALSE_POSITIVE,CUSTOMER_CONTACTED
RVW-202608-004671,ALT-202608-005015,RV-01,2026-08-05T06:11:20,CLEARED_FALSE_POSITIVE,KNOWN_DEVICE
RVW-202608-004672,ALT-202608-005016,RV-03,2026-08-29T10:01:31,CLEARED_FALSE_POSITIVE,DOC_VALID
RVW-202608-004673,ALT-202608-005017,RV-01,2026-08-20T21:47:23,CLEARED_FALSE_POSITIVE,CUSTOMER_CONTACTED
RVW-202608-004674,ALT-202608-005018,RV-06,2026-08-19T11:16:45,CLEARED_FALSE_POSITIVE,KNOWN_DEVICE
RVW-202608-004675,ALT-202608-005019,RV-01,2026-08-17T13:55:17,CLEARED_FALSE_POSITIVE,KNOWN_DEVICE
RVW-202608-004676,ALT-202608-005020,RV-05,2026-08-24T08:16:35,CLEARED_FALSE_POSITIVE,KNOWN_DEVICE
RVW-202608-004677,ALT-202608-005021,RV-04,2026-08-19T12:21:51,CONFIRMED_FRAUD,ATO_CONFIRMED
RVW-202608-004678,ALT-202608-005022,RV-02,2026-08-05T10:43:34,CLEARED_FALSE_POSITIVE,DOC_VALID
RVW-202608-004679,ALT-202608-005023,RV-03,2026-09-04T08:51:16,CLEARED_FALSE_POSITIVE,ID_VERIFIED
RVW-202608-004680,ALT-202608-005024,RV-01,2026-08-22T22:05:19,CONFIRMED_FRAUD,DOC_FORGED
RVW-202608-004681,ALT-202608-005025,RV-05,2026-08-25T20:20:16,INSUFFICIENT_EVIDENCE,DATA_UNAVAILABLE
RVW-202608-004682,ALT-202608-005026,RV-02,2026-09-02T11:33:03,CLEARED_FALSE_POSITIVE,DOC_VALID
RVW-202608-004683,ALT-202608-005027,RV-01,2026-08-13T09:13:26,CLEARED_FALSE_POSITIVE,DOC_VALID
RVW-202608-004684,ALT-202608-005028,RV-04,2026-08-29T17:57:46,CLEARED_FALSE_POSITIVE,KNOWN_DEVICE
RVW-202608-004685,ALT-202608-005029,RV-06,2026-08-19T12:58:44,CONFIRMED_FRAUD,DOC_FORGED
RVW-202608-004686,ALT-202608-005030,RV-06,2026-08-06T08:09:53,CLEARED_FALSE_POSITIVE,CUSTOMER_CONTACTED
RVW-202608-004687,ALT-202608-005031,RV-03,2026-09-02T06:50:21,CLEARED_FALSE_POSITIVE,CUSTOMER_CONTACTED
RVW-202608-004688,ALT-202608-005033,RV-01,2026-08-14T17:31:02,CLEARED_FALSE_POSITIVE,KNOWN_DEVICE
RVW-202608-004689,ALT-202608-005034,RV-01,2026-08-10T07:07:07,CLEARED_FALSE_POSITIVE,DOC_VALID
RVW-202608-004690,ALT-202608-005035,RV-06,2026-08-04T19:01:03,CLEARED_FALSE_POSITIVE,KNOWN_DEVICE
RVW-202608-004691,ALT-202608-005036,RV-03,2026-08-18T11:51:14,CLEARED_FALSE_POSITIVE,KNOWN_DEVICE
RVW-202608-004692,ALT-202608-005037,RV-05,2026-08-20T08:20:38,CONFIRMED_FRAUD,DOC_FORGED
RVW-202608-004693,ALT-202608-005038,RV-04,2026-08-12T19:42:00,CLEARED_FALSE_POSITIVE,ID_VERIFIED
RVW-202608-004694,ALT-202608-005039,RV-01,2026-08-29T14:05:21,CLEARED_FALSE_POSITIVE,KNOWN_DEVICE
RVW-202608-004695,ALT-202608-005040,RV-05,2026-08-19T13:40:29,CLEARED_FALSE_POSITIVE,CUSTOMER_CONTACTED
RVW-202608-004696,ALT-202608-005041,RV-01,2026-08-08T19:44:06,CLEARED_FALSE_POSITIVE,KNOWN_DEVICE
RVW-202608-004697,ALT-202608-005042,RV-01,2026-08-10T11:47:55,CLEARED_FALSE_POSITIVE,KNOWN_DEVICE
RVW-202608-004698,ALT-202608-005043,RV-03,2026-08-26T07:02:50,CLEARED_FALSE_POSITIVE,CUSTOMER_CONTACTED
RVW-202608-004699,ALT-202608-005044,RV-04,2026-08-23T15:47:35,CLEARED_FALSE_POSITIVE,ID_VERIFIED
RVW-202608-004700,ALT-202608-005045,RV-04,2026-08-09T14:14:11,CLEARED_FALSE_POSITIVE,CUSTOMER_CONTACTED
RVW-202608-004701,ALT-202608-005046,RV-05,2026-08-29T06:48:27,CLEARED_FALSE_POSITIVE,KNOWN_DEVICE
RVW-202608-004702,ALT-202608-005047,RV-02,2026-08-24T18:30:59,CLEARED_FALSE_POSITIVE,KNOWN_DEVICE
RVW-202608-004703,ALT-202608-005048,RV-04,2026-08-30T17:28:10,CLEARED_FALSE_POSITIVE,KNOWN_DEVICE
RVW-202608-004704,ALT-202608-005049,RV-02,2026-08-24T19:00:56,CLEARED_FALSE_POSITIVE,KNOWN_DEVICE
RVW-202608-004705,ALT-202608-005050,RV-04,2026-08-13T17:32:24,CONFIRMED_FRAUD,MULE_CONFIRMED
RVW-202608-004706,ALT-202608-005051,RV-03,2026-09-01T22:30:40,CLEARED_FALSE_POSITIVE,ID_VERIFIED
RVW-202608-004707,ALT-202608-005052,RV-04,2026-09-03T21:04:07,CLEARED_FALSE_POSITIVE,ID_VERIFIED
RVW-202608-004708,ALT-202608-005053,RV-06,2026-08-08T14:42:02,CLEARED_FALSE_POSITIVE,ID_VERIFIED
RVW-202608-004709,ALT-202608-005054,RV-01,2026-08-24T13:30:56,CLEARED_FALSE_POSITIVE,ID_VERIFIED
RVW-202608-004710,ALT-202608-005055,RV-06,2026-08-23T20:23:26,INSUFFICIENT_EVIDENCE,NO_CONTACT
RVW-202608-004711,ALT-202608-005056,RV-06,2026-08-27T16:30:43,INSUFFICIENT_EVIDENCE,DATA_UNAVAILABLE
RVW-202608-004712,ALT-202608-005057,RV-01,2026-08-11T10:12:56,CLEARED_FALSE_POSITIVE,ID_VERIFIED
RVW-202608-004713,ALT-202608-005058,RV-01,2026-08-26T18:41:37,CLEARED_FALSE_POSITIVE,CUSTOMER_CONTACTED
RVW-202608-004714,ALT-202608-005059,RV-05,2026-09-01T10:21:15,CLEARED_FALSE_POSITIVE,CUSTOMER_CONTACTED
RVW-202608-004715,ALT-202608-005060,RV-02,2026-09-01T22:52:07,CLEARED_FALSE_POSITIVE,ID_VERIFIED
RVW-202608-004716,ALT-202608-005061,RV-04,2026-08-12T08:32:58,CLEARED_FALSE_POSITIVE,CUSTOMER_CONTACTED
RVW-202608-004717,ALT-202608-005062,RV-01,2026-08-05T15:26:54,INSUFFICIENT_EVIDENCE,DATA_UNAVAILABLE
RVW-202608-004718,ALT-202608-005063,RV-04,2026-08-08T11:02:36,CONFIRMED_FRAUD,DOC_FORGED
RVW-202608-004719,ALT-202608-005064,RV-02,2026-08-16T19:29:05,CLEARED_FALSE_POSITIVE,DOC_VALID
RVW-202608-004720,ALT-202608-005065,RV-02,2026-08-30T12:05:23,CLEARED_FALSE_POSITIVE,KNOWN_DEVICE
RVW-202608-004721,ALT-202608-005066,RV-01,2026-09-06T09:40:46,CLEARED_FALSE_POSITIVE,DOC_VALID
RVW-202608-004722,ALT-202608-005067,RV-04,2026-08-11T07:58:30,CLEARED_FALSE_POSITIVE,CUSTOMER_CONTACTED
RVW-202608-004723,ALT-202608-005068,RV-05,2026-09-03T09:13:20,CLEARED_FALSE_POSITIVE,DOC_VALID
RVW-202608-004724,ALT-202608-005069,RV-03,2026-08-30T07:30:44,CONFIRMED_FRAUD,ATO_CONFIRMED
RVW-202608-004725,ALT-202608-005070,RV-01,2026-09-03T14:16:56,CLEARED_FALSE_POSITIVE,KNOWN_DEVICE
RVW-202608-004726,ALT-202608-005071,RV-01,2026-08-23T10:39:03,CLEARED_FALSE_POSITIVE,CUSTOMER_CONTACTED
RVW-202608-004727,ALT-202608-005072,RV-01,2026-09-06T09:04:51,CLEARED_FALSE_POSITIVE,KNOWN_DEVICE
RVW-202608-004728,ALT-202608-005073,RV-04,2026-08-10T06:38:26,CLEARED_FALSE_POSITIVE,ID_VERIFIED
RVW-202608-004729,ALT-202608-005074,RV-01,2026-08-27T21:08:25,CLEARED_FALSE_POSITIVE,ID_VERIFIED
RVW-202608-004730,ALT-202608-005075,RV-06,2026-08-19T07:05:03,CLEARED_FALSE_POSITIVE,ID_VERIFIED
RVW-202608-004731,ALT-202608-005076,RV-06,2026-08-31T22:29:30,CONFIRMED_FRAUD,MULE_CONFIRMED
RVW-202608-004732,ALT-202608-005077,RV-02,2026-08-09T17:02:33,CLEARED_FALSE_POSITIVE,KNOWN_DEVICE
RVW-202608-004733,ALT-202608-005078,RV-01,2026-08-12T13:41:10,CLEARED_FALSE_POSITIVE,CUSTOMER_CONTACTED
RVW-202608-004734,ALT-202608-005079,RV-02,2026-08-17T09:07:19,CLEARED_FALSE_POSITIVE,DOC_VALID
RVW-202608-004735,ALT-202608-005080,RV-03,2026-08-22T15:40:30,CLEARED_FALSE_POSITIVE,ID_VERIFIED
RVW-202608-004736,ALT-202608-005081,RV-04,2026-08-14T14:24:19,CLEARED_FALSE_POSITIVE,KNOWN_DEVICE
RVW-202608-004737,ALT-202608-005082,RV-04,2026-08-17T22:54:20,CLEARED_FALSE_POSITIVE,KNOWN_DEVICE
RVW-202608-004738,ALT-202608-005083,RV-01,2026-08-11T12:18:54,CLEARED_FALSE_POSITIVE,ID_VERIFIED
RVW-202608-004739,ALT-202608-005084,RV-04,2026-08-27T15:52:34,CLEARED_FALSE_POSITIVE,DOC_VALID
RVW-202608-004740,ALT-202608-005085,RV-01,2026-08-23T09:12:56,CLEARED_FALSE_POSITIVE,DOC_VALID
RVW-202608-004741,ALT-202608-005086,RV-02,2026-08-31T11:24:35,CONFIRMED_FRAUD,ATO_CONFIRMED
RVW-202608-004742,ALT-202608-005087,RV-03,2026-08-17T13:46:59,CLEARED_FALSE_POSITIVE,DOC_VALID
RVW-202608-004743,ALT-202608-005089,RV-03,2026-08-16T09:39:05,CLEARED_FALSE_POSITIVE,KNOWN_DEVICE
RVW-202608-004744,ALT-202608-005090,RV-03,2026-08-11T22:34:03,CLEARED_FALSE_POSITIVE,ID_VERIFIED
RVW-202608-004745,ALT-202608-005091,RV-06,2026-08-04T14:14:27,CLEARED_FALSE_POSITIVE,CUSTOMER_CONTACTED
RVW-202608-004746,ALT-202608-005092,RV-06,2026-09-09T15:37:58,CLEARED_FALSE_POSITIVE,DOC_VALID
RVW-202608-004747,ALT-202608-005093,RV-01,2026-08-23T19:56:29,CLEARED_FALSE_POSITIVE,CUSTOMER_CONTACTED
RVW-202608-004748,ALT-202608-005095,RV-05,2026-08-19T18:23:22,CLEARED_FALSE_POSITIVE,KNOWN_DEVICE
RVW-202608-004749,ALT-202608-005096,RV-03,2026-08-14T07:16:57,CLEARED_FALSE_POSITIVE,ID_VERIFIED
RVW-202608-004750,ALT-202608-005097,RV-04,2026-08-10T17:50:03,CONFIRMED_FRAUD,SYNTH_ID_CONFIRMED
RVW-202608-004751,ALT-202608-005098,RV-04,2026-08-17T10:44:15,CONFIRMED_FRAUD,ATO_CONFIRMED
RVW-202608-004752,ALT-202608-005099,RV-04,2026-08-28T19:29:10,INSUFFICIENT_EVIDENCE,NO_CONTACT
RVW-202608-004753,ALT-202608-005100,RV-02,2026-08-29T15:28:34,CLEARED_FALSE_POSITIVE,CUSTOMER_CONTACTED
RVW-202608-004754,ALT-202608-005101,RV-03,2026-08-27T16:12:24,CLEARED_FALSE_POSITIVE,ID_VERIFIED
RVW-202608-004755,ALT-202608-005103,RV-01,2026-09-09T07:34:35,CLEARED_FALSE_POSITIVE,KNOWN_DEVICE
RVW-202608-004756,ALT-202608-005104,RV-05,2026-09-04T11:23:03,INSUFFICIENT_EVIDENCE,DATA_UNAVAILABLE
RVW-202608-004757,ALT-202608-005105,RV-01,2026-08-10T08:44:57,CLEARED_FALSE_POSITIVE,DOC_VALID
RVW-202608-004758,ALT-202608-005106,RV-05,2026-08-06T11:36:37,CLEARED_FALSE_POSITIVE,CUSTOMER_CONTACTED
RVW-202608-004759,ALT-202608-005107,RV-04,2026-08-16T14:14:32,CLEARED_FALSE_POSITIVE,KNOWN_DEVICE
RVW-202608-004760,ALT-202608-005108,RV-05,2026-08-19T09:27:43,CLEARED_FALSE_POSITIVE,DOC_VALID
RVW-202608-004761,ALT-202608-005109,RV-02,2026-08-15T10:35:02,CONFIRMED_FRAUD,SYNTH_ID_CONFIRMED
RVW-202608-004762,ALT-202608-005110,RV-02,2026-08-10T15:37:28,CLEARED_FALSE_POSITIVE,CUSTOMER_CONTACTED
RVW-202608-004763,ALT-202608-005111,RV-04,2026-08-07T18:51:06,CLEARED_FALSE_POSITIVE,CUSTOMER_CONTACTED
RVW-202608-004764,ALT-202608-005112,RV-01,2026-08-04T14:43:29,CLEARED_FALSE_POSITIVE,DOC_VALID
RVW-202608-004765,ALT-202608-005113,RV-01,2026-08-08T13:08:53,CONFIRMED_FRAUD,SYNTH_ID_CONFIRMED
RVW-202608-004766,ALT-202608-005114,RV-03,2026-08-30T11:51:39,CLEARED_FALSE_POSITIVE,CUSTOMER_CONTACTED
RVW-202608-004767,ALT-202608-005115,RV-04,2026-08-27T18:24:41,CLEARED_FALSE_POSITIVE,DOC_VALID
RVW-202608-004768,ALT-202608-005116,RV-05,2026-08-25T21:33:55,CONFIRMED_FRAUD,ATO_CONFIRMED
RVW-202608-004769,ALT-202608-005117,RV-01,2026-08-27T07:44:09,CLEARED_FALSE_POSITIVE,DOC_VALID
RVW-202608-004770,ALT-202608-005119,RV-02,2026-09-03T15:32:57,CONFIRMED_FRAUD,ATO_CONFIRMED
RVW-202608-004771,ALT-202608-005120,RV-06,2026-08-16T06:38:39,CLEARED_FALSE_POSITIVE,ID_VERIFIED
RVW-202608-004772,ALT-202608-005122,RV-06,2026-08-13T21:46:31,CLEARED_FALSE_POSITIVE,ID_VERIFIED
RVW-202608-004773,ALT-202608-005123,RV-04,2026-08-16T12:40:45,CLEARED_FALSE_POSITIVE,DOC_VALID
RVW-202608-004774,ALT-202608-005124,RV-01,2026-08-12T19:12:46,CLEARED_FALSE_POSITIVE,ID_VERIFIED
RVW-202608-004775,ALT-202608-005125,RV-06,2026-08-11T13:07:13,CONFIRMED_FRAUD,ATO_CONFIRMED
RVW-202608-004776,ALT-202608-005126,RV-01,2026-08-09T09:59:10,CLEARED_FALSE_POSITIVE,DOC_VALID
RVW-202608-004777,ALT-202608-005127,RV-06,2026-08-05T10:42:29,CLEARED_FALSE_POSITIVE,ID_VERIFIED
RVW-202608-004778,ALT-202608-005128,RV-05,2026-08-11T09:10:30,CLEARED_FALSE_POSITIVE,KNOWN_DEVICE
RVW-202608-004779,ALT-202608-005129,RV-03,2026-08-23T07:33:14,CONFIRMED_FRAUD,ATO_CONFIRMED
RVW-202608-004780,ALT-202608-005130,RV-01,2026-08-22T21:54:42,CLEARED_FALSE_POSITIVE,ID_VERIFIED
RVW-202608-004781,ALT-202608-005131,RV-06,2026-09-03T19:32:55,CLEARED_FALSE_POSITIVE,CUSTOMER_CONTACTED
RVW-202608-004782,ALT-202608-005132,RV-02,2026-08-28T13:25:21,CLEARED_FALSE_POSITIVE,DOC_VALID
RVW-202608-004783,ALT-202608-005133,RV-01,2026-08-08T06:59:49,CLEARED_FALSE_POSITIVE,KNOWN_DEVICE
RVW-202608-004784,ALT-202608-005134,RV-03,2026-09-07T18:51:14,INSUFFICIENT_EVIDENCE,NO_CONTACT
RVW-202608-004785,ALT-202608-005135,RV-04,2026-08-14T16:28:13,CLEARED_FALSE_POSITIVE,KNOWN_DEVICE
RVW-202608-004786,ALT-202608-005136,RV-05,2026-08-10T18:51:34,CLEARED_FALSE_POSITIVE,DOC_VALID
RVW-202608-004787,ALT-202608-005137,RV-04,2026-08-24T07:52:56,CLEARED_FALSE_POSITIVE,ID_VERIFIED
RVW-202608-004788,ALT-202608-005138,RV-02,2026-08-22T09:22:36,CLEARED_FALSE_POSITIVE,CUSTOMER_CONTACTED
RVW-202608-004789,ALT-202608-005139,RV-01,2026-09-05T09:28:02,CLEARED_FALSE_POSITIVE,DOC_VALID
RVW-202608-004790,ALT-202608-005140,RV-04,2026-09-03T09:00:45,CLEARED_FALSE_POSITIVE,ID_VERIFIED
RVW-202608-004791,ALT-202608-005141,RV-02,2026-08-15T08:48:05,CLEARED_FALSE_POSITIVE,DOC_VALID
RVW-202608-004792,ALT-202608-005142,RV-05,2026-08-23T12:51:32,CLEARED_FALSE_POSITIVE,DOC_VALID
RVW-202608-004793,ALT-202608-005143,RV-06,2026-09-03T09:29:38,CLEARED_FALSE_POSITIVE,ID_VERIFIED
RVW-202608-004794,ALT-202608-005144,RV-01,2026-08-27T19:51:52,CLEARED_FALSE_POSITIVE,KNOWN_DEVICE
RVW-202608-004795,ALT-202608-005145,RV-01,2026-08-19T15:11:03,CLEARED_FALSE_POSITIVE,DOC_VALID
RVW-202608-004796,ALT-202608-005146,RV-02,2026-08-05T14:18:30,CLEARED_FALSE_POSITIVE,ID_VERIFIED
RVW-202608-004797,ALT-202608-005147,RV-06,2026-09-05T10:09:27,CLEARED_FALSE_POSITIVE,KNOWN_DEVICE
RVW-202608-004798,ALT-202608-005148,RV-01,2026-08-16T18:52:14,CLEARED_FALSE_POSITIVE,KNOWN_DEVICE
RVW-202608-004799,ALT-202608-005149,RV-06,2026-09-03T19:21:50,CLEARED_FALSE_POSITIVE,KNOWN_DEVICE
RVW-202608-004800,ALT-202608-005150,RV-04,2026-08-23T18:14:48,CLEARED_FALSE_POSITIVE,DOC_VALID
RVW-202608-004801,ALT-202608-005151,RV-02,2026-08-31T17:29:56,CLEARED_FALSE_POSITIVE,ID_VERIFIED
RVW-202608-004802,ALT-202608-005153,RV-06,2026-08-08T16:21:19,CONFIRMED_FRAUD,ATO_CONFIRMED
RVW-202608-004803,ALT-202608-005154,RV-06,2026-08-25T15:47:18,CLEARED_FALSE_POSITIVE,DOC_VALID
RVW-202608-004804,ALT-202608-005155,RV-03,2026-08-23T16:25:11,CLEARED_FALSE_POSITIVE,KNOWN_DEVICE
RVW-202608-004805,ALT-202608-005156,RV-05,2026-08-24T11:29:48,CLEARED_FALSE_POSITIVE,ID_VERIFIED
RVW-202608-004806,ALT-202608-005157,RV-03,2026-09-02T20:42:19,CONFIRMED_FRAUD,DOC_FORGED
RVW-202608-004807,ALT-202608-005158,RV-06,2026-09-02T22:41:57,CLEARED_FALSE_POSITIVE,DOC_VALID
RVW-202608-004808,ALT-202608-005159,RV-06,2026-08-27T22:29:10,CLEARED_FALSE_POSITIVE,KNOWN_DEVICE
RVW-202608-004809,ALT-202608-005160,RV-06,2026-08-29T11:02:05,INSUFFICIENT_EVIDENCE,NO_CONTACT
RVW-202608-004810,ALT-202608-005161,RV-03,2026-08-25T07:42:49,CONFIRMED_FRAUD,SYNTH_ID_CONFIRMED
RVW-202608-004811,ALT-202608-005162,RV-04,2026-08-27T19:55:45,CLEARED_FALSE_POSITIVE,ID_VERIFIED
RVW-202608-004812,ALT-202608-005163,RV-04,2026-08-21T21:59:04,CLEARED_FALSE_POSITIVE,KNOWN_DEVICE
RVW-202608-004813,ALT-202608-005164,RV-05,2026-08-30T17:38:23,CLEARED_FALSE_POSITIVE,KNOWN_DEVICE
RVW-202608-004814,ALT-202608-005165,RV-03,2026-09-02T20:42:40,CONFIRMED_FRAUD,DOC_FORGED
RVW-202608-004815,ALT-202608-005166,RV-05,2026-08-31T17:26:16,CLEARED_FALSE_POSITIVE,KNOWN_DEVICE
RVW-202608-004816,ALT-202608-005167,RV-01,2026-08-06T09:46:14,CLEARED_FALSE_POSITIVE,DOC_VALID
RVW-202608-004817,ALT-202608-005169,RV-06,2026-08-14T12:08:55,CLEARED_FALSE_POSITIVE,ID_VERIFIED
RVW-202608-004818,ALT-202608-005170,RV-06,2026-09-03T13:00:57,CLEARED_FALSE_POSITIVE,DOC_VALID
RVW-202608-004819,ALT-202608-005171,RV-04,2026-08-08T10:25:01,CLEARED_FALSE_POSITIVE,CUSTOMER_CONTACTED
RVW-202608-004820,ALT-202608-005172,RV-06,2026-08-28T06:38:42,CLEARED_FALSE_POSITIVE,ID_VERIFIED
RVW-202608-004821,ALT-202608-005173,RV-03,2026-08-26T09:00:20,CONFIRMED_FRAUD,SYNTH_ID_CONFIRMED
RVW-202608-004822,ALT-202608-005175,RV-05,2026-08-25T10:29:33,CLEARED_FALSE_POSITIVE,DOC_VALID
RVW-202608-004823,ALT-202608-005176,RV-06,2026-08-21T12:15:48,CLEARED_FALSE_POSITIVE,ID_VERIFIED
RVW-202608-004824,ALT-202608-005177,RV-03,2026-09-02T07:14:56,CLEARED_FALSE_POSITIVE,KNOWN_DEVICE
RVW-202608-004825,ALT-202608-005178,RV-05,2026-08-23T20:13:04,INSUFFICIENT_EVIDENCE,AGED_OUT
RVW-202608-004826,ALT-202608-005179,RV-02,2026-08-15T17:08:00,CLEARED_FALSE_POSITIVE,DOC_VALID
RVW-202608-004827,ALT-202608-005180,RV-03,2026-08-14T10:02:11,INSUFFICIENT_EVIDENCE,AGED_OUT
RVW-202608-004828,ALT-202608-005181,RV-01,2026-08-21T06:07:00,CLEARED_FALSE_POSITIVE,ID_VERIFIED
RVW-202608-004829,ALT-202608-005182,RV-02,2026-08-30T08:53:26,CONFIRMED_FRAUD,SYNTH_ID_CONFIRMED
RVW-202608-004830,ALT-202608-005183,RV-04,2026-08-27T13:59:18,CLEARED_FALSE_POSITIVE,CUSTOMER_CONTACTED
RVW-202608-004831,ALT-202608-005184,RV-02,2026-09-02T13:00:58,CLEARED_FALSE_POSITIVE,KNOWN_DEVICE
RVW-202608-004832,ALT-202608-005185,RV-02,2026-08-27T07:42:20,CLEARED_FALSE_POSITIVE,CUSTOMER_CONTACTED
RVW-202608-004833,ALT-202608-005186,RV-03,2026-09-05T18:57:07,CLEARED_FALSE_POSITIVE,KNOWN_DEVICE
RVW-202608-004834,ALT-202608-005187,RV-02,2026-08-28T07:20:59,INSUFFICIENT_EVIDENCE,AGED_OUT
RVW-202608-004835,ALT-202608-005188,RV-02,2026-08-28T08:09:20,CLEARED_FALSE_POSITIVE,KNOWN_DEVICE
RVW-202608-004836,ALT-202608-005189,RV-01,2026-08-15T21:59:48,CLEARED_FALSE_POSITIVE,ID_VERIFIED
RVW-202608-004837,ALT-202608-005190,RV-03,2026-09-08T08:00:57,INSUFFICIENT_EVIDENCE,AGED_OUT
RVW-202608-004838,ALT-202608-005191,RV-02,2026-08-24T08:40:00,CLEARED_FALSE_POSITIVE,ID_VERIFIED
RVW-202608-004839,ALT-202608-005192,RV-04,2026-09-07T07:17:24,CLEARED_FALSE_POSITIVE,CUSTOMER_CONTACTED
RVW-202608-004840,ALT-202608-005193,RV-03,2026-09-04T17:42:37,CLEARED_FALSE_POSITIVE,KNOWN_DEVICE
RVW-202608-004841,ALT-202608-005194,RV-06,2026-08-19T14:26:16,CLEARED_FALSE_POSITIVE,ID_VERIFIED
RVW-202608-004842,ALT-202608-005195,RV-06,2026-08-18T21:27:06,CLEARED_FALSE_POSITIVE,DOC_VALID
RVW-202608-004843,ALT-202608-005196,RV-06,2026-08-26T08:06:53,CLEARED_FALSE_POSITIVE,ID_VERIFIED
RVW-202608-004844,ALT-202608-005197,RV-01,2026-08-23T17:34:11,CONFIRMED_FRAUD,DOC_FORGED
RVW-202608-004845,ALT-202608-005198,RV-06,2026-08-28T11:30:03,CLEARED_FALSE_POSITIVE,CUSTOMER_CONTACTED
RVW-202608-004846,ALT-202608-005199,RV-02,2026-08-18T22:50:46,CONFIRMED_FRAUD,DOC_FORGED
RVW-202608-004847,ALT-202608-005200,RV-06,2026-09-06T13:38:51,CLEARED_FALSE_POSITIVE,ID_VERIFIED
RVW-202608-004848,ALT-202608-005201,RV-01,2026-08-12T06:15:43,CLEARED_FALSE_POSITIVE,CUSTOMER_CONTACTED
RVW-202608-004849,ALT-202608-005202,RV-04,2026-08-18T11:09:24,CLEARED_FALSE_POSITIVE,CUSTOMER_CONTACTED
RVW-202608-004850,ALT-202608-005203,RV-06,2026-09-03T15:42:40,CLEARED_FALSE_POSITIVE,CUSTOMER_CONTACTED
RVW-202608-004851,ALT-202608-005204,RV-02,2026-09-02T13:11:31,CONFIRMED_FRAUD,ATO_CONFIRMED
RVW-202608-004852,ALT-202608-005205,RV-05,2026-08-05T19:53:34,CONFIRMED_FRAUD,MULE_CONFIRMED
RVW-202608-004853,ALT-202608-005206,RV-04,2026-08-19T09:35:47,CONFIRMED_FRAUD,SYNTH_ID_CONFIRMED
RVW-202608-004854,ALT-202608-005207,RV-04,2026-09-02T10:15:15,CLEARED_FALSE_POSITIVE,DOC_VALID
RVW-202608-004855,ALT-202608-005208,RV-03,2026-08-21T16:34:02,CLEARED_FALSE_POSITIVE,ID_VERIFIED
RVW-202608-004856,ALT-202608-005209,RV-03,2026-08-19T08:52:52,INSUFFICIENT_EVIDENCE,AGED_OUT
RVW-202608-004857,ALT-202608-005210,RV-06,2026-08-25T21:27:44,CONFIRMED_FRAUD,ATO_CONFIRMED
RVW-202608-004858,ALT-202608-005211,RV-03,2026-08-16T06:41:58,CLEARED_FALSE_POSITIVE,KNOWN_DEVICE
RVW-202608-004859,ALT-202608-005213,RV-06,2026-09-06T18:21:38,CONFIRMED_FRAUD,ATO_CONFIRMED
RVW-202608-004860,ALT-202608-005214,RV-03,2026-08-31T17:54:44,INSUFFICIENT_EVIDENCE,DATA_UNAVAILABLE
RVW-202608-004861,ALT-202608-005215,RV-05,2026-08-19T09:17:06,CLEARED_FALSE_POSITIVE,CUSTOMER_CONTACTED
RVW-202608-004862,ALT-202608-005216,RV-03,2026-08-19T14:22:43,CLEARED_FALSE_POSITIVE,DOC_VALID
RVW-202608-004863,ALT-202608-005217,RV-02,2026-08-10T13:39:16,CLEARED_FALSE_POSITIVE,DOC_VALID
RVW-202608-004864,ALT-202608-005218,RV-02,2026-09-09T12:39:16,CONFIRMED_FRAUD,ATO_CONFIRMED
RVW-202608-004865,ALT-202608-005219,RV-05,2026-08-19T14:27:23,CLEARED_FALSE_POSITIVE,KNOWN_DEVICE
RVW-202608-004866,ALT-202608-005220,RV-05,2026-08-12T19:56:22,CLEARED_FALSE_POSITIVE,KNOWN_DEVICE
RVW-202608-004867,ALT-202608-005221,RV-05,2026-08-29T18:09:20,CLEARED_FALSE_POSITIVE,KNOWN_DEVICE
RVW-202608-004868,ALT-202608-005222,RV-05,2026-08-17T15:27:28,CLEARED_FALSE_POSITIVE,DOC_VALID
RVW-202608-004869,ALT-202608-005223,RV-06,2026-08-18T18:55:10,CLEARED_FALSE_POSITIVE,CUSTOMER_CONTACTED
RVW-202608-004870,ALT-202608-005224,RV-02,2026-08-12T07:57:38,CONFIRMED_FRAUD,SYNTH_ID_CONFIRMED
RVW-202608-004871,ALT-202608-005225,RV-06,2026-08-24T16:26:32,CLEARED_FALSE_POSITIVE,CUSTOMER_CONTACTED
RVW-202608-004872,ALT-202608-005226,RV-03,2026-08-13T17:21:51,CLEARED_FALSE_POSITIVE,DOC_VALID
RVW-202608-004873,ALT-202608-005227,RV-01,2026-09-03T19:10:41,CLEARED_FALSE_POSITIVE,CUSTOMER_CONTACTED
RVW-202608-004874,ALT-202608-005228,RV-05,2026-08-27T15:42:15,INSUFFICIENT_EVIDENCE,DATA_UNAVAILABLE
RVW-202608-004875,ALT-202608-005229,RV-03,2026-09-04T07:11:01,INSUFFICIENT_EVIDENCE,NO_CONTACT
RVW-202608-004876,ALT-202608-005230,RV-03,2026-08-30T22:07:51,INSUFFICIENT_EVIDENCE,DATA_UNAVAILABLE
RVW-202608-004877,ALT-202608-005231,RV-05,2026-08-21T17:26:35,CLEARED_FALSE_POSITIVE,DOC_VALID
RVW-202608-004878,ALT-202608-005232,RV-01,2026-08-08T18:24:41,CONFIRMED_FRAUD,MULE_CONFIRMED
RVW-202608-004879,ALT-202608-005233,RV-03,2026-08-22T06:51:35,CONFIRMED_FRAUD,DOC_FORGED
RVW-202608-004880,ALT-202608-005234,RV-06,2026-09-06T06:05:23,CLEARED_FALSE_POSITIVE,DOC_VALID
RVW-202608-004881,ALT-202608-005235,RV-03,2026-08-18T10:58:54,CONFIRMED_FRAUD,DOC_FORGED
RVW-202608-004882,ALT-202608-005236,RV-04,2026-08-14T13:10:33,CONFIRMED_FRAUD,MULE_CONFIRMED
RVW-202608-004883,ALT-202608-005237,RV-06,2026-08-26T11:26:15,CONFIRMED_FRAUD,SYNTH_ID_CONFIRMED
RVW-202608-004884,ALT-202608-005238,RV-04,2026-09-01T20:26:56,CONFIRMED_FRAUD,SYNTH_ID_CONFIRMED
RVW-202608-004885,ALT-202608-005239,RV-05,2026-08-25T12:49:54,CLEARED_FALSE_POSITIVE,KNOWN_DEVICE
RVW-202608-004886,ALT-202608-005240,RV-04,2026-08-30T06:36:14,CONFIRMED_FRAUD,ATO_CONFIRMED
RVW-202608-004887,ALT-202608-005241,RV-06,2026-09-01T20:01:22,INSUFFICIENT_EVIDENCE,DATA_UNAVAILABLE
RVW-202608-004888,ALT-202608-005242,RV-06,2026-08-10T16:52:21,CLEARED_FALSE_POSITIVE,KNOWN_DEVICE
RVW-202608-004889,ALT-202608-005244,RV-05,2026-08-14T15:39:29,CLEARED_FALSE_POSITIVE,ID_VERIFIED
RVW-202608-004890,ALT-202608-005245,RV-02,2026-08-10T10:05:42,CLEARED_FALSE_POSITIVE,ID_VERIFIED
RVW-202608-004891,ALT-202608-005246,RV-03,2026-09-04T15:15:29,CLEARED_FALSE_POSITIVE,DOC_VALID
RVW-202608-004892,ALT-202608-005247,RV-06,2026-08-05T09:48:50,CONFIRMED_FRAUD,ATO_CONFIRMED
RVW-202608-004893,ALT-202608-005248,RV-02,2026-08-25T06:30:03,CLEARED_FALSE_POSITIVE,ID_VERIFIED
RVW-202608-004894,ALT-202608-005249,RV-05,2026-08-27T16:13:19,CLEARED_FALSE_POSITIVE,DOC_VALID
RVW-202608-004895,ALT-202608-005250,RV-04,2026-08-10T21:44:44,CONFIRMED_FRAUD,ATO_CONFIRMED
RVW-202608-004896,ALT-202608-005251,RV-03,2026-08-11T16:07:59,CLEARED_FALSE_POSITIVE,ID_VERIFIED
RVW-202608-004897,ALT-202608-005252,RV-06,2026-08-08T08:29:05,CLEARED_FALSE_POSITIVE,KNOWN_DEVICE
RVW-202608-004898,ALT-202608-005253,RV-01,2026-08-19T16:11:17,CLEARED_FALSE_POSITIVE,KNOWN_DEVICE
RVW-202608-004899,ALT-202608-005254,RV-01,2026-08-23T07:58:49,CLEARED_FALSE_POSITIVE,CUSTOMER_CONTACTED
RVW-202608-004900,ALT-202608-005255,RV-06,2026-08-09T09:33:32,CLEARED_FALSE_POSITIVE,KNOWN_DEVICE
RVW-202608-004901,ALT-202608-005256,RV-05,2026-08-29T11:22:52,CLEARED_FALSE_POSITIVE,DOC_VALID
RVW-202608-004902,ALT-202608-005257,RV-02,2026-08-30T17:44:11,CLEARED_FALSE_POSITIVE,CUSTOMER_CONTACTED
RVW-202608-004903,ALT-202608-005258,RV-06,2026-08-06T13:43:01,CLEARED_FALSE_POSITIVE,ID_VERIFIED
RVW-202608-004904,ALT-202608-005259,RV-06,2026-08-26T17:29:00,CLEARED_FALSE_POSITIVE,CUSTOMER_CONTACTED
RVW-202608-004905,ALT-202608-005260,RV-03,2026-08-31T14:38:56,CLEARED_FALSE_POSITIVE,DOC_VALID
RVW-202608-004906,ALT-202608-005261,RV-02,2026-08-09T07:25:26,CLEARED_FALSE_POSITIVE,DOC_VALID
RVW-202608-004907,ALT-202608-005262,RV-04,2026-08-13T22:35:20,CLEARED_FALSE_POSITIVE,ID_VERIFIED
RVW-202608-004908,ALT-202608-005263,RV-04,2026-08-23T20:08:23,CLEARED_FALSE_POSITIVE,ID_VERIFIED
RVW-202608-004909,ALT-202608-005264,RV-06,2026-08-28T13:15:41,CLEARED_FALSE_POSITIVE,CUSTOMER_CONTACTED
RVW-202608-004910,ALT-202608-005265,RV-02,2026-09-03T12:20:47,CLEARED_FALSE_POSITIVE,CUSTOMER_CONTACTED
RVW-202608-004911,ALT-202608-005266,RV-05,2026-08-27T08:19:32,CLEARED_FALSE_POSITIVE,KNOWN_DEVICE
RVW-202608-004912,ALT-202608-005267,RV-01,2026-08-24T11:34:01,CLEARED_FALSE_POSITIVE,ID_VERIFIED
RVW-202608-004913,ALT-202608-005268,RV-03,2026-08-19T06:37:38,CLEARED_FALSE_POSITIVE,KNOWN_DEVICE
RVW-202608-004914,ALT-202608-005269,RV-04,2026-08-15T09:35:16,CLEARED_FALSE_POSITIVE,CUSTOMER_CONTACTED
RVW-202608-004915,ALT-202608-005270,RV-04,2026-08-28T12:39:16,CLEARED_FALSE_POSITIVE,ID_VERIFIED
RVW-202608-004916,ALT-202608-005271,RV-04,2026-09-07T18:00:43,CLEARED_FALSE_POSITIVE,KNOWN_DEVICE
RVW-202608-004917,ALT-202608-005272,RV-06,2026-08-04T12:18:10,CLEARED_FALSE_POSITIVE,KNOWN_DEVICE
RVW-202608-004918,ALT-202608-005273,RV-06,2026-08-21T14:30:54,CLEARED_FALSE_POSITIVE,KNOWN_DEVICE
RVW-202608-004919,ALT-202608-005274,RV-05,2026-08-13T11:38:04,CLEARED_FALSE_POSITIVE,CUSTOMER_CONTACTED
RVW-202608-004920,ALT-202608-005275,RV-03,2026-08-02T16:28:05,INSUFFICIENT_EVIDENCE,AGED_OUT
RVW-202608-004921,ALT-202608-005276,RV-03,2026-08-09T08:16:42,INSUFFICIENT_EVIDENCE,DATA_UNAVAILABLE
RVW-202608-004922,ALT-202608-005277,RV-06,2026-08-10T16:41:44,INSUFFICIENT_EVIDENCE,DATA_UNAVAILABLE
RVW-202608-004923,ALT-202608-005278,RV-05,2026-08-15T13:42:32,CLEARED_FALSE_POSITIVE,DOC_VALID
RVW-202608-004924,ALT-202608-005279,RV-05,2026-08-30T11:09:50,CLEARED_FALSE_POSITIVE,CUSTOMER_CONTACTED
RVW-202608-004925,ALT-202608-005280,RV-06,2026-09-03T12:18:41,CLEARED_FALSE_POSITIVE,KNOWN_DEVICE
RVW-202608-004926,ALT-202608-005281,RV-01,2026-08-28T14:37:55,CONFIRMED_FRAUD,DOC_FORGED
RVW-202608-004927,ALT-202608-005283,RV-02,2026-08-21T07:33:18,CLEARED_FALSE_POSITIVE,CUSTOMER_CONTACTED
RVW-202608-004928,ALT-202608-005284,RV-02,2026-08-26T16:40:25,CLEARED_FALSE_POSITIVE,CUSTOMER_CONTACTED
RVW-202608-004929,ALT-202608-005285,RV-02,2026-08-17T15:46:48,CLEARED_FALSE_POSITIVE,KNOWN_DEVICE
RVW-202608-004930,ALT-202608-005286,RV-02,2026-08-20T21:05:35,CONFIRMED_FRAUD,DOC_FORGED
RVW-202608-004931,ALT-202608-005287,RV-06,2026-08-25T19:22:33,CLEARED_FALSE_POSITIVE,KNOWN_DEVICE
RVW-202608-004932,ALT-202608-005288,RV-02,2026-08-25T06:57:54,CLEARED_FALSE_POSITIVE,CUSTOMER_CONTACTED
RVW-202608-004933,ALT-202608-005289,RV-04,2026-09-01T17:47:13,CLEARED_FALSE_POSITIVE,KNOWN_DEVICE
RVW-202608-004934,ALT-202608-005290,RV-04,2026-08-23T20:03:53,CLEARED_FALSE_POSITIVE,ID_VERIFIED
RVW-202608-004935,ALT-202608-005291,RV-02,2026-08-19T06:02:43,CLEARED_FALSE_POSITIVE,DOC_VALID
RVW-202608-004936,ALT-202608-005292,RV-03,2026-09-07T14:34:31,CLEARED_FALSE_POSITIVE,DOC_VALID
RVW-202608-004937,ALT-202608-005294,RV-04,2026-09-01T12:55:15,CLEARED_FALSE_POSITIVE,CUSTOMER_CONTACTED
RVW-202608-004938,ALT-202608-005295,RV-02,2026-09-01T08:26:58,CLEARED_FALSE_POSITIVE,KNOWN_DEVICE
RVW-202608-004939,ALT-202608-005296,RV-04,2026-09-06T07:35:52,CLEARED_FALSE_POSITIVE,DOC_VALID
RVW-202608-004940,ALT-202608-005297,RV-03,2026-08-09T21:24:35,CLEARED_FALSE_POSITIVE,DOC_VALID
RVW-202608-004941,ALT-202608-005298,RV-06,2026-08-15T13:15:46,CLEARED_FALSE_POSITIVE,CUSTOMER_CONTACTED
RVW-202608-004942,ALT-202608-005299,RV-02,2026-08-10T14:46:04,CONFIRMED_FRAUD,DOC_FORGED
RVW-202608-004943,ALT-202608-005300,RV-01,2026-08-14T19:26:38,CLEARED_FALSE_POSITIVE,KNOWN_DEVICE
RVW-202608-004944,ALT-202608-005301,RV-04,2026-08-24T13:18:52,CLEARED_FALSE_POSITIVE,CUSTOMER_CONTACTED
RVW-202608-004945,ALT-202608-005302,RV-05,2026-08-31T15:54:45,CONFIRMED_FRAUD,ATO_CONFIRMED
RVW-202608-004946,ALT-202608-005303,RV-05,2026-08-21T06:44:38,CLEARED_FALSE_POSITIVE,CUSTOMER_CONTACTED
RVW-202608-004947,ALT-202608-005306,RV-04,2026-09-04T12:22:39,CLEARED_FALSE_POSITIVE,CUSTOMER_CONTACTED
RVW-202608-004948,ALT-202608-005307,RV-01,2026-08-13T15:30:43,CLEARED_FALSE_POSITIVE,DOC_VALID
RVW-202608-004949,ALT-202608-005308,RV-06,2026-09-04T19:35:29,CLEARED_FALSE_POSITIVE,CUSTOMER_CONTACTED
RVW-202608-004950,ALT-202608-005309,RV-05,2026-08-31T07:52:49,CONFIRMED_FRAUD,ATO_CONFIRMED
RVW-202608-004951,ALT-202608-005311,RV-02,2026-09-08T16:55:04,CLEARED_FALSE_POSITIVE,CUSTOMER_CONTACTED
RVW-202608-004952,ALT-202608-005312,RV-01,2026-09-05T17:51:22,CONFIRMED_FRAUD,DOC_FORGED
RVW-202608-004953,ALT-202608-005313,RV-04,2026-08-16T06:42:47,CLEARED_FALSE_POSITIVE,KNOWN_DEVICE
RVW-202608-004954,ALT-202608-005314,RV-06,2026-08-15T19:55:33,CONFIRMED_FRAUD,ATO_CONFIRMED
RVW-202608-004955,ALT-202608-005316,RV-06,2026-08-09T19:59:50,CLEARED_FALSE_POSITIVE,ID_VERIFIED
RVW-202608-004956,ALT-202608-005317,RV-03,2026-08-09T17:33:43,CLEARED_FALSE_POSITIVE,KNOWN_DEVICE
RVW-202608-004957,ALT-202608-005318,RV-01,2026-08-07T18:38:49,CLEARED_FALSE_POSITIVE,ID_VERIFIED
RVW-202608-004958,ALT-202608-005319,RV-04,2026-09-03T11:06:24,CLEARED_FALSE_POSITIVE,CUSTOMER_CONTACTED
RVW-202608-004959,ALT-202608-005320,RV-03,2026-08-12T13:13:55,CLEARED_FALSE_POSITIVE,DOC_VALID
RVW-202608-004960,ALT-202608-005321,RV-05,2026-08-29T20:19:43,CLEARED_FALSE_POSITIVE,CUSTOMER_CONTACTED
RVW-202608-004961,ALT-202608-005322,RV-05,2026-08-13T18:24:29,CONFIRMED_FRAUD,MULE_CONFIRMED
RVW-202608-004962,ALT-202608-005323,RV-01,2026-08-12T20:26:06,CLEARED_FALSE_POSITIVE,CUSTOMER_CONTACTED
RVW-202608-004963,ALT-202608-005325,RV-05,2026-08-25T08:09:11,CLEARED_FALSE_POSITIVE,KNOWN_DEVICE
RVW-202608-004964,ALT-202608-005326,RV-02,2026-08-15T18:57:19,CLEARED_FALSE_POSITIVE,ID_VERIFIED
RVW-202608-004965,ALT-202608-005328,RV-03,2026-08-30T20:56:40,CLEARED_FALSE_POSITIVE,CUSTOMER_CONTACTED
RVW-202608-004966,ALT-202608-005329,RV-02,2026-08-17T15:07:42,CLEARED_FALSE_POSITIVE,CUSTOMER_CONTACTED
RVW-202608-004967,ALT-202608-005330,RV-04,2026-08-17T16:13:03,INSUFFICIENT_EVIDENCE,DATA_UNAVAILABLE
RVW-202608-004968,ALT-202608-005331,RV-06,2026-08-13T21:02:52,CLEARED_FALSE_POSITIVE,DOC_VALID
RVW-202608-004969,ALT-202608-005332,RV-06,2026-08-26T15:37:37,CLEARED_FALSE_POSITIVE,CUSTOMER_CONTACTED
RVW-202608-004970,ALT-202608-005333,RV-06,2026-08-06T22:53:39,CLEARED_FALSE_POSITIVE,DOC_VALID
RVW-202608-004971,ALT-202608-005334,RV-02,2026-08-22T22:23:23,CLEARED_FALSE_POSITIVE,ID_VERIFIED
RVW-202608-004972,ALT-202608-005335,RV-02,2026-08-27T21:16:26,CLEARED_FALSE_POSITIVE,ID_VERIFIED
RVW-202608-004973,ALT-202608-005336,RV-06,2026-08-16T17:06:09,CONFIRMED_FRAUD,DOC_FORGED
RVW-202608-004974,ALT-202608-005337,RV-02,2026-08-22T10:30:00,CLEARED_FALSE_POSITIVE,ID_VERIFIED
RVW-202608-004975,ALT-202608-005338,RV-03,2026-09-02T13:01:47,CLEARED_FALSE_POSITIVE,KNOWN_DEVICE
RVW-202608-004976,ALT-202608-005339,RV-04,2026-08-08T07:30:20,CLEARED_FALSE_POSITIVE,DOC_VALID
RVW-202608-004977,ALT-202608-005340,RV-03,2026-09-05T06:03:25,CONFIRMED_FRAUD,SYNTH_ID_CONFIRMED
RVW-202608-004978,ALT-202608-005341,RV-03,2026-08-23T19:13:37,INSUFFICIENT_EVIDENCE,DATA_UNAVAILABLE
RVW-202608-004979,ALT-202608-005342,RV-05,2026-08-25T18:19:23,CLEARED_FALSE_POSITIVE,DOC_VALID
RVW-202608-004980,ALT-202608-005344,RV-03,2026-08-23T12:54:59,CLEARED_FALSE_POSITIVE,DOC_VALID
RVW-202608-004981,ALT-202608-005345,RV-06,2026-08-15T19:58:25,CONFIRMED_FRAUD,MULE_CONFIRMED
RVW-202608-004982,ALT-202608-005346,RV-04,2026-08-08T20:53:30,CLEARED_FALSE_POSITIVE,DOC_VALID
RVW-202608-004983,ALT-202608-005347,RV-06,2026-08-26T07:56:16,CLEARED_FALSE_POSITIVE,ID_VERIFIED
RVW-202608-004984,ALT-202608-005348,RV-02,2026-08-28T08:38:42,CLEARED_FALSE_POSITIVE,ID_VERIFIED
RVW-202608-004985,ALT-202608-005349,RV-03,2026-09-07T09:14:02,CLEARED_FALSE_POSITIVE,DOC_VALID
RVW-202608-004986,ALT-202608-005350,RV-06,2026-08-08T18:11:37,CLEARED_FALSE_POSITIVE,CUSTOMER_CONTACTED
RVW-202608-004987,ALT-202608-005351,RV-05,2026-08-18T15:46:59,CLEARED_FALSE_POSITIVE,KNOWN_DEVICE
RVW-202608-004988,ALT-202608-005352,RV-03,2026-08-19T16:21:45,CLEARED_FALSE_POSITIVE,DOC_VALID
RVW-202608-004989,ALT-202608-005353,RV-02,2026-08-16T09:16:03,INSUFFICIENT_EVIDENCE,NO_CONTACT
RVW-202608-004990,ALT-202608-005354,RV-05,2026-09-04T22:17:07,CLEARED_FALSE_POSITIVE,ID_VERIFIED
RVW-202608-004991,ALT-202608-005355,RV-06,2026-08-17T09:08:42,CLEARED_FALSE_POSITIVE,KNOWN_DEVICE
RVW-202608-004992,ALT-202608-005356,RV-03,2026-08-20T10:40:29,CLEARED_FALSE_POSITIVE,ID_VERIFIED
RVW-202608-004993,ALT-202608-005357,RV-06,2026-08-13T20:23:36,CONFIRMED_FRAUD,ATO_CONFIRMED
RVW-202608-004994,ALT-202608-005358,RV-06,2026-08-26T09:57:10,CLEARED_FALSE_POSITIVE,KNOWN_DEVICE
RVW-202608-004995,ALT-202608-005359,RV-01,2026-09-06T07:23:38,CONFIRMED_FRAUD,DOC_FORGED
RVW-202608-004996,ALT-202608-005360,RV-03,2026-08-07T11:03:07,CLEARED_FALSE_POSITIVE,CUSTOMER_CONTACTED
RVW-202608-004997,ALT-202608-005361,RV-05,2026-08-25T21:59:18,CONFIRMED_FRAUD,ATO_CONFIRMED
RVW-202608-004998,ALT-202608-005362,RV-04,2026-09-02T07:55:23,CLEARED_FALSE_POSITIVE,KNOWN_DEVICE
RVW-202608-004999,ALT-202608-005363,RV-04,2026-08-12T06:24:16,CONFIRMED_FRAUD,MULE_CONFIRMED
RVW-202608-005000,ALT-202608-005364,RV-02,2026-09-09T22:10:25,CLEARED_FALSE_POSITIVE,CUSTOMER_CONTACTED
RVW-202608-005001,ALT-202608-005365,RV-05,2026-08-08T14:02:48,CONFIRMED_FRAUD,ATO_CONFIRMED
RVW-202608-005002,ALT-202608-005366,RV-04,2026-08-16T08:36:10,CLEARED_FALSE_POSITIVE,KNOWN_DEVICE
RVW-202608-005003,ALT-202608-005367,RV-03,2026-09-02T22:17:37,INSUFFICIENT_EVIDENCE,NO_CONTACT
RVW-202608-005004,ALT-202608-005368,RV-04,2026-08-17T16:32:24,CLEARED_FALSE_POSITIVE,DOC_VALID
RVW-202608-005005,ALT-202608-005369,RV-02,2026-08-27T13:39:45,CLEARED_FALSE_POSITIVE,DOC_VALID
RVW-202608-005006,ALT-202608-005370,RV-06,2026-09-07T22:52:38,CLEARED_FALSE_POSITIVE,DOC_VALID
RVW-202608-005007,ALT-202608-005371,RV-04,2026-08-14T22:36:19,CLEARED_FALSE_POSITIVE,DOC_VALID
RVW-202608-005008,ALT-202608-005372,RV-05,2026-08-20T19:36:15,CONFIRMED_FRAUD,SYNTH_ID_CONFIRMED
RVW-202608-005009,ALT-202608-005373,RV-06,2026-08-26T13:24:44,CLEARED_FALSE_POSITIVE,CUSTOMER_CONTACTED
RVW-202608-005010,ALT-202608-005374,RV-04,2026-09-09T18:37:37,CONFIRMED_FRAUD,SYNTH_ID_CONFIRMED
RVW-202608-005011,ALT-202608-005375,RV-01,2026-08-03T09:52:09,CLEARED_FALSE_POSITIVE,DOC_VALID
RVW-202608-005012,ALT-202608-005376,RV-03,2026-08-21T06:35:13,CLEARED_FALSE_POSITIVE,DOC_VALID
RVW-202608-005013,ALT-202608-005377,RV-06,2026-08-31T06:04:46,CLEARED_FALSE_POSITIVE,ID_VERIFIED
RVW-202608-005014,ALT-202608-005378,RV-02,2026-08-20T14:39:25,CLEARED_FALSE_POSITIVE,CUSTOMER_CONTACTED
RVW-202608-005015,ALT-202608-005379,RV-05,2026-08-10T10:39:08,CLEARED_FALSE_POSITIVE,DOC_VALID
RVW-202608-005016,ALT-202608-005380,RV-01,2026-08-23T10:07:04,CONFIRMED_FRAUD,MULE_CONFIRMED
RVW-202608-005017,ALT-202608-005381,RV-04,2026-09-06T19:11:13,CONFIRMED_FRAUD,MULE_CONFIRMED
RVW-202608-005018,ALT-202608-005382,RV-06,2026-08-22T06:16:37,CONFIRMED_FRAUD,MULE_CONFIRMED
RVW-202608-005019,ALT-202608-005383,RV-05,2026-08-02T18:28:57,CLEARED_FALSE_POSITIVE,CUSTOMER_CONTACTED
RVW-202608-005020,ALT-202608-005384,RV-04,2026-08-13T20:50:29,CLEARED_FALSE_POSITIVE,KNOWN_DEVICE
RVW-202608-005021,ALT-202608-005385,RV-05,2026-09-09T17:23:37,CONFIRMED_FRAUD,ATO_CONFIRMED
RVW-202608-005022,ALT-202608-005386,RV-06,2026-08-24T20:35:53,CLEARED_FALSE_POSITIVE,CUSTOMER_CONTACTED
RVW-202608-005023,ALT-202608-005387,RV-04,2026-08-13T09:58:59,CLEARED_FALSE_POSITIVE,ID_VERIFIED
RVW-202608-005024,ALT-202608-005388,RV-02,2026-08-23T21:06:45,CLEARED_FALSE_POSITIVE,DOC_VALID
RVW-202608-005025,ALT-202608-005389,RV-04,2026-09-07T16:18:21,CONFIRMED_FRAUD,SYNTH_ID_CONFIRMED
RVW-202608-005026,ALT-202608-005390,RV-06,2026-08-06T06:15:55,CLEARED_FALSE_POSITIVE,CUSTOMER_CONTACTED
RVW-202608-005027,ALT-202608-005391,RV-06,2026-08-21T19:20:05,INSUFFICIENT_EVIDENCE,DATA_UNAVAILABLE
RVW-202608-005028,ALT-202608-005392,RV-05,2026-09-02T18:24:10,CLEARED_FALSE_POSITIVE,KNOWN_DEVICE
RVW-202608-005029,ALT-202608-005393,RV-04,2026-08-23T15:22:45,INSUFFICIENT_EVIDENCE,NO_CONTACT
RVW-202608-005030,ALT-202608-005394,RV-05,2026-09-01T10:45:23,CONFIRMED_FRAUD,SYNTH_ID_CONFIRMED
RVW-202608-005031,ALT-202608-005395,RV-04,2026-08-06T16:59:39,CLEARED_FALSE_POSITIVE,DOC_VALID
RVW-202608-005032,ALT-202608-005396,RV-04,2026-08-13T12:42:25,CLEARED_FALSE_POSITIVE,CUSTOMER_CONTACTED
RVW-202608-005033,ALT-202608-005397,RV-01,2026-09-04T08:06:34,CLEARED_FALSE_POSITIVE,DOC_VALID
RVW-202608-005034,ALT-202608-005398,RV-03,2026-08-31T22:40:51,CLEARED_FALSE_POSITIVE,DOC_VALID
RVW-202608-005035,ALT-202608-005399,RV-04,2026-09-07T12:53:13,CLEARED_FALSE_POSITIVE,ID_VERIFIED
RVW-202608-005036,ALT-202608-005400,RV-05,2026-08-31T20:32:20,CLEARED_FALSE_POSITIVE,CUSTOMER_CONTACTED
RVW-202608-005037,ALT-202608-005401,RV-04,2026-08-04T16:25:22,CLEARED_FALSE_POSITIVE,CUSTOMER_CONTACTED
RVW-202608-005038,ALT-202608-005402,RV-02,2026-08-14T22:02:38,CLEARED_FALSE_POSITIVE,KNOWN_DEVICE
RVW-202608-005039,ALT-202608-005403,RV-02,2026-08-06T09:02:38,CLEARED_FALSE_POSITIVE,ID_VERIFIED
RVW-202608-005040,ALT-202608-005404,RV-01,2026-08-26T16:12:34,CLEARED_FALSE_POSITIVE,CUSTOMER_CONTACTED
RVW-202608-005041,ALT-202608-005405,RV-03,2026-08-24T16:35:00,CLEARED_FALSE_POSITIVE,KNOWN_DEVICE
RVW-202608-005042,ALT-202608-005406,RV-05,2026-08-21T06:41:51,CLEARED_FALSE_POSITIVE,CUSTOMER_CONTACTED
RVW-202608-005043,ALT-202608-005407,RV-05,2026-08-30T15:13:15,CLEARED_FALSE_POSITIVE,KNOWN_DEVICE
RVW-202608-005044,ALT-202608-005408,RV-05,2026-08-18T17:50:17,INSUFFICIENT_EVIDENCE,DATA_UNAVAILABLE
RVW-202608-005045,ALT-202608-005409,RV-04,2026-08-26T22:21:02,CLEARED_FALSE_POSITIVE,CUSTOMER_CONTACTED
RVW-202608-005046,ALT-202608-005410,RV-06,2026-08-27T20:00:08,CONFIRMED_FRAUD,MULE_CONFIRMED
RVW-202608-005047,ALT-202608-005411,RV-01,2026-08-18T06:49:16,INSUFFICIENT_EVIDENCE,DATA_UNAVAILABLE
RVW-202608-005048,ALT-202608-005412,RV-01,2026-08-16T22:31:21,CLEARED_FALSE_POSITIVE,ID_VERIFIED
RVW-202608-005049,ALT-202608-005413,RV-05,2026-09-01T08:20:24,CLEARED_FALSE_POSITIVE,DOC_VALID
RVW-202608-005050,ALT-202608-005414,RV-06,2026-08-24T14:36:57,CLEARED_FALSE_POSITIVE,CUSTOMER_CONTACTED
RVW-202608-005051,ALT-202608-005415,RV-06,2026-08-22T18:10:20,CLEARED_FALSE_POSITIVE,ID_VERIFIED
RVW-202608-005052,ALT-202608-005416,RV-04,2026-08-21T22:47:10,CLEARED_FALSE_POSITIVE,DOC_VALID
RVW-202608-005053,ALT-202608-005417,RV-01,2026-08-23T09:26:42,CLEARED_FALSE_POSITIVE,KNOWN_DEVICE
RVW-202608-005054,ALT-202608-005418,RV-02,2026-08-07T21:43:45,CONFIRMED_FRAUD,DOC_FORGED
RVW-202608-005055,ALT-202608-005420,RV-04,2026-09-01T14:07:48,CLEARED_FALSE_POSITIVE,KNOWN_DEVICE
RVW-202608-005056,ALT-202608-005421,RV-04,2026-08-07T18:40:35,CLEARED_FALSE_POSITIVE,KNOWN_DEVICE
RVW-202608-005057,ALT-202608-005422,RV-04,2026-08-26T12:31:59,CONFIRMED_FRAUD,DOC_FORGED
RVW-202608-005058,ALT-202608-005423,RV-03,2026-08-22T20:38:38,CLEARED_FALSE_POSITIVE,ID_VERIFIED
RVW-202608-005059,ALT-202608-005424,RV-05,2026-08-25T14:11:29,CLEARED_FALSE_POSITIVE,DOC_VALID
RVW-202608-005060,ALT-202608-005425,RV-03,2026-08-28T21:37:47,CLEARED_FALSE_POSITIVE,KNOWN_DEVICE
RVW-202608-005061,ALT-202608-005426,RV-05,2026-08-29T14:48:47,INSUFFICIENT_EVIDENCE,AGED_OUT
RVW-202608-005062,ALT-202608-005427,RV-02,2026-08-23T21:24:20,CLEARED_FALSE_POSITIVE,ID_VERIFIED
RVW-202608-005063,ALT-202608-005428,RV-02,2026-09-01T13:46:35,CONFIRMED_FRAUD,MULE_CONFIRMED
RVW-202608-005064,ALT-202608-005429,RV-04,2026-08-26T10:40:43,CLEARED_FALSE_POSITIVE,KNOWN_DEVICE
RVW-202608-005065,ALT-202608-005430,RV-02,2026-08-14T08:52:31,CLEARED_FALSE_POSITIVE,KNOWN_DEVICE
RVW-202608-005066,ALT-202608-005431,RV-06,2026-08-14T15:55:40,CLEARED_FALSE_POSITIVE,CUSTOMER_CONTACTED
RVW-202608-005067,ALT-202608-005432,RV-04,2026-08-10T19:22:25,CLEARED_FALSE_POSITIVE,KNOWN_DEVICE
RVW-202608-005068,ALT-202608-005433,RV-04,2026-08-11T17:34:24,CLEARED_FALSE_POSITIVE,KNOWN_DEVICE
RVW-202608-005069,ALT-202608-005434,RV-04,2026-08-20T10:34:23,CLEARED_FALSE_POSITIVE,DOC_VALID
RVW-202608-005070,ALT-202608-005435,RV-05,2026-08-05T13:04:13,CLEARED_FALSE_POSITIVE,DOC_VALID
RVW-202608-005071,ALT-202608-005436,RV-03,2026-08-09T22:59:58,CLEARED_FALSE_POSITIVE,CUSTOMER_CONTACTED
RVW-202608-005072,ALT-202608-005437,RV-03,2026-08-09T15:38:13,CLEARED_FALSE_POSITIVE,CUSTOMER_CONTACTED
RVW-202608-005073,ALT-202608-005438,RV-05,2026-08-10T14:29:07,CLEARED_FALSE_POSITIVE,ID_VERIFIED
RVW-202608-005074,ALT-202608-005439,RV-01,2026-08-11T07:24:33,CLEARED_FALSE_POSITIVE,ID_VERIFIED
RVW-202608-005075,ALT-202608-005440,RV-05,2026-08-29T21:18:04,INSUFFICIENT_EVIDENCE,NO_CONTACT
RVW-202608-005076,ALT-202608-005441,RV-05,2026-08-20T07:16:49,CONFIRMED_FRAUD,DOC_FORGED
RVW-202608-005077,ALT-202608-005442,RV-02,2026-08-23T11:42:57,INSUFFICIENT_EVIDENCE,AGED_OUT
RVW-202608-005078,ALT-202608-005443,RV-05,2026-08-27T16:19:36,CLEARED_FALSE_POSITIVE,CUSTOMER_CONTACTED
RVW-202608-005079,ALT-202608-005444,RV-04,2026-09-01T13:04:32,CLEARED_FALSE_POSITIVE,DOC_VALID
RVW-202608-005080,ALT-202608-005446,RV-02,2026-08-28T16:12:19,CLEARED_FALSE_POSITIVE,CUSTOMER_CONTACTED
RVW-202608-005081,ALT-202608-005447,RV-05,2026-08-20T15:38:33,CONFIRMED_FRAUD,DOC_FORGED
RVW-202608-005082,ALT-202608-005450,RV-04,2026-08-13T09:58:03,CLEARED_FALSE_POSITIVE,KNOWN_DEVICE
RVW-202608-005083,ALT-202608-005452,RV-06,2026-08-19T16:13:27,CLEARED_FALSE_POSITIVE,CUSTOMER_CONTACTED
RVW-202608-005084,ALT-202608-005453,RV-03,2026-08-19T18:00:21,CONFIRMED_FRAUD,ATO_CONFIRMED
RVW-202608-005085,ALT-202608-005454,RV-03,2026-08-26T15:12:55,CLEARED_FALSE_POSITIVE,ID_VERIFIED
RVW-202608-005086,ALT-202608-005455,RV-01,2026-08-21T09:50:25,CLEARED_FALSE_POSITIVE,DOC_VALID
RVW-202608-005087,ALT-202608-005456,RV-01,2026-09-06T14:05:36,CLEARED_FALSE_POSITIVE,DOC_VALID
RVW-202608-005088,ALT-202608-005457,RV-01,2026-08-31T15:26:45,CLEARED_FALSE_POSITIVE,ID_VERIFIED
RVW-202608-005089,ALT-202608-005458,RV-03,2026-09-10T18:59:07,CONFIRMED_FRAUD,MULE_CONFIRMED
RVW-202608-005090,ALT-202608-005459,RV-06,2026-08-13T18:16:18,CONFIRMED_FRAUD,DOC_FORGED
RVW-202608-005091,ALT-202608-005460,RV-06,2026-08-12T07:29:00,CLEARED_FALSE_POSITIVE,KNOWN_DEVICE
RVW-202608-005092,ALT-202608-005461,RV-06,2026-08-26T06:15:57,CONFIRMED_FRAUD,DOC_FORGED
RVW-202608-005093,ALT-202608-005462,RV-01,2026-08-08T11:45:09,CLEARED_FALSE_POSITIVE,KNOWN_DEVICE
RVW-202608-005094,ALT-202608-005463,RV-01,2026-08-06T08:17:32,CLEARED_FALSE_POSITIVE,KNOWN_DEVICE
RVW-202608-005095,ALT-202608-005464,RV-02,2026-08-15T07:13:51,CLEARED_FALSE_POSITIVE,CUSTOMER_CONTACTED
RVW-202608-005096,ALT-202608-005465,RV-04,2026-08-29T22:40:01,CONFIRMED_FRAUD,DOC_FORGED
RVW-202608-005097,ALT-202608-005466,RV-04,2026-09-05T06:42:36,CLEARED_FALSE_POSITIVE,KNOWN_DEVICE
RVW-202608-005098,ALT-202608-005467,RV-03,2026-08-23T17:44:08,CLEARED_FALSE_POSITIVE,ID_VERIFIED
RVW-202608-005099,ALT-202608-005468,RV-02,2026-08-10T07:13:10,INSUFFICIENT_EVIDENCE,DATA_UNAVAILABLE
RVW-202608-005100,ALT-202608-005469,RV-02,2026-08-19T22:00:47,CLEARED_FALSE_POSITIVE,DOC_VALID
RVW-202608-005101,ALT-202608-005470,RV-04,2026-08-29T06:06:27,CLEARED_FALSE_POSITIVE,CUSTOMER_CONTACTED
RVW-202608-005102,ALT-202608-005471,RV-01,2026-09-04T16:05:00,CONFIRMED_FRAUD,SYNTH_ID_CONFIRMED
RVW-202608-005103,ALT-202608-005472,RV-03,2026-08-19T07:59:17,INSUFFICIENT_EVIDENCE,DATA_UNAVAILABLE
RVW-202608-005104,ALT-202608-005473,RV-01,2026-08-24T08:53:18,CLEARED_FALSE_POSITIVE,KNOWN_DEVICE
RVW-202608-005105,ALT-202608-005474,RV-02,2026-08-11T06:17:04,CLEARED_FALSE_POSITIVE,KNOWN_DEVICE
RVW-202608-005106,ALT-202608-005475,RV-02,2026-08-07T06:02:44,INSUFFICIENT_EVIDENCE,DATA_UNAVAILABLE
RVW-202608-005107,ALT-202608-005477,RV-05,2026-08-11T16:18:04,CLEARED_FALSE_POSITIVE,DOC_VALID
RVW-202608-005108,ALT-202608-005478,RV-02,2026-08-07T18:38:26,CLEARED_FALSE_POSITIVE,ID_VERIFIED
RVW-202608-005109,ALT-202608-005479,RV-04,2026-08-28T06:42:19,CLEARED_FALSE_POSITIVE,ID_VERIFIED
RVW-202608-005110,ALT-202608-005480,RV-01,2026-08-13T08:14:41,CLEARED_FALSE_POSITIVE,ID_VERIFIED
RVW-202608-005111,ALT-202608-999999,RV-02,2026-08-31T19:31:58,CLEARED_FALSE_POSITIVE,ID_VERIFIED
